"","Point_code","blue","green","red","vnir","NDAVI","ind24","NDWI","WAVI","DII_blue_green","DII_blue_red","DII_green_red","depth","Year.x","Accuracy.m.","UTM.Zone","UTM.Easting","UTM.Northing","Site","Year.y","TOT","T_DR","TSG","Tt","Sf","Hw","TMA"
"11","BB03_C",0.0380182899534702,0.0532734505832195,0.0293964128941298,0.00905712600797415,-0.61520779132843,-0.709384202957153,0.709384202957153,-0.793397188186646,0.337409943342209,-0.252042055130005,-0.528487861156464,-0.736501753330231,2023,0.30122748,"17 R",584620,2848930,"BB03",2023,"100","100","100","0","100","0",0
"12","BB03_E",0.0398624204099178,0.0563659705221653,0.0316303558647633,0.00871033687144518,-0.641348898410797,-0.73230391740799,0.73230391740799,-0.85224187374115,0.315364062786102,-0.267344415187836,-0.52198189496994,-0.739538848400116,2023,0.3005204,"17 R",584617,2848914,"BB03",2023,"100","100","100","30","70","0",0
"13","BB03_L",0.0380182899534702,0.0532734505832195,0.0293964128941298,0.00905712600797415,-0.61520779132843,-0.709384202957153,0.709384202957153,-0.793397188186646,0.337409943342209,-0.252042055130005,-0.528487861156464,-0.736501753330231,2023,0.30122748,"17 R",584628,2848929,"BB03",2023,"100","100","100","0","100","0",0
"14","BB03_R",0.0417073145508766,0.0572674162685871,0.0317477434873581,0.00917103234678507,-0.639491736888885,-0.723923921585083,0.723923921585083,-0.827616810798645,0.341089248657227,-0.225271433591843,-0.50864052772522,-0.732816159725189,2023,0.30177295,"17 R",584604,2848929,"BB03",2023,"100","100","100","50","50","0",0
"15","BB03_S",0.0397353768348694,0.0537906475365162,0.0277501381933689,0.00859767012298107,-0.644232213497162,-0.724382042884827,0.724382042884827,-0.790383338928223,0.369699656963348,-0.15855698287487,-0.479546010494232,-0.712475299835205,2023,0.29930505,"17 R",584624,2848945,"BB03",2023,"100","100","100","1","99","0",0
"34","BB10_C",0.0537973344326019,0.0669649913907051,0.0365342870354652,0.0106849484145641,-0.668592751026154,-0.724791824817657,0.724791824817657,-0.821148574352264,0.403199166059494,-0.0908773392438889,-0.447915405035019,-1.35313904285431,2023,0.762168,"17 R",582686,2857838,"BB10",2023,"94.5","94.5","10","0","10","0",84.5
"35","BB10_CE",0.0528652742505074,0.0682617053389549,0.0371254645287991,0.0106836492195725,-0.663766145706177,-0.729340672492981,0.729340672492981,-0.829605877399445,0.362129539251328,-0.122088804841042,-0.439677000045776,-1.35197842121124,2023,0.76485294,"17 R",582682,2857844,"BB10",2023,"95.5","95.5","21","0","18","3",74.5
"36","BB10_CL",0.0537973344326019,0.0669649913907051,0.0365342870354652,0.0106849484145641,-0.668592751026154,-0.724791824817657,0.724791824817657,-0.821148574352264,0.403199166059494,-0.0908773392438889,-0.447915405035019,-1.35313904285431,2023,0.8772685,"17 R",582682,2857832,"BB10",2023,"100","100","0","0","0","0",100
"37","BB10_CS",0.0544668883085251,0.0668388903141022,0.0372488684952259,0.0106877153739333,-0.671927571296692,-0.724282622337341,0.724282622337341,-0.831134080886841,0.417886823415756,-0.0950818434357643,-0.463002592325211,-1.28814399242401,2023,0.7998125,"17 R",582690,2857832,"BB10",2023,"26.2","26.2","4.5","0","2","2.5",21.7
"38","BB10_E",0.0544510036706924,0.0691650956869125,0.0366464145481586,0.0106795830652118,-0.672056317329407,-0.732491075992584,0.732491075992584,-0.823020100593567,0.375511258840561,-0.0814219191670418,-0.417677640914917,-1.43707370758057,2023,0.7856844,"17 R",582676,2857851,"BB10",2023,"70.9","70.9","11.7","0","7.5","4.2",59.2
"39","BB10_L",0.0527314245700836,0.0673523396253586,0.0354654304683208,0.01056750677526,-0.666107892990112,-0.728759586811066,0.728759586811066,-0.811307907104492,0.37609189748764,-0.0854841843247414,-0.421909928321838,-1.44924437999725,2023,0.7516648,"17 R",582678,2857826,"BB10",2023,"86.2","86.2","8.4","0","3.2","5.2",77.8
"40","BB10_R",0.0541966967284679,0.0693021863698959,0.0373643673956394,0.0106851169839501,-0.670628309249878,-0.732829689979553,0.732829689979553,-0.832867980003357,0.368394166231155,-0.102703765034676,-0.428921341896057,-1.28500199317932,2023,0.7427651,"17 R",582694,2857852,"BB10",2023,"56.38","56.38","56","0","28","28",0.38
"41","BB10_S",0.0543364323675632,0.0663210600614548,0.0371318608522415,0.0106890145689249,-0.671235978603363,-0.722399592399597,0.722399592399597,-0.829434216022491,0.42505618929863,-0.0947879403829575,-0.468635857105255,-1.29161238670349,2023,0.7516648,"17 R",582694,2857825,"BB10",2023,"97.5","97.5","11.5","0","10","1.5",86
"42","BB13_C",0.0610414929687977,0.0768663138151169,0.0371644012629986,0.0064169242978096,-0.809751689434052,-0.845901191234589,0.845901191234589,-1.05827927589417,0.359898507595062,0.0208214707672596,-0.321672648191452,-1.6138653755188,2023,0.5181729,"17 R",583722,2836445,"BB13",2023,"100","100","100","100","0","0",0
"43","BB13_E",0.059047095477581,0.0759563595056534,0.0379945524036884,0.00571986474096775,-0.823370933532715,-0.859938085079193,0.859938085079193,-1.10746145248413,0.34132918715477,-0.0312987416982651,-0.348638355731964,-1.61036896705627,2023,0.5856304,"17 R",583709,2836455,"BB13",2023,"100","100","99.25","99.25","0","0",0.75
"44","BB13_L",0.0615711770951748,0.0771251395344734,0.0387068241834641,0.00653285626322031,-0.808150708675385,-0.843819916248322,0.843819916248322,-1.06678366661072,0.364403396844864,-0.00533164525404572,-0.346026986837387,-1.53278350830078,2023,0.5108124,"17 R",583718,2836433,"BB13",2023,"100","100","100","100","0","0",0
"45","BB13_R",0.0607770644128323,0.0764776393771172,0.0377582535147667,0.00641723722219467,-0.808994591236115,-0.845171689987183,0.845171689987183,-1.06419920921326,0.361793011426926,0.00291630672290921,-0.337546765804291,-1.5502073764801,2023,0.52859795,"17 R",583731,2836462,"BB13",2023,"100","100","98.75","98.75","0","0",1.25
"46","BB13_S",0.0623698756098747,0.0756991356611252,0.0395381301641464,0.00630089361220598,-0.816489815711975,-0.846319735050201,0.846319735050201,-1.08762907981873,0.400249063968658,-0.0106245409697294,-0.379172682762146,-1.62589263916016,2023,0.62084436,"17 R",583738,2836442,"BB13",2023,"100","100","97.25","97.25","0","0",2.75
"47","BB14_C",0.0574499443173409,0.0660610496997833,0.0275925099849701,0.00580899743363261,-0.816342234611511,-0.838347196578979,0.838347196578979,-0.978257298469543,0.485607415437698,0.214989125728607,-0.270183742046356,-5.65053176879883,2023,0.5348403,"17 R",581746,2836481,"BB14",2023,"100","100","100","100","0","0",0
"48","BB14_E",0.0561251379549503,0.069443516433239,0.0283072907477617,0.00546169653534889,-0.822634279727936,-0.854170441627502,0.854170441627502,-1.01478886604309,0.400851935148239,0.169776573777199,-0.237680613994598,-5.59142780303955,2023,0.5340505,"17 R",581760,2836482,"BB14",2023,"100","100","100","100","0","0",0
"49","BB14_L",0.0570518858730793,0.0680117830634117,0.0273554027080536,0.00546110328286886,-0.825281023979187,-0.85134369134903,0.85134369134903,-1.00076007843018,0.442856013774872,0.215420424938202,-0.235199898481369,-5.70530843734741,2023,0.51546395,"17 R",581746,2836495,"BB14",2023,"100","100","98","98","0","0",2
"50","BB14_S",0.0562513992190361,0.0676197484135628,0.0296111777424812,0.00511097023263574,-0.833416819572449,-0.859454989433289,0.859454989433289,-1.0584112405777,0.435836970806122,0.133493274450302,-0.294987201690674,-4.72002935409546,2023,0.5176543,"17 R",581730,2836475,"BB14",2023,"100","100","98","98","0","0",2
"51","BB16_C",0.0586247853934765,0.0706758126616478,0.0306102521717548,0.00502928718924522,-0.841980636119843,-0.867134809494019,0.867134809494019,-1.07665383815765,0.422788292169571,0.146428063511848,-0.273400574922562,-2.99424576759338,2023,0.5903736,"17 R",582727,2838278,"BB16",2023,"100","100","100","100","0","0",0
"52","BB16_E",0.0611463934183121,0.0747001320123672,0.031322717666626,0.00421628123149276,-0.870988130569458,-0.893145620822906,0.893145620822906,-1.14408552646637,0.396779537200928,0.168854892253876,-0.233704209327698,-2.75943279266357,2023,0.58897954,"17 R",582728,2838263,"BB16",2023,"100","100","100","100","0","0",0
"53","BB16_L",0.0628730282187462,0.0735336020588875,0.0304921586066484,0.00526177231222391,-0.845548152923584,-0.866444647312164,0.866444647312164,-1.05850124359131,0.443987250328064,0.219695091247559,-0.231126934289932,-3.01191091537476,2023,0.59972084,"17 R",582742,2838279,"BB16",2023,"99.75","99.75","99.75","99.75","0","0",0
"54","BB16_R",0.0584906898438931,0.0708049312233925,0.0329846814274788,0.00468079000711441,-0.851806879043579,-0.875982105731964,0.875982105731964,-1.12718188762665,0.418253064155579,0.0802167505025864,-0.322494506835938,-2.97427344322205,2023,0.534133,"17 R",582711,2838277,"BB16",2023,"100","100","99.5","99.5","0","0",0.5
"55","BB16_S",0.0572966560721397,0.0709354057908058,0.0328664034605026,0.00572620891034603,-0.818281531333923,-0.850610792636871,0.850610792636871,-1.05487263202667,0.395363032817841,0.0626650303602219,-0.318205058574677,-3.13571119308472,2023,0.6307865,"17 R",582728,2838294,"BB16",2023,"100","100","100","100","0","0",0
"56","BB17_C",0.0532284118235111,0.0658974200487137,0.031696829944849,0.00562090519815683,-0.808972954750061,-0.842812180519104,0.842812180519104,-1.04813134670258,0.412336409091949,0.0200175978243351,-0.367179125547409,-2.85208487510681,2023,0.4817654,"17 R",583167,2838866,"BB17",2023,"100","100","100","100","0","0",0
"57","BB17_E",0.0578776560723782,0.0707041248679161,0.0367999337613583,0.00608512526378036,-0.809729158878326,-0.841511011123657,0.841511011123657,-1.07431852817535,0.409469455480576,-0.0239686463028193,-0.398519337177277,-1.85759568214417,2023,0.50213474,"17 R",583155,2838856,"BB17",2023,"100","100","100","100","0","0",0
"58","BB17_L",0.057747557759285,0.0734318569302559,0.0382241457700729,0.00689807254821062,-0.786588132381439,-0.828256487846375,0.828256487846375,-1.04137408733368,0.360654264688492,-0.0587077736854553,-0.386545658111572,-2.6160032749176,2023,0.5073055,"17 R",583175,2838852,"BB17",2023,"100","100","100","100","0","0",0
"59","BB17_R",0.0557522736489773,0.0678461715579033,0.0316965505480766,0.0064336284995079,-0.793084025382996,-0.826773107051849,0.826773107051849,-0.993816018104553,0.422812104225159,0.066351018846035,-0.338029444217682,-3.08058166503906,2023,0.5006046,"17 R",583159,2838880,"BB17",2023,"100","100","100","100","0","0",0
"60","BB17_S",0.0548261255025864,0.067328616976738,0.0318162813782692,0.0049245529808104,-0.835163295269012,-0.863686203956604,0.863686203956604,-1.09789538383484,0.415480494499207,0.0463737435638905,-0.348256766796112,-3.97959542274475,2023,0.48842365,"17 R",583180,2838877,"BB17",2023,"100","100","100","95.75","4.25","0",0
"61","BB18_C",0.0646699443459511,0.075654424726963,0.031011950224638,0.00657521933317184,-0.815419912338257,-0.840076684951782,0.840076684951782,-0.97520238161087,0.437189996242523,0.233411893248558,-0.214214161038399,-3.85564303398132,2023,0.49038953,"17 R",583279,2839615,"BB18",2023,"100","100","100","100","0","0",0
"62","BB18_E",0.0649334937334061,0.0769501700997353,0.0308929141610861,0.00657510012388229,-0.816103219985962,-0.842560231685638,0.842560231685638,-0.973542928695679,0.42036697268486,0.240769416093826,-0.194610834121704,-3.72618222236633,2023,0.48856652,"17 R",583265,2839619,"BB18",2023,"100","100","100","91.5","8.5","0",0
"63","BB18_L",0.0648019015789032,0.0786354839801788,0.0294678155332804,0.00552976364269853,-0.842751801013947,-0.868597447872162,0.868597447872162,-1.02598750591278,0.391687870025635,0.279149800539017,-0.140756398439407,-3.62513375282288,2023,0.49221256,"17 R",583276,2839600,"BB18",2023,"100","100","100","98","2","0",0
"64","BB18_R",0.0659957230091095,0.0807095840573311,0.0308939777314663,0.00645966175943613,-0.821692705154419,-0.851790368556976,0.851790368556976,-0.981202244758606,0.377917587757111,0.256966322660446,-0.146935045719147,-4.21693897247314,2023,0.48564968,"17 R",583284,2839630,"BB18",2023,"100","100","100","91.25","8.75","0",0
"65","BB18_S",0.0652021244168282,0.0805804952979088,0.0314870178699493,0.00750357983633876,-0.793590366840363,-0.829626858234406,0.829626858234406,-0.922662377357483,0.367788761854172,0.2285997569561,-0.161495223641396,-3.93062376976013,2023,0.49378014,"17 R",583295,2839609,"BB18",2023,"100","100","100","99","1","0",0
"66","BB22_C",0.0315473414957523,0.0433052890002728,0.0216595064848661,0.0150249106809497,-0.354769855737686,-0.484832525253296,0.484832525253296,-0.271283954381943,0.405667334794998,-0.177291810512543,-0.527479410171509,-1.47712242603302,2023,0.75477517,"17 R",578175,2846507,"BB22",2023,"95.5","95.5","65","36.5","28.5","0",30.5
"67","BB22_E",0.0288653820753098,0.0384629480540752,0.0201114695519209,0.0160692986100912,-0.284770756959915,-0.410649687051773,0.410649687051773,-0.167582303285599,0.462687760591507,-0.202690839767456,-0.59551727771759,-1.44863677024841,2023,0.8001396,"17 R",578178,2846520,"BB22",2023,"92.4","92.4","83.7","62.5","21.2","0",8.7
"68","BB22_L",0.0319423414766788,0.0456539504230022,0.0257006753236055,0.0124673089012504,-0.438531547784805,-0.570989727973938,0.570989727973938,-0.520070672035217,0.353141307830811,-0.311220765113831,-0.591262757778168,-1.44788908958435,2023,0.7404109,"17 R",578163,2846508,"BB22",2023,"100","100","100","0","100","0",0
"69","BB22_R",0.0331559106707573,0.0486649572849274,0.0264190882444382,0.0131676243618131,-0.431493103504181,-0.574087858200073,0.574087858200073,-0.502117872238159,0.311863332986832,-0.29752105474472,-0.546184301376343,-1.48218774795532,2023,0.72158045,"17 R",578177,2846491,"BB22",2023,"76.2","76.2","66","59","7","0",10.2
"70","BB22_S",0.0319423414766788,0.0456539504230022,0.0257006753236055,0.0124673089012504,-0.438531547784805,-0.570989727973938,0.570989727973938,-0.520070672035217,0.353141307830811,-0.311220765113831,-0.591262757778168,-1.44788908958435,2023,0.7057778,"17 R",578160,2846503,"BB22",2023,"51.7","51.7","39.7","13.5","0.2","26",12
"71","BB23_C",0.0267079919576645,0.0373756587505341,0.0213501751422882,0.0121388463303447,-0.375040709972382,-0.509685218334198,0.509685218334198,-0.412582755088806,0.420282125473022,-0.331510722637177,-0.664930462837219,-1.22084856033325,2023,0.9636619,"17 R",575493,2844163,"BB23",2023,"78.3","78.3","77","0","77","0",1.3
"72","BB23_E",0.0242656823247671,0.0293156262487173,0.0177521277219057,0.0138880433514714,-0.271995425224304,-0.357089638710022,0.357089638710022,-0.183188855648041,0.6231769323349,-0.269503206014633,-0.782041907310486,-1.23841714859009,2023,0.7367048,"17 R",575481,2844175,"BB23",2023,"100","100","100","0","100","0",0
"73","BB23_L",0.0219614487141371,0.0331465303897858,0.0194291174411774,0.0128365606069565,-0.262224435806274,-0.441683441400528,0.441683441400528,-0.306481570005417,0.372322469949722,-0.446511715650558,-0.720748484134674,-1.20895659923553,2023,0.9140688,"17 R",575481,2844151,"BB23",2023,"100","100","64.3","0","64.3","0",35.7
"74","BB23_R",0.0272557605057955,0.0356647931039333,0.0225519388914108,0.0123752187937498,-0.375477522611618,-0.484795361757278,0.484795361757278,-0.437054753303528,0.498222172260284,-0.358062952756882,-0.74910980463028,-1.23836004734039,2023,0.81407857,"17 R",575503,2844173,"BB23",2023,"100","100","99.7","0","99.7","0",0.3
"75","BB23_S",0.0240059364587069,0.0346078388392925,0.0224312655627728,0.0140089606866241,-0.262975215911865,-0.423698782920837,0.423698782920837,-0.346689879894257,0.408265084028244,-0.480436116456985,-0.775536775588989,-1.20888328552246,2023,0.6950376,"17 R",575504,2844151,"BB23",2023,"100","100","99","0","99","0",1
"76","BB24_C",0.0335564240813255,0.0456564798951149,0.0207664035260677,0.0256908908486366,-0.132757633924484,-0.279836356639862,0.279836356639862,0.15900045633316,0.402369022369385,-0.0795246735215187,-0.445908963680267,NA,2023,0.55838954,"17 R",583470,2843232,"BB24",2023,"43.75","43.75","43.65","15.95","0","27.7",0.1
"77","BB24_E",0.0328921601176262,0.0431861951947212,0.0195824857801199,0.0318139940500259,-0.0166624970734119,-0.151628971099854,0.151628971099854,0.356975078582764,0.450799971818924,-0.04929343983531,-0.461524665355682,NA,2023,0.5381793,"17 R",583477,2843246,"BB24",2023,"69.25","69.25","69.25","0","69.25","0",0
"78","BB24_L",0.0394045412540436,0.0498130060732365,0.0187496431171894,0.0182920303195715,-0.365923136472702,-0.46282884478569,0.46282884478569,-0.0185309983789921,0.455840855836868,0.168538972735405,-0.289147675037384,NA,2023,0.53106934,"17 R",583456,2843240,"BB24",2023,"10.75","10.75","10.75","0","10.75","0",0
"79","BB24_R",0.0312932282686234,0.041363500058651,0.0194626823067665,0.0478539429605007,0.2092394977808,0.0727485865354538,-0.0727485865354538,0.632635533809662,0.45401257276535,-0.0938754230737686,-0.500464081764221,NA,2023,0.5338041,"17 R",583482,2843224,"BB24",2023,"58.75","58.75","58.75","0","58.75","0",0
"80","BB24_S",0.0363458730280399,0.0485129058361053,0.0185112748295069,0.0180597491562366,-0.33610725402832,-0.457442432641983,0.457442432641983,-0.0185198131948709,0.407572448253632,0.0986858904361725,-0.306873381137848,NA,2023,0.5327104,"17 R",583462,2843218,"BB24",2023,"48.25","48.25","48.25","27.75","20.5","0",0
"81","BB25_C",0.0419148840010166,0.0568694844841957,0.0305543132126331,0.00740304635837674,-0.69978278875351,-0.769635736942291,0.769635736942291,-0.914892435073853,0.354631245136261,-0.187523484230042,-0.489498406648636,NA,2023,0.7150982,"17 R",582492,2843755,"BB25",2023,"100","100","100","100","0","0",0
"82","BB25_E",0.0411167405545712,0.0562199428677559,0.0304349698126316,0.00740213552489877,-0.694876074790955,-0.767309248447418,0.767309248447418,-0.913105010986328,0.349536389112473,-0.20340059697628,-0.49831834435463,NA,2023,0.6336742,"17 R",582493,2843742,"BB25",2023,"100","100","100","13","87","0",0
"83","BB25_L",0.0408547185361385,0.0567411594092846,0.0291353147476912,0.00740369223058224,-0.693164706230164,-0.769157111644745,0.769157111644745,-0.892126977443695,0.331791430711746,-0.172453597187996,-0.459345310926437,NA,2023,0.7643496,"17 R",582507,2843752,"BB25",2023,"100","100","100","100","0","0",0
"84","BB25_R",0.0424414947628975,0.0546610914170742,0.0288957469165325,0.007286018691957,-0.706962287425995,-0.764766454696655,0.764766454696655,-0.8958820104599,0.41583776473999,-0.127284958958626,-0.491065561771393,NA,2023,0.66997135,"17 R",582476,2843759,"BB25",2023,"100","100","98.75","91.5","7.25","0",1.25
"85","BB25_S",0.0419162288308144,0.0544053241610527,0.0298454016447067,0.00740395952016115,-0.699759483337402,-0.760425627231598,0.760425627231598,-0.903697729110718,0.4091537296772,-0.167405813932419,-0.517795264720917,NA,2023,0.61876005,"17 R",582493,2843761,"BB25",2023,"100","100","100","82","18","0",0
"86","BB26_C",0.030943414196372,0.0398619510233402,0.0248195640742779,0.02147644944489,-0.180598810315132,-0.299738854169846,0.299738854169846,-0.108317576348782,0.488256633281708,-0.31314492225647,-0.703153908252716,NA,2023,0.30122748,"17 R",584371,2844836,"BB26",2023,"97.25","97.25","97.25","88.75","8.5","0",0
"87","BB26_E",0.0330622382462025,0.0397279337048531,0.0261161979287863,0.0208975896239281,-0.225438982248306,-0.310600936412811,0.310600936412811,-0.166502490639687,0.558630883693695,-0.290484130382538,-0.741229712963104,NA,2023,0.3005204,"17 R",584358,2844826,"BB26",2023,"99.75","99.75","99.75","96.75","3","0",0
"88","BB26_L",0.0240265224128962,0.0338829718530178,0.0190260969102383,0.0294340420514345,0.101149693131447,-0.0702643617987633,0.0702643617987633,0.322159975767136,0.435160934925079,-0.338707238435745,-0.684487283229828,NA,2023,0.30193457,"17 R",584379,2844825,"BB26",2023,"100","100","100","100","0","0",0
"89","BB26_R",0.0353237055242062,0.048684049397707,0.0291902273893356,0.0161679908633232,-0.372015595436096,-0.501388370990753,0.501388370990753,-0.430646419525146,0.374714106321335,-0.319532752037048,-0.613777101039886,NA,2023,0.3019346,"17 R",584360,2844849,"BB26",2023,"100","100","100","14.75","85.25","0",0
"90","BB26_S",0.0322754308581352,0.0411630608141422,0.0281292926520109,0.0207855310291052,-0.21654149889946,-0.328942596912384,0.328942596912384,-0.225200489163399,0.49089252948761,-0.378103822469711,-0.756353735923767,NA,2023,0.30122748,"17 R",584384,2844845,"BB26",2023,"100","100","100","2","98","0",0
"91","BB28_C",0.0479643568396568,0.0729670375585556,0.0479140132665634,0.0119769526645541,-0.600377321243286,-0.718003511428833,0.718003511428833,-0.900062143802643,0.182842701673508,-0.437648326158524,-0.54689085483551,-0.954537034034729,2023,0.51160496,"17 R",569617,2808367,"BB28",2023,"48","48","41.25","41.25","0","0",6.75
"92","BB28_CE",0.0459480695426464,0.0699557960033417,0.0445723831653595,0.00894043128937483,-0.674233019351959,-0.773362278938293,0.773362278938293,-0.998787462711334,0.191738784313202,-0.418739378452301,-0.53976172208786,-1.00527572631836,2023,0.59662396,"17 R",569625,2808365,"BB28",2023,"36.9","36.9","24.9","24.9","0","0",12
"93","BB28_CL",0.0490382388234138,0.0758453011512756,0.0485100634396076,0.0110422857105732,-0.632417142391205,-0.745825946331024,0.745825946331024,-0.943735480308533,0.157394140958786,-0.426084280014038,-0.516629338264465,-0.960077881813049,2023,0.45419574,"17 R",569609,2808374,"BB28",2023,"44.05","44.05","32.8","32.8","0","0",11.25
"94","BB28_CR",0.0454081781208515,0.070609912276268,0.0474366508424282,0.0130279324948788,-0.554113626480103,-0.688467979431152,0.688467979431152,-0.853608429431915,0.168470486998558,-0.483847141265869,-0.572903573513031,-0.92957592010498,2023,0.501318,"17 R",569615,2808360,"BB28",2023,"50.45","50.45","40.25","40.25","0","0",10.2
"95","BB28_CS",0.0479643568396568,0.0729670375585556,0.0479140132665634,0.0119769526645541,-0.600377321243286,-0.718003511428833,0.718003511428833,-0.900062143802643,0.182842701673508,-0.437648326158524,-0.54689085483551,-0.954537034034729,2023,0.454755,"17 R",569615,2808363,"BB28",2023,"43","43","22.5","22.5","0","0",20.5
"96","BB28_E",0.0460843667387962,0.0693016797304153,0.0425429344177246,0.00929127354174852,-0.664427399635315,-0.763559639453888,0.763559639453888,-0.962250471115112,0.206256970763206,-0.375905305147171,-0.517394363880157,-1.04993212223053,2023,0.48896298,"17 R",569631,2808363,"BB28",2023,"29.5","29.5","24","24","0","0",5.5
"97","BB28_L",0.0415037088096142,0.0651055723428726,0.0369265228509903,0.00894053280353546,-0.645528137683868,-0.758514404296875,0.758514404296875,-0.915231764316559,0.178397968411446,-0.359455466270447,-0.483353644609451,-1.05872011184692,2023,0.63662225,"17 R",569622,2808381,"BB28",2023,"72.7","72.7","59.5","59.5","0","0",13.2
"98","BB28_R",0.0454081781208515,0.070609912276268,0.0474366508424282,0.0130279324948788,-0.554113626480103,-0.688467979431152,0.688467979431152,-0.853608429431915,0.168470486998558,-0.483847141265869,-0.572903573513031,-0.92957592010498,2023,0.48282537,"17 R",569613,2808353,"BB28",2023,"71.5","71.5","62","62","0","0",9.5
"99","BB28_S",0.0490382388234138,0.0758453011512756,0.0485100634396076,0.0110422857105732,-0.632417142391205,-0.745825946331024,0.745825946331024,-0.943735480308533,0.157394140958786,-0.426084280014038,-0.516629338264465,-0.960077881813049,2023,0.4553104,"17 R",569602,2808371,"BB28",2023,"21.25","21.25","17.75","17.75","0","0",3.5
"109","BB30_C",0.0399858988821507,0.0591767579317093,0.0348713621497154,0.00845321081578732,-0.650975823402405,-0.75001585483551,0.75001585483551,-0.914659380912781,0.258595317602158,-0.347715437412262,-0.539805233478546,-0.514894723892212,2023,0.5936895,"17 R",570135,2810233,"BB30",2023,"100","100","34.25","34.25","0","0",65.75
"110","BB30_CE",0.0522380210459232,0.0733432024717331,0.0468216389417648,0.00880437903106213,-0.711532354354858,-0.785644829273224,0.785644829273224,-1.02516579627991,0.261869817972183,-0.332563281059265,-0.526030004024506,-0.458131790161133,2023,0.8853388,"17 R",570140,2810227,"BB30",2023,"100","100","44","44","0","0",56
"111","BB30_CL",0.0424143373966217,0.0699368715286255,0.0364266596734524,0.0075187492184341,-0.698846995830536,-0.805856585502625,0.805856585502625,-0.986721158027649,0.112046219408512,-0.326090514659882,-0.402481526136398,-0.507293283939362,2023,0.5644739,"17 R",570141,2810238,"BB30",2023,"100","100","53.75","53.75","0","0",46.25
"112","BB30_CR",0.033910159021616,0.0516816973686218,0.0300850886851549,0.00856991205364466,-0.596520841121674,-0.715529203414917,0.715529203414917,-0.834892392158508,0.260372132062912,-0.386208176612854,-0.574605405330658,-0.482158899307251,2023,0.56245804,"17 R",570129,2810228,"BB30",2023,"100.3","100.3","59.3","59.3","0","0",41
"113","BB30_CS",0.0399858988821507,0.0591767579317093,0.0348713621497154,0.00845321081578732,-0.650975823402405,-0.75001585483551,0.75001585483551,-0.914659380912781,0.258595317602158,-0.347715437412262,-0.539805233478546,-0.514894723892212,2023,0.7442675,"17 R",570130,2810239,"BB30",2023,"100","100","72.45","72.45","0","0",27.55
"114","BB30_E",0.0522380210459232,0.0733432024717331,0.0468216389417648,0.00880437903106213,-0.711532354354858,-0.785644829273224,0.785644829273224,-1.02516579627991,0.261869817972183,-0.332563281059265,-0.526030004024506,-0.458131790161133,2023,0.5394378,"17 R",570145,2810223,"BB30",2023,"9.6","9.6","0","0","0","0",9.6
"115","BB30_L",0.0511616170406342,0.0801463797688484,0.0425218343734741,0.00670044589787722,-0.768399357795715,-0.845695078372955,0.845695078372955,-1.0916211605072,0.131931290030479,-0.270965039730072,-0.371670663356781,-0.577079474925995,2023,0.55366266,"17 R",570147,2810243,"BB30",2023,"68.5","68.5","23.25","23.25","0","0",45.25
"116","BB30_R",0.033910159021616,0.0516816973686218,0.0300850886851549,0.00856991205364466,-0.596520841121674,-0.715529203414917,0.715529203414917,-0.834892392158508,0.260372132062912,-0.386208176612854,-0.574605405330658,-0.482158899307251,2023,0.61991394,"17 R",570123,2810224,"BB30",2023,"99.5","99.5","58","58","0","0",41.5
"117","BB30_S",0.0379597842693329,0.0572042912244797,0.0293662156909704,0.00681653618812561,-0.695529401302338,-0.787052571773529,0.787052571773529,-0.934824407100677,0.248296707868576,-0.252702742815018,-0.456596523523331,-0.594645857810974,2023,0.5758333,"17 R",570124,2810244,"BB30",2023,"100","100","97","97","0","0",3
"118","BB31_C",0.0414001494646072,0.04863141477108,0.0233474895358086,0.00412118574604392,-0.81893390417099,-0.843754231929779,0.843754231929779,-1.04990339279175,0.534774959087372,0.0302938893437386,-0.462633162736893,-1.50155913829803,2023,0.38837805,"17 R",571069,2813995,"BB31",2023,"97.19","97.19","97.19","97.19","0","0",0
"119","BB31_CE",0.0411286540329456,0.0500810742378235,0.0233465898782015,0.00388639303855598,-0.827329158782959,-0.855972766876221,0.855972766876221,-1.07187283039093,0.492062717676163,0.0237474255263805,-0.433233439922333,-1.43602585792542,2023,0.3894277,"17 R",571066,2814002,"BB31",2023,"100","99.75","99.75","99.75","0","0",0
"120","BB31_CS",0.0466667152941227,0.0546970516443253,0.0270680505782366,0.00482495268806815,-0.81259286403656,-0.837876677513123,0.837876677513123,-1.04614317417145,0.509933412075043,0.0235257111489773,-0.44587367773056,-1.58658409118652,2023,0.3988751,"17 R",571073,2813988,"BB31",2023,"100.75","99.75","99.65","99.65","0","0",0.1
"121","BB31_E",0.0411286540329456,0.0500810742378235,0.0233465898782015,0.00388639303855598,-0.827329158782959,-0.855972766876221,0.855972766876221,-1.07187283039093,0.492062717676163,0.0237474255263805,-0.433233439922333,-1.43602585792542,2023,0.3894279,"17 R",571063,2814009,"BB31",2023,"99.75","99.75","99.75","99.75","0","0",0
"122","BB31_S",0.0466667152941227,0.0546970516443253,0.0270680505782366,0.00482495268806815,-0.81259286403656,-0.837876677513123,0.837876677513123,-1.04614317417145,0.509933412075043,0.0235257111489773,-0.44587367773056,-1.58658409118652,2023,0.40044925,"17 R",571076,2813981,"BB31",2023,"100","98.15","98.15","98.15","0","0",0
"123","BB33_C",0.0240571405738592,0.0412622876465321,0.0264191366732121,0.0218973234295845,-0.0469990707933903,-0.306603610515594,0.306603610515594,-0.140381142497063,0.194056376814842,-0.618311762809753,-0.711195826530457,-0.219005823135376,2023,2.3024526,"17 R",566321,2817321,"BB33",2023,"95.75","95.75","95.75","0","0","95.75",0
"124","BB33_E",0.0226854309439659,0.0403290092945099,0.0262975413352251,0.0228365957736969,0.003320696298033,-0.276929408311844,0.276929408311844,-0.105658076703548,0.16348996758461,-0.673073649406433,-0.730929493904114,-0.20241180062294,2023,2.3133903,"17 R",566320,2817333,"BB33",2023,"37.75","37.75","36.25","0","0","36.25",1.5
"125","BB33_L",0.0323979742825031,0.0576074235141277,0.0418526865541935,0.0747378095984459,0.39519789814949,0.129437118768692,-0.129437118768692,0.423084944486618,0.0812267810106277,-0.714287221431732,-0.691062986850739,NA,2023,2.2823946,"17 R",566309,2817319,"BB33",2023,"2.25","2.25","2.25","0","0","2.25",0
"126","BB33_R",0.0231012962758541,0.0387336611747742,0.0243679843842983,0.0194310136139393,-0.086293987929821,-0.331862032413483,0.331862032413483,-0.169078215956688,0.231305867433548,-0.589705586433411,-0.719352066516876,-0.319007128477097,2023,2.2921224,"17 R",566336,2817323,"BB33",2023,"39.5","39.5","39.5","0","0","39.5",0
"127","BB33_S",0.02378617413342,0.0435274951159954,0.0283523947000504,0.0234256852418184,-0.00763555802404881,-0.300236821174622,0.300236821174622,-0.142725735902786,0.116986721754074,-0.690064966678619,-0.705886662006378,-0.124193638563156,2023,2.2811673,"17 R",566324,2817302,"BB33",2023,"24.5","24.5","24.5","0","0","24.5",0
"128","BB34_C",0.0193344373255968,0.0361943505704403,0.0200206395238638,0.00840745773166418,-0.393880069255829,-0.622999250888824,0.622999250888824,-0.612766027450562,0.136714339256287,-0.599573075771332,-0.653224468231201,-1.02229082584381,2023,0.50118464,"17 R",566759,2819517,"BB34",2023,"98","98","81.75","81.75","0","0",16.25
"129","BB34_E",0.0237336400896311,0.0319257751107216,0.0188144650310278,0.00687942421063781,-0.550556302070618,-0.645438015460968,0.645438015460968,-0.696763396263123,0.496086776256561,-0.341401606798172,-0.736362397670746,-1.05472815036774,2023,0.49305227,"17 R",566770,2819512,"BB34",2023,"100","100","80.75","80.75","0","0",19.25
"130","BB34_L",0.0209808982908726,0.0332558415830135,0.0191727764904499,0.00781802460551262,-0.457061320543289,-0.619318783283234,0.619318783283234,-0.631034553050995,0.322596281766891,-0.480824112892151,-0.708403766155243,-1.02686524391174,2023,0.50213414,"17 R",566755,2819529,"BB34",2023,"93.25","93.25","93.25","93.25","0","0",0
"131","BB34_R",0.0211260821670294,0.0351308882236481,0.0200243219733238,0.00793918967247009,-0.453699260950089,-0.631336152553558,0.631336152553558,-0.648262560367584,0.262019872665405,-0.511109828948975,-0.683172106742859,-1.03682887554169,2023,0.4982843,"17 R",566764,2819500,"BB34",2023,"98.75","98.75","72.5","77","0","0",26.25
"132","BB34_S",0.021802868694067,0.0337888561189175,0.0190507918596268,0.0075817909091711,-0.483962655067444,-0.633470058441162,0.633470058441162,-0.645956933498383,0.341465771198273,-0.436933845281601,-0.68815290927887,-1.00551247596741,2023,0.49246672,"17 R",566744,2819512,"BB34",2023,"97.5","97.5","77","77","0","0",20.5
"133","BB35_C",0.0390285849571228,0.0720658227801323,0.0388420112431049,0.00532088382169604,-0.760047435760498,-0.862485826015472,0.862485826015472,-1.13855063915253,-0.00803335849195719,-0.464214265346527,-0.416252672672272,-1.10988736152649,2023,2.3164377,"17 R",567685,2821956,"BB35",2023,"12.75","12.75","11.75","10.75","0","1",1
"134","BB35_E",0.0383374281227589,0.0674242973327637,0.0378720834851265,0.00496325548738241,-0.770753920078278,-0.862869918346405,0.862869918346405,-1.15239524841309,0.0559934489428997,-0.460445076227188,-0.465591371059418,-1.10980522632599,2023,2.3310215,"17 R",567675,2821967,"BB35",2023,"74.5","74.5","35","33.75","0","1.25",39.5
"135","BB35_L",0.0391619279980659,0.0712695047259331,0.0388402789831161,0.00555497314780951,-0.751549303531647,-0.855385303497314,0.855385303497314,-1.12462389469147,0.00904567539691925,-0.460765391588211,-0.427333652973175,-1.10983324050903,2023,2.3268235,"17 R",567678,2821942,"BB35",2023,"88.25","88.25","19.75","19.75","0","0",68.5
"136","BB35_R",0.0375291481614113,0.0663705319166183,0.0360681377351284,0.00473334128037095,-0.776002705097198,-0.8668612241745,0.8668612241745,-1.15197277069092,0.0540618896484375,-0.439996153116226,-0.448079884052277,-1.10992407798767,2023,2.3298063,"17 R",567695,2821968,"BB35",2023,"36","36","16.75","15.75","0","1",19.25
"137","BB35_S",0.041221097111702,0.0715408027172089,0.0392085276544094,0.00520723592489958,-0.775687158107758,-0.864303112030029,0.864303112030029,-1.14828455448151,0.0556170754134655,-0.417594194412231,-0.429965853691101,-1.10993599891663,2023,2.3524783,"17 R",567697,2821946,"BB35",2023,"37.25","37.25","12.75","12.25","0","0.5",24.5
"138","BB42_C",0.0217725224792957,0.0319157689809799,0.0201562717556953,0.0158337708562613,-0.157919093966484,-0.336799025535583,0.336799025535583,-0.180154040455818,0.410227656364441,-0.486589044332504,-0.78362911939621,-2.12005615234375,2023,0.5279937,"17 R",573147,2835843,"BB42",2023,"100","100","100","100","0","0",0
"139","BB42_E",0.0221796780824661,0.0305906031280756,0.0187146887183189,0.0143132507801056,-0.21556031703949,-0.362493425607681,0.362493425607681,-0.199896112084389,0.480921447277069,-0.404569059610367,-0.775459110736847,-2.1201913356781,2023,0.5262082,"17 R",573141,2835831,"BB42",2023,"100","100","100","100","0","0",0
"140","BB42_L",0.0205477122217417,0.0282046664506197,0.0189544707536697,0.0132603384554386,-0.215551435947418,-0.360408216714859,0.360408216714859,-0.265132665634155,0.504386901855469,-0.491888821125031,-0.86534172296524,-2.12056136131287,2023,0.6125261,"17 R",573141,2835828,"BB42",2023,"81.5","81.5","81","77","0","4",0.5
"141","BB42_R",0.0205477122217417,0.0282046664506197,0.0189544707536697,0.0132603384554386,-0.215551435947418,-0.360408216714859,0.360408216714859,-0.265132665634155,0.504386901855469,-0.491888821125031,-0.86534172296524,-2.12056136131287,2023,0.6125261,"17 R",573141,2835828,"BB42",2023,"100","100","100","34","66","0",0
"142","BB42_S",0.0225944742560387,0.0366858914494514,0.0261612627655268,0.0157195739448071,-0.17943549156189,-0.40007883310318,0.40007883310318,-0.373978525400162,0.27593857049942,-0.672645688056946,-0.822067081928253,-2.13397431373596,2023,0.55214506,"17 R",573153,2835858,"BB42",2023,"100","100","100","99.2","0","0.8",0
"143","BB43_C",0.0223241448402405,0.0373648516833782,0.0265095941722393,0.0244059395045042,0.0445493459701538,-0.209790289402008,0.209790289402008,-0.0619748383760452,0.241343840956688,-0.695999383926392,-0.81274402141571,-1.69986212253571,2023,0.511205,"17 R",573793,2838538,"BB43",2023,"100","100","100","0","0","100",0
"144","BB43_E",0.0227236691862345,0.0368324592709541,0.0312924534082413,0.1007344648242,0.631880581378937,0.464515775442123,-0.464515775442123,0.788952887058258,0.276735484600067,-0.820181787014008,-0.940147697925568,-1.65885055065155,2023,0.5106193,"17 R",573778,2838541,"BB43",2023,"66.6","66.6","63.6","1.6","0","62",3
"145","BB43_L",0.0254386067390442,0.0443516708910465,0.0314148627221584,0.0249887090176344,-0.00892170704901218,-0.279245108366013,0.279245108366013,-0.170897513628006,0.161076158285141,-0.710661351680756,-0.757037818431854,-1.71368503570557,2023,0.5006647,"17 R",573790,2838523,"BB43",2023,"100","100","100","0","0","100",0
"146","BB43_R",0.0179864782840014,0.0275916662067175,0.0166880805045366,0.0457244180142879,0.435371994972229,0.247322976589203,-0.247322976589203,0.697849094867706,0.398287773132324,-0.516060054302216,-0.800520360469818,-1.66954874992371,2023,0.5030069,"17 R",573798,2838553,"BB43",2023,"77.2","75.8","75.8","0.1","0","75.7",0
"147","BB43_S",0.0284233428537846,0.047648798674345,0.0351253785192966,0.0189260933548212,-0.200577884912491,-0.431434512138367,0.431434512138367,-0.449551641941071,0.183810770511627,-0.695241570472717,-0.761423528194427,-1.73129904270172,2023,0.5159227,"17 R",573810,2838536,"BB43",2023,"97.2","97.2","96.3","96.3","0","0",0.9
"148","BB45_C",0.0187589321285486,0.0408254116773605,0.026399465277791,0.0114883854985237,-0.240369960665703,-0.560789465904236,0.560789465904236,-0.590337514877319,-0.0416118018329144,-0.866436302661896,-0.721332371234894,-1.15936243534088,2023,0.60021186,"17 R",569666,2830253,"BB45",2023,"99.25","99.25","95","90.5","0","4.5",4.25
"149","BB45_E",0.0151648977771401,0.0315827541053295,0.0198484342545271,0.0106595391407609,-0.17446106672287,-0.495314359664917,0.495314359664917,-0.451794773340225,0.0614650323987007,-0.835086226463318,-0.783628463745117,-1.155144572258,2023,0.57620347,"17 R",569652,2830261,"BB45",2023,"99.25","99.25","91.75","91.75","0","0",7.5
"150","BB45_L",0.01737429946661,0.0306457504630089,0.0204559285193682,0.0112501084804535,-0.213949963450432,-0.46294891834259,0.46294891834259,-0.435523688793182,0.234521448612213,-0.724872231483459,-0.834293484687805,-1.15251326560974,2023,0.5441186,"17 R",569657,2830241,"BB45",2023,"100","100","83.75","83.75","0","0",16.25
"151","BB45_R",0.0212450344115496,0.0413640365004539,0.0278563946485519,0.0114907287061214,-0.297970920801163,-0.565196096897125,0.565196096897125,-0.623895645141602,0.0667180866003036,-0.787945628166199,-0.74483859539032,-1.17062926292419,2023,0.68283176,"17 R",569677,2830261,"BB45",2023,"99","99","72.75","72.75","0","0",26.25
"152","BB45_S",0.0183528028428555,0.0341388769447803,0.0219186432659626,0.0109016243368387,-0.254702597856522,-0.515919029712677,0.515919029712677,-0.503515958786011,0.15652921795845,-0.729174733161926,-0.773423433303833,-1.1650755405426,2023,0.7877609,"17 R",569679,2830244,"BB45",2023,"99.75","99.75","29.25","29.25","0","0",70.5
"158","BB47_C",0.0219256542623043,0.0308920871466398,0.0229299776256084,0.00520849693566561,-0.6160928606987,-0.711445271968842,0.711445271968842,-0.944693028926849,0.457338333129883,-0.589894235134125,-0.904104292392731,-1.96756422519684,2023,0.5910876,"17 R",571320,2833679,"BB47",2023,"93.7","93.7","65.75","20.25","0","45.5",27.95
"159","BB47_E",0.0209535099565983,0.0338182635605335,0.0243721529841423,0.00567348301410675,-0.573854744434357,-0.712674975395203,0.712674975395203,-0.933513462543488,0.300660252571106,-0.687434494495392,-0.855176627635956,-1.97007524967194,2023,0.6409462,"17 R",571306,2833668,"BB47",2023,"5.75","5.75","2.75","2.75","0","0",3
"160","BB47_L",0.0234322883188725,0.0330264903604984,0.0231711436063051,0.0053258053958416,-0.62961345911026,-0.722269296646118,0.722269296646118,-0.939328908920288,0.441611766815186,-0.532388627529144,-0.84442538022995,-1.97294366359711,2023,0.7166373,"17 R",571328,2833665,"BB47",2023,"84","84","74.75","31.5","0","43.25",9.25
"161","BB47_R",0.0223255082964897,0.0316845923662186,0.0228027701377869,0.00402663089334965,-0.694398164749146,-0.774489343166351,0.774489343166351,-1.04975163936615,0.444251388311386,-0.567061901092529,-0.874982178211212,-1.96073234081268,2023,0.5557995,"17 R",571309,2833688,"BB47",2023,"31.5","31.5","22","3.75","0","18.25",9.5
"162","BB47_S",0.0228914096951485,0.0307634752243757,0.0235377140343189,0.00627052830532193,-0.569951176643372,-0.66136372089386,0.66136372089386,-0.868913292884827,0.505574703216553,-0.569171786308289,-0.926105380058289,-1.96669590473175,2023,0.8083883,"17 R",571330,2833688,"BB47",2023,"51.75","51.75","51.75","23.75","0","28",0
"163","BB48_C",0.0149379754438996,0.0407169722020626,0.030988872051239,0.00990192499011755,-0.202740371227264,-0.608765661716461,0.608765661716461,-0.773533999919891,-0.26610341668129,-1.23134100437164,-0.833237707614899,-1.0104808807373,2023,0.3005204,"17 R",570127,2828663,"BB48",2023,"98","98","68.25","68.25","0","0",29.75
"164","BB48_E",0.0179789531975985,0.043793398886919,0.0342575721442699,0.00825877767056227,-0.37046554684639,-0.682673096656799,0.682673096656799,-0.917251646518707,-0.170407727360725,-1.13184630870819,-0.828747391700745,-1.01537227630615,2023,0.30122748,"17 R",570147,2828658,"BB48",2023,"13.5","13.5","6.75","6.75","0","0",6.75
"165","BB48_L",0.0188030134886503,0.0432595685124397,0.0326870083808899,0.00814061891287565,-0.395729660987854,-0.683245539665222,0.683245539665222,-0.90183013677597,-0.110505416989326,-1.04687714576721,-0.809025883674622,-1.01181304454803,2023,0.30122748,"17 R",570142,2828669,"BB48",2023,"59","59","35","35","0","0",24
"166","BB48_R",0.0197465773671865,0.0412468612194061,0.0319525487720966,0.00895724073052406,-0.37588506937027,-0.643166959285736,0.643166959285736,-0.843146920204163,-0.00293532386422157,-0.978469610214233,-0.841180026531219,-1.01134836673737,2023,0.3019346,"17 R",570114,2828656,"BB48",2023,"99.5","99.5","89.75","89.75","0","0",9.75
"167","BB48_S",0.0182390380650759,0.0411166101694107,0.0300216693431139,0.0104904491454363,-0.269708573818207,-0.593449056148529,0.593449056148529,-0.723162114620209,-0.0784605890512466,-1.0045530796051,-0.80185866355896,-1.00692296028137,2023,0.30122748,"17 R",570122,2828679,"BB48",2023,"58.5","58.5","21.75","21.75","0","0",36.75
"168","BB49_C",0.0100766532123089,0.0192911680787802,0.0125769944861531,0.00729853566735983,-0.159889921545982,-0.451025426387787,0.451025426387787,-0.398363620042801,0.259106785058975,-0.853470087051392,-0.965620458126068,-1.19679260253906,2023,0.3005204,"17 R",569329,2825717,"BB49",2023,"70.4","70.4","44","44","0","0",26.4
"169","BB49_E",0.0107599515467882,0.018616059795022,0.0118460841476917,0.00835632439702749,-0.125737205147743,-0.380379259586334,0.380379259586334,-0.259109675884247,0.368536859750748,-0.736633002758026,-0.960436105728149,-1.20124423503876,2023,0.3005204,"17 R",569322,2825731,"BB49",2023,"87.5","87.5","20","20","0","0",67.5
"170","BB49_L",0.00951816234737635,0.0174082405865192,0.010997099801898,0.00859172083437443,-0.0511566810309887,-0.339097410440445,0.339097410440445,-0.184190183877945,0.328425109386444,-0.795633971691132,-0.976831316947937,-1.19660234451294,2023,0.3005204,"17 R",569315,2825711,"BB49",2023,"95","95","50","50","0","0",45
"171","BB49_R",0.0107767218723893,0.0194332040846348,0.0116134583950043,0.00800972804427147,-0.147286683320999,-0.416262954473495,0.416262954473495,-0.275469809770584,0.317250162363052,-0.718106508255005,-0.903960108757019,-1.19358241558075,2023,0.3005204,"17 R",569345,2825721,"BB49",2023,"92","92","88","88","0","0",4
"172","BB49_S",0.0110515262931585,0.0190303865820169,0.0117343161255121,0.00753825763240457,-0.188989207148552,-0.43254479765892,0.43254479765892,-0.32658264040947,0.368196547031403,-0.701784491539001,-0.931962549686432,-1.18963706493378,2023,0.30122748,"17 R",569337,2825703,"BB49",2023,"98.3","98.3","9.3","9","0.3","0",89
"173","BB50_C",0.0307977329939604,0.051336195319891,0.0251492168754339,0.00366512220352888,-0.787300169467926,-0.866726040840149,0.866726040840149,-1.11840641498566,0.172349750995636,-0.329153448343277,-0.459173142910004,-1.17612564563751,2023,0.3005204,"17 R",570953,2826457,"BB50",2023,"67.15","67.15","31.5","31.5","0","0",35.65
"174","BB50_E",0.0302472915500402,0.0526575595140457,0.0249049924314022,0.00354498345404863,-0.790189743041992,-0.87384968996048,0.87384968996048,-1.12618768215179,0.123053386807442,-0.338838428258896,-0.427108287811279,-1.16885566711426,2023,0.3005204,"17 R",570958,2826472,"BB50",2023,"80.3","80.3","42","42","0","0",38.3
"175","BB50_L",0.0298314541578293,0.0489425323903561,0.0229727942496538,0.00236691581085324,-0.852979123592377,-0.907739579677582,0.907739579677582,-1.21977782249451,0.19920925796032,-0.283584475517273,-0.445229023694992,-1.16419363021851,2023,0.3005204,"17 R",570938,2826458,"BB50",2023,"75","75","54","54","0","0",21
"176","BB50_R",0.0313488356769085,0.0498824417591095,0.0246708281338215,0.00460777943953872,-0.743703365325928,-0.83087682723999,0.83087682723999,-1.02786898612976,0.225423395633698,-0.294985145330429,-0.47481033205986,-1.1862690448761,2023,0.3005204,"17 R",570969,2826453,"BB50",2023,"86.1","86.1","59.5","59.5","0","0",26.6
"177","BB50_S",0.030794333666563,0.051068976521492,0.0246652904897928,0.00401600217446685,-0.769263803958893,-0.854188859462738,0.854188859462738,-1.07993507385254,0.178659185767174,-0.312639504671097,-0.451149195432663,-1.17507600784302,2023,0.3005204,"17 R",570947,2826442,"BB50",2023,"62.6","62.6","52.5","52.5","0","0",10.1
"180","BB53_C",0.032160609960556,0.0571330524981022,0.0277883689850569,0.00321110407821834,-0.818436622619629,-0.893573641777039,0.893573641777039,-1.18924272060394,0.0840447023510933,-0.37123441696167,-0.420201152563095,-1.2363520860672,2023,2.343111,"17 R",568758,2822440,"BB53",2023,"63.75","63.75","47.75","47.75","0","0",16
"181","BB53_E",0.0350317358970642,0.0605807974934578,0.0267079267650843,0.00474339537322521,-0.761489391326904,-0.854773700237274,0.854773700237274,-1.04754889011383,0.0974776744842529,-0.251791268587112,-0.334576725959778,-1.22359764575958,2023,2.3990517,"17 R",568763,2822423,"BB53",2023,"28.5","28.5","21.5","20.75","0","0.75",7
"182","BB53_L",0.0305326879024506,0.0538258925080299,0.0253822412341833,0.00309798819944263,-0.815764129161835,-0.891153275966644,0.891153275966644,-1.1736695766449,0.105449862778187,-0.345688015222549,-0.418100744485855,-1.24167811870575,2023,2.4466228,"17 R",568773,2822444,"BB53",2023,"60.5","60.5","58.5","58.5","0","0",2
"183","BB53_R",0.0324274823069572,0.0567318610846996,0.0293519962579012,0.00344337779097259,-0.808012545108795,-0.88555496931076,0.88555496931076,-1.18501245975494,0.100977003574371,-0.409809350967407,-0.464559346437454,-1.23321449756622,2023,2.3614073,"17 R",568744,2822438,"BB53",2023,"52.75","52.75","31.25","31.25","0","0",21.5
"184","BB53_S",0.0313368365168571,0.0560698062181473,0.02718236297369,0.0035611935891211,-0.795908629894257,-0.880558967590332,0.880558967590332,-1.15249371528625,0.0812047868967056,-0.378316938877106,-0.423958361148834,-1.26177787780762,2023,2.4941943,"17 R",568758,2822455,"BB53",2023,"59.75","59.75","30.5","30.5","0","0",29.25
"185","BB54_C",0.0183520205318928,0.0277623143047094,0.0171044766902924,0.00781015213578939,-0.402943164110184,-0.560887813568115,0.560887813568115,-0.5595703125,0.410822600126266,-0.517027676105499,-0.811152338981628,-0.803446173667908,2023,2.4631114,"17 R",566654,2819439,"BB54",2023,"100","100","100","100","0","0",0
"186","BB54_E",0.0186204295605421,0.0292286407202482,0.0164953842759132,0.00980925373733044,-0.309928745031357,-0.497449636459351,0.497449636459351,-0.381271004676819,0.3620285987854,-0.471483796834946,-0.734969198703766,-0.767386138439178,2023,2.4449015,"17 R",566642,2819451,"BB54",2023,"88.5","88.5","88.5","87.5","0","1",0
"187","BB54_L",0.0175255890935659,0.0297668445855379,0.0169824175536633,0.00780943175777793,-0.3835069835186,-0.584342420101166,0.584342420101166,-0.555000066757202,0.278986424207687,-0.556977689266205,-0.736555457115173,-0.781295001506805,2023,2.4502459,"17 R",566640,2819429,"BB54",2023,"100","100","100","99","0","1",0
"188","BB54_R",0.0209638122469187,0.0300367027521133,0.0177107099443674,0.00639760307967663,-0.532363176345825,-0.64881432056427,0.64881432056427,-0.703892469406128,0.447020441293716,-0.413770020008087,-0.756150543689728,-0.828378975391388,2023,2.4853725,"17 R",566666,2819449,"BB54",2023,"97.25","97.25","97.25","95.75","0","1.5",0
"189","BB54_S",0.0194561146199703,0.0304399821907282,0.0174704696983099,0.00745892710983753,-0.445742845535278,-0.606377720832825,0.606377720832825,-0.602393805980682,0.355978161096573,-0.476720780134201,-0.733505010604858,-0.839124798774719,2023,2.4501224,"17 R",566663,2819427,"BB54",2023,"100","100","100","90.25","0","9.75",0
"190","BB55_C",0.0253628939390182,0.0328818932175636,0.0251374207437038,0.0270579736679792,0.0323359742760658,-0.097162701189518,0.097162701189518,0.0551931709051132,0.526181638240814,-0.522905886173248,-0.904327273368835,-0.144365072250366,2023,2.3344147,"17 R",566317,2819563,"BB55",2023,"51","51","27.25","26.25","0","1",23.75
"191","BB55_E",0.026050690561533,0.0324820466339588,0.0255012605339289,0.0251769833266735,-0.0170553755015135,-0.126694172620773,0.126694172620773,-0.00959811918437481,0.567988693714142,-0.508444249629974,-0.926356315612793,-0.229717180132866,2023,2.325139,"17 R",566321,2819574,"BB55",2023,"14.25","14.25","14.25","10.5","0","3.75",0
"192","BB55_L",0.0223502349108458,0.0327539853751659,0.0247789714485407,0.0215327497571707,-0.0186287499964237,-0.206703081727028,0.206703081727028,-0.105142548680305,0.404525637626648,-0.637067794799805,-0.898435890674591,-0.307237237691879,2023,2.3387542,"17 R",566331,2819560,"BB55",2023,"39.25","39.25","19.75","19.25","0","0.5",19.5
"193","BB55_R",0.0237124115228653,0.0363540910184383,0.0246517080813646,0.106450602412224,0.63565057516098,0.490855783224106,-0.490855783224106,0.935897648334503,0.335408061742783,-0.573500335216522,-0.790644228458405,-0.142623752355576,2023,2.340602,"17 R",566301,2819562,"BB55",2023,"6.5","6.5","6.5","5.75","0","0.75",0
"194","BB55_S",0.0224826522171497,0.0320819281041622,0.0250181797891855,0.0254127271473408,0.0611765682697296,-0.11599688231945,0.11599688231945,0.0117352847009897,0.435935318470001,-0.639380812644958,-0.925715804100037,-0.330078959465027,2023,2.3356607,"17 R",566314,2819544,"BB55",2023,"0","0","0",NA,NA,NA,0
"195","BB56_E",0.0625594481825829,0.0764788016676903,0.0313194207847118,0.00559529103338718,-0.835806250572205,-0.86365270614624,0.86365270614624,-1.04527962207794,0.390679091215134,0.191791340708733,-0.210100725293159,-1.4716249704361,2023,0.72506654,"17 R",582789,2833635,"BB56",2023,"96.25","96.25","96.25","96.25","0","0",0
"196","BB56_L",0.0642928257584572,0.0771321430802345,0.0335818566381931,0.00664362357929349,-0.812687993049622,-0.841395080089569,0.841395080089569,-1.00452125072479,0.407545864582062,0.159445211291313,-0.249132320284843,-1.38739776611328,2023,0.71147,"17 R",582811,2833639,"BB56",2023,"100","100","99","99","0","0",1
"197","BB56_R",0.063092052936554,0.0750495493412018,0.0306067671626806,0.00675929198041558,-0.806466400623322,-0.83475399017334,0.83475399017334,-0.957318305969238,0.422362893819809,0.219962731003761,-0.213277831673622,-1.9249347448349,2023,0.69185483,"17 R",582783,2833653,"BB56",2023,"99.25","99.25","99.25","99.25","0","0",0
"198","BB56_S",0.0641589686274529,0.0766117945313454,0.0319170504808426,0.00571383675560355,-0.836450338363647,-0.861189365386963,0.861189365386963,-1.04448294639587,0.413788467645645,0.200865179300308,-0.221246376633644,-1.9818924665451,2023,0.6984113,"17 R",582807,2833659,"BB56",2023,"100","100","100","100","0","0",0
"204","BB58_C",0.0687178745865822,0.081962987780571,0.0373923592269421,0.00757115660235286,-0.801513910293579,-0.830876648426056,0.830876648426056,-0.994846642017365,0.399380326271057,0.134044870734215,-0.261640429496765,-2.46473383903503,2023,0.73204994,"17 R",582885,2832237,"BB58",2023,"100","100","96.75","96.75","0","0",3.25
"205","BB58_E",0.0699146464467049,0.084820032119751,0.0426217801868916,0.00745587097480893,-0.807268440723419,-0.838400483131409,0.838400483131409,-1.05334138870239,0.374497383832932,0.0393118187785149,-0.316593766212463,-2.58389520645142,2023,0.66425276,"17 R",582898,2832227,"BB58",2023,"98.75","98.75","97.5","97.5","0","0",1.25
"206","BB58_L",0.071636751294136,0.0846892446279526,0.0290667079389095,0.00582683365792036,-0.849559426307678,-0.871253073215485,0.871253073215485,-0.999033331871033,0.400728702545166,0.391149431467056,-0.0572497248649597,-2.4573757648468,2023,0.6154617,"17 R",582892,2832249,"BB58",2023,"100","100","100","100","0","0",0
"207","BB58_R",0.0699107497930527,0.0837796479463577,0.0400066375732422,0.00757102807983756,-0.804572701454163,-0.834242522716522,0.834242522716522,-1.0226104259491,0.389623314142227,0.0934334993362427,-0.285778164863586,-2.66190552711487,2023,0.57994294,"17 R",582877,2832222,"BB58",2023,"98.75","98.75","96.25","96.25","0","0",2.5
"208","BB58_S",0.0675206705927849,0.0802731513977051,0.033229298889637,0.00710499286651611,-0.809583127498627,-0.837373673915863,0.837373673915863,-0.971542000770569,0.407431274652481,0.217461049556732,-0.202023908495903,-2.44221138954163,2023,0.76598203,"17 R",582874,2832245,"BB58",2023,"99.75","99.75","99","99","0","0",0.75
"209","BB59_C",0.0664848610758781,0.0857418924570084,0.0398289635777473,0.00461639882996678,-0.870145797729492,-0.897820115089417,0.897820115089417,-1.18839955329895,0.310899168252945,0.0469966754317284,-0.259593039751053,-0.996676981449127,2023,0.6216247,"17 R",581371,2828255,"BB59",2023,"89.5","89.5","86.25","86.25","0","0",3.25
"210","BB59_E",0.0678126960992813,0.0841877013444901,0.0378111302852631,0.0050816903822124,-0.860573887825012,-0.886149346828461,0.886149346828461,-1.14457750320435,0.353176534175873,0.111255891621113,-0.242450147867203,-0.990032136440277,2023,0.65429634,"17 R",581385,2828249,"BB59",2023,"97","97","95.5","95.5","0","0",1.5
"211","BB59_L",0.067147433757782,0.0826304778456688,0.0375727862119675,0.00426757242530584,-0.88048529624939,-0.901779770851135,0.901779770851135,-1.19401037693024,0.366284430027008,0.106807619333267,-0.256810456514359,-1.01368582248688,2023,0.64869684,"17 R",581379,2828268,"BB59",2023,"85","85","77.25","77.25","0","0",7.75
"212","BB59_R",0.066616378724575,0.0830191224813461,0.0372163876891136,0.00426756916567683,-0.879589974880219,-0.902217209339142,0.902217209339142,-1.19138169288635,0.352571994066238,0.10702208429575,-0.245622128248215,-0.984665095806122,2023,0.5465722,"17 R",581363,2828242,"BB59",2023,"86","86","83.75","83.75","0","0",2.25
"213","BB59_S",0.0670118182897568,0.0808128863573074,0.0362653732299805,0.00438329996541142,-0.877210080623627,-0.897101044654846,0.897101044654846,-1.17649865150452,0.391623198986053,0.135088846087456,-0.254913598299026,-1.00994455814362,2023,0.51190126,"17 R",581357,2828265,"BB59",2023,"84.25","84.25","71.25","71.25","0","0",13
"214","BB60_E",0.0609615072607994,0.0753346905112267,0.0380816869437695,0.00717487186193466,-0.7893967628479,-0.826083898544312,0.826083898544312,-1.02438688278198,0.383345872163773,-0.00135142635554075,-0.358417868614197,NA,2023,0.7930504,"17 R",583748,2831771,"BB60",2023,"100","100","97.5","97.5","0","0",2.5
"215","BB60_L",0.0598992444574833,0.0741657242178917,0.0360623188316822,0.00636133039370179,-0.807990491390228,-0.842007637023926,0.842007637023926,-1.05015683174133,0.385004490613937,0.027687881141901,-0.336920976638794,NA,2023,0.5729985,"17 R",583758,2831789,"BB60",2023,"100","100","100","100","0","0",0
"216","BB60_R",0.0667998269200325,0.0829920694231987,0.0446100868284702,0.00612757308408618,-0.831954181194305,-0.862486600875854,0.862486600875854,-1.137690782547,0.355722934007645,-0.0452741794288158,-0.369456499814987,NA,2023,0.50401706,"17 R",583728,2831780,"BB60",2023,"100","100","100","100","0","0",0
"217","BB60_S",0.0617560558021069,0.0762424394488335,0.0380801148712635,0.0065923654474318,-0.807095289230347,-0.84083104133606,0.84083104133606,-1.05728685855865,0.381561517715454,0.0116332992911339,-0.34641221165657,NA,2023,0.5153957,"17 R",583740,2831803,"BB60",2023,"100","100","100","100","0","0",0
"218","BB61_C",0.0659810677170753,0.0792132765054703,0.0360390096902847,0.00529385032132268,-0.851452648639679,-0.874712347984314,0.874712347984314,-1.11576449871063,0.400715231895447,0.124945051968098,-0.27063849568367,NA,2023,0.5320422,"17 R",584087,2833143,"BB61",2023,"100","100","100","100","0","0",0
"219","BB61_E",0.0657140910625458,0.0801213532686234,0.0355633050203323,0.00494499178603292,-0.860032379627228,-0.883737981319427,0.883737981319427,-1.13377928733826,0.38263925909996,0.132259622216225,-0.250183522701263,NA,2023,0.55202526,"17 R",584076,2833155,"BB61",2023,"100","100","100","100","0","0",0
"220","BB61_L",0.0634556338191032,0.0776531994342804,0.0369883812963963,0.00529272481799126,-0.846026122570038,-0.872381329536438,0.872381329536438,-1.12446165084839,0.386156857013702,0.0636706352233887,-0.308251857757568,NA,2023,0.5387427,"17 R",584077,2833132,"BB61",2023,"100","100","99.5","99.5","0","0",0.5
"221","BB61_R",0.0637262612581253,0.0784355401992798,0.0344951674342155,0.00459729274734855,-0.865425825119019,-0.889265656471252,0.889265656471252,-1.1471985578537,0.378081411123276,0.127634987235069,-0.250664114952087,NA,2023,0.5745057,"17 R",584096,2833156,"BB61",2023,"99.5","99.5","98","98","0","0",1.5
"222","BB61_S",0.0655862987041473,0.0768771916627884,0.0350892618298531,0.00517816608771682,-0.853650689125061,-0.873788475990295,0.873788475990295,-1.11421680450439,0.431537389755249,0.141794696450233,-0.282370537519455,NA,2023,0.6204797,"17 R",584100,2833135,"BB61",2023,"100","100","100","100","0","0",0
"223","BB62_C",0.0681145265698433,0.0886039510369301,0.047011025249958,0.00550107518211007,-0.850545942783356,-0.883086502552032,0.883086502552032,-1.18572533130646,0.294724583625793,-0.0706372335553169,-0.339754670858383,-0.736888527870178,2023,2.287878,"17 R",574671,2807476,"BB62",2023,"77.5","77.5","76.5","76.5","0","0",1
"224","BB62_E",0.0754488706588745,0.0940739884972572,0.0505873709917068,0.00783627014607191,-0.811820685863495,-0.846212327480316,0.846212327480316,-1.09761476516724,0.323298871517181,-0.0311058834195137,-0.329822361469269,-0.712786972522736,2023,2.2842324,"17 R",574687,2807464,"BB62",2023,"71.5","71.5","68","68","0","0",3.5
"225","BB62_L",0.0651759430766106,0.0827362537384033,0.0459377355873585,0.00643506972119212,-0.820277094841003,-0.855669498443604,0.855669498443604,-1.13138866424561,0.334910452365875,-0.0949767157435417,-0.392532140016556,-0.745953559875488,2023,2.2836242,"17 R",574662,2807464,"BB62",2023,"73","73","68.5","68.5","0","0",4.5
"226","BB62_R",0.0747820287942886,0.0938132032752037,0.0517784431576729,0.00585135258734226,-0.854865252971649,-0.88257908821106,0.88257908821106,-1.19539964199066,0.317836046218872,-0.0598952770233154,-0.348459869623184,-0.736181318759918,2023,2.28727,"17 R",574682,2807486,"BB62",2023,"47.5","47.5","39.5","39.5","0","0",8
"227","BB62_S",0.0645069405436516,0.0848226845264435,0.0442676730453968,0.00631801271811128,-0.821587920188904,-0.861356914043427,0.861356914043427,-1.12530827522278,0.293956577777863,-0.0736090838909149,-0.342386811971664,-0.765035331249237,2023,2.2830164,"17 R",574660,2807485,"BB62",2023,"64.25","64.25","60.5","60.5","0","0",3.75
"232","BB64_C",0.0944096297025681,0.119644604623318,0.0637373030185699,0.0134505927562714,-0.750592172145844,-0.797880113124847,0.797880113124847,-0.977226614952087,0.251711934804916,-0.00462278956547379,-0.246868044137955,-2.80564761161804,2023,2.410519,"17 R",576862,2808915,"BB64",2023,"91.75","91.75","90.75","90.75","0","0",1
"233","BB64_E",0.104988299310207,0.131664365530014,0.067305289208889,0.0128675289452076,-0.781639516353607,-0.821942031383514,0.821942031383514,-1.01850783824921,0.240158170461655,0.0549788139760494,-0.188262268900871,-3.0059506893158,2023,2.3938138,"17 R",576870,2808905,"BB64",2023,"65","65","65","65","0","0",0
"234","BB64_L",0.0811405256390572,0.103179007768631,0.0556441321969032,0.0125169735401869,-0.732707500457764,-0.783623039722443,0.783623039722443,-0.949085831642151,0.282383114099503,-0.0398967899382114,-0.302375197410583,-3.10748934745789,2023,2.404941,"17 R",576876,2808924,"BB64",2023,"100","100","100","100","0","0",0
"235","BB64_R",0.101154074072838,0.131532922387123,0.0681362077593803,0.0120501164346933,-0.787108302116394,-0.832151234149933,0.832151234149933,-1.04917061328888,0.204182758927345,0.00727643584832549,-0.197623953223228,-2.43546581268311,2023,2.3932,"17 R",576847,2808908,"BB64",2023,"69","69","61","61","0","0",8
"236","BB64_S",0.079940140247345,0.10304719209671,0.0555239729583263,0.0143834371119738,-0.695019245147705,-0.755030930042267,0.755030930042267,-0.882750511169434,0.269051223993301,-0.052951592952013,-0.302180171012878,-2.68001174926758,2023,2.4030898,"17 R",576850,2808931,"BB64",2023,"100","100","100","100","0","0",0
"237","BB65_C",0.0546581596136093,0.0737718790769577,0.0442167967557907,0.0202171392738819,-0.459978401660919,-0.569797813892365,0.569797813892365,-0.5587038397789,0.299988865852356,-0.238299489021301,-0.48118844628334,NA,2023,2.3480155,"17 R",577836,2809642,"BB65",2023,"41.25","41.25","38.75","36.25","0","2.5",2.5
"238","BB65_E",0.0573410391807556,0.0733806565403938,0.0497041195631027,0.0344362519681454,-0.249569222331047,-0.361208707094193,0.361208707094193,-0.272185653448105,0.354447782039642,-0.290473639965057,-0.566238224506378,NA,2023,2.3528976,"17 R",577848,2809633,"BB65",2023,"95.1","95.1","95","4.5","90.5","0",0.1
"239","BB65_L",0.057741641998291,0.0775637626647949,0.046364389359951,0.0219663828611374,-0.448828816413879,-0.558598399162292,0.558598399162292,-0.535586059093475,0.293212085962296,-0.223998501896858,-0.463390678167343,NA,2023,2.3535051,"17 R",577847,2809655,"BB65",2023,"64.75","64.75","64.25","64.25","0","0",0.5
"240","BB65_R",0.0483494810760021,0.0678821057081223,0.0440976805984974,0.0199841428548098,-0.415100753307343,-0.54512357711792,0.54512357711792,-0.564439415931702,0.279698044061661,-0.358634442090988,-0.562555015087128,NA,2023,2.3651862,"17 R",577826,2809628,"BB65",2023,"83.25","83.25","76.75","71.5","0","5.25",6.5
"241","BB65_S",0.060952465981245,0.0776928663253784,0.0442161075770855,0.0162505861371756,-0.579016983509064,-0.654034733772278,0.654034733772278,-0.693741977214813,0.345281958580017,-0.129290342330933,-0.429391980171204,NA,2023,2.401865,"17 R",577825,2809653,"BB65",2023,"91.75","91.75","87.75","87.75","0","0",4
"242","BB67_C",0.0490395724773407,0.0681866481900215,0.0391084291040897,0.0141458977013826,-0.552242040634155,-0.656371653079987,0.656371653079987,-0.703112781047821,0.288363754749298,-0.241729646921158,-0.476242750883102,NA,2023,2.3717053,"17 R",579300,2812569,"BB67",2023,"56.25","56.25","54.75","24.5","22.5","7.75",1.5
"243","BB67_E",0.0409818962216377,0.0553512312471867,0.0299176815897226,0.0328978411853313,-0.109421819448471,-0.254432022571564,0.254432022571564,0.0711645632982254,0.365407645702362,-0.192018106579781,-0.502207040786743,NA,2023,2.4071786,"17 R",579291,2812553,"BB67",2023,"93.5","93.5","90.75","10.25","80.25","0.25",2.75
"244","BB67_L",0.0502472147345543,0.0688409432768822,0.0377962961792946,0.0140291703864932,-0.563473582267761,-0.661417841911316,0.661417841911316,-0.687899053096771,0.300943791866302,-0.188202694058418,-0.443432867527008,NA,2023,2.3439953,"17 R",579313,2812561,"BB67",2023,"84","84","83","27.25","52.5","3.25",1
"245","BB67_R",0.0589471571147442,0.0795488506555557,0.0444735996425152,0.0146126495674253,-0.602700173854828,-0.689625799655914,0.689625799655914,-0.75806850194931,0.282788574695587,-0.167711451649666,-0.409741759300232,NA,2023,2.4440086,"17 R",579286,2812574,"BB67",2023,"94","94","94","2.25","0","91.75",0
"246","BB67_S",0.0613547116518021,0.0848947316408157,0.0467377491295338,0.0107648819684982,-0.701471388339996,-0.774933636188507,0.774933636188507,-0.93837970495224,0.24281133711338,-0.170167565345764,-0.378545522689819,NA,2023,2.4614868,"17 R",579309,2812581,"BB67",2023,"26","26","24.5","15.25","5.5","3.75",1.5
"247","TPBB00_1",0.0406127944588661,0.0506087206304073,0.0135212009772658,0.0126038640737534,-0.526318848133087,-0.601222932338715,0.601222932338715,-0.0526699312031269,0.466548264026642,0.478454411029816,-0.0504827573895454,-0.0164995267987251,2024,0.57035035,"17 R",583820,2847443,"TPBB00",2024,"100","100","0","0","0","0",100
"248","TPBB00_2",0.0428540669381618,0.0539661571383476,0.0175344776362181,0.0101812500506639,-0.616057753562927,-0.682567059993744,0.682567059993744,-0.397963255643845,0.441251188516617,0.309789329767227,-0.163397401571274,NA,2024,0.5669318,"17 R",583803,2847446,"TPBB00",2024,"70.5","70.5","30.25","0","0","30.25",40.25
"249","TPBB00_3",0.0420621372759342,0.055128887295723,0.0162350386381149,0.0113337589427829,-0.57548201084137,-0.658943474292755,0.658943474292755,-0.266675382852554,0.396376520395279,0.357016623020172,-0.0896013751626015,NA,2024,0.5304287,"17 R",583817,2847427,"TPBB00",2024,"44.25","44.25","23.75","0","0","23.75",20.5
"250","TPBB00_4",0.0408793166279793,0.0482823960483074,0.014467217028141,0.0141031481325626,-0.486994683742523,-0.547871291637421,0.547871291637421,-0.0191143285483122,0.530974864959717,0.427133560180664,-0.143631920218468,-0.0834766179323196,2024,0.692366,"17 R",583832,2847441,"TPBB00",2024,"100","100","0","0","0","0",100
"251","TPBB00_5",0.0423311106860638,0.0542279928922653,0.0155299603939056,0.0121432971209288,-0.554165065288544,-0.634079813957214,0.634079813957214,-0.183570548892021,0.423018991947174,0.401380747556686,-0.0758156403899193,-0.0743932351469994,2024,0.64152306,"17 R",583821,2847458,"TPBB00",2024,"33.4","33.4","5.75","0","0","5.75",27.65
"257","TPBB03_1",0.0364249274134636,0.0419561080634594,0.0189426206052303,0.0076327221468091,-0.653512060642242,-0.692159593105316,0.692159593105316,-0.63836795091629,0.58836555480957,0.0811500176787376,-0.467778891324997,-1.96961510181427,2024,0.65229106,"17 R",581242,2848283,"TPBB03",2024,"51.95","49.95","25","0","25","0",24.95
"258","TPBB03_2",0.0369598306715488,0.0418293140828609,0.0185902323573828,0.00751893781125546,-0.66190892457962,-0.695270359516144,0.695270359516144,-0.636057794094086,0.60666698217392,0.111795142292976,-0.458006829023361,-1.99068880081177,2024,0.6338198,"17 R",581257,2848282,"TPBB03",2024,"69.5","65.5","64.5","1.5","63","0",1
"259","TPBB03_3",0.0368358045816422,0.0435228943824768,0.0190682876855135,0.00694475183263421,-0.682747185230255,-0.724784016609192,0.724784016609192,-0.699084162712097,0.554482579231262,0.0867095142602921,-0.435622483491898,-2.03163361549377,2024,0.6845375,"17 R",581274,2848282,"TPBB03",2024,"75.35","75.35","75.35","1.6","73.75","0",0
"260","TPBB03_4",0.03682941198349,0.0435184799134731,0.0188281182199717,0.00717327138409019,-0.673962116241455,-0.716984689235687,0.716984689235687,-0.672359049320221,0.554433822631836,0.0973810404539108,-0.42708483338356,-2.0057532787323,2024,0.8286909,"17 R",581259,2848266,"TPBB03",2024,"89.6","89.6","89.1","5","84.1","0",0.5
"261","TPBB03_5",0.0365607813000679,0.0437756255269051,0.0185895711183548,0.00763399992138147,-0.654529333114624,-0.703012824058533,0.703012824058533,-0.626663565635681,0.539865911006927,0.100970029830933,-0.412502825260162,-1.98238432407379,2024,0.63982284,"17 R",581254,2848294,"TPBB03",2024,"72","66","66","2","0","64",0
"262","TPBB104_1",0.0200204085558653,0.0294232871383429,0.00679722102358937,0.00406746426597238,-0.662281155586243,-0.757099270820618,0.757099270820618,-0.376875638961792,0.426356673240662,0.359566897153854,-0.124071508646011,-3.44186282157898,2023,0.58828306,"17 R",575143,2838973,"TPBB104",2024,"66","66","26.25","5.75","0","20.5",39.75
"263","TPBB104_2",0.0205657109618187,0.0262607093900442,0.00679982826113701,0.0041858796030283,-0.661768853664398,-0.725034594535828,0.725034594535828,-0.356911271810532,0.593109607696533,0.38611176609993,-0.238045454025269,-3.44344067573547,2023,0.6052813,"17 R",575155,2838990,"TPBB104",2024,"79.5","79.5","24","2","0","22",55.5
"264","TPBB104_3",0.0211059097200632,0.0290303323417902,0.00727855367586017,0.00371892820112407,-0.700386524200439,-0.772884726524353,0.772884726524353,-0.485514611005783,0.495696783065796,0.353828191757202,-0.184148818254471,-3.43825936317444,2023,0.6358719,"17 R",575157,2838974,"TPBB104",2024,"71.25","71.25","17.25","16.75","0","0.5",54
"265","TPBB104_4",0.0189498253166676,0.0271891187876463,0.00740255601704121,0.00453823572024703,-0.613570868968964,-0.71392285823822,0.71392285823822,-0.359815388917923,0.468541175127029,0.23161581158638,-0.261187136173248,-3.43235373497009,2023,0.625758,"17 R",575172,2838973,"TPBB104",2024,"66.5","66.5","39","38.5","0","0.5",27.5
"266","TPBB104_5",0.0186748206615448,0.0294280853122473,0.00692075816914439,0.00383661617524922,-0.659140706062317,-0.769328057765961,0.769328057765961,-0.430050373077393,0.356580048799515,0.274580001831055,-0.136184588074684,-3.42617869377136,2023,0.69490355,"17 R",575162,2838961,"TPBB104",2024,"54.25","54.25","12","9.5","0","2.5",42.25
"272","TPBB112_1",0.0296237152069807,0.0371453389525414,0.00765135930851102,0.00534527935087681,-0.694284617900848,-0.748401880264282,0.748401880264282,-0.26615497469902,0.531498312950134,0.650111496448517,0.0283028744161129,-4.00945663452148,2023,0.71223855,"17 R",576178,2835243,"TPBB112",2024,"84","84","73","71.5","0","1.5",11
"273","TPBB12_1",0.0656236186623573,0.064548671245575,0.0130024515092373,0.0104733081534505,-0.724737703800201,-0.720793604850769,0.720793604850769,-0.161601379513741,0.647118330001831,0.991779327392578,0.21947668492794,NA,2024,0.5482583,"17 R",585640,2851478,"TPBB12",2024,"47.15","41.15","1","0","0","1",40.15
"284","TPBB141_1",0.0274016242474318,0.0308818742632866,0.0091331098228693,0.00388207635842264,-0.751814782619476,-0.776660799980164,0.776660799980164,-0.605181515216827,0.680689990520477,0.420675486326218,-0.277020126581192,-4.07849311828613,2023,0.61214435,"17 R",577504,2839651,"TPBB141",2024,"57.75","57.75","35.25","1","34.25","0",22.5
"285","TPBB141_2",0.023771008476615,0.0299631543457508,0.00793942715972662,0.00411538267508149,-0.704846501350403,-0.758476555347443,0.758476555347443,-0.47583219408989,0.575705170631409,0.398381412029266,-0.211756438016891,-4.07995176315308,2023,0.58023477,"17 R",577514,2839663,"TPBB141",2024,"72.1","72.1","35.6","0.25","35.35","0",36.5
"286","TPBB141_3",0.0263202711939812,0.0335053354501724,0.00805471185594797,0.00399619480594993,-0.736368060112,-0.786878287792206,0.786878287792206,-0.505171597003937,0.540129065513611,0.487919509410858,-0.109845831990242,-4.07367944717407,2023,0.5910884,"17 R",577498,2839669,"TPBB141",2024,"47","47","19.5","0","19.5","0",27.5
"287","TPBB141_4",0.0252532940357924,0.0319354571402073,0.00853758864104748,0.0039995382539928,-0.726553797721863,-0.777401506900787,0.777401506900787,-0.542953372001648,0.557776927947998,0.396721750497818,-0.1975157558918,-4.06949806213379,2023,0.77537084,"17 R",577524,2839674,"TPBB141",2024,"88.5","88.5","2.75","0","2.75","0",85.75
"288","TPBB141_5",0.0226995162665844,0.0300985835492611,0.00782326702028513,0.00423402898013592,-0.685594379901886,-0.753352344036102,0.753352344036102,-0.446522772312164,0.524034678936005,0.364869087934494,-0.197201132774353,-4.08531665802002,2023,0.6850276,"17 R",577524,2839653,"TPBB141",2024,"40","40","38.25","2","36.25","0",1.75
"297","TPBB200_1",0.0427596233785152,0.0717409774661064,0.0268685910850763,0.00453544547781348,-0.80820643901825,-0.881078720092773,0.881078720092773,-1.06673288345337,0.0888240337371826,-0.0575829893350601,-0.169580399990082,-1.68179535865784,2024,0.6645906,"17 R",571342,2829791,"TPBB200",2024,"8","8","3.5","3.5","0","0",4.5
"298","TPBB200_2",0.0426276661455631,0.0702912136912346,0.0271122697740793,0.00500773172825575,-0.789747476577759,-0.866990625858307,0.866990625858307,-1.03227913379669,0.110846467316151,-0.0683985948562622,-0.196149200201035,-1.68420732021332,2024,0.6970885,"17 R",571358,2829804,"TPBB200",2024,"24.25","24.25","20.25","20.25","0","0",4
"299","TPBB200_3",0.0386966280639172,0.0713545903563499,0.0233827885240316,0.00383885647170246,-0.819498658180237,-0.897893846035004,0.897893846035004,-1.07693338394165,-0.00437461957335472,-0.0385307557880878,-0.0802708938717842,-1.71969664096832,2024,0.73705673,"17 R",571371,2829785,"TPBB200",2024,"9.75","9.75","3","2","0","1",6.75
"300","TPBB200_4",0.0403186269104481,0.0731961503624916,0.0240995865315199,0.00524388300254941,-0.769815862178802,-0.866295754909515,0.866295754909515,-0.96387904882431,0.00534164486452937,-0.0233044251799583,-0.0753694921731949,-1.69868588447571,2024,0.70008886,"17 R",571358,2829786,"TPBB200",2024,"3","3","0","0","0","0",3
"301","TPBB200_5",0.0401837900280952,0.0720092356204987,0.0249443724751472,0.00453923363238573,-0.797006845474243,-0.881402373313904,0.881402373313904,-1.03812634944916,0.0221022851765156,-0.0561332181096077,-0.115200564265251,-1.70552790164948,2024,0.6874775,"17 R",571355,2829775,"TPBB200",2024,"11","11","0","0","0","0",11
"302","TPBB201_1",0.0218647457659245,0.0365447290241718,0.0111181931570172,0.00464369030669332,-0.649644315242767,-0.774514734745026,0.774514734745026,-0.616154432296753,0.247851222753525,0.0266697928309441,-0.242702066898346,-2.21165561676025,2024,0.7569789,"17 R",571349,2832120,"TPBB201",2024,"98.75","98.75","58.5","58.5","0","0",40.25
"303","TPBB201_2",0.0251563545316458,0.0408101975917816,0.0114841610193253,0.0049988217651844,-0.668460130691528,-0.781753838062286,0.781753838062286,-0.590184986591339,0.252287209033966,0.139194890856743,-0.154380470514297,-2.21795630455017,2024,0.79245603,"17 R",571356,2832125,"TPBB201",2024,"44.1","44.1","2.85","2.85","0","0",41.25
"304","TPBB204_1",0.0370645560324192,0.0638899505138397,0.0237186960875988,0.00340033741667867,-0.831936419010162,-0.898935258388519,0.898935258388519,-1.12384307384491,0.0884616747498512,-0.0938260033726692,-0.200492039322853,-1.72723174095154,2024,0.62469494,"17 R",571946,2827623,"TPBB204",2024,"13.25","13.25","8.5","8.5","0","0",4.75
"305","TPBB204_2",0.037476409226656,0.0675814673304558,0.0239623207598925,0.00328557263128459,-0.838792324066162,-0.907275021076202,0.907275021076202,-1.13825762271881,0.0304143019020557,-0.0915190353989601,-0.151285335421562,-1.73265361785889,2024,0.5796233,"17 R",571950,2827635,"TPBB204",2024,"25.75","25.75","20.75","20.75","0","0",5
"306","TPBB204_3",0.0377533547580242,0.0629738420248032,0.023364657536149,0.00352299748919904,-0.829297065734863,-0.894040167331696,0.894040167331696,-1.10692024230957,0.12464103102684,-0.0625451877713203,-0.204684436321259,-1.73118829727173,2024,0.5965235,"17 R",571960,2827636,"TPBB204",2024,"73.75","73.75","67.5","67.5","0","0",6.25
"307","TPBB204_4",0.0378817096352577,0.0677122473716736,0.0234803427010775,0.003284813137725,-0.840413391590118,-0.907466232776642,0.907466232776642,-1.13181829452515,0.0387928932905197,-0.0633770599961281,-0.135503143072128,-1.7332638502121,2024,0.7059748,"17 R",571953,2827651,"TPBB204",2024,"19.5","19.5","7.25","1.5","0","5.75",12.25
"308","TPBB204_5",0.0382786951959133,0.0682331696152687,0.0246766302734613,0.00468701589852571,-0.781825304031372,-0.871448040008545,0.871448040008545,-1.0211409330368,0.0397906713187695,-0.0954699963331223,-0.161708876490593,-1.7255676984787,2024,0.64702,"17 R",571930,2827640,"TPBB204",2024,"10","10","7.5","4.25","0","3.25",2.5
"309","TPBB217_1",0.0923885554075241,0.109159633517265,0.0519150495529175,0.0411392338573933,-0.38381016254425,-0.452567607164383,0.452567607164383,-0.173702090978622,0.3428915143013,0.149275854229927,-0.198749959468842,-2.58240962028503,2024,0.78040767,"17 R",573798,2830687,"TPBB217",2024,"19.95","19.95","0.5","0.5","0","0",19.45
"310","TPBB217_2",0.0560422502458096,0.0774464681744576,0.023672865703702,0.009733104147017,-0.704050123691559,-0.776711344718933,0.776711344718933,-0.625925302505493,0.265200972557068,0.321273565292358,-0.00674890913069248,-2.59206175804138,2024,0.735491,"17 R",573814,2830701,"TPBB217",2024,"25.8","25.8","9.25","9.25","0","0",16.55
"311","TPBB217_3",0.0470306985080242,0.0699769854545593,0.0177963189780712,0.0059926831163466,-0.773960709571838,-0.84223484992981,0.84223484992981,-0.74427056312561,0.214654952287674,0.390106946229935,0.0863092169165611,-2.59111094474792,2024,0.65079254,"17 R",573827,2830688,"TPBB217",2024,"20.55","20.55","19.25","19.25","0","0",1.3
"312","TPBB217_4",0.0512026511132717,0.079804852604866,0.025113383308053,0.0116049544885755,-0.630460202693939,-0.746089518070221,0.746089518070221,-0.551839888095856,0.137986108660698,0.180416747927666,-0.017013069242239,-2.58739352226257,2024,0.6827748,"17 R",573812,2830686,"TPBB217",2024,"21.5","21.5","18","17.5","0","0.5",3.5
"313","TPBB217_5",0.0518766269087791,0.0794127210974693,0.0224754884839058,0.0140603603795171,-0.573521316051483,-0.699156999588013,0.699156999588013,-0.345487862825394,0.157122388482094,0.288445919752121,0.0536991991102695,-2.58301830291748,2024,0.8340694,"17 R",573811,2830672,"TPBB217",2024,"23.75","23.75","15.75","15.75","0","0",8
"314","TPBB218_1",0.0421032309532166,0.0563472732901573,0.014221808873117,0.00383874564431608,-0.832887232303619,-0.872437298297882,0.872437298297882,-0.862354159355164,0.370462626218796,0.471272140741348,0.0224956478923559,-2.49143505096436,2024,0.50424224,"17 R",575022,2829959,"TPBB218",2024,"86","86","75.5","75.5","0","0",10.5
"315","TPBB218_2",0.0434492863714695,0.0600232481956482,0.0151804396882653,0.00372148538008332,-0.84221225976944,-0.883237898349762,0.883237898349762,-0.90934818983078,0.324191391468048,0.446929484605789,0.0412339642643929,-2.54069352149963,2024,0.5886897,"17 R",575038,2829984,"TPBB218",2024,"80","80","62.25","62.25","0","0",17.75
"316","TPBB218_3",0.0413036048412323,0.0579284355044365,0.0125475851818919,0.0044259587302804,-0.806428968906403,-0.858038604259491,0.858038604259491,-0.717731058597565,0.317244976758957,0.559261560440063,0.135536149144173,-2.4172625541687,2024,0.6622166,"17 R",575050,2829966,"TPBB218",2024,"68.05","68.05","54.5","54.5","0","0",13.55
"317","TPBB218_4",0.044393677264452,0.065271183848381,0.015421699732542,0.00442354241386056,-0.818771243095398,-0.873059451580048,0.873059451580048,-0.831294238567352,0.242587104439735,0.454940944910049,0.114305704832077,-2.48014688491821,2024,0.5906635,"17 R",575038,2829962,"TPBB218",2024,"26.75","26","25.25","25.25","0","0",0.75
"318","TPBB218_5",0.0427828095853329,0.0579271912574768,0.0133860101923347,0.00372434291057289,-0.839837849140167,-0.87918084859848,0.87918084859848,-0.847001850605011,0.352458000183105,0.539105474948883,0.0914291962981224,-2.42600536346436,2024,0.5093612,"17 R",575042,2829954,"TPBB218",2024,"90.35","90.1","88.75","88.75","0","0",1.35
"324","TPBB220_1",0.0470260046422482,0.0693507865071297,0.0164021700620651,0.0030718594789505,-0.87736564874649,-0.915168523788452,0.915168523788452,-1.02677595615387,0.225612580776215,0.459806323051453,0.132921680808067,-2.5910267829895,2024,0.6516998,"17 R",574126,2829154,"TPBB220",2024,"28.75","28.75","28.75","28.75","0","0",0
"325","TPBB220_2",0.0502546727657318,0.0718405097723007,0.0162824913859367,0.00365644437260926,-0.864352881908417,-0.903136610984802,0.903136610984802,-0.949853658676147,0.248627826571465,0.532474994659424,0.17318406701088,-2.59883069992065,2024,0.6775823,"17 R",574139,2829175,"TPBB220",2024,"17.75","17.75","14.75","14.75","0","0",3
"326","TPBB220_3",0.0448817797005177,0.0683078765869141,0.0156878065317869,0.00424438854679465,-0.827204585075378,-0.882997751235962,0.882997751235962,-0.861175954341888,0.197583019733429,0.451237827539444,0.148119673132896,-2.59934020042419,2024,0.7103459,"17 R",574154,2829158,"TPBB220",2024,"49.25","49.25","43.25","43.25","0","0",6
"327","TPBB220_4",0.0450132749974728,0.0677816644310951,0.016045868396759,0.00365875707939267,-0.849656701087952,-0.897571802139282,0.897571802139282,-0.942959666252136,0.210021495819092,0.434854209423065,0.125004813075066,-2.59781384468079,2024,0.66914994,"17 R",574142,2829154,"TPBB220",2024,"41.75","41.75","40.75","40.75","0","0",1
"328","TPBB220_5",0.0432636588811874,0.0676512643694878,0.0165263321250677,0.00319174723699689,-0.862588763237,-0.909892380237579,0.909892380237579,-1.01439273357391,0.172745853662491,0.369966089725494,0.102970257401466,-2.58996725082397,2024,0.69021493,"17 R",574145,2829147,"TPBB220",2024,"26.5","26.5","23.75","23.75","0","0",2.75
"334","TPBB222_1",0.028478592634201,0.0456574857234955,0.013978105969727,0.00323397270403802,-0.796044707298279,-0.867708086967468,0.867708086967468,-0.936330854892731,0.238266274333,0.0950890481472015,-0.176090061664581,-2.11205840110779,2024,0.60073394,"17 R",572779,2828494,"TPBB222",2024,"94","94","36.75","36.75","0","0",57.25
"335","TPBB222_2",0.0234669707715511,0.0356190800666809,0.0130237862467766,0.00312232808209956,-0.765143990516663,-0.838811814785004,0.838811814785004,-0.919861376285553,0.350128918886185,-0.0379651598632336,-0.376178830862045,-2.12261509895325,2024,0.67566663,"17 R",572799,2828499,"TPBB222",2024,"100","100","97.25","97.25","0","0",2.75
"336","TPBB222_3",0.0248323548585176,0.037608664482832,0.0118260318413377,0.00289145205169916,-0.791410148143768,-0.857212662696838,0.857212662696838,-0.910608768463135,0.339821755886078,0.101132906973362,-0.2560715675354,-2.13150691986084,2024,0.6822704,"17 R",572805,2828482,"TPBB222",2024,"30","30","9.75","9.25","0.25","0.25",20.25
"337","TPBB222_4",0.0238758232444525,0.0357523150742054,0.012423456646502,0.0024204112123698,-0.815911948680878,-0.873186349868774,0.873186349868774,-1.01082599163055,0.362808614969254,0.019684536382556,-0.340281099081039,-2.12211966514587,2024,0.5971532,"17 R",572791,2828487,"TPBB222",2024,"100","100","97.5","97.5","0","0",2.5
"338","TPBB222_5",0.0248220656067133,0.0370722040534019,0.0114586409181356,0.00241823098622262,-0.822451949119568,-0.877528250217438,0.877528250217438,-0.977209806442261,0.357080429792404,0.127720817923546,-0.248928725719452,-2.11687326431274,2024,0.59107846,"17 R",572786,2828473,"TPBB222",2024,"100","100","94.75","94.75","0","0",5.25
"339","TPBB227_1",0.0547588281333447,0.0682535320520401,0.0136054651811719,0.00204233848489821,-0.928088128566742,-0.941893100738525,0.941893100738525,-1.10844242572784,0.397468745708466,0.771994233131409,0.24438813328743,-2.73330903053284,2024,0.689194,"17 R",573911,2823217,"TPBB227",2024,"37.25","36.75","1.5","1","0","0.5",35.25
"340","TPBB227_2",0.0510067008435726,0.0653744786977768,0.0144453663378954,0.00402820389717817,-0.853612780570984,-0.883917927742004,0.883917927742004,-0.845843195915222,0.37950187921524,0.649759590625763,0.160463199019432,-2.71935367584229,2024,0.71158206,"17 R",573929,2823214,"TPBB227",2024,"88.75","88.75","86.25","86.25","0","0",2.5
"341","TPBB227_3",0.0578436963260174,0.0712653622031212,0.0148056661710143,0.00367848481982946,-0.880417585372925,-0.901833593845367,0.901833593845367,-0.902977466583252,0.399156600236893,0.754467964172363,0.229950234293938,-2.69623231887817,2024,0.67702395,"17 R",573930,2823229,"TPBB227",2024,"30.25","30.25","22.75","22.75","0","0",7.5
"342","TPBB227_4",0.0499385073781013,0.0655086562037468,0.0148074217140675,0.00262872199527919,-0.899986267089844,-0.922840535640717,0.922840535640717,-1.04771161079407,0.355815082788467,0.607414424419403,0.145641312003136,-2.70323204994202,2024,0.6625832,"17 R",573941,2823210,"TPBB227",2024,"48","48","43.5","43.5","0","0",4.5
"343","TPBB227_5",0.0530191175639629,0.063933901488781,0.0145654724910855,0.00426191138103604,-0.851192891597748,-0.875009596347809,0.875009596347809,-0.820896923542023,0.445607155561447,0.681370556354523,0.132537484169006,-2.73329496383667,2024,0.6549171,"17 R",573926,2823201,"TPBB227",2024,"43.5","43.5","4.5","4.25","0","0.25",39
"344","TPBB243_1",0.0264163687825203,0.0463333651423454,0.0180743020027876,0.00242901686578989,-0.831583678722382,-0.900373339653015,0.900373339653015,-1.1445916891098,0.14502115547657,-0.199971318244934,-0.336558908224106,-1.82726180553436,2024,0.5418695,"17 R",570059,2824959,"TPBB243",2024,"16.5","16.5","11.35","11.35","0","0",5.15
"345","TPBB243_2",0.024767929688096,0.0436715669929981,0.0164994522929192,0.00371783506125212,-0.738968908786774,-0.843094229698181,0.843094229698181,-0.948318421840668,0.153367042541504,-0.186404451727867,-0.33358907699585,-1.80910408496857,2024,0.5463991,"17 R",570048,2824962,"TPBB243",2024,"64.25","64.25","62.5","62.5","0","0",1.75
"346","TPBB243_3",0.0268137324601412,0.0451301708817482,0.0171010047197342,0.00418645050376654,-0.729907989501953,-0.83022153377533,0.83022153377533,-0.91001158952713,0.19231753051281,-0.137679472565651,-0.325142472982407,-1.81250739097595,2024,0.5656946,"17 R",570033,2824955,"TPBB243",2024,"77.75","77.75","74.25","74.25","0","0",3.5
"347","TPBB243_4",0.0268137324601412,0.0451301708817482,0.0171010047197342,0.00418645050376654,-0.729907989501953,-0.83022153377533,0.83022153377533,-0.91001158952713,0.19231753051281,-0.137679472565651,-0.325142472982407,-1.81250739097595,2024,0.580423,"17 R",570034,2824956,"TPBB243",2024,"72","72","65.75","65.75","0","0",6.25
"348","TPBB243_5",0.0277784783393145,0.0434096083045006,0.0173479877412319,0.00278010778129101,-0.818047344684601,-0.879622220993042,0.879622220993042,-1.08563768863678,0.275479882955551,-0.114600971341133,-0.373785972595215,-1.83585917949677,2024,0.5386634,"17 R",570042,2824942,"TPBB243",2024,"85.75","85.75","76.5","76.5","0","0",9.25
"354","TPBB247_1",0.0313828028738499,0.0537915527820587,0.0241269059479237,0.004441122058779,-0.752058327198029,-0.847469747066498,0.847469747066498,-1.03362667560577,0.133697122335434,-0.274827301502228,-0.384168058633804,-1.22553765773773,2024,0.6525364,"17 R",571193,2828542,"TPBB247",2024,"91.25","91.25","79.75","79.75","0","0",11.5
"355","TPBB247_2",0.0343922190368176,0.0575069412589073,0.0267854332923889,0.00432896288111806,-0.776403367519379,-0.85998547077179,0.85998547077179,-1.08260834217072,0.143108755350113,-0.272694706916809,-0.388624101877213,-1.24236214160919,2024,0.6330473,"17 R",571210,2828555,"TPBB247",2024,"55.75","55.75","44.5","44.5","0","0",11.25
"356","TPBB247_3",0.0324921309947968,0.0568497255444527,0.0254641771316528,0.00386252463795245,-0.78750866651535,-0.872759640216827,0.872759640216827,-1.10487973690033,0.100415647029877,-0.286245465278625,-0.365640610456467,-1.22326374053955,2024,0.6550687,"17 R",571222,2828537,"TPBB247",2024,"97.75","97.75","81.75","81.75","0","0",16
"357","TPBB247_4",0.0293436739593744,0.0516754351556301,0.0240104179829359,0.00362170883454382,-0.780272006988525,-0.86900919675827,0.86900919675827,-1.10679364204407,0.115883521735668,-0.337869375944138,-0.42100328207016,-1.22134912014008,2024,0.61652666,"17 R",571206,2828538,"TPBB247",2024,"85.5","85.5","73.25","73.25","0","0",12.25
"358","TPBB247_5",0.0302994418889284,0.0556509867310524,0.023890333250165,0.00350456172600389,-0.792654037475586,-0.881513655185699,0.881513655185699,-1.11621737480164,0.0567627809941769,-0.301527082920074,-0.34346866607666,-1.21604692935944,2024,0.60938054,"17 R",571205,2828525,"TPBB247",2024,"52.75","52.75","30.25","30.25","0","0",22.5
"359","TPBB51_1",0.0536615177989006,0.0600522607564926,0.0184327028691769,0.00575084472075105,-0.806409180164337,-0.825210511684418,0.825210511684418,-0.786600351333618,0.534698665142059,0.491940766572952,-0.0905889272689819,-2.49279689788818,2024,0.5752833,"17 R",583324,2849465,"TPBB51",2024,"13.75","13.75","0","0","0","0",13.75
"360","TPBB51_2",0.0540587827563286,0.0613427832722664,0.0190241280943155,0.00632843188941479,-0.790404915809631,-0.812965333461761,0.812965333461761,-0.751148760318756,0.515919387340546,0.472294986248016,-0.0908518061041832,-2.4849693775177,2024,0.5433489,"17 R",583336,2849477,"TPBB51",2024,"18.75","18.75","0","0","0","0",18.75
"361","TPBB51_3",0.0541990324854851,0.063409686088562,0.019147602841258,0.00575617933645844,-0.807983994483948,-0.833554327487946,0.833554327487946,-0.806589722633362,0.47774538397789,0.469350695610046,-0.0621221177279949,-2.5607590675354,2024,0.5963957,"17 R",583355,2849468,"TPBB51",2024,"69.5","69.5","0.75","0.75","0","0",68.75
"362","TPBB52_1",0.113131709396839,0.137773647904396,0.0334012545645237,0.00404460355639458,-0.930965483188629,-0.942960739135742,0.942960739135742,-1.17596387863159,0.259068578481674,0.729163765907288,0.334635078907013,-2.03593873977661,2024,0.5455327,"17 R",578196,2812187,"TPBB52",2024,"18.5","18.5","1","0.75","0","0.25",17.5
"363","TPBB52_2",0.118788003921509,0.149481311440468,0.0353140160441399,0.00334543897770345,-0.945216655731201,-0.95621919631958,0.95621919631958,-1.24039161205292,0.207528710365295,0.730305373668671,0.378239929676056,-2.03674292564392,2024,0.5563744,"17 R",578213,2812197,"TPBB52",2024,"11.25","11.25","1.25","1.25","0","0",10
"364","TPBB52_3",0.106543645262718,0.134422063827515,0.0328034088015556,0.00404436141252518,-0.926857113838196,-0.941583514213562,0.941583514213562,-1.17072403430939,0.229365363717079,0.684619009494781,0.322317451238632,-2.04414057731628,2024,0.5581091,"17 R",578181,2812203,"TPBB52",2024,"31.25","31.25","0","0","0","0",31.25
"365","TPBB52_4",0.106940738856792,0.133391365408897,0.0319681465625763,0.00427863374352455,-0.923059582710266,-0.937842190265656,0.937842190265656,-1.14587473869324,0.242553919553757,0.710407495498657,0.332199722528458,-2.04473567008972,2024,0.5618529,"17 R",578198,2812218,"TPBB52",2024,"16.25","16.25","0","0","0","0",16.25
"366","TPBB52_5",0.112078465521336,0.138674914836884,0.0330431908369064,0.00427845772355795,-0.926459789276123,-0.940141916275024,0.940141916275024,-1.15608775615692,0.241694286465645,0.729031980037689,0.34850138425827,-2.04331040382385,2024,0.60622346,"17 R",578197,2812202,"TPBB52",2024,"13.5","13.5","2.25","2.25","0","0",11.25
"367","TPBB55_1",0.0803094953298569,0.104668401181698,0.0234392359852791,0.00356703530997038,-0.914945542812347,-0.934087455272675,0.934087455272675,-1.10375475883484,0.254458576440811,0.689541637897491,0.301221311092377,-2.59419345855713,2023,0.7407135,"17 R",573107,2814052,"TPBB55",2024,"4.6","4.6","2.5","2.5","0","0",2.1
"368","TPBB55_2",0.0884239673614502,0.112462520599365,0.0241571366786957,0.00391704030334949,-0.915161430835724,-0.932685077190399,0.932685077190399,-1.08142602443695,0.262363255023956,0.759984254837036,0.35248202085495,-2.59487152099609,2023,1.1973879,"17 R",573108,2814082,"TPBB55",2024,"9.65","9.65","3","3","0","0",6.65
"369","TPBB55_3",0.0868331715464592,0.109218589961529,0.0243987701833248,0.00356758083216846,-0.921071887016296,-0.936737239360809,0.936737239360809,-1.1172993183136,0.280212938785553,0.733314156532288,0.316429674625397,-2.59513235092163,2023,0.77677417,"17 R",573123,2814069,"TPBB55",2024,"3.45","3.45","0.3","0.3","0","0",3.15
"370","TPBB55_4",0.088823139667511,0.111554116010666,0.0243971198797226,0.00298192468471825,-0.935037910938263,-0.94793039560318,0.94793039560318,-1.17326200008392,0.276843905448914,0.75603049993515,0.337634325027466,-2.59465527534485,2023,0.792836,"17 R",573105,2814074,"TPBB55",2024,"18.1","18.1","14.65","14.65","0","0",3.45
"371","TPBB55_5",0.0885558575391769,0.111942745745182,0.0241568349301815,0.00251381145790219,-0.94479364156723,-0.956073939800262,0.956073939800262,-1.2172384262085,0.269552201032639,0.761485397815704,0.347858071327209,-2.59314942359924,2023,1.4579016,"17 R",573093,2814077,"TPBB55",2024,"4.3","4.3","1.5","1.5","0","0",2.8
"372","TPBB56_1",0.0495901294052601,0.0703753456473351,0.0257045533508062,0.00328636728227139,-0.8756964802742,-0.910771369934082,0.910771369934082,-1.15992450714111,0.260663330554962,0.128509491682053,-0.158612713217735,-2.00735569000244,2024,0.80685794,"17 R",569141,2811895,"TPBB56",2024,"62.05","62.05","3.25","3.25","0","0",58.8
"373","TPBB56_2",0.0454086996614933,0.0687985196709633,0.0254637766629457,0.00433922512456775,-0.825551509857178,-0.88134104013443,0.88134104013443,-1.06320929527283,0.200450673699379,0.0484737642109394,-0.174859046936035,-1.96256351470947,2024,0.61494356,"17 R",569119,2811867,"TPBB56",2024,"71.55","71.55","2.25","1.25","0","1",69.3
"374","TPBB56_3",0.0418959744274616,0.0617009997367859,0.0217419061809778,0.00433709006756544,-0.812381446361542,-0.868648827075958,0.868648827075958,-1.00108242034912,0.253874599933624,0.103159762918949,-0.176042079925537,-1.99627149105072,2024,0.62750477,"17 R",569117,2811895,"TPBB56",2024,"89.7","89.7","3.25","2.75","0","0.5",86.45
"375","TPBB56_4",0.0483765937387943,0.0722116455435753,0.0252245012670755,0.00410546408966184,-0.843547880649567,-0.892410397529602,0.892410397529602,-1.08007478713989,0.204201817512512,0.119864098727703,-0.120005123317242,-1.9933797121048,2024,0.62232995,"17 R",569130,2811883,"TPBB56",2024,"53.8","53.8","2","1.5","0","0.5",51.8
"376","TPBB56_5",0.04824548214674,0.0710330680012703,0.0245068967342377,0.00399000896140933,-0.847229957580566,-0.893632471561432,0.893632471561432,-1.07995343208313,0.221730515360832,0.141844213008881,-0.116789899766445,-1.98440170288086,2024,0.6041883,"17 R",569142,2811873,"TPBB56",2024,"54.25","54.25","1.75","1.5","0","0.25",52.5
"377","TPBB58_1",0.0658264458179474,0.0951111614704132,0.0318311266601086,0.00280348444357514,-0.918301403522491,-0.942736148834229,0.942736148834229,-1.25716626644135,0.173377379775047,0.228829458355904,-0.00311375292949378,-1.97393465042114,2024,0.7845982,"17 R",570251,2811820,"TPBB58",2024,"21.7","21.7","9.25","9.25","0","0",12.45
"378","TPBB58_2",0.0596684329211712,0.0853267014026642,0.0284816138446331,0.00374151510186493,-0.881989657878876,-0.915985405445099,0.915985405445099,-1.15166187286377,0.208699151873589,0.225742980837822,-0.035891305655241,-1.98516893386841,2024,0.8824448,"17 R",570274,2811806,"TPBB58",2024,"22","22","3.75","3.75","0","0",18.25
"379","TPBB58_3",0.0612720213830471,0.0851929783821106,0.029676578938961,0.00467513687908649,-0.858215689659119,-0.895955622196198,0.895955622196198,-1.09171152114868,0.237148687243462,0.217097997665405,-0.0654719769954681,-1.99405550956726,2024,0.63412994,"17 R",570247,2811791,"TPBB58",2024,"84.5","84.5","0","0","0","0",84.5
"380","TPBB58_4",0.0620772317051888,0.0898944512009621,0.0306347794830799,0.00280420552007854,-0.913559079170227,-0.939498484134674,0.939498484134674,-1.24841892719269,0.184126123785973,0.202964469790459,-0.0334136821329594,-1.99059891700745,2024,0.6762868,"17 R",570257,2811806,"TPBB58",2024,"15.35","15.35","3","2.75","0","0.25",12.35
"381","TPBB58_5",0.0604720041155815,0.0876770839095116,0.0305170398205519,0.00350748165510595,-0.890356063842773,-0.923068523406982,0.923068523406982,-1.19073939323425,0.188650369644165,0.18006044626236,-0.0557647719979286,-1.99301385879517,2024,0.70181847,"17 R",570265,2811793,"TPBB58",2024,"23.2","23.2","1","1","0","0",22.2
"382","TPBB59_1",0.0372588373720646,0.0582121089100838,0.0264939181506634,0.00428458908572793,-0.793729603290558,-0.862885892391205,0.862885892391205,-1.08237850666046,0.208175212144852,-0.183272913098335,-0.368977904319763,-1.62671566009521,2024,0.65064627,"17 R",568617,2810384,"TPBB59",2024,"71.8","71.8","6","5.5","0","0.5",65.8
"383","TPBB59_2",0.0361839309334755,0.0562429614365101,0.0252981651574373,0.00323380250483751,-0.835921466350555,-0.891258299350739,0.891258299350739,-1.15998113155365,0.221232607960701,-0.173031911253929,-0.371913075447083,-1.65027737617493,2024,0.6794576,"17 R",568644,2810400,"TPBB59",2024,"60.25","60.25","8.5","8.5","0","0",51.75
"384","TPBB59_3",0.0353627726435661,0.0554471760988235,0.0242140404880047,0.00486723054200411,-0.758029818534851,-0.838604688644409,0.838604688644409,-0.997900485992432,0.215806469321251,-0.158512204885483,-0.356310814619064,-1.65452432632446,2024,0.61818343,"17 R",568618,2810411,"TPBB59",2024,"50.45","50.45","5.75","5.75","0","0",44.7
"385","TPBB59_5",0.0372651591897011,0.059793546795845,0.0262574814260006,0.00417006341740489,-0.798718929290771,-0.869611382484436,0.869611382484436,-1.08885312080383,0.175372332334518,-0.175433337688446,-0.336063772439957,-1.63643014431,2024,0.67230207,"17 R",568631,2810380,"TPBB59",2024,"53.4","53.4","8.25","8.25","0","0",45.15
"386","TPBB62_1",0.106232948601246,0.134535849094391,0.0407541766762733,0.00470000598579645,-0.915264010429382,-0.932488560676575,0.932488560676575,-1.18979716300964,0.225404128432274,0.496008455753326,0.175244495272636,-1.45138549804688,2024,0.6340464,"17 R",577796,2810965,"TPBB62",2024,"16.75","16.75","0","0","0","0",16.75
"387","TPBB62_2",0.106894202530384,0.139692559838295,0.0418293885886669,0.00458398042246699,-0.917760014533997,-0.936455607414246,0.936455607414246,-1.20370733737946,0.185340568423271,0.479932874441147,0.195109069347382,-1.45361316204071,2024,0.64780366,"17 R",577809,2810980,"TPBB62",2024,"15.85","15.85","1.25","1.25","0","0",14.6
"388","TPBB62_3",0.0973783284425735,0.12304075807333,0.0374101810157299,0.00329797202721238,-0.934483647346497,-0.947791576385498,0.947791576385498,-1.25695490837097,0.24824158847332,0.482231497764587,0.144282668828964,-1.46482527256012,2024,0.6443728,"17 R",577780,2810977,"TPBB62",2024,"13.8","13.8","0.75","0.5","0","0.25",13.05
"389","TPBB62_4",0.119400218129158,0.153068587183952,0.047197412699461,0.00458373920992017,-0.926059126853943,-0.941850006580353,0.941850006580353,-1.23443579673767,0.183497399091721,0.487267702817917,0.204258054494858,-1.48122954368591,2024,0.6761282,"17 R",577793,2810997,"TPBB62",2024,"48.1","48.1","0","0","0","0",48.1
"390","TPBB62_5",0.104912869632244,0.134148612618446,0.0415899828076363,0.00353236217051744,-0.934854447841644,-0.948687732219696,0.948687732219696,-1.26514768600464,0.216445788741112,0.466134548187256,0.158525407314301,-1.47169494628906,2024,0.64143246,"17 R",577794,2810981,"TPBB62",2024,"63.15","63.15","1.75","1.75","0","0",61.4
"391","TPBB63_1",0.066357210278511,0.0790647566318512,0.0198460631072521,0.0051130373030901,-0.856918454170227,-0.878518164157867,0.878518164157867,-0.885430097579956,0.408708363771439,0.641085028648376,0.134108975529671,-2.64221811294556,2024,0.6147977,"17 R",575531,2809992,"TPBB63",2024,"43","43","35.5","35.5","0","0",7.5
"392","TPBB63_2",0.0728950425982475,0.0879381448030472,0.0218806192278862,0.00464488193392754,-0.880193769931793,-0.899660170078278,0.899660170078278,-0.974669814109802,0.371833235025406,0.651549220085144,0.173956841230392,-2.64549279212952,2024,0.6453082,"17 R",575529,2810021,"TPBB63",2024,"44.5","44.5","35.75","35.75","0","0",8.75
"393","TPBB63_3",0.0714269801974297,0.0885895937681198,0.0215213317424059,0.00429450953379273,-0.886570930480957,-0.907529711723328,0.907529711723328,-1.00094485282898,0.342409074306488,0.645370304584503,0.192622154951096,-2.64742732048035,2024,0.6264216,"17 R",575517,2810012,"TPBB63",2024,"32.75","32.75","24.25","24.25","0","0",8.5
"394","TPBB63_4",0.0656884014606476,0.0790643766522408,0.0200852695852518,0.00487917196005583,-0.861716330051422,-0.883751094341278,0.883751094341278,-0.913665413856506,0.398584216833115,0.620703876018524,0.125938221812248,-2.6403751373291,2024,0.66898495,"17 R",575531,2810008,"TPBB63",2024,"27.25","26.5","18.75","18.75","0","0",7.75
"395","TPBB63_5",0.065155141055584,0.0782812088727951,0.0209240633994341,0.00429526902735233,-0.876306891441345,-0.895968675613403,0.895968675613403,-0.989050447940826,0.402678668498993,0.577546894550323,0.0880980640649796,-2.63967251777649,2024,0.65654,"17 R",575546,2810006,"TPBB63",2024,"61","60.5","51.25","51.25","0","0",9.25
"396","TPBB65_1",0.0604282096028328,0.0854914486408234,0.021732997149229,0.00324176345020533,-0.898169815540314,-0.926932334899902,0.926932334899902,-1.11059522628784,0.218979269266129,0.469776719808578,0.150353491306305,-2.6335928440094,2024,0.59319395,"17 R",573762,2808876,"TPBB65",2024,"18.95","18.95","14.25","14.25","0","0",4.7
"397","TPBB65_2",0.0614965669810772,0.0847076997160912,0.0193374902009964,0.00359174609184265,-0.889634668827057,-0.918646216392517,0.918646216392517,-1.03006553649902,0.247833788394928,0.587225615978241,0.220741868019104,-2.63259530067444,2024,0.6152426,"17 R",573754,2808882,"TPBB65",2024,"20.55","20.55","19","19","0","0",1.55
"398","TPBB65_3",0.0614965669810772,0.0847076997160912,0.0193374902009964,0.00359174609184265,-0.889634668827057,-0.918646216392517,0.918646216392517,-1.03006553649902,0.247833788394928,0.587225615978241,0.220741868019104,-2.63259530067444,2024,0.6152426,"17 R",573754,2808882,"TPBB65",2024,"10.3","10.3","4.5","4.5","0","0",5.8
"399","TPBB65_4",0.0581488162279129,0.0831412523984909,0.019936203956604,0.0038254982791841,-0.876545667648315,-0.912023901939392,0.912023901939392,-1.01701712608337,0.214818745851517,0.505160748958588,0.181294053792953,-2.63231134414673,2024,0.63931346,"17 R",573739,2808869,"TPBB65",2024,"17.4","17.4","12.25","12.25","0","0",5.15
"400","TPBB65_5",0.0593547262251377,0.0874457880854607,0.0207740981131792,0.00405868561938405,-0.871992826461792,-0.911289870738983,0.911289870738983,-1.00967812538147,0.173251003026962,0.490461766719818,0.20371201634407,-2.63312292098999,2024,0.6027886,"17 R",573754,2808893,"TPBB65",2024,"16.8","16.55","12.75","12.75","0","0",3.8
"401","TPBB66_1",0.065357506275177,0.0862087085843086,0.0444723516702652,0.00442522298544645,-0.873171389102936,-0.902349531650543,0.902349531650543,-1.22850048542023,0.287118077278137,-0.0644565522670746,-0.329322725534439,-0.992228031158447,2024,0.6742776,"17 R",573959,2806280,"TPBB66",2024,"83.95","81.95","3","3","0","0",78.95
"402","TPBB66_2",0.0609448440372944,0.0860781073570251,0.0428020507097244,0.00500925304368138,-0.848098814487457,-0.890012145042419,0.890012145042419,-1.1856861114502,0.219080001115799,-0.101605303585529,-0.304747045040131,-1.00044941902161,2024,0.6354472,"17 R",573953,2806293,"TPBB66",2024,"53","51.25","10","10","0","0",41.25
"403","TPBB66_3",0.0634840652346611,0.0837292447686195,0.0413693971931934,0.00430821627378464,-0.872899532318115,-0.902127683162689,0.902127683162689,-1.21704626083374,0.293933123350143,-0.031656626611948,-0.309209942817688,-1.01227986812592,2024,0.6333601,"17 R",573949,2806308,"TPBB66",2024,"67","64.9","16.5","16.5","0","0",48.4
"404","TPBB66_4",0.0628189891576767,0.0845139250159264,0.041967336088419,0.00477612484246492,-0.858684301376343,-0.89301997423172,0.89301997423172,-1.19346785545349,0.271927058696747,-0.0544663667678833,-0.309662669897079,-1.00069344043732,2024,0.6357374,"17 R",573964,2806302,"TPBB66",2024,"74.7","72.7","53.75","53.75","0","0",18.95
"405","TPBB66_5",0.063885323703289,0.084772951900959,0.0432787202298641,0.0044249496422708,-0.870445549488068,-0.900783538818359,0.900783538818359,-1.22172272205353,0.284994870424271,-0.0639608576893806,-0.327574104070663,-1.00641787052155,2024,0.6334382,"17 R",573948,2806291,"TPBB66",2024,"53.05","52.25","20.75","20.75","0","0",31.5
"406","TPBB67_1",0.110784150660038,0.138092562556267,0.0337689928710461,0.00333353504538536,-0.941577255725861,-0.95285826921463,0.95285826921463,-1.23046028614044,0.235255435109138,0.698826193809509,0.32948425412178,-1.63124895095825,2024,0.6902395,"17 R",579394,2814638,"TPBB67",2024,"26.4","26.4","1.15","1.15","0","0",25.25
"407","TPBB67_2",0.106836728751659,0.136162146925926,0.0349630229175091,0.00415108352899551,-0.92519748210907,-0.940831184387207,0.940831184387207,-1.18161737918854,0.216290816664696,0.632813394069672,0.291723161935806,-1.64948093891144,2024,0.6696855,"17 R",579392,2814657,"TPBB67",2024,"24.85","24.85","9.75","9.75","0","0",15.1
"408","TPBB67_3",0.109862454235554,0.139892354607582,0.0354401730000973,0.00461783166974783,-0.919325292110443,-0.936089873313904,0.936089873313904,-1.15416407585144,0.210972040891647,0.649142980575562,0.309511244297028,-1.65494823455811,2024,0.682467,"17 R",579380,2814654,"TPBB67",2024,"5.4","5.4","2.5","2.5","0","0",2.9
"409","TPBB67_4",0.113806381821632,0.142591923475266,0.0367528572678566,0.00438525062054396,-0.925794243812561,-0.94032746553421,0.94032746553421,-1.18020522594452,0.222729429602623,0.653293788433075,0.303836077451706,-1.67023968696594,2024,0.6315081,"17 R",579381,2814661,"TPBB67",2024,"21","21","4","3.8","0","0.2",17
"410","TPBB67_5",0.109338499605656,0.136420279741287,0.0343665331602097,0.00403425376862288,-0.928832054138184,-0.942554295063019,0.942554295063019,-1.1848304271698,0.237107798457146,0.67068338394165,0.305345505475998,-1.64051795005798,2024,0.7280497,"17 R",579409,2814657,"TPBB67",2024,"15.75","15.75","4.5","4.5","0","0",11.25
"411","TPBB68_1",0.0899295434355736,0.108252100646496,0.0204792562872171,0.00346522405743599,-0.925794064998627,-0.93796443939209,0.93796443939209,-1.065842628479,0.326184660196304,0.918187022209167,0.42689847946167,-2.83161973953247,2024,0.64348614,"17 R",577794,2813772,"TPBB68",2024,"11.55","11.55","10.65","10.65","0","0",0.9
"412","TPBB68_2",0.0939020812511444,0.111880846321583,0.0202401038259268,0.00299843889661133,-0.938113033771515,-0.947798430919647,0.947798430919647,-1.11291396617889,0.328851640224457,0.971463561058044,0.467876225709915,-2.83057332038879,2024,0.63357204,"17 R",577792,2813789,"TPBB68",2024,"10.1","10.1","9.8","9.8","0","0",0.3
"413","TPBB68_3",0.0939020812511444,0.111880846321583,0.0202401038259268,0.00299843889661133,-0.938113033771515,-0.947798430919647,0.947798430919647,-1.11291396617889,0.328851640224457,0.971463561058044,0.467876225709915,-2.83057332038879,2024,0.63357204,"17 R",577792,2813789,"TPBB68",2024,"1.95","1.95","1.45","1.35","0","0.1",0.5
"414","TPBB68_4",0.0936390683054924,0.114601373672485,0.0201215445995331,0.00416657933965325,-0.91479879617691,-0.929836630821228,0.929836630821228,-0.985355973243713,0.296492755413055,0.973685324192047,0.495905756950378,-2.79310870170593,2024,0.6702382,"17 R",577806,2813795,"TPBB68",2024,"2.7","2.7","1.7","1.6","0.1","0",1
"415","TPBB68_5",0.0875397920608521,0.107082940638065,0.0199989061802626,0.00346420682035387,-0.923866927623749,-0.937326192855835,0.937326192855835,-1.05706560611725,0.31260958313942,0.911561906337738,0.432216465473175,-2.86836504936218,2024,0.65906477,"17 R",577776,2813784,"TPBB68",2024,"41.25","41.25","30.75","30.75","0","0",10.5
"416","TPBB70_1",0.0929296463727951,0.116555608808994,0.0209149494767189,0.00255886418744922,-0.946404755115509,-0.957035183906555,0.957035183906555,-1.17297208309174,0.268088072538376,0.932991147041321,0.486455917358398,-2.92577385902405,2023,0.89465517,"17 R",575403,2815750,"TPBB70",2024,"3.1","3.1","2","2","0","0",1.1
"417","TPBB70_2",0.0961088538169861,0.114743664860725,0.020436255261302,0.00209159031510353,-0.957401633262634,-0.964195907115936,0.964195907115936,-1.22146594524384,0.321000099182129,0.986440420150757,0.486568957567215,-2.92139005661011,2023,0.80995256,"17 R",575413,2815721,"TPBB70",2024,"3.45","3.45","2.5","2.5","0","0",0.95
"418","TPBB70_3",0.0953165888786316,0.115910194814205,0.0210361145436764,0.0023261324968189,-0.952354192733765,-0.960652828216553,0.960652828216553,-1.20129597187042,0.300279796123505,0.953409850597382,0.476965993642807,-2.92576336860657,2023,0.655432,"17 R",575421,2815738,"TPBB70",2024,"4.85","3.85","2.85","2.75","0","0.1",1
"419","TPBB70_4",0.0929296314716339,0.115390256047249,0.0205554310232401,0.00302566471509635,-0.93693596124649,-0.948897659778595,0.948897659778595,-1.11507332324982,0.280448853969574,0.947826445102692,0.488225132226944,-2.92529606819153,2023,0.6678364,"17 R",575408,2815733,"TPBB70",2024,"7.45","6.45","3.6","3.6","0","0",2.85
"420","TPBB70_5",0.0888189747929573,0.110076189041138,0.0187581405043602,0.00337506574578583,-0.926783442497253,-0.940501928329468,0.940501928329468,-1.04253363609314,0.293203204870224,0.980870544910431,0.503440141677856,-2.92368602752686,2023,0.653836,"17 R",575392,2815726,"TPBB70",2024,"5.2","5.2","0.9","0.9","0","0",4.3
"421","TPBB74_1",0.0624373778700829,0.0838857144117355,0.01801772788167,0.00343442894518375,-0.895723879337311,-0.921337068080902,0.921337068080902,-1.01970863342285,0.275011628866196,0.662891268730164,0.259170800447464,-2.35276532173157,2024,1.4818932,"17 R",570897,2817018,"TPBB74",2024,"10.1","10.1","5.55","5.05","0","0.5",4.55
"422","TPBB74_2",0.062309343367815,0.0836271643638611,0.0194664020091295,0.00320320692844689,-0.902210891246796,-0.92621922492981,0.92621922492981,-1.0761011838913,0.276756227016449,0.594670712947845,0.203375190496445,-2.36057758331299,2024,0.90306437,"17 R",570916,2817004,"TPBB74",2024,"16.6","16.1","5.15","5.15","0","0",10.95
"423","TPBB74_3",0.063523456454277,0.0825794413685799,0.0194691009819508,0.00484696915373206,-0.858214437961578,-0.889118909835815,0.889118909835815,-0.902004241943359,0.311562955379486,0.613849937915802,0.190673053264618,-2.37154579162598,2024,0.77380705,"17 R",570926,2817027,"TPBB74",2024,"9","9","3.1","3.1","0","0",5.9
"424","TPBB74_4",0.0631166100502014,0.0828399360179901,0.0193464420735836,0.00261721247807145,-0.920369386672974,-0.938747942447662,0.938747942447662,-1.14251685142517,0.301263421773911,0.612832248210907,0.198130175471306,-2.36507749557495,2024,0.8735974,"17 R",570910,2817024,"TPBB74",2024,"14.15","13.4","0.8","0.8","0","0",12.6
"425","TPBB74_5",0.0617676116526127,0.0841499119997025,0.0193443018943071,0.00355382682755589,-0.891189575195312,-0.918958365917206,0.918958365917206,-1.03439509868622,0.260358512401581,0.591322064399719,0.213895201683044,-2.36185789108276,2024,0.8585089,"17 R",570909,2817031,"TPBB74",2024,"28.65","28.4","23.5","23.5","0","0",4.9
"431","TPBB77_1",0.0820868313312531,0.108943268656731,0.0213246904313564,0.002838866552338,-0.933144688606262,-0.949207127094269,0.949207127094269,-1.14754366874695,0.227106660604477,0.792325973510742,0.405691236257553,-2.93478178977966,2023,0.71609,"17 R",575465,2812125,"TPBB77",2024,"0","0","0","0","0","0",0
"432","TPBB77_2",0.0840810462832451,0.110111065208912,0.0206050351262093,0.00353964255191386,-0.91920530796051,-0.937710165977478,0.937710165977478,-1.06019592285156,0.237994372844696,0.845702826976776,0.439751982688904,-2.93452548980713,2023,0.70695484,"17 R",575460,2812147,"TPBB77",2024,"0.5","0.5","0.5","0.5","0","0",0
"433","TPBB77_3",0.0827523469924927,0.108164377510548,0.0207252558320761,0.00353981251828372,-0.917957484722137,-0.93662166595459,0.93662166595459,-1.06235694885254,0.244007766246796,0.824796438217163,0.41794940829277,-2.93464422225952,2023,1.0036609,"17 R",575476,2812142,"TPBB77",2024,"4.5","4.25","4.25","4.25","0","0",0
"434","TPBB77_4",0.0843475684523582,0.110241167247295,0.0216837786138058,0.00365676684305072,-0.916895747184753,-0.935788691043854,0.935788691043854,-1.0670850276947,0.239706590771675,0.805206537246704,0.406152844429016,-2.93401098251343,2023,0.8940706,"17 R",575464,2812137,"TPBB77",2024,"15.65","15.65","15.65","15.65","0","0",0
"435","TPBB77_5",0.0840788036584854,0.113872438669205,0.0232403371483088,0.00377329881303012,-0.914098858833313,-0.935853183269501,0.935853183269501,-1.08095622062683,0.196648851037025,0.7426997423172,0.391311228275299,-2.93793725967407,2023,1.3911884,"17 R",575448,2812134,"TPBB77",2024,"0.7","0.7","0.7","0.7","0","0",0
"436","TPBB78_1",0.102011024951935,0.127494558691978,0.0293587744235992,0.00455881934612989,-0.914444506168365,-0.930954873561859,0.930954873561859,-1.09677398204803,0.250978201627731,0.736067712306976,0.345020979642868,-2.1798996925354,2024,0.5642269,"17 R",577133,2811802,"TPBB78",2024,"6.55","2.3","1","1","0","0",1.3
"437","TPBB78_2",0.0972519442439079,0.119736365973949,0.0263694226741791,0.00304120150394738,-0.939353764057159,-0.950459957122803,0.950459957122803,-1.18978536128998,0.280430763959885,0.780172884464264,0.355431348085403,-2.16141891479492,2024,0.61375934,"17 R",577146,2811827,"TPBB78",2024,"2.3","1.9","1.2","1.2","0","0",0.7
"438","TPBB78_3",0.0975130200386047,0.123615652322769,0.0268462132662535,0.00479218503460288,-0.906315922737122,-0.925359904766083,0.925359904766083,-1.04559791088104,0.243889600038528,0.767521560192108,0.375102579593658,-2.22882580757141,2024,0.58858144,"17 R",577128,2811821,"TPBB78",2024,"25.2","13.2","12.2","12.2","0","0",1
"439","TPBB78_5",0.0975130200386047,0.123615652322769,0.0268462132662535,0.00479218503460288,-0.906315922737122,-0.925359904766083,0.925359904766083,-1.04559791088104,0.243889600038528,0.767521560192108,0.375102579593658,-2.22882580757141,2024,0.5776017,"17 R",577124,2811822,"TPBB78",2024,"13.62","5.12","3.92","3.5","0","0.42",1.2
"440","TPBB80_1",0.074219323694706,0.105408161878586,0.0279721263796091,0.00294008408673108,-0.923791944980621,-0.94572901725769,0.94572901725769,-1.21466767787933,0.166931763291359,0.459408402442932,0.187763884663582,-2.44239234924316,2023,0.671855,"17 R",573065,2811016,"TPBB80",2024,"19.9","19.9","18","18","0","0",1.9
"441","TPBB80_2",0.0686120092868805,0.0989070311188698,0.0260562002658844,0.00293933250941336,-0.917839884757996,-0.942279100418091,0.942279100418091,-1.19588422775269,0.166683837771416,0.441559553146362,0.172463670372963,-2.4076669216156,2023,0.66426605,"17 R",573069,2811046,"TPBB80",2024,"32.5","32.5","31.75","31.75","0","0",0.75
"442","TPBB80_3",0.0728881806135178,0.103590540587902,0.0264172647148371,0.00387544534169137,-0.899029135704041,-0.927875876426697,0.927875876426697,-1.11620020866394,0.170230463147163,0.490243494510651,0.209349527955055,-2.42403268814087,2023,0.6530371,"17 R",573081,2811029,"TPBB80",2024,"6.55","6.55","3.1","3.1","0","0",3.45
"443","TPBB80_4",0.0718169510364532,0.104628033936024,0.0261762421578169,0.00352385453879833,-0.906455636024475,-0.934835076332092,0.934835076332092,-1.14405620098114,0.143165752291679,0.483279705047607,0.225562036037445,-2.41949033737183,2023,0.72335297,"17 R",573065,2811031,"TPBB80",2024,"16.95","16.95","14.9","14.9","0","0",2.05
"444","TPBB80_5",0.0738164484500885,0.107354864478111,0.0289280526340008,0.00165366404689848,-0.956176996231079,-0.969659924507141,0.969659924507141,-1.33777916431427,0.13897792994976,0.425214052200317,0.183160543441772,-2.42248702049255,2023,0.70448273,"17 R",573052,2811037,"TPBB80",2024,"3.7","3.7","3.4","3.4","0","0",0.3
"445","TPBB81_1",0.0484248846769333,0.0665518864989281,0.0206994563341141,0.00284699117764831,-0.888945281505585,-0.917952835559845,0.917952835559845,-1.13727128505707,0.30560114979744,0.290023624897003,-0.0668718069791794,-2.06652140617371,2024,0.6759413,"17 R",572236,2807632,"TPBB81",2024,"0","0","0",NA,NA,NA,0
"446","TPBB81_2",0.0480196997523308,0.0685155838727951,0.0238120183348656,0.00319719640538096,-0.875150740146637,-0.910833299160004,0.910833299160004,-1.14487719535828,0.261427640914917,0.161764338612556,-0.133269309997559,-2.08674216270447,2024,0.6750725,"17 R",572224,2807654,"TPBB81",2024,"20.85","20.85","20.5","20.5","0","0",0.35
"447","TPBB81_3",0.0490964576601982,0.0694333016872406,0.0203401781618595,0.00308070937171578,-0.881913483142853,-0.915031313896179,0.915031313896179,-1.10538947582245,0.267235964536667,0.318777859210968,-0.0125532289966941,-2.0784969329834,2024,0.6875853,"17 R",572238,2807646,"TPBB81",2024,"40.5","40.5","39.25","39.25","0","0",1.25
"448","TPBB81_4",0.0474874377250671,0.067601814866066,0.0218983441591263,0.00284784380346537,-0.886845052242279,-0.91915237903595,0.91915237903595,-1.15475368499756,0.266797542572021,0.222300931811333,-0.0895938947796822,-2.0773766040802,2024,0.7096405,"17 R",572252,2807643,"TPBB81",2024,"56.25","56.25","55.25","55.25","0","0",1
"449","TPBB81_5",0.0457376763224602,0.0672076642513275,0.0221372209489346,0.00354852667078376,-0.856003224849701,-0.899697065353394,0.899697065353394,-1.08554530143738,0.236447900533676,0.175475254654884,-0.102836072444916,-2.10108160972595,2024,0.73051065,"17 R",572243,2807661,"TPBB81",2024,"41.25","41.25","39.5","39.5","0","0",1.75
"450","TPBB82_1",0.0588526763021946,0.0813185125589371,0.0212938468903303,0.00269049382768571,-0.912565648555756,-0.935947477817535,0.935947477817535,-1.16346871852875,0.254118949174881,0.460824102163315,0.114224173128605,-1.95577907562256,2024,1.4981521,"17 R",569658,2817606,"TPBB82",2024,"28.05","28.05","4.05","1.6","0","2.45",24
"451","TPBB82_2",0.0588526763021946,0.0813185125589371,0.0212938468903303,0.00269049382768571,-0.912565648555756,-0.935947477817535,0.935947477817535,-1.16346871852875,0.254118949174881,0.460824102163315,0.114224173128605,-1.95577907562256,2024,0.76475406,"17 R",569659,2817606,"TPBB82",2024,"25.65","25.65","0.5","0","0","0.5",25.15
"452","TPBB82_3",0.0588526763021946,0.0813185125589371,0.0212938468903303,0.00269049382768571,-0.912565648555756,-0.935947477817535,0.935947477817535,-1.16346871852875,0.254118949174881,0.460824102163315,0.114224173128605,-1.95577907562256,2024,0.76475406,"17 R",569659,2817606,"TPBB82",2024,"30.8","30.8","0","0","0","0",30.8
"453","TPBB82_4",0.0553455725312233,0.0802691057324409,0.0229828041046858,0.0032793590798974,-0.888124108314514,-0.92149806022644,0.92149806022644,-1.12538969516754,0.208656162023544,0.334076136350632,0.0492120571434498,-1.9185004234314,2024,0.6879606,"17 R",569675,2817610,"TPBB82",2024,"29.95","29.95","0.9","0.9","0","0",29.05
"454","TPBB82_5",0.0560223571956158,0.0788229256868362,0.0235858950763941,0.00292779412120581,-0.900668799877167,-0.928372621536255,0.928372621536255,-1.16872274875641,0.243175029754639,0.324067741632462,0.0133766271173954,-1.90834629535675,2024,1.0946711,"17 R",569677,2817593,"TPBB82",2024,"27.8","27.8","0","0","0","0",27.8
"460","WQ_BB37_1",0.0969798415899277,0.121226713061333,0.0380493998527527,0.00284052896313369,-0.943087160587311,-0.954209864139557,0.954209864139557,-1.29159688949585,0.262412250041962,0.463634818792343,0.117881961166859,-1.36262726783752,2024,0.8404476,"17 R",576600,2822753,"WQ_BB37",2024,"100","100","100","100","0","0",0
"461","WQ_BB37_10",0.0918246880173683,0.113086201250553,0.0343520976603031,0.00377152371220291,-0.921094715595245,-0.935451030731201,0.935451030731201,-1.20321357250214,0.293298423290253,0.496475517749786,0.118041820824146,-1.39273750782013,2024,0.80046296,"17 R",576582,2822764,"WQ_BB37",2024,"100","100","100","100","0","0",0
"462","WQ_BB37_100",0.0885301679372787,0.110893808305264,0.0366231873631477,0.00470875902101398,-0.898995876312256,-0.91853541135788,0.91853541135788,-1.15822374820709,0.280842989683151,0.405162632465363,0.0548312142491341,-1.52203643321991,2024,0.94175833,"17 R",576577,2822482,"WQ_BB37",2024,"100","100","100","100","0","0",0
"463","WQ_BB37_11",0.0992205291986465,0.125482618808746,0.0374525636434555,0.00482166931033134,-0.907313227653503,-0.925993680953979,0.925993680953979,-1.15782916545868,0.242809057235718,0.5000039935112,0.163162529468536,-1.36091208457947,2024,0.8971952,"17 R",576590,2822755,"WQ_BB37",2024,"98","98","98","98","0","0",0
"464","WQ_BB37_12",0.0931471288204193,0.115801118314266,0.0353063642978668,0.00435481173917651,-0.910672307014465,-0.927514016628265,0.927514016628265,-1.17059886455536,0.278414338827133,0.487330675125122,0.123090460896492,-1.34019315242767,2024,0.79675126,"17 R",576587,2822746,"WQ_BB37",2024,"100","100","100","100","0","0",0
"465","WQ_BB37_13",0.102913700044155,0.131925985217094,0.039360523223877,0.00389019632712007,-0.927152514457703,-0.942713797092438,0.942713797092438,-1.23016428947449,0.217758178710938,0.494035929441452,0.179370164871216,-1.31334602832794,2024,0.7245007,"17 R",576600,2822738,"WQ_BB37",2024,"99","99","99","98.5","0","0",0
"466","WQ_BB37_14",0.0905040949583054,0.115542940795422,0.035545039921999,0.00377210136502981,-0.91997766494751,-0.936770737171173,0.936770737171173,-1.21217882633209,0.252374768257141,0.452780902385712,0.116266459226608,-1.30393147468567,2024,0.74413186,"17 R",576589,2822736,"WQ_BB37",2024,"98","98","98","98","0","0",0
"467","WQ_BB37_15",0.0905040949583054,0.115542940795422,0.035545039921999,0.00377210136502981,-0.91997766494751,-0.936770737171173,0.936770737171173,-1.21217882633209,0.252374768257141,0.452780902385712,0.116266459226608,-1.30393147468567,2024,0.70028365,"17 R",576586,2822733,"WQ_BB37",2024,"100","100","100","100","0","0",0
"468","WQ_BB37_16",0.0910309553146362,0.116058759391308,0.0357824191451073,0.00388792739249766,-0.91807895898819,-0.935172379016876,0.935172379016876,-1.20598232746124,0.252699881792068,0.452890396118164,0.11618422716856,-1.30271136760712,2024,0.74988604,"17 R",576576,2822739,"WQ_BB37",2024,"100","100","100","100","0","0",0
"469","WQ_BB37_17",0.0957865491509438,0.120191365480423,0.0368549004197121,0.00435405736789107,-0.913041114807129,-0.930080831050873,0.930080831050873,-1.18302595615387,0.260582447052002,0.478545188903809,0.131044641137123,-1.33527529239655,2024,0.76121086,"17 R",576571,2822745,"WQ_BB37",2024,"100","100","100","100","0","0",0
"470","WQ_BB37_18",0.0963126346468925,0.122900448739529,0.0372114256024361,0.00342063466086984,-0.93140435218811,-0.945842206478119,0.945842206478119,-1.24744319915771,0.238640978932381,0.475785195827484,0.146772444248199,-1.33133840560913,2024,0.8567916,"17 R",576565,2822742,"WQ_BB37",2024,"100","100","100","100","0","0",0
"471","WQ_BB37_19",0.0911602079868317,0.117736682295799,0.0349464081227779,0.00377020123414695,-0.920569181442261,-0.937942564487457,0.937942564487457,-1.20786166191101,0.236461609601974,0.474536806344986,0.146651312708855,-1.35110473632812,2024,0.86420345,"17 R",576567,2822754,"WQ_BB37",2024,"98","98","98","98","0","0",0
"472","WQ_BB37_2",0.0996185094118118,0.121485069394112,0.0381688103079796,0.00319049530662596,-0.937933564186096,-0.948819220066071,0.948819220066071,-1.26857721805573,0.286638289690018,0.487798690795898,0.11787524074316,-1.34196484088898,2024,0.8150754,"17 R",576603,2822744,"WQ_BB37",2024,"100","100","100","100","0","0",0
"473","WQ_BB37_20",0.0879867747426033,0.113731309771538,0.0331583991646767,0.00412032334133983,-0.910531878471375,-0.930076122283936,0.930076122283936,-1.16841757297516,0.243606373667717,0.484041303396225,0.147835418581963,-1.40732908248901,2024,0.9522146,"17 R",576573,2822771,"WQ_BB37",2024,"99","99","96","95.5","0","0",3
"474","WQ_BB37_21",0.0899707153439522,0.115152932703495,0.0318462438881397,0.00377038097940385,-0.919557571411133,-0.936591386795044,0.936591386795044,-1.18241953849792,0.250623106956482,0.540885746479034,0.187777400016785,-1.45042562484741,2024,0.8267276,"17 R",576572,2822783,"WQ_BB37",2024,"100","100","96","96","0","0",4
"475","WQ_BB37_22",0.0953925028443336,0.119417771697044,0.0337564386427402,0.00388847757130861,-0.921667218208313,-0.936929762363434,0.936929762363434,-1.19011926651001,0.264403223991394,0.549560606479645,0.18444150686264,-1.45791554450989,2024,0.9551879,"17 R",576591,2822786,"WQ_BB37",2024,"100","100","100","100","0","0",0
"476","WQ_BB37_23",0.0948663055896759,0.118902318179607,0.0345920920372009,0.00435555214062333,-0.912205815315247,-0.929326176643372,0.929326176643372,-1.16450715065002,0.264192998409271,0.523106098175049,0.163448631763458,-1.46718013286591,2024,0.9153444,"17 R",576604,2822783,"WQ_BB37",2024,"100","100","100","99.75","0","0",0
"477","WQ_BB37_24",0.0918246880173683,0.113086201250553,0.0343520976603031,0.00377152371220291,-0.921094715595245,-0.935451030731201,0.935451030731201,-1.20321357250214,0.293298423290253,0.496475517749786,0.118041820824146,-1.39273750782013,2024,0.7070918,"17 R",576588,2822765,"WQ_BB37",2024,"100","100","95","95","0","0",5
"478","WQ_BB37_25",0.0871438607573509,0.109695762395859,0.0291962921619415,0.00305280438624322,-0.932307839393616,-0.945847570896149,0.945847570896149,-1.21601021289825,0.27842190861702,0.583295524120331,0.198440581560135,-2.20484137535095,2024,0.8771844,"17 R",576310,2822691,"WQ_BB37",2024,"100","100","100","100","0","0",0
"479","WQ_BB37_26",0.0896588861942291,0.114223435521126,0.0284804757684469,0.00281977956183255,-0.939017713069916,-0.951816439628601,0.951816439628601,-1.22973585128784,0.257120817899704,0.63298636674881,0.255804985761642,-2.18627381324768,2024,0.9447947,"17 R",576314,2822684,"WQ_BB37",2024,"100","100","51","50.75","0","0",49
"480","WQ_BB37_27",0.0871438607573509,0.109695762395859,0.0291962921619415,0.00305280438624322,-0.932307839393616,-0.945847570896149,0.945847570896149,-1.21601021289825,0.27842190861702,0.583295524120331,0.198440581560135,-2.20484137535095,2024,0.8204125,"17 R",576315,2822694,"WQ_BB37",2024,"100","100","58","58","0","0",42
"481","WQ_BB37_28",0.0846268758177757,0.105681598186493,0.0270475223660469,0.00375223672017455,-0.915087699890137,-0.931424558162689,0.931424558162689,-1.13451957702637,0.294972240924835,0.619395554065704,0.213264405727386,-2.22784328460693,2024,0.92802966,"17 R",576319,2822705,"WQ_BB37",2024,"100","100","51","51.25","0","0",49
"482","WQ_BB37_29",0.088068000972271,0.112282104790211,0.0289562661200762,0.00351827428676188,-0.923170268535614,-0.939235508441925,0.939235508441925,-1.17498159408569,0.26030445098877,0.600907623767853,0.227370798587799,-2.31704258918762,2024,1.0125815,"17 R",576309,2822703,"WQ_BB37",2024,"100","100","42","42","0","0",58
"483","WQ_BB37_3",0.0939451903104782,0.116837598383427,0.0375737622380257,0.00330765009857714,-0.931978344917297,-0.944939136505127,0.944939136505127,-1.25727474689484,0.27598437666893,0.442606210708618,0.0895781517028809,-1.36881399154663,2024,0.8015397,"17 R",576610,2822760,"WQ_BB37",2024,"100","100","100","100","0","0",0
"484","WQ_BB37_30",0.088068000972271,0.112282104790211,0.0289562661200762,0.00351827428676188,-0.923170268535614,-0.939235508441925,0.939235508441925,-1.17498159408569,0.26030445098877,0.600907623767853,0.227370798587799,-2.31704258918762,2024,1.1804861,"17 R",576306,2822701,"WQ_BB37",2024,"100","100","60","59.85","0","0",40
"485","WQ_BB37_31",0.0885958671569824,0.112798653542995,0.0299101769924164,0.00421731220558286,-0.909122586250305,-0.927919030189514,0.927919030189514,-1.12927436828613,0.260634273290634,0.579151332378387,0.209869429469109,-2.41127705574036,2024,0.87719566,"17 R",576296,2822700,"WQ_BB37",2024,"100","100","58","57.5","0","0",43
"486","WQ_BB37_32",0.0885958671569824,0.112798653542995,0.0299101769924164,0.00421731220558286,-0.909122586250305,-0.927919030189514,0.927919030189514,-1.12927436828613,0.260634273290634,0.579151332378387,0.209869429469109,-2.41127705574036,2024,0.9452668,"17 R",576294,2822692,"WQ_BB37",2024,"100","100","59","58.5","0","0",42
"487","WQ_BB37_33",0.0919031202793121,0.115901790559292,0.0309843271970749,0.00340129784308374,-0.928622424602509,-0.942980527877808,0.942980527877808,-1.20325124263763,0.263900101184845,0.585612773895264,0.212960466742516,-2.39725947380066,2024,0.8426294,"17 R",576295,2822681,"WQ_BB37",2024,"100","100","51","51.25","0","0",49
"488","WQ_BB37_34",0.0905788317322731,0.115254506468773,0.0314604975283146,0.00293410383164883,-0.937247097492218,-0.950348794460297,0.950348794460297,-1.24407863616943,0.256274849176407,0.558049201965332,0.196965232491493,-2.48310613632202,2024,0.816543,"17 R",576287,2822681,"WQ_BB37",2024,"100","100","71","70.85","0","0",29
"489","WQ_BB37_35",0.0933531001210213,0.115899726748466,0.0322945155203342,0.00386619428172708,-0.92046445608139,-0.935437500476837,0.935437500476837,-1.17924904823303,0.27957609295845,0.565830886363983,0.184714674949646,-2.58653163909912,2024,0.81882864,"17 R",576279,2822685,"WQ_BB37",2024,"97","97","67","67.4","0","0",30
"490","WQ_BB37_36",0.0900492668151855,0.109821923077106,0.0301477741450071,0.00409995997324586,-0.912905097007751,-0.928021550178528,0.928021550178528,-1.14085566997528,0.309804558753967,0.588653206825256,0.177732393145561,-2.49554228782654,2024,0.97693515,"17 R",576288,2822692,"WQ_BB37",2024,"100","100","53","53","0","0",47
"491","WQ_BB37_37",0.0900492668151855,0.109821923077106,0.0301477741450071,0.00409995997324586,-0.912905097007751,-0.928021550178528,0.928021550178528,-1.14085566997528,0.309804558753967,0.588653206825256,0.177732393145561,-2.49554228782654,2024,0.82849556,"17 R",576280,2822692,"WQ_BB37",2024,"98","98","63","63.25","0","0",35
"492","WQ_BB37_38",0.0864752382040024,0.104771345853806,0.0284767132252455,0.00363336154259741,-0.919355928897858,-0.932966709136963,0.932966709136963,-1.16053998470306,0.327219545841217,0.59694516658783,0.169518858194351,-2.51274657249451,2024,0.8047013,"17 R",576287,2822706,"WQ_BB37",2024,"100","100","62","61.5","0","0",39
"493","WQ_BB37_39",0.0862119048833847,0.108010210096836,0.0278807058930397,0.00386712979525328,-0.914139211177826,-0.93086838722229,0.93086838722229,-1.13457703590393,0.286718219518661,0.611993074417114,0.214380785822868,-2.44517683982849,2024,1.052484,"17 R",576296,2822716,"WQ_BB37",2024,"96","96","66","66","0","0",30
"494","WQ_BB37_4",0.0943385139107704,0.121226236224174,0.0367380045354366,0.00342309079132974,-0.929970622062683,-0.945076465606689,0.945076465606689,-1.24429798126221,0.234803467988968,0.466030567884445,0.141783222556114,-1.42386281490326,2024,0.81891876,"17 R",576607,2822773,"WQ_BB37",2024,"97","97","97","97","0","0",0
"495","WQ_BB37_40",0.0862119048833847,0.108010210096836,0.0278807058930397,0.00386712979525328,-0.914139211177826,-0.93086838722229,0.93086838722229,-1.13457703590393,0.286718219518661,0.611993074417114,0.214380785822868,-2.44517683982849,2024,0.8257714,"17 R",576294,2822719,"WQ_BB37",2024,"100","100","57","57.25","0","0",43
"496","WQ_BB37_41",0.0842226892709732,0.105418890714645,0.0282377228140831,0.00386637402698398,-0.91221672296524,-0.929242551326752,0.929242551326752,-1.13870275020599,0.293246388435364,0.577762484550476,0.181424617767334,-2.52487254142761,2024,0.90187156,"17 R",576288,2822714,"WQ_BB37",2024,"100","100","74","74.25","0","0",26
"497","WQ_BB37_42",0.0842226892709732,0.105418890714645,0.0282377228140831,0.00386637402698398,-0.91221672296524,-0.929242551326752,0.929242551326752,-1.13870275020599,0.293246388435364,0.577762484550476,0.181424617767334,-2.52487254142761,2024,0.7938019,"17 R",576284,2822712,"WQ_BB37",2024,"96","96","75","75","0","0",21
"498","WQ_BB37_43",0.0870028734207153,0.110079407691956,0.027640076354146,0.00293295411393046,-0.934776723384857,-0.948094964027405,0.948094964027405,-1.21220183372498,0.272508054971695,0.628542542457581,0.239264994859695,-2.60829496383667,2024,0.8390546,"17 R",576278,2822705,"WQ_BB37",2024,"100","100","69","68.75","0","0",31
"499","WQ_BB37_44",0.0870028734207153,0.110079407691956,0.027640076354146,0.00293295411393046,-0.934776723384857,-0.948094964027405,0.948094964027405,-1.21220183372498,0.272508054971695,0.628542542457581,0.239264994859695,-2.60829496383667,2024,0.83607376,"17 R",576276,2822703,"WQ_BB37",2024,"99","99","54","54.25","0","0",44
"500","WQ_BB37_45",0.0848841518163681,0.110079668462276,0.0294307004660368,0.00293314782902598,-0.933198869228363,-0.948091745376587,0.948091745376587,-1.22810888290405,0.24785141646862,0.550180613994598,0.196483910083771,-2.59487891197205,2024,0.8530307,"17 R",576271,2822697,"WQ_BB37",2024,"100","100","59","59.25","0","0",41
"501","WQ_BB37_46",0.0915000587701797,0.112666115164757,0.0305036194622517,0.00339882681146264,-0.928369522094727,-0.941432297229767,0.941432297229767,-1.19924056529999,0.294334918260574,0.594595909118652,0.195303171873093,-2.6687912940979,2024,0.8394794,"17 R",576267,2822691,"WQ_BB37",2024,"100","100","61","60.75","0","0",39
"502","WQ_BB37_47",0.0900492668151855,0.109821923077106,0.0301477741450071,0.00409995997324586,-0.912905097007751,-0.928021550178528,0.928021550178528,-1.14085566997528,0.309804558753967,0.588653206825256,0.177732393145561,-2.49554228782654,2024,0.88822377,"17 R",576286,2822697,"WQ_BB37",2024,"100","100","34","33.75","0","0",66
"503","WQ_BB37_48",0.0855501517653465,0.106974564492702,0.0285971444100142,0.0043337163515389,-0.903570771217346,-0.922131299972534,0.922131299972534,-1.10519862174988,0.290864497423172,0.582579016685486,0.187453269958496,-2.43111133575439,2024,1.0140623,"17 R",576296,2822709,"WQ_BB37",2024,"100","100","48","47.5","0","0",53
"504","WQ_BB37_49",0.0828987956047058,0.105549268424511,0.0284772459417582,0.0037503361236304,-0.91343629360199,-0.93137514591217,0.93137514591217,-1.15088880062103,0.275882124900818,0.55469161272049,0.176903635263443,-2.46746778488159,2024,0.8560338,"17 R",576297,2822721,"WQ_BB37",2024,"100","100","64","64.25","0","0",36
"505","WQ_BB37_5",0.0992205291986465,0.125482618808746,0.0374525636434555,0.00482166931033134,-0.907313227653503,-0.925993680953979,0.925993680953979,-1.15782916545868,0.242809057235718,0.5000039935112,0.163162529468536,-1.36091208457947,2024,0.8569898,"17 R",576599,2822754,"WQ_BB37",2024,"100","100","100","100","0","0",0
"506","WQ_BB37_50",0.084223747253418,0.105678543448448,0.0276414230465889,0.00305050681345165,-0.930093765258789,-0.943887889385223,0.943887889385223,-1.20182645320892,0.290232807397842,0.596036612987518,0.198431670665741,-2.48278164863586,2024,0.95928895,"17 R",576292,2822731,"WQ_BB37",2024,"97","97","48","48.25","0","0",48
"507","WQ_BB37_51",0.0858120396733284,0.10774989426136,0.0274018626660109,0.00386618147604167,-0.913776576519012,-0.930723547935486,0.930723547935486,-1.12906074523926,0.28503754734993,0.622166693210602,0.223775297403336,-2.54272770881653,2024,0.8990349,"17 R",576288,2822721,"WQ_BB37",2024,"100","100","95.5","95.5","0","0",4.5
"508","WQ_BB37_52",0.0873995646834373,0.10969090461731,0.0284753702580929,0.00374901434406638,-0.917738378047943,-0.933903098106384,0.933903098106384,-1.15097725391388,0.281406342983246,0.607617735862732,0.215437144041061,-2.62022757530212,2024,0.9871712,"17 R",576279,2822711,"WQ_BB37",2024,"100","100","100","100","0","0",0
"509","WQ_BB37_53",0.0771986246109009,0.096994012594223,0.0256147682666779,0.00305256876163185,-0.923924624919891,-0.938977062702179,0.938977062702179,-1.18055260181427,0.308623433113098,0.574093163013458,0.164578408002853,-2.29270553588867,2024,0.7141065,"17 R",576349,2822830,"WQ_BB37",2024,"100","100","100","100","0","0",0
"510","WQ_BB37_54",0.0774647444486618,0.0949170887470245,0.0233459193259478,0.0032859758939594,-0.918614327907562,-0.933077931404114,0.933077931404114,-1.12984502315521,0.338691234588623,0.656889855861664,0.206146717071533,-2.25477766990662,2024,0.75565916,"17 R",576340,2822818,"WQ_BB37",2024,"98.25","98.25","95.25","95.25","0","0",3
"511","WQ_BB37_55",0.079186350107193,0.0984194576740265,0.0259710717946291,0.00316784926690161,-0.923067688941956,-0.937632977962494,0.937632977962494,-1.17385387420654,0.31609919667244,0.587695837020874,0.169752284884453,-2.40168309211731,2024,0.7706451,"17 R",576328,2822813,"WQ_BB37",2024,"100","100","100","100","0","0",0
"512","WQ_BB37_56",0.0750671997666359,0.0950433686375618,0.0262087844312191,0.00316708907485008,-0.919035792350769,-0.935504019260406,0.935504019260406,-1.17656219005585,0.305616527795792,0.526479840278625,0.128637000918388,-2.48449683189392,2024,0.69165283,"17 R",576317,2822811,"WQ_BB37",2024,"100","100","100","100","0","0",0
"513","WQ_BB37_57",0.079186350107193,0.0984194576740265,0.0259710717946291,0.00316784926690161,-0.923067688941956,-0.937632977962494,0.937632977962494,-1.17385387420654,0.31609919667244,0.587695837020874,0.169752284884453,-2.40168309211731,2024,0.66644484,"17 R",576324,2822819,"WQ_BB37",2024,"100","100","100","100","0","0",0
"514","WQ_BB37_58",0.0777276828885078,0.0980310589075089,0.0252554416656494,0.00305180833674967,-0.924441039562225,-0.939617693424225,0.939617693424225,-1.1765695810318,0.302370816469193,0.593010604381561,0.184842392802238,-2.36716485023499,2024,0.76848227,"17 R",576332,2822830,"WQ_BB37",2024,"100","100","89.5","89.5","0","0",10.5
"515","WQ_BB37_59",0.076929859817028,0.0940059199929237,0.0242995005100965,0.003751051845029,-0.907015144824982,-0.92325758934021,0.92325758934021,-1.09882593154907,0.343628138303757,0.615707814693451,0.169214889407158,-2.42488884925842,2024,0.7480344,"17 R",576331,2822841,"WQ_BB37",2024,"100","100","94.75","94.75","0","0",5.25
"516","WQ_BB37_6",0.099749431014061,0.123677916824818,0.0375724881887436,0.00353986979462206,-0.931457161903381,-0.944349467754364,0.944349467754364,-1.24169301986694,0.265945583581924,0.502585053443909,0.146497085690498,-1.40313923358917,2024,0.7643507,"17 R",576601,2822768,"WQ_BB37",2024,"100","100","100","99.9","0","0",0
"517","WQ_BB37_60",0.076929859817028,0.0940059199929237,0.0242995005100965,0.003751051845029,-0.907015144824982,-0.92325758934021,0.92325758934021,-1.09882593154907,0.343628138303757,0.615707814693451,0.169214889407158,-2.42488884925842,2024,0.8314946,"17 R",576334,2822849,"WQ_BB37",2024,"100","100","85.75","85.75","0","0",14.25
"518","WQ_BB37_61",0.0762662291526794,0.0936165750026703,0.0244192108511925,0.00316822319291532,-0.920230507850647,-0.934530556201935,0.934530556201935,-1.15547108650208,0.340069651603699,0.602839112281799,0.161715090274811,-2.39013934135437,2024,0.73560417,"17 R",576330,2822840,"WQ_BB37",2024,"100","100","84.75","84.75","0","0",15.25
"519","WQ_BB37_62",0.0763969346880913,0.0915365368127823,0.0240598041564226,0.00340067641809583,-0.914767444133759,-0.92835944890976,0.92835944890976,-1.12848317623138,0.36942183971405,0.617238163948059,0.149351924657822,-2.45247006416321,2024,0.79176295,"17 R",576327,2822833,"WQ_BB37",2024,"100","100","98","98","0","0",2
"520","WQ_BB37_63",0.079186350107193,0.0984194576740265,0.0259710717946291,0.00316784926690161,-0.923067688941956,-0.937632977962494,0.937632977962494,-1.17385387420654,0.31609919667244,0.587695837020874,0.169752284884453,-2.40168309211731,2024,0.7565906,"17 R",576326,2822818,"WQ_BB37",2024,"100","100","93.75","93.75","0","0",6.25
"521","WQ_BB37_64",0.0749359130859375,0.0941352024674416,0.0260901991277933,0.00340086943469942,-0.913173139095306,-0.930264353752136,0.930264353752136,-1.15404415130615,0.315676718950272,0.52860951423645,0.122126653790474,-2.43211698532104,2024,0.81526786,"17 R",576321,2822822,"WQ_BB37",2024,"100","100","69","69","0","0",31
"522","WQ_BB37_65",0.0763953328132629,0.0947833657264709,0.0252532493323088,0.00374992401339114,-0.906421840190887,-0.923885107040405,0.923885107040405,-1.11211931705475,0.326524198055267,0.57579505443573,0.151211142539978,-2.51248598098755,2024,0.6785771,"17 R",576316,2822829,"WQ_BB37",2024,"100","100","81","81","0","0",19
"523","WQ_BB37_66",0.0786539018154144,0.0946541056036949,0.0244178306311369,0.00340048316866159,-0.917116343975067,-0.930640995502472,0.930640995502472,-1.13328301906586,0.357338517904282,0.633714497089386,0.172775417566299,-2.48884034156799,2024,0.7781969,"17 R",576323,2822841,"WQ_BB37",2024,"100","100","81.25","81.25","0","0",18.75
"524","WQ_BB37_67",0.0786539018154144,0.0946541056036949,0.0244178306311369,0.00340048316866159,-0.917116343975067,-0.930640995502472,0.930640995502472,-1.13328301906586,0.357338517904282,0.633714497089386,0.172775417566299,-2.48884034156799,2024,0.7886326,"17 R",576322,2822849,"WQ_BB37",2024,"100","100","91.5","91.5","0","0",8.5
"525","WQ_BB37_68",0.0761286169290543,0.0943931564688683,0.0238195434212685,0.0040993420407176,-0.897807657718658,-0.916758298873901,0.916758298873901,-1.0595086812973,0.328101485967636,0.622306883335114,0.186922684311867,-2.56193256378174,2024,0.7212842,"17 R",576316,2822843,"WQ_BB37",2024,"98.5","98.5","92.75","92.75","0","0",5.75
"526","WQ_BB37_69",0.0751980170607567,0.091144822537899,0.023102568462491,0.00328292301855981,-0.916338324546814,-0.930467009544373,0.930467009544373,-1.12673544883728,0.35887947678566,0.636157274246216,0.172734454274178,-2.58069109916687,2024,0.6999177,"17 R",576313,2822851,"WQ_BB37",2024,"100","100","92.25","92.25","0","0",7.75
"527","WQ_BB37_7",0.0964495241641998,0.12058012932539,0.0368564240634441,0.00388886244036257,-0.922485053539276,-0.937512755393982,0.937512755393982,-1.21367025375366,0.263507515192032,0.48540735244751,0.134245783090591,-1.39799904823303,2024,0.87262815,"17 R",576595,2822764,"WQ_BB37",2024,"100","100","100","100","0","0",0
"528","WQ_BB37_70",0.0746642723679543,0.0928328931331635,0.0245347805321217,0.00421499367803335,-0.893127977848053,-0.913135826587677,0.913135826587677,-1.06017112731934,0.329181998968124,0.577570736408234,0.150090560317039,-2.63622522354126,2024,0.80593085,"17 R",576305,2822854,"WQ_BB37",2024,"100","100","97.25","97.25","0","0",2.75
"529","WQ_BB37_71",0.0777176916599274,0.092571847140789,0.0234587118029594,0.00328140333294868,-0.918976783752441,-0.931532740592957,0.931532740592957,-1.13185608386993,0.372727185487747,0.656026065349579,0.177843034267426,-2.71136379241943,2024,0.660528,"17 R",576298,2822851,"WQ_BB37",2024,"100","100","86","86","0","0",14
"530","WQ_BB37_72",0.076124869287014,0.0989343672990799,0.0247730929404497,0.00374821596778929,-0.906145691871643,-0.926994144916534,0.926994144916534,-1.10574567317963,0.270251333713531,0.588673412799835,0.207157865166664,-2.67339825630188,2024,0.87205356,"17 R",576296,2822838,"WQ_BB37",2024,"100","100","98.5","98.5","0","0",1.5
"531","WQ_BB37_73",0.0777192339301109,0.0962092354893684,0.0244150832295418,0.00386501220054924,-0.905251026153564,-0.922757089138031,0.922757089138031,-1.08999300003052,0.325337916612625,0.621856331825256,0.18914820253849,-2.65627455711365,2024,0.7212915,"17 R",576299,2822827,"WQ_BB37",2024,"100","100","95","95","0","0",5
"532","WQ_BB37_74",0.0758623108267784,0.093353733420372,0.0242970269173384,0.00386596121825278,-0.903021574020386,-0.920469582080841,0.920469582080841,-1.08818697929382,0.338218003511429,0.601820766925812,0.162322372198105,-2.54903888702393,2024,0.6823299,"17 R",576308,2822819,"WQ_BB37",2024,"100","100","98","98","0","0",2
"533","WQ_BB37_75",0.0750671997666359,0.0950433686375618,0.0262087844312191,0.00316708907485008,-0.919035792350769,-0.935504019260406,0.935504019260406,-1.17656219005585,0.305616527795792,0.526479840278625,0.128637000918388,-2.48449683189392,2024,0.6976668,"17 R",576313,2822811,"WQ_BB37",2024,"100","100","97.75","97.75","0","0",2.25
"534","WQ_BB37_76",0.0749359130859375,0.0941352024674416,0.0260901991277933,0.00340086943469942,-0.913173139095306,-0.930264353752136,0.930264353752136,-1.15404415130615,0.315676718950272,0.52860951423645,0.122126653790474,-2.43211698532104,2024,0.72614396,"17 R",576325,2822821,"WQ_BB37",2024,"100","100","100","100","0","0",0
"535","WQ_BB37_77",0.0763953328132629,0.0947833657264709,0.0252532493323088,0.00374992401339114,-0.906421840190887,-0.923885107040405,0.923885107040405,-1.11211931705475,0.326524198055267,0.57579505443573,0.151211142539978,-2.51248598098755,2024,0.7316593,"17 R",576318,2822828,"WQ_BB37",2024,"100","100","100","100","0","0",0
"536","WQ_BB37_78",0.0794470980763435,0.099454753100872,0.0239384341984987,0.00386576866731048,-0.907198786735535,-0.925169408321381,0.925169408321381,-1.0828937292099,0.306514322757721,0.660714030265808,0.235763415694237,-2.57680630683899,2024,0.7897895,"17 R",576307,2822830,"WQ_BB37",2024,"100","100","100","100","0","0",0
"537","WQ_BB37_79",0.0750671997666359,0.0950433686375618,0.0262087844312191,0.00316708907485008,-0.919035792350769,-0.935504019260406,0.935504019260406,-1.17656219005585,0.305616527795792,0.526479840278625,0.128637000918388,-2.48449683189392,2024,0.70939445,"17 R",576310,2822814,"WQ_BB37",2024,"98.5","98.5","98.5","98.5","0","0",0
"538","WQ_BB37_8",0.0949968546628952,0.119159795343876,0.0347105376422405,0.00447156559675932,-0.910090744495392,-0.927662909030914,0.927662909030914,-1.15763199329376,0.262907296419144,0.521556615829468,0.163281977176666,-1.41845226287842,2024,0.78491586,"17 R",576599,2822777,"WQ_BB37",2024,"100","100","100","100","0","0",0
"539","WQ_BB37_80",0.0938254371285439,0.118393942713737,0.0403205193579197,0.00412872480228543,-0.915700852870941,-0.932604730129242,0.932604730129242,-1.22134113311768,0.258431136608124,0.380963355302811,0.0547227151691914,-1.45613133907318,2024,0.8034235,"17 R",576610,2822500,"WQ_BB37",2024,"100","100","100","100","0","0",0
"540","WQ_BB37_81",0.0948795005679131,0.120974645018578,0.0398428104817867,0.00610935036092997,-0.879009425640106,-0.903853356838226,0.903853356838226,-1.10114932060242,0.243077248334885,0.402332663536072,0.0844094827771187,-1.41477012634277,2024,0.745608,"17 R",576608,2822509,"WQ_BB37",2024,"100","100","100","100","0","0",0
"541","WQ_BB37_82",0.0987040996551514,0.122908867895603,0.0424617305397987,0.00389367598108947,-0.924098253250122,-0.93858677148819,0.93858677148819,-1.24801158905029,0.263083666563034,0.387382119894028,0.0568818710744381,-1.3804452419281,2024,0.6774621,"17 R",576598,2822516,"WQ_BB37",2024,"100","100","100","100","0","0",0
"542","WQ_BB37_83",0.0987040996551514,0.122908867895603,0.0424617305397987,0.00389367598108947,-0.924098253250122,-0.93858677148819,0.93858677148819,-1.24801158905029,0.263083666563034,0.387382119894028,0.0568818710744381,-1.3804452419281,2024,0.70074695,"17 R",576592,2822514,"WQ_BB37",2024,"100","100","100","100","0","0",0
"543","WQ_BB37_84",0.0954056605696678,0.120457358658314,0.0415093153715134,0.00599205354228616,-0.881810903549194,-0.905226051807404,0.905226051807404,-1.12156546115875,0.253878742456436,0.372803419828415,0.0521962493658066,-1.41982960700989,2024,0.69958144,"17 R",576592,2822504,"WQ_BB37",2024,"100","100","100","100","0","0",0
"544","WQ_BB37_85",0.0894601866602898,0.110507868230343,0.0376977659761906,0.00401082960888743,-0.914180278778076,-0.929953277111053,0.929953277111053,-1.21151053905487,0.29558190703392,0.39086925983429,0.0316342785954475,-1.50999629497528,2024,0.69303066,"17 R",576595,2822490,"WQ_BB37",2024,"98.5","98.5","98.5","98.5","0","0",0
"545","WQ_BB37_86",0.0756781026721001,0.0987213402986526,0.031619057059288,0.00471120700240135,-0.882790207862854,-0.908902823925018,0.908902823925018,-1.11096835136414,0.267016738653183,0.374016106128693,0.0386971198022366,-1.55820858478546,2024,0.8684206,"17 R",576605,2822480,"WQ_BB37",2024,"100","100","100","100","0","0",0
"546","WQ_BB37_87",0.0910509452223778,0.111156813800335,0.0354353748261929,0.0047117667272687,-0.901594936847687,-0.918670475482941,0.918670475482941,-1.14791262149811,0.306004822254181,0.461448848247528,0.0796722248196602,-1.50156104564667,2024,0.9091264,"17 R",576613,2822485,"WQ_BB37",2024,"100","100","100","100","0","0",0
"547","WQ_BB37_88",0.0928987413644791,0.115938685834408,0.038532592356205,0.00471082329750061,-0.903476178646088,-0.921908974647522,0.921908974647522,-1.17318797111511,0.274283707141876,0.409844666719437,0.0646801218390465,-1.45952892303467,2024,0.6877498,"17 R",576605,2822491,"WQ_BB37",2024,"100","100","100","100","0","0",0
"548","WQ_BB37_89",0.0910464823246002,0.114645391702652,0.0387698747217655,0.00575913256034255,-0.881016552448273,-0.904336929321289,0.904336929321289,-1.11199676990509,0.267942816019058,0.384452074766159,0.0492782220244408,-1.46464693546295,2024,0.63530827,"17 R",576598,2822495,"WQ_BB37",2024,"100","100","100","100","0","0",0
"549","WQ_BB37_9",0.0915598422288895,0.116446428000927,0.0331594385206699,0.00423765834420919,-0.911528825759888,-0.929772734642029,0.929772734642029,-1.16005444526672,0.254390954971313,0.523820757865906,0.171406641602516,-1.41300439834595,2024,0.6901226,"17 R",576585,2822776,"WQ_BB37",2024,"100","100","100","100","0","0",0
"550","WQ_BB37_90",0.0939516127109528,0.117357693612576,0.0393645577132702,0.00482588820159435,-0.902287721633911,-0.921005964279175,0.921005964279175,-1.17238020896912,0.270589083433151,0.402837365865707,0.0622857473790646,-1.46887576580048,2024,0.9316597,"17 R",576586,2822495,"WQ_BB37",2024,"100","99","99","99","0","0",0
"551","WQ_BB37_91",0.0939516127109528,0.117357693612576,0.0393645577132702,0.00482588820159435,-0.902287721633911,-0.921005964279175,0.921005964279175,-1.17238020896912,0.270589083433151,0.402837365865707,0.0622857473790646,-1.46887576580048,2024,0.92675,"17 R",576582,2822496,"WQ_BB37",2024,"100","100","100","100","0","0",0
"552","WQ_BB37_92",0.0948736220598221,0.120713502168655,0.0409118458628654,0.00307627045549452,-0.93718683719635,-0.950298488140106,0.950298488140106,-1.2901976108551,0.245673567056656,0.37961608171463,0.0642020180821419,-1.42478954792023,2024,0.74265057,"17 R",576572,2822505,"WQ_BB37",2024,"100","100","100","100","0","0",0
"553","WQ_BB37_93",0.0838915854692459,0.106102541089058,0.0349521115422249,0.00330811832100153,-0.924125492572784,-0.939528405666351,0.939528405666351,-1.24060916900635,0.281355679035187,0.391304016113281,0.042495459318161,-1.48792028427124,2024,0.6884777,"17 R",576558,2822495,"WQ_BB37",2024,"100","100","100","100","0","0",0
"554","WQ_BB37_94",0.0821717530488968,0.107528425753117,0.032926719635725,0.00459162890911102,-0.894157469272614,-0.918094396591187,0.918094396591187,-1.13284933567047,0.244220808148384,0.421665608882904,0.0965308248996735,-1.58108460903168,2024,0.78168416,"17 R",576563,2822480,"WQ_BB37",2024,"100","100","100","100","0","0",0
"555","WQ_BB37_95",0.0866778716444969,0.108694463968277,0.0344778224825859,0.00424266420304775,-0.90667313337326,-0.924866795539856,0.924866795539856,-1.17128527164459,0.284340232610703,0.435667216777802,0.0759423896670341,-1.57683503627777,2024,0.7686578,"17 R",576579,2822471,"WQ_BB37",2024,"100","100","100","100","0","0",0
"556","WQ_BB37_97",0.0756781026721001,0.0987213402986526,0.031619057059288,0.00471120700240135,-0.882790207862854,-0.908902823925018,0.908902823925018,-1.11096835136414,0.267016738653183,0.374016106128693,0.0386971198022366,-1.55820858478546,2024,0.7405596,"17 R",576601,2822477,"WQ_BB37",2024,"100","100","100","100","0","0",0
"557","WQ_BB37_99",0.0846936330199242,0.105976909399033,0.0330480597913265,0.00377711118198931,-0.914613306522369,-0.931171357631683,0.931171357631683,-1.19229376316071,0.292328178882599,0.448747158050537,0.0794897302985191,-1.56869673728943,2024,0.7528672,"17 R",576589,2822478,"WQ_BB37",2024,"100","100","100","100","0","0",0
"558","WQ_BB38_1",0.0515572689473629,0.0564655140042305,0.0167435556650162,0.00530585180968046,-0.813381612300873,-0.82820999622345,0.82820999622345,-0.77809602022171,0.570452749729156,0.534173309803009,-0.0866659954190254,-1.7753404378891,2024,0.61415774,"17 R",581185,2828509,"WQ_BB38",2024,"21.5","21.5","11.85","11.85","0","0",9.65
"559","WQ_BB38_10",0.0508885905146599,0.0597239099442959,0.0185294188559055,0.00437548523768783,-0.841651737689972,-0.863478124141693,0.863478124141693,-0.926915049552917,0.488385707139969,0.434405744075775,-0.0996385291218758,-1.82786881923676,2024,0.62188596,"17 R",581171,2828527,"WQ_BB38",2024,"17","17","14.25","14.25","0","0",2.75
"560","WQ_BB38_100",0.0500606223940849,0.0555345304310322,0.0162574704736471,0.00297633023001254,-0.887763917446136,-0.898263990879059,0.898263990879059,-1.03576564788818,0.56144505739212,0.529922008514404,-0.0832113027572632,-1.82869565486908,2024,0.7185546,"17 R",580969,2828434,"WQ_BB38",2024,"39.2","39.2","35.25","34.75","0","0.5",3.95
"561","WQ_BB38_11",0.0514220371842384,0.0575077459216118,0.0172193702310324,0.00460808584466577,-0.835514008998871,-0.851629257202148,0.851629257202148,-0.866657435894012,0.5453280210495,0.507571399211884,-0.0874751210212708,-1.79831421375275,2024,0.6200717,"17 R",581178,2828517,"WQ_BB38",2024,"42.55","40.55","21.5","21.5","0","0",19.05
"562","WQ_BB38_12",0.0502237901091576,0.0602461621165276,0.0182917043566704,0.00495691504329443,-0.820338845252991,-0.847954571247101,0.847954571247101,-0.860360085964203,0.46452584862709,0.43230351805687,-0.08213160187006,-1.83599615097046,2024,0.6117926,"17 R",581186,2828525,"WQ_BB38",2024,"16.55","16.55","13.25","13.25","0","0",3.3
"563","WQ_BB38_13",0.0508885905146599,0.0597239099442959,0.0185294188559055,0.00437548523768783,-0.841651737689972,-0.863478124141693,0.863478124141693,-0.926915049552917,0.488385707139969,0.434405744075775,-0.0996385291218758,-1.82786881923676,2024,0.63630295,"17 R",581178,2828529,"WQ_BB38",2024,"10.5","10.5","5.25","4.75","0","0.5",5.25
"564","WQ_BB38_14",0.0531527251005173,0.0605056509375572,0.0187674146145582,0.0050727678462863,-0.825754404067993,-0.845291554927826,0.845291554927826,-0.861653208732605,0.515919506549835,0.467016667127609,-0.0953327342867851,-1.85553812980652,2024,0.64851683,"17 R",581179,2828539,"WQ_BB38",2024,"8","8","1.35","1.35","0","0",6.65
"565","WQ_BB38_15",0.0508896857500076,0.0584208555519581,0.017338590696454,0.00472432421520352,-0.830103099346161,-0.850366294384003,0.850366294384003,-0.857611060142517,0.515543043613434,0.491261333227158,-0.0764245316386223,-1.86626613140106,2024,0.64962107,"17 R",581186,2828533,"WQ_BB38",2024,"18.2","18.2","11.5","11.5","0","0",6.7
"566","WQ_BB38_16",0.0508896857500076,0.0584208555519581,0.017338590696454,0.00472432421520352,-0.830103099346161,-0.850366294384003,0.850366294384003,-0.857611060142517,0.515543043613434,0.491261333227158,-0.0764245316386223,-1.86626613140106,2024,0.6589287,"17 R",581186,2828539,"WQ_BB38",2024,"18.3","17.8","14.5","14.5","0","0",3.3
"567","WQ_BB38_17",0.0544836409389973,0.0590715631842613,0.0170996431261301,0.00495641166344285,-0.833229899406433,-0.845179796218872,0.845179796218872,-0.825843393802643,0.570157587528229,0.571374952793121,-0.0558895654976368,-1.88495349884033,2024,0.6133242,"17 R",581178,2828544,"WQ_BB38",2024,"73.4","73.4","68.75","68.75","0","0",4.65
"568","WQ_BB38_18",0.0536879636347294,0.0589429773390293,0.01793447509408,0.00484068645164371,-0.834587454795837,-0.848215460777283,0.848215460777283,-0.862372934818268,0.55812656879425,0.515878617763519,-0.0905574485659599,-1.90480291843414,2024,0.621765,"17 R",581196,2828548,"WQ_BB38",2024,"13.25","13.25","5.25","5.25","0","0",8
"569","WQ_BB38_19",0.0531562678515911,0.0594649948179722,0.017339289188385,0.00518962787464261,-0.822108209133148,-0.839466154575348,0.839466154575348,-0.808937788009644,0.537327408790588,0.534802615642548,-0.0587371103465557,-1.84969460964203,2024,0.6287371,"17 R",581192,2828530,"WQ_BB38",2024,"11.3","11.3","5.75","5.25","0","0.5",5.55
"570","WQ_BB38_2",0.0504928044974804,0.0564664117991924,0.0159100666642189,0.00449248170480132,-0.836593329906464,-0.852606177330017,0.852606177330017,-0.839423418045044,0.549570798873901,0.556999742984772,-0.0518479980528355,-1.78944110870361,2024,0.6821415,"17 R",581195,2828506,"WQ_BB38",2024,"9.15","9.15","2.75","2.75","0","0",6.4
"571","WQ_BB38_20",0.0516906641423702,0.0579001866281033,0.0174582097679377,0.00518950307741761,-0.817528545856476,-0.835488080978394,0.835488080978394,-0.812579154968262,0.542172372341156,0.500995635986328,-0.0900628939270973,-1.8763040304184,2024,0.624431,"17 R",581199,2828531,"WQ_BB38",2024,"26.5","26.5","22.25","22.25","0","0",4.25
"572","WQ_BB38_21",0.0522250607609749,0.0588137954473495,0.0171013362705708,0.00402740156278014,-0.856809794902802,-0.871822893619537,0.871822893619537,-0.928162515163422,0.5331991314888,0.528952240943909,-0.0603302493691444,-1.87933552265167,2024,0.6330616,"17 R",581205,2828538,"WQ_BB38",2024,"14.9","14.9","7.75","7.75","0","0",7.15
"573","WQ_BB38_22",0.0516906641423702,0.0579001866281033,0.0174582097679377,0.00518950307741761,-0.817528545856476,-0.835488080978394,0.835488080978394,-0.812579154968262,0.542172372341156,0.500995635986328,-0.0900628939270973,-1.8763040304184,2024,0.64380693,"17 R",581195,2828540,"WQ_BB38",2024,"25.55","25.55","21.5","21.5","0","0",4.05
"574","WQ_BB38_23",0.0528905540704727,0.0594653263688087,0.0181731898337603,0.00425975769758224,-0.850927948951721,-0.866308271884918,0.866308271884918,-0.930334627628326,0.532309293746948,0.489601135253906,-0.0907467007637024,-1.90780782699585,2024,0.6265862,"17 R",581201,2828549,"WQ_BB38",2024,"16.15","16.15","9.5","9.5","0","0",6.65
"575","WQ_BB38_24",0.0542235672473907,0.0605089403688908,0.0175781231373549,0.00426001055166125,-0.854317724704742,-0.868455171585083,0.868455171585083,-0.914783716201782,0.535798847675323,0.542977333068848,-0.0506578236818314,-1.91433334350586,2024,0.6733531,"17 R",581211,2828543,"WQ_BB38",2024,"34.95","34.95","31.25","31.25","0","0",3.7
"576","WQ_BB38_25",0.0523587092757225,0.058944433927536,0.0179353710263968,0.0041437684558332,-0.853324353694916,-0.868635714054108,0.868635714054108,-0.936966061592102,0.533025622367859,0.490765333175659,-0.0905667841434479,-1.85276687145233,2024,0.6526476,"17 R",581209,2828525,"WQ_BB38",2024,"7.1","7.1","0.35","0.35","0","0",6.75
"577","WQ_BB38_26",0.0547797307372093,0.0662533715367317,0.0225875861942768,0.00507830502465367,-0.830321669578552,-0.85761433839798,0.85761433839798,-0.94932496547699,0.434437602758408,0.3386410176754,-0.130863949656487,-1.38480544090271,2024,0.6635284,"17 R",581326,2828394,"WQ_BB38",2024,"19.8","19.8","11.75","11.75","0","0",8.05
"578","WQ_BB38_27",0.0551805198192596,0.0675556063652039,0.0228261239826679,0.00565967988222837,-0.813949346542358,-0.845396220684052,0.845396220684052,-0.903947293758392,0.417783468961716,0.336942374706268,-0.118559315800667,-1.37314057350159,2024,0.6672512,"17 R",581336,2828395,"WQ_BB38",2024,"5.1","5.1","0.6","0.1","0","0.5",4.5
"579","WQ_BB38_28",0.0571771711111069,0.0670357272028923,0.0253254137933254,0.00507868640124798,-0.836844682693481,-0.859149217605591,0.859149217605591,-0.998881459236145,0.462831258773804,0.283586591482162,-0.197101980447769,-1.39502918720245,2024,0.8234343,"17 R",581346,2828406,"WQ_BB38",2024,"36.15","36.15","30.25","30.25","0","0",5.9
"580","WQ_BB38_29",0.0561114884912968,0.0678155720233917,0.0244920253753662,0.00554333347827196,-0.820181667804718,-0.848870873451233,0.848870873451233,-0.946319222450256,0.429789423942566,0.293401956558228,-0.162729844450951,-1.4063173532486,2024,0.66927713,"17 R",581335,2828402,"WQ_BB38",2024,"7.9","7.9","0.85","0.35","0","0.5",7.05
"581","WQ_BB38_3",0.0524923726916313,0.0581624396145344,0.018054686486721,0.00507377600297332,-0.823723614215851,-0.839529395103455,0.839529395103455,-0.841878950595856,0.552003979682922,0.487641781568527,-0.10844137519598,-1.82506000995636,2024,0.63257825,"17 R",581209,2828511,"WQ_BB38",2024,"36.2","36.2","31.25","31.25","0","0",4.95
"582","WQ_BB38_30",0.0583708547055721,0.0687253400683403,0.0249674916267395,0.00496195210143924,-0.843305468559265,-0.865324079990387,0.865324079990387,-1.00263500213623,0.452872812747955,0.316427171230316,-0.162508368492126,-1.41857445240021,2024,0.6700334,"17 R",581329,2828402,"WQ_BB38",2024,"10.45","10.45","4","3.75","0","0.25",6.45
"583","WQ_BB38_31",0.0561114884912968,0.0678155720233917,0.0244920253753662,0.00554333347827196,-0.820181667804718,-0.848870873451233,0.848870873451233,-0.946319222450256,0.429789423942566,0.293401956558228,-0.162729844450951,-1.4063173532486,2024,0.7097825,"17 R",581334,2828407,"WQ_BB38",2024,"10.25","10.25","2.5","2.5","0","0",7.75
"584","WQ_BB38_32",0.0586362965404987,0.0685949921607971,0.0247293189167976,0.00577540276572108,-0.820672214031219,-0.844685435295105,0.844685435295105,-0.932015538215637,0.459745317697525,0.329165488481522,-0.157873868942261,-1.44791293144226,2024,0.68269855,"17 R",581327,2828415,"WQ_BB38",2024,"5.9","5.9","2.25","2.25","0","0",3.65
"585","WQ_BB38_33",0.055842325091362,0.0684642940759659,0.0248480159789324,0.00565905077382922,-0.815969944000244,-0.847307205200195,0.847307205200195,-0.943500995635986,0.413269579410553,0.276246696710587,-0.163044676184654,-1.43530452251434,2024,0.7618686,"17 R",581318,2828407,"WQ_BB38",2024,"7.1","7.1","1.6","1.35","0","0.25",5.5
"586","WQ_BB38_34",0.0547797307372093,0.0662533715367317,0.0225875861942768,0.00507830502465367,-0.830321669578552,-0.85761433839798,0.85761433839798,-0.94932496547699,0.434437602758408,0.3386410176754,-0.130863949656487,-1.38480544090271,2024,0.76598316,"17 R",581322,2828399,"WQ_BB38",2024,"5.35","5.35","0","0","0","0",5.35
"587","WQ_BB38_35",0.055842325091362,0.0684642940759659,0.0248480159789324,0.00565905077382922,-0.815969944000244,-0.847307205200195,0.847307205200195,-0.943500995635986,0.413269579410553,0.276246696710587,-0.163044676184654,-1.43530452251434,2024,0.6563836,"17 R",581311,2828402,"WQ_BB38",2024,"84.75","82.75","82.75","82.75","0","0",0
"588","WQ_BB38_36",0.057970006018877,0.0696346834301949,0.024490850046277,0.00542648090049624,-0.828808128833771,-0.855411767959595,0.855411767959595,-0.955852448940277,0.42981219291687,0.326028198003769,-0.13622622191906,-1.46416461467743,2024,0.8139701,"17 R",581310,2828411,"WQ_BB38",2024,"20.1","20.1","12","12","0","0",8.1
"589","WQ_BB38_37",0.0586362965404987,0.0685949921607971,0.0247293189167976,0.00577540276572108,-0.820672214031219,-0.844685435295105,0.844685435295105,-0.932015538215637,0.459745317697525,0.329165488481522,-0.157873868942261,-1.44791293144226,2024,0.72056687,"17 R",581326,2828411,"WQ_BB38",2024,"6.35","5.6","0.35","0.1","0","0.25",5.25
"590","WQ_BB38_38",0.0517135933041573,0.0640381500124931,0.0231815073639154,0.00519390217959881,-0.817461550235748,-0.849956691265106,0.849956691265106,-0.950872898101807,0.418671101331711,0.258834540843964,-0.182561129331589,-1.44792747497559,2024,0.81454116,"17 R",581304,2828403,"WQ_BB38",2024,"7.45","7.45","2.95","2.95","0","0",4.5
"591","WQ_BB38_39",0.0557072758674622,0.0666415095329285,0.0235383547842503,0.00496132113039494,-0.836445152759552,-0.86142110824585,0.86142110824585,-0.977749705314636,0.44404262304306,0.32015398144722,-0.153124436736107,-1.47845244407654,2024,0.8690854,"17 R",581306,2828420,"WQ_BB38",2024,"5.1","5.1","0.25","0.25","0","0",4.85
"592","WQ_BB38_4",0.0503621585667133,0.0592063553631306,0.0188889000564814,0.00449286354705691,-0.836191356182098,-0.858935058116913,0.858935058116913,-0.923542618751526,0.488693445920944,0.407566666603088,-0.12143836170435,-1.83310544490814,2024,0.6191904,"17 R",581214,2828520,"WQ_BB38",2024,"7.65","7.65","2.75","2.75","0","0",4.9
"593","WQ_BB38_40",0.0547748394310474,0.0622139014303684,0.0231809206306934,0.00554220378398895,-0.816230893135071,-0.836407244205475,0.836407244205475,-0.921141982078552,0.511732459068298,0.316366463899612,-0.211444407701492,-1.53784489631653,2024,0.7946481,"17 R",581305,2828435,"WQ_BB38",2024,"6.25","6.25","1.8","1.8","0","0",4.45
"594","WQ_BB38_41",0.053176861256361,0.0624741613864899,0.0218714158982038,0.00542585644870996,-0.814825773239136,-0.840180993080139,0.840180993080139,-0.903692483901978,0.476989656686783,0.336511880159378,-0.167637035250664,-1.56799066066742,2024,0.8890586,"17 R",581306,2828445,"WQ_BB38",2024,"13.3","13.3","4.5","4.5","0","0",8.8
"595","WQ_BB38_42",0.0573042221367359,0.0676828771829605,0.0259182266891003,0.00507755344733596,-0.837210357189178,-0.860430896282196,0.860430896282196,-1.00855696201324,0.45323246717453,0.266008973121643,-0.203264757990837,-1.52304697036743,2024,0.9051527,"17 R",581317,2828434,"WQ_BB38",2024,"96.25","96.25","94.75","94.75","0","0",1.5
"596","WQ_BB38_43",0.0606288723647594,0.0745744630694389,0.026156647130847,0.00577515410259366,-0.826060116291046,-0.856249392032623,0.856249392032623,-0.957422971725464,0.390351057052612,0.314571112394333,-0.112540952861309,-1.50740218162537,2024,0.89122456,"17 R",581327,2828433,"WQ_BB38",2024,"10.65","10.65","2.6","2.35","0","0.25",8.05
"597","WQ_BB38_44",0.0606308467686176,0.0732762664556503,0.026395246386528,0.00519441114738584,-0.842175722122192,-0.867608845233917,0.867608845233917,-1.00669825077057,0.411986172199249,0.30683422088623,-0.136291399598122,-1.46797716617584,2024,0.7768781,"17 R",581336,2828425,"WQ_BB38",2024,"5.55","5.55","1.6","1.6","0","0",3.95
"598","WQ_BB38_45",0.0591695345938206,0.0680755004286766,0.0242538414895535,0.00507830921560526,-0.841915011405945,-0.861160755157471,0.861160755157471,-0.980606555938721,0.478149771690369,0.354829698801041,-0.152243599295616,-1.43654537200928,2024,0.86780816,"17 R",581336,2828415,"WQ_BB38",2024,"36","36","34.75","34.75","0","0",1.25
"599","WQ_BB38_47",0.0547797307372093,0.0662533715367317,0.0225875861942768,0.00507830502465367,-0.830321669578552,-0.85761433839798,0.85761433839798,-0.94932496547699,0.434437602758408,0.3386410176754,-0.130863949656487,-1.38480544090271,2024,0.93190503,"17 R",581325,2828397,"WQ_BB38",2024,"12","12","4.5","4.5","0","0",7.5
"600","WQ_BB38_48",0.0583708547055721,0.0687253400683403,0.0249674916267395,0.00496195210143924,-0.843305468559265,-0.865324079990387,0.865324079990387,-1.00263500213623,0.452872812747955,0.316427171230316,-0.162508368492126,-1.41857445240021,2024,0.76521176,"17 R",581322,2828410,"WQ_BB38",2024,"13","13","1.25","1.25","0","0",11.75
"601","WQ_BB38_49",0.0595662854611874,0.0728855356574059,0.0259189084172249,0.0053103850223124,-0.836292922496796,-0.864177465438843,0.864177465438843,-0.989865005016327,0.400849044322968,0.304701894521713,-0.129225715994835,-1.47909462451935,2024,0.6789584,"17 R",581324,2828424,"WQ_BB38",2024,"9","9","5.25","4.25","0","1",3.75
"602","WQ_BB38_5",0.0534230284392834,0.0582919307053089,0.0171012431383133,0.00472482666373253,-0.837489247322083,-0.850045382976532,0.850045382976532,-0.850571095943451,0.566842317581177,0.551636338233948,-0.0692393034696579,-1.82082235813141,2024,0.6200302,"17 R",581199,2828519,"WQ_BB38",2024,"20.65","20.65","18.25","18.25","0","0",2.4
"603","WQ_BB38_50",0.0594318546354771,0.0685938373208046,0.0244906581938267,0.00531013263389468,-0.835960149765015,-0.856296420097351,0.856296420097351,-0.965437054634094,0.473242491483688,0.350939512252808,-0.151280954480171,-1.49492740631104,2024,0.7452224,"17 R",581315,2828422,"WQ_BB38",2024,"14.75","14.75","11.5","11.25","0","0.25",3.25
"604","WQ_BB38_51",0.056227795779705,0.0628592073917389,0.0186542272567749,0.00391404004767537,-0.869839668273926,-0.882766246795654,0.882766246795654,-0.979706645011902,0.525219202041626,0.5284343957901,-0.053049024194479,-1.04841530323029,2024,0.6311919,"17 R",581186,2828264,"WQ_BB38",2024,"93.25","93.25","91.75","91.75","0","0",1.5
"605","WQ_BB38_52",0.0528997704386711,0.0614259317517281,0.0192494764924049,0.00275144423358142,-0.901118278503418,-0.914255023002625,0.914255023002625,-1.12481880187988,0.492580085992813,0.440546452999115,-0.0975233167409897,-1.06969916820526,2024,0.6750087,"17 R",581182,2828277,"WQ_BB38",2024,"10.6","10.6","0.25","0.25","0","0",10.35
"606","WQ_BB38_53",0.0546285435557365,0.0610338598489761,0.0196060333400965,0.00368105177767575,-0.873741149902344,-0.886237919330597,0.886237919330597,-1.0257819890976,0.532614409923553,0.457000494003296,-0.11643585562706,-1.11549496650696,2024,0.6404787,"17 R",581177,2828288,"WQ_BB38",2024,"22.2","22.2","14.25","14.25","0","0",7.95
"607","WQ_BB38_54",0.0528997704386711,0.0614259317517281,0.0192494764924049,0.00275144423358142,-0.901118278503418,-0.914255023002625,0.914255023002625,-1.12481880187988,0.492580085992813,0.440546452999115,-0.0975233167409897,-1.06969916820526,2024,0.74051684,"17 R",581188,2828279,"WQ_BB38",2024,"15.35","15.35","11.75","11.75","0","0",3.6
"608","WQ_BB38_55",0.0547627210617065,0.0618162341415882,0.0194872487336397,0.00472731981426477,-0.841071903705597,-0.85791802406311,0.85791802406311,-0.914321184158325,0.519399285316467,0.464653223752975,-0.0995567068457603,-1.12969422340393,2024,0.6199614,"17 R",581184,2828291,"WQ_BB38",2024,"32.3","32.3","29.25","29.25","0","0",3.05
"609","WQ_BB38_56",0.0552946031093597,0.0612947940826416,0.0199633613228798,0.00426225503906608,-0.856867671012878,-0.869968056678772,0.869968056678772,-0.972180008888245,0.539485335350037,0.453665792942047,-0.124479845166206,-1.16507506370544,2024,0.7308487,"17 R",581189,2828307,"WQ_BB38",2024,"11.4","9.9","6.25","6.25","0","0",3.65
"610","WQ_BB38_57",0.0552946031093597,0.0612947940826416,0.0199633613228798,0.00426225503906608,-0.856867671012878,-0.869968056678772,0.869968056678772,-0.972180008888245,0.539485335350037,0.453665792942047,-0.124479845166206,-1.16507506370544,2024,0.71762884,"17 R",581182,2828308,"WQ_BB38",2024,"29.35","29.35","25.5","25.5","0","0",3.85
"611","WQ_BB38_58",0.0552946031093597,0.0612947940826416,0.0199633613228798,0.00426225503906608,-0.856867671012878,-0.869968056678772,0.869968056678772,-0.972180008888245,0.539485335350037,0.453665792942047,-0.124479845166206,-1.16507506370544,2024,0.6881752,"17 R",581180,2828310,"WQ_BB38",2024,"24","24","22.75","22.75","0","0",1.25
"612","WQ_BB38_59",0.0552946031093597,0.0612947940826416,0.0199633613228798,0.00426225503906608,-0.856867671012878,-0.869968056678772,0.869968056678772,-0.972180008888245,0.539485335350037,0.453665792942047,-0.124479845166206,-1.16507506370544,2024,0.6881752,"17 R",581180,2828310,"WQ_BB38",2024,"23.9","23.9","21.75","21.75","0","0",2.15
"613","WQ_BB38_6",0.0502237901091576,0.0602461621165276,0.0182917043566704,0.00495691504329443,-0.820338845252991,-0.847954571247101,0.847954571247101,-0.860360085964203,0.46452584862709,0.43230351805687,-0.08213160187006,-1.83599615097046,2024,0.62383896,"17 R",581188,2828521,"WQ_BB38",2024,"13.95","13.95","7.75","7.75","0","0",6.2
"614","WQ_BB38_60",0.0542261302471161,0.0611623786389828,0.0188905298709869,0.00333180860616267,-0.884227633476257,-0.896678805351257,0.896678805351257,-1.05020821094513,0.522633254528046,0.481415659189224,-0.0889937877655029,-1.12798380851746,2024,0.6570876,"17 R",581157,2828281,"WQ_BB38",2024,"33.15","33.15","29.75","29.75","0","0",3.4
"615","WQ_BB38_61",0.0543612465262413,0.0611635483801365,0.0196057390421629,0.0049595246091485,-0.832789599895477,-0.849991083145142,0.849991083145142,-0.894324660301208,0.525098323822021,0.452108353376389,-0.114303015172482,-1.08906638622284,2024,0.83869547,"17 R",581160,2828274,"WQ_BB38",2024,"20.1","20.1","14.5","14.5","0","0",5.6
"616","WQ_BB38_62",0.0551602616906166,0.0611638203263283,0.0186532344669104,0.00391353294253349,-0.867503583431244,-0.879726707935333,0.879726707935333,-0.979739427566528,0.539684176445007,0.509311497211456,-0.0803543254733086,-1.06803035736084,2024,0.664535,"17 R",581160,2828262,"WQ_BB38",2024,"29.75","29.75","26.75","26.75","0","0",3
"617","WQ_BB38_63",0.0543612465262413,0.0611635483801365,0.0196057390421629,0.0049595246091485,-0.832789599895477,-0.849991083145142,0.849991083145142,-0.894324660301208,0.525098323822021,0.452108353376389,-0.114303015172482,-1.08906638622284,2024,0.6945111,"17 R",581165,2828273,"WQ_BB38",2024,"22.25","22.25","18.25","18.25","0","0",4
"618","WQ_BB38_64",0.0552924424409866,0.0612935684621334,0.0194864571094513,0.00437823496758938,-0.853253364562988,-0.866663157939911,0.866663157939911,-0.949617683887482,0.539470911026001,0.474314540624619,-0.10802011936903,-1.12208294868469,2024,0.74766594,"17 R",581168,2828282,"WQ_BB38",2024,"13.55","13.55","3.5","3.5","0","0",10.05
"619","WQ_BB38_65",0.0546285435557365,0.0610338598489761,0.0196060333400965,0.00368105177767575,-0.873741149902344,-0.886237919330597,0.886237919330597,-1.0257819890976,0.532614409923553,0.457000494003296,-0.11643585562706,-1.11549496650696,2024,0.7605552,"17 R",581170,2828281,"WQ_BB38",2024,"95","92.5","87.25","87.25","0","0",5.25
"620","WQ_BB38_66",0.0552924424409866,0.0612935684621334,0.0194864571094513,0.00437823496758938,-0.853253364562988,-0.866663157939911,0.866663157939911,-0.949617683887482,0.539470911026001,0.474314540624619,-0.10802011936903,-1.12208294868469,2024,0.9099771,"17 R",581166,2828288,"WQ_BB38",2024,"40.35","40.1","34.75","34.75","0","0",5.35
"621","WQ_BB38_67",0.0548907518386841,0.0592068694531918,0.018890131264925,0.00402901833876967,-0.863237142562866,-0.872571766376495,0.872571766376495,-0.972622036933899,0.574787557125092,0.493615716695786,-0.121474102139473,-1.18043255805969,2024,0.6574793,"17 R",581157,2828308,"WQ_BB38",2024,"30.35","30.35","25.75","25.75","0","0",4.6
"622","WQ_BB38_68",0.0536942519247532,0.0609021112322807,0.0191288031637669,0.00414551049470901,-0.856655359268188,-0.872539222240448,0.872539222240448,-0.965654194355011,0.518022060394287,0.460834056138992,-0.101801387965679,-1.17563962936401,2024,0.76851845,"17 R",581165,2828304,"WQ_BB38",2024,"17.95","17.95","13.25","13.25","0","0",4.7
"623","WQ_BB38_69",0.0567515008151531,0.0635054856538773,0.0178175047039986,0.00484228925779462,-0.842766940593719,-0.858304381370544,0.858304381370544,-0.858914375305176,0.521907389163971,0.57697057723999,-0.0115417996421456,-1.21015334129333,2024,0.7300098,"17 R",581142,2828311,"WQ_BB38",2024,"31.8","31.8","29.25","29.25","0","0",2.55
"624","WQ_BB38_7",0.0502237901091576,0.0602461621165276,0.0182917043566704,0.00495691504329443,-0.820338845252991,-0.847954571247101,0.847954571247101,-0.860360085964203,0.46452584862709,0.43230351805687,-0.08213160187006,-1.83599615097046,2024,0.60271657,"17 R",581182,2828526,"WQ_BB38",2024,"30.05","29.55","21.25","21.25","0","0",8.3
"625","WQ_BB38_70",0.0556880980730057,0.0615520998835564,0.0185325425118208,0.00414512865245342,-0.861443936824799,-0.873811185359955,0.873811185359955,-0.951646268367767,0.541423439979553,0.524389207363129,-0.0696018934249878,-1.15975499153137,2024,0.7086872,"17 R",581142,2828300,"WQ_BB38",2024,"23.3","22.55","18.5","18.5","0","0",4.05
"626","WQ_BB38_71",0.0542261302471161,0.0611623786389828,0.0188905298709869,0.00333180860616267,-0.884227633476257,-0.896678805351257,0.896678805351257,-1.05020821094513,0.522633254528046,0.481415659189224,-0.0889937877655029,-1.12798380851746,2024,0.6884727,"17 R",581151,2828281,"WQ_BB38",2024,"24.75","24.75","20.75","20.75","0","0",4
"627","WQ_BB38_72",0.0531614869832993,0.0611626543104649,0.019724328070879,0.00449434341862798,-0.844097495079041,-0.863096296787262,0.863096296787262,-0.943279504776001,0.502799034118652,0.424631297588348,-0.118427842855453,-1.0998592376709,2024,0.7467644,"17 R",581154,2828275,"WQ_BB38",2024,"22.15","22.15","19","19","0","0",3.15
"628","WQ_BB38_73",0.0559575445950031,0.0601206719875336,0.0192483924329281,0.00414588395506144,-0.862041652202606,-0.870978474617004,0.870978474617004,-0.968346357345581,0.575195252895355,0.496788918972015,-0.118963278830051,-1.05144333839417,2024,0.7322837,"17 R",581157,2828260,"WQ_BB38",2024,"33.55","33.55","31.25","31.25","0","0",2.3
"629","WQ_BB38_74",0.0547625347971916,0.0616859011352062,0.0186537336558104,0.00368130300194025,-0.874022543430328,-0.887365460395813,0.887365460395813,-1.0055342912674,0.521992206573486,0.502052128314972,-0.0718730092048645,-1.0580415725708,2024,0.7794629,"17 R",581172,2828267,"WQ_BB38",2024,"72.9","72.9","62.5","62.5","0","0",10.4
"630","WQ_BB38_75",0.0543603412806988,0.0609023869037628,0.0190099123865366,0.00391315622255206,-0.865696907043457,-0.879252552986145,0.879252552986145,-0.98787534236908,0.530345439910889,0.478497445583344,-0.0975474789738655,-1.14471518993378,2024,0.7123202,"17 R",581163,2828292,"WQ_BB38",2024,"32","32","25.25","25.25","0","0",6.75
"631","WQ_BB38_76",0.0498000495135784,0.0567121505737305,0.01614042930305,0.00437242584303021,-0.83857387304306,-0.856840252876282,0.856840252876282,-0.860533773899078,0.530414164066315,0.530885279178619,-0.0573032647371292,-1.65198695659637,2024,0.6332683,"17 R",580999,2828406,"WQ_BB38",2024,"20.5","20.5","12.5","12.5","0","0",8
"632","WQ_BB38_77",0.0492678955197334,0.0542338192462921,0.0149491699412465,0.00448879273608327,-0.83299595117569,-0.847118735313416,0.847118735313416,-0.807212471961975,0.574637234210968,0.585743069648743,-0.0497298203408718,-1.62887048721313,2024,0.6012642,"17 R",581006,2828414,"WQ_BB38",2024,"87.75","87.75","85.25","85.25","0","0",2.5
"633","WQ_BB38_78",0.0499350614845753,0.0572348088026047,0.0153067484498024,0.00367510435171425,-0.862895250320435,-0.879326581954956,0.879326581954956,-0.91916561126709,0.521836757659912,0.57896876335144,-0.0119832996279001,-1.61601948738098,2024,0.61713296,"17 R",581011,2828431,"WQ_BB38",2024,"15.25","15.25","9","8.5","0","0.5",6.25
"634","WQ_BB38_79",0.0513979010283947,0.0572330132126808,0.0156632233411074,0.00413957051932812,-0.85092693567276,-0.8651003241539,0.8651003241539,-0.872880816459656,0.5507493019104,0.588145077228546,-0.0277056470513344,-1.68871736526489,2024,0.678378,"17 R",580994,2828432,"WQ_BB38",2024,"14.7","14.7","9.5","9.25","0","0.25",5.2
"635","WQ_BB38_8",0.0514220371842384,0.0575077459216118,0.0172193702310324,0.00460808584466577,-0.835514008998871,-0.851629257202148,0.851629257202148,-0.866657435894012,0.5453280210495,0.507571399211884,-0.0874751210212708,-1.79831421375275,2024,0.6006,"17 R",581178,2828512,"WQ_BB38",2024,"10.8","10.8","2","1.5","0","0.5",8.8
"636","WQ_BB38_80",0.0516628324985504,0.0560581758618355,0.0156627241522074,0.00448803650215268,-0.840143620967865,-0.851748406887054,0.851748406887054,-0.831831216812134,0.581404268741608,0.593313634395599,-0.048424806445837,-1.73598909378052,2024,0.6634658,"17 R",580987,2828438,"WQ_BB38",2024,"20.6","20.6","16","16","0","0",4.6
"637","WQ_BB38_81",0.0507305674254894,0.0568411275744438,0.0148287992924452,0.00367446709424257,-0.864921808242798,-0.878561317920685,0.878561317920685,-0.904245674610138,0.546132385730743,0.6219162940979,0.00273587484844029,-1.72304630279541,2024,0.6989975,"17 R",580988,2828422,"WQ_BB38",2024,"30.3","30.3","28.5","28.25","0","0.25",1.8
"638","WQ_BB38_82",0.0513952672481537,0.0555357150733471,0.0164964515715837,0.00413918867707253,-0.850932598114014,-0.861275374889374,0.861275374889374,-0.898246645927429,0.587730228900909,0.54374760389328,-0.0931360200047493,-1.76265525817871,2024,0.64988875,"17 R",580977,2828424,"WQ_BB38",2024,"23.6","22.85","16","15.75","0","0.25",6.85
"639","WQ_BB38_83",0.0498000495135784,0.0567121505737305,0.01614042930305,0.00437242584303021,-0.83857387304306,-0.856840252876282,0.856840252876282,-0.860533773899078,0.530414164066315,0.530885279178619,-0.0573032647371292,-1.65198695659637,2024,0.642705,"17 R",580994,2828401,"WQ_BB38",2024,"5.95","5.95","1.45","1.45","0","0",4.5
"640","WQ_BB38_84",0.0492661781609058,0.0547548830509186,0.0148296160623431,0.00320997764356434,-0.877659559249878,-0.889244019985199,0.889244019985199,-0.966177940368652,0.562840104103088,0.59257835149765,-0.0346952527761459,-1.68138360977173,2024,0.65635437,"17 R",580981,2828390,"WQ_BB38",2024,"23","23","19.5","19.5","0","0",3.5
"641","WQ_BB38_85",0.0492621585726738,0.0557963252067566,0.015304864384234,0.00437166495248675,-0.836981058120728,-0.854684710502625,0.854684710502625,-0.833470106124878,0.539581298828125,0.565506935119629,-0.0373536497354507,-1.79790484905243,2024,0.64283645,"17 R",580969,2828402,"WQ_BB38",2024,"25","24","23.25","23.25","0","0",0.75
"642","WQ_BB38_86",0.0513971112668514,0.058015089482069,0.0148291168734431,0.00413968926295638,-0.850920855998993,-0.866794168949127,0.866794168949127,-0.845289945602417,0.534038424491882,0.63495135307312,0.0231642778962851,-1.72192144393921,2024,0.74025476,"17 R",580970,2828388,"WQ_BB38",2024,"98.25","98.25","95.75","95.75","0","0",2.5
"643","WQ_BB38_87",0.0473966486752033,0.05540581792593,0.0147095406427979,0.00460439454764128,-0.822911441326141,-0.846546292304993,0.846546292304993,-0.78480738401413,0.509616255760193,0.56084817647934,-0.0173360370099545,-1.73789083957672,2024,0.72729206,"17 R",580978,2828407,"WQ_BB38",2024,"70.65","70.65","68.75","68.75","0","0",1.9
"644","WQ_BB38_88",0.0523297935724258,0.0563196539878845,0.0144714899361134,0.00320959906093776,-0.884420812129974,-0.892167329788208,0.892167329788208,-0.955418288707733,0.588507115840912,0.673822522163391,0.0101433442905545,-1.70823180675507,2024,0.8418527,"17 R",580982,2828416,"WQ_BB38",2024,"26.1","26.1","21.5","20","0","1.5",4.6
"645","WQ_BB38_9",0.0514220371842384,0.0575077459216118,0.0172193702310324,0.00460808584466577,-0.835514008998871,-0.851629257202148,0.851629257202148,-0.866657435894012,0.5453280210495,0.507571399211884,-0.0874751210212708,-1.79831421375275,2024,0.62253064,"17 R",581171,2828518,"WQ_BB38",2024,"15.7","15.7","11.5","11.5","0","0",4.2
"646","WQ_BB38_90",0.0496601052582264,0.0548818111419678,0.0142316352576017,0.00402256473898888,-0.850135445594788,-0.863420486450195,0.863420486450195,-0.838908612728119,0.56795597076416,0.635758578777313,-0.00432697962969542,-1.84619903564453,2024,0.65218824,"17 R",580952,2828417,"WQ_BB38",2024,"24.15","24.15","21.75","21.75","0","0",2.4
"647","WQ_BB38_91",0.0504589378833771,0.0538371987640858,0.0169717967510223,0.00367358000949025,-0.864274561405182,-0.872247278690338,0.872247278690338,-0.966188490390778,0.607553541660309,0.501055479049683,-0.143559589982033,-1.86411869525909,2024,0.64534175,"17 R",580958,2828432,"WQ_BB38",2024,"29.25","29.25","23.25","23.25","0","0",6
"648","WQ_BB38_92",0.0508598238229752,0.0568387694656849,0.0155423646792769,0.0051848073489964,-0.814975798130035,-0.832811713218689,0.832811713218689,-0.749563694000244,0.548728108406067,0.584248602390289,-0.0293384119868279,-1.84410429000854,2024,0.75359577,"17 R",580961,2828442,"WQ_BB38",2024,"29.15","29.15","24.5","24.5","0","0",4.65
"649","WQ_BB38_93",0.0517940483987331,0.0564483515918255,0.0154237085953355,0.00472013046965003,-0.832957684993744,-0.845667898654938,0.845667898654938,-0.797036111354828,0.575408697128296,0.609007716178894,-0.0310076326131821,-1.79125690460205,2024,0.7366458,"17 R",580976,2828449,"WQ_BB38",2024,"19.3","19.3","12.75","12.75","0","0",6.55
"650","WQ_BB38_94",0.0508644580841064,0.0582759790122509,0.016616178676486,0.00425568502396345,-0.845585107803345,-0.863887012004852,0.863887012004852,-0.888312637805939,0.518101513385773,0.527178525924683,-0.0499011836946011,-1.70422804355621,2024,0.6777393,"17 R",580996,2828444,"WQ_BB38",2024,"32.6","32.6","28.5","28.5","0","0",4.1
"651","WQ_BB38_95",0.049799133092165,0.0561898127198219,0.0150676285848022,0.00437217578291893,-0.838579654693604,-0.855613231658936,0.855613231658936,-0.825274705886841,0.541778028011322,0.589714765548706,-0.0196786001324654,-1.67657363414764,2024,0.75331193,"17 R",580997,2828429,"WQ_BB38",2024,"37.75","37.75","34.25","34.25","0","0",3.5
"652","WQ_BB38_96",0.049799133092165,0.0561898127198219,0.0150676285848022,0.00437217578291893,-0.838579654693604,-0.855613231658936,0.855613231658936,-0.825274705886841,0.541778028011322,0.589714765548706,-0.0196786001324654,-1.67657363414764,2024,0.6469005,"17 R",580992,2828422,"WQ_BB38",2024,"25.6","25.6","16.5","15.5","0","1",9.1
"653","WQ_BB38_97",0.0508618243038654,0.0546220578253269,0.0160196758806705,0.00541764218360186,-0.807473599910736,-0.819531321525574,0.819531321525574,-0.741839528083801,0.597702622413635,0.558407187461853,-0.0897356495261192,-1.77560532093048,2024,0.645253,"17 R",580978,2828434,"WQ_BB38",2024,"100","100","93","93","0","0",7
"654","WQ_BB38_98",0.0525948293507099,0.0555360466241837,0.0160199720412493,0.00413919147104025,-0.854084312915802,-0.861276090145111,0.861276090145111,-0.884023308753967,0.610794603824615,0.591896593570709,-0.0731537416577339,-1.75154983997345,2024,0.6615919,"17 R",580980,2828442,"WQ_BB38",2024,"80.5","80.5","75","74.25","0","0.75",5.5
"655","WQ_BB38_99",0.0508598238229752,0.0568387694656849,0.0155423646792769,0.0051848073489964,-0.814975798130035,-0.832811713218689,0.832811713218689,-0.749563694000244,0.548728108406067,0.584248602390289,-0.0293384119868279,-1.84410429000854,2024,0.6237977,"17 R",580968,2828447,"WQ_BB38",2024,"70.4","70.4","67.25","66.75","0","0.5",3.15
"656","WQ_BB53_1",0.0215117353945971,0.0337754115462303,0.0215787198394537,0.00592251680791378,-0.568239212036133,-0.701620876789093,0.701620876789093,-0.853936314582825,0.328512400388718,-0.556985259056091,-0.773474216461182,-1.16045153141022,2023,0.72094744,"17 R",567243.727,2820862.258,"WQ_BB53",2024,"76.75","66.55","66.45","56.2","0","10.25",0.1
"657","WQ_BB53_10",0.0226148776710033,0.0348472073674202,0.0213393643498421,0.00627779588103294,-0.56544029712677,-0.69469690322876,0.69469690322876,-0.818054854869843,0.340092957019806,-0.497432202100754,-0.734631896018982,-1.15646278858185,2023,0.7781279,"17 R",567257.979,2820855.416,"WQ_BB53",2024,"99.7","95.5","95.5","95","0","0.5",0
"658","WQ_BB53_11",0.0223397184163332,0.03431261703372,0.0220648795366287,0.00686652027070522,-0.529790878295898,-0.666504919528961,0.666504919528961,-0.787986040115356,0.346868634223938,-0.538280367851257,-0.772879302501678,-1.16134202480316,2023,0.83381593,"17 R",567253.479,2820863.988,"WQ_BB53",2024,"54.5","47.5","47.5","32.5","0","15",0
"659","WQ_BB53_12",0.0208201874047518,0.0356416404247284,0.0216971132904291,0.00615618797019124,-0.543586730957031,-0.705430269241333,0.705430269241333,-0.836934447288513,0.22967916727066,-0.594342350959778,-0.723421931266785,-1.16202926635742,2023,0.80320424,"17 R",567239.609,2820870.315,"WQ_BB53",2024,"93.2","92","92","87","0","5",0
"660","WQ_BB53_13",0.0201341025531292,0.0343067012727261,0.0208505354821682,0.00580299878492951,-0.552532970905304,-0.710643649101257,0.710643649101257,-0.846840977668762,0.243129566311836,-0.593797385692596,-0.734469532966614,-1.15789246559143,2023,0.89298296,"17 R",567233.628,2820869.873,"WQ_BB53",2024,"89.5","87.5","87.5","79","0","8.5",0
"661","WQ_BB53_14",0.0212278831750154,0.0365732349455357,0.0220577195286751,0.00639005098491907,-0.537253499031067,-0.702534317970276,0.702534317970276,-0.826128125190735,0.217332065105438,-0.589053273200989,-0.708854556083679,-1.16151213645935,2023,0.9943928,"17 R",567223.78,2820873.045,"WQ_BB53",2024,"89","84","84","80","0","4",0
"662","WQ_BB53_15",0.0208201874047518,0.0356416404247284,0.0216971132904291,0.00615618797019124,-0.543586730957031,-0.705430269241333,0.705430269241333,-0.836934447288513,0.22967916727066,-0.594342350959778,-0.723421931266785,-1.16202926635742,2023,0.8010164,"17 R",567233.301,2820875.264,"WQ_BB53",2024,"98","98","77.75","76.25","0","1.5",20.25
"663","WQ_BB53_16",0.0206871628761292,0.0360450893640518,0.0208525601774454,0.00745350774377584,-0.470267951488495,-0.657298922538757,0.657298922538757,-0.710044860839844,0.20942322909832,-0.566782116889954,-0.685105800628662,-1.1624801158905,2023,0.8087626,"17 R",567240.259,2820879.217,"WQ_BB53",2024,"79.75","79.75","66","64","0","2",13.75
"664","WQ_BB53_17",0.0217850152403116,0.0377798303961754,0.0221829880028963,0.00686443084850907,-0.520798325538635,-0.692483186721802,0.692483186721802,-0.791045725345612,0.203310832381248,-0.567991852760315,-0.680255651473999,-1.16718900203705,2023,0.7339241,"17 R",567246.573,2820886.777,"WQ_BB53",2024,"22.25","22.25","21.25","18.25","0","3",1
"665","WQ_BB53_18",0.0249453410506248,0.0379161611199379,0.0229109823703766,0.00627722311764956,-0.597904682159424,-0.715920209884644,0.715920209884644,-0.854819238185883,0.3343445956707,-0.460155487060547,-0.698662042617798,-1.16562962532043,2023,0.8455624,"17 R",567258.171,2820887.723,"WQ_BB53",2024,"64.75","64.75","20.25","18.75","0","1.5",44.5
"666","WQ_BB53_19",0.0231661200523376,0.0400534905493259,0.024122565984726,0.00675007002428174,-0.548734664916992,-0.711557388305664,0.711557388305664,-0.84407252073288,0.192890658974648,-0.578242599964142,-0.678946077823639,-1.16644930839539,2023,0.80238485,"17 R",567265.287,2820884.895,"WQ_BB53",2024,"99.25","99.25","87.25","84","0","3.25",12
"667","WQ_BB53_2",0.024943083524704,0.0349778048694134,0.0210951007902622,0.00686500174924731,-0.56834864616394,-0.671867072582245,0.671867072582245,-0.76341450214386,0.433480024337769,-0.38959327340126,-0.723044455051422,-1.15626263618469,2023,0.74982935,"17 R",567248.831,2820855.948,"WQ_BB53",2024,"96.5","95.5","72.25","1","0","71.25",23.25
"668","WQ_BB53_20",0.0233039855957031,0.0360509343445301,0.0229135379195213,0.00663247890770435,-0.556896328926086,-0.689224541187286,0.689224541187286,-0.826561093330383,0.328334808349609,-0.52831357717514,-0.74918270111084,-1.16530513763428,2023,0.9742875,"17 R",567263.097,2820874.487,"WQ_BB53",2024,"56.25","56.25","43","34.25","0","8.75",13.25
"669","WQ_BB53_21",0.0223397184163332,0.03431261703372,0.0220648795366287,0.00686652027070522,-0.529790878295898,-0.666504919528961,0.666504919528961,-0.787986040115356,0.346868634223938,-0.538280367851257,-0.772879302501678,-1.16134202480316,2023,0.9932906,"17 R",567255.018,2820867.486,"WQ_BB53",2024,"97.75","97.75","84.75","75.75","0","9",13
"670","WQ_BB53_22",0.0206871628761292,0.0360450893640518,0.0208525601774454,0.00745350774377584,-0.470267951488495,-0.657298922538757,0.657298922538757,-0.710044860839844,0.20942322909832,-0.566782116889954,-0.685105800628662,-1.1624801158905,2023,0.9799941,"17 R",567245.168,2820873.437,"WQ_BB53",2024,"72","72","66","61.75","0","4.25",6
"671","WQ_BB53_23",0.0249453410506248,0.0379161611199379,0.0229109823703766,0.00627722311764956,-0.597904682159424,-0.715920209884644,0.715920209884644,-0.854819238185883,0.3343445956707,-0.460155487060547,-0.698662042617798,-1.16562962532043,2023,0.9353521,"17 R",567250.757,2820882.071,"WQ_BB53",2024,"87","87","71.25","67.75","0","3.5",15.75
"672","WQ_BB53_24",0.0167244877666235,0.0282122101634741,0.0194566119462252,0.00940803065896034,-0.279975205659866,-0.499842077493668,0.499842077493668,-0.522191524505615,0.298182308673859,-0.720136284828186,-0.882895469665527,-1.14177596569061,2023,0.88086766,"17 R",567056.07,2820893.295,"WQ_BB53",2024,"76.75","76.75","24.25","12.25","0","12",52.5
"673","WQ_BB53_25",0.0171345714479685,0.0279425512999296,0.0205446165055037,0.00881779473274946,-0.32046315073967,-0.520255088806152,0.520255088806152,-0.599073171615601,0.334220767021179,-0.742467701435089,-0.929585456848145,-1.14209568500519,2023,0.80780816,"17 R",567048.633,2820893.455,"WQ_BB53",2024,"44.25","44.25","32.5","12.75","0","19.75",11.75
"674","WQ_BB53_26",0.0192005690187216,0.030219279229641,0.020546305924654,0.00870125647634268,-0.376294821500778,-0.552870690822601,0.552870690822601,-0.607489049434662,0.351708054542542,-0.628696262836456,-0.851312041282654,-1.14183485507965,2023,0.8496298,"17 R",567045.327,2820884.883,"WQ_BB53",2024,"44.25","44.25","41.25","0","0","41.25",3
"675","WQ_BB53_27",0.018235269933939,0.0295484270900488,0.0209078676998615,0.00952469278126955,-0.313782006502151,-0.512468278408051,0.512468278408051,-0.561068892478943,0.327741414308548,-0.695204198360443,-0.885651230812073,-1.14183485507965,2023,1.0178555,"17 R",567037.736,2820881.946,"WQ_BB53",2024,"64.25","64.25","50","2.25","0","47.75",14.25
"676","WQ_BB53_28",0.018235269933939,0.0295484270900488,0.0209078676998615,0.00952469278126955,-0.313782006502151,-0.512468278408051,0.512468278408051,-0.561068892478943,0.327741414308548,-0.695204198360443,-0.885651230812073,-1.14183485507965,2023,1.4420923,"17 R",567031.525,2820882.735,"WQ_BB53",2024,"25","25","21.75","0.5","0","21.25",3.25
"677","WQ_BB53_29",0.0180950630456209,0.0294126570224762,0.0210273209959269,0.00834539067000151,-0.368740737438202,-0.55795431137085,0.55795431137085,-0.647638380527496,0.325688153505325,-0.707797169685364,-0.894139647483826,-1.14172792434692,2023,0.8069445,"17 R",567021.308,2820886.81,"WQ_BB53",2024,"90.5","90.5","48","39.25","0","8.75",42.5
"678","WQ_BB53_3",0.024943083524704,0.0349778048694134,0.0210951007902622,0.00686500174924731,-0.56834864616394,-0.671867072582245,0.671867072582245,-0.76341450214386,0.433480024337769,-0.38959327340126,-0.723044455051422,-1.15626263618469,2023,0.73539263,"17 R",567242.512,2820852.653,"WQ_BB53",2024,"98.75","98.75","95.5","1","0","94.5",3.25
"679","WQ_BB53_30",0.0178143922239542,0.028873348608613,0.0216292850673199,0.00869635306298733,-0.343937486410141,-0.53705495595932,0.53705495595932,-0.63970285654068,0.332820415496826,-0.74757981300354,-0.931883573532104,-1.14112102985382,2023,1.0803938,"17 R",567018.45,2820894.557,"WQ_BB53",2024,"99.5","99.5","47.25","46.75","0","0.5",52.25
"680","WQ_BB53_31",0.0182268582284451,0.0269993990659714,0.0210239514708519,0.00928535312414169,-0.325001329183578,-0.488195300102234,0.488195300102234,-0.580940306186676,0.438256293535233,-0.700402915477753,-0.979640901088715,-1.14367341995239,2023,1.1197447,"17 R",567028.21,2820901.306,"WQ_BB53",2024,"100","100","45.5","35.75","0","9.75",54.5
"681","WQ_BB53_32",0.0171403419226408,0.0286159347742796,0.0201848242431879,0.00823128130286932,-0.351142704486847,-0.553220987319946,0.553220987319946,-0.630991280078888,0.305264621973038,-0.727014124393463,-0.893730401992798,-1.14183485507965,2023,0.77037364,"17 R",567048.365,2820878.886,"WQ_BB53",2024,"77","77","54.5","24.25","0","30.25",22.5
"682","WQ_BB53_33",0.0185187384486198,0.0268781837075949,0.0210338793694973,0.00835037045180798,-0.378440827131271,-0.525931715965271,0.525931715965271,-0.647464632987976,0.459678292274475,-0.684920012950897,-0.984462320804596,-1.13902795314789,2023,0.91408604,"17 R",567045.35,2820869.473,"WQ_BB53",2024,"95","95","19.75","18","0","1.75",75.25
"683","WQ_BB53_34",0.0187910962849855,0.0276792775839567,0.0212743729352951,0.00858477875590324,-0.372821599245071,-0.526540637016296,0.526540637016296,-0.637472629547119,0.438150882720947,-0.680047214031219,-0.962841868400574,-1.13888943195343,2023,0.97163534,"17 R",567037.558,2820867.951,"WQ_BB53",2024,"90.86","90.86","20.57","16.29","0","4.29",70.29
"684","WQ_BB53_35",0.0181006025522947,0.0294167418032885,0.0209095515310764,0.00893693417310715,-0.338923931121826,-0.533972501754761,0.533972501754761,-0.60170990228653,0.325823396444321,-0.702685475349426,-0.890172719955444,-1.14183485507965,2023,0.81409883,"17 R",567031.47,2820871.06,"WQ_BB53",2024,"98.5","98.5","49.25","44.5","0","4.75",49.25
"685","WQ_BB53_36",0.0187910962849855,0.0276792775839567,0.0212743729352951,0.00858477875590324,-0.372821599245071,-0.526540637016296,0.526540637016296,-0.637472629547119,0.438150882720947,-0.680047214031219,-0.962841868400574,-1.13888943195343,2023,0.93747044,"17 R",567033.071,2820860.959,"WQ_BB53",2024,"73.6","73.6","29.5","24.5","0","5",44.1
"686","WQ_BB53_37",0.018384063616395,0.0282187275588512,0.0194618254899979,0.00835164543241262,-0.375244140625,-0.543256223201752,0.543256223201752,-0.599179804325104,0.39250835776329,-0.625755310058594,-0.88284707069397,-1.13333189487457,2023,0.87075675,"17 R",567043.263,2820854.021,"WQ_BB53",2024,"44","44","32","3.25","0","28.75",12
"687","WQ_BB53_38",0.0196241848170757,0.029959999024868,0.0205529797822237,0.00764597905799747,-0.439242154359818,-0.593363642692566,0.593363642692566,-0.686567962169647,0.384130775928497,-0.607151329517365,-0.860150396823883,-1.13776385784149,2023,0.7996525,"17 R",567057.223,2820853.841,"WQ_BB53",2024,"97.75","97.75","50.25","47.25","0","3",47.5
"688","WQ_BB53_39",0.0170139204710722,0.0294268894940615,0.020796675235033,0.0071759270504117,-0.406699270009995,-0.607903003692627,0.607903003692627,-0.730397641658783,0.263485759496689,-0.759967505931854,-0.886138498783112,-1.1376987695694,2023,0.84329075,"17 R",567067.748,2820850.66,"WQ_BB53",2024,"40.75","40.75","31","7.25","0","23.75",9.75
"689","WQ_BB53_4",0.019580265507102,0.0337694697082043,0.020485233515501,0.00662581948563457,-0.494329690933228,-0.671950876712799,0.671950876712799,-0.766813457012177,0.234652414917946,-0.606566965579987,-0.738206088542938,-1.1577445268631,2023,0.7381443,"17 R",567227.281,2820860.665,"WQ_BB53",2024,"81.7","81.7","67.25","0.75","0","66.5",14.45
"690","WQ_BB53_40",0.0172917693853378,0.0311675872653723,0.0217665266245604,0.00811967439949512,-0.360943496227264,-0.586651027202606,0.586651027202606,-0.684940814971924,0.208989843726158,-0.782767713069916,-0.859734892845154,-1.13950181007385,2023,0.89838856,"17 R",567074.403,2820855.99,"WQ_BB53",2024,"96.25","96.25","84.25","82.5","0","1.75",12
"691","WQ_BB53_41",0.0212908182293177,0.0334495529532433,0.0206853467971087,0.00741916429251432,-0.483164846897125,-0.636927008628845,0.636927008628845,-0.708045542240143,0.330115258693695,-0.531130850315094,-0.754350543022156,-1.11232435703278,2023,0.76692706,"17 R",566965.869,2820638.294,"WQ_BB53",2024,"96.75","96.75","85","81.75","0","3.25",11.75
"692","WQ_BB53_42",0.020188644528389,0.0347836539149284,0.0199573617428541,0.00753567414358258,-0.456385254859924,-0.643866062164307,0.643866062164307,-0.677718222141266,0.228850767016411,-0.553632020950317,-0.69082236289978,-1.11471819877625,2023,0.6789373,"17 R",566958.339,2820635.219,"WQ_BB53",2024,"100","100","88.75","86","0","2.75",11.25
"693","WQ_BB53_43",0.0212866924703121,0.0343819670379162,0.0203197542577982,0.00777071481570601,-0.465147405862808,-0.631306290626526,0.631306290626526,-0.67010486125946,0.296100854873657,-0.516067326068878,-0.714702904224396,-1.10967767238617,2023,0.89809626,"17 R",566953.067,2820640.76,"WQ_BB53",2024,"98.5","98.5","88.75","86.25","0","2.5",9.75
"694","WQ_BB53_44",0.0212866924703121,0.0343819670379162,0.0203197542577982,0.00777071481570601,-0.465147405862808,-0.631306290626526,0.631306290626526,-0.67010486125946,0.296100854873657,-0.516067326068878,-0.714702904224396,-1.10967767238617,2023,0.67497134,"17 R",566952.511,2820647.417,"WQ_BB53",2024,"90.25","90.25","38","35.25","0","2.75",52.25
"695","WQ_BB53_45",0.023765666410327,0.0355893783271313,0.0204450432211161,0.00718487659469247,-0.535718858242035,-0.664056003093719,0.664056003093719,-0.719880819320679,0.363803118467331,-0.411166906356812,-0.684377491474152,-1.11146461963654,2023,0.74060345,"17 R",566976.866,2820639.472,"WQ_BB53",2024,"81.3","72.8","72.8","69.5","0","3.3",0
"696","WQ_BB53_46",0.0212971158325672,0.0306468140333891,0.0202048420906067,0.00695065455511212,-0.507879436016083,-0.630259454250336,0.630259454250336,-0.73212730884552,0.438058346509933,-0.510725438594818,-0.825841009616852,-1.11146903038025,2023,0.803422,"17 R",566983.239,2820637.754,"WQ_BB53",2024,"30.5","26.5","26.5","25.5","0","1",0
"697","WQ_BB53_47",0.0214329492300749,0.0315816476941109,0.0206880867481232,0.00694997562095523,-0.510270655155182,-0.639258623123169,0.639258623123169,-0.74560821056366,0.407454133033752,-0.524590671062469,-0.811903059482574,-1.11145031452179,2023,0.8110607,"17 R",566988.342,2820645.103,"WQ_BB53",2024,"101.2","99","96.5","94.4","0","2.1",2.5
"698","WQ_BB53_48",0.023765666410327,0.0355893783271313,0.0204450432211161,0.00718487659469247,-0.535718858242035,-0.664056003093719,0.664056003093719,-0.719880819320679,0.363803118467331,-0.411166906356812,-0.684377491474152,-1.11146461963654,2023,0.7462199,"17 R",566977.976,2820631.077,"WQ_BB53",2024,"90.1","77.2","77.2","75","0","2.2",0
"699","WQ_BB53_49",0.0210239067673683,0.0317175723612309,0.0192373469471931,0.00742257246747613,-0.478137701749802,-0.62071818113327,0.62071818113327,-0.664749264717102,0.382901966571808,-0.481653034687042,-0.758054912090302,-1.11235010623932,2023,0.70832175,"17 R",566981.644,2820624.356,"WQ_BB53",2024,"95.7","94.3","94.3","90","0","4.3",0
"700","WQ_BB53_5",0.019580265507102,0.0337694697082043,0.020485233515501,0.00662581948563457,-0.494329690933228,-0.671950876712799,0.671950876712799,-0.766813457012177,0.234652414917946,-0.606566965579987,-0.738206088542938,-1.1577445268631,2023,1.0688735,"17 R",567225.191,2820868.814,"WQ_BB53",2024,"96","96","71.75","0","0","71.75",24.25
"701","WQ_BB53_51",0.0207395143806934,0.0322454087436199,0.0200791675597429,0.00682936608791351,-0.504559755325317,-0.65044629573822,0.65044629573822,-0.738602221012115,0.34897968173027,-0.531917750835419,-0.770741403102875,-1.11366283893585,2023,0.68322784,"17 R",566958.445,2820622.093,"WQ_BB53",2024,"5","5","5","4","0","1",0
"702","WQ_BB53_52",0.0197806339710951,0.0318465605378151,0.0200809463858604,0.00859780237078667,-0.394060879945755,-0.5748330950737,0.5748330950737,-0.600609064102173,0.316952675580978,-0.579330921173096,-0.783248066902161,-1.11227381229401,2023,0.67334926,"17 R",566969.559,2820629.387,"WQ_BB53",2024,"89.8","77.8","77.8","71","0","6.8",0
"703","WQ_BB53_53",0.0246837381273508,0.0411252118647099,0.0255758948624134,0.00663342839106917,-0.576371073722839,-0.722210347652435,0.722210347652435,-0.882157623767853,0.223862498998642,-0.564844310283661,-0.692414343357086,-1.112380027771,2023,0.6020043,"17 R",567264.347,2820653.914,"WQ_BB53",2024,"51","41","41","30","0","11",0
"704","WQ_BB53_54",0.0261963028460741,0.0447265319526196,0.0248527489602566,0.00639958120882511,-0.607338070869446,-0.749655067920685,0.749655067920685,-0.885686039924622,0.18007318675518,-0.480830073356628,-0.588919937610626,-1.112380027771,2023,0.7271441,"17 R",567272.7,2820659.357,"WQ_BB53",2024,"23","17.5","17.5","9","0","8.5",0
"705","WQ_BB53_55",0.0261963028460741,0.0447265319526196,0.0248527489602566,0.00639958120882511,-0.607338070869446,-0.749655067920685,0.749655067920685,-0.885686039924622,0.18007318675518,-0.480830073356628,-0.588919937610626,-1.112380027771,2023,0.6822289,"17 R",567274.249,2820653.708,"WQ_BB53",2024,"44","28","28","25.5","0","2.5",0
"706","WQ_BB53_56",0.0248207338154316,0.0415249988436699,0.025212861597538,0.00627971766516566,-0.596165478229523,-0.737276256084442,0.737276256084442,-0.901790738105774,0.217496693134308,-0.547077775001526,-0.67299622297287,-1.11230003833771,2023,0.8301409,"17 R",567267.033,2820637.069,"WQ_BB53",2024,"50","38.5","38.5","36.5","0","2",0
"707","WQ_BB53_57",0.0249536689370871,0.039788581430912,0.0249688290059566,0.00733802653849125,-0.545516192913055,-0.688582420349121,0.688582420349121,-0.81859415769577,0.275383532047272,-0.533414483070374,-0.709082901477814,-1.11282455921173,2023,0.7692092,"17 R",567257.431,2820635.66,"WQ_BB53",2024,"75.8","72","72","70","0","2",0
"708","WQ_BB53_58",0.0244007986038923,0.0393855683505535,0.0231527164578438,0.00509832054376602,-0.654340803623199,-0.770779013633728,0.770779013633728,-0.958605289459229,0.265501767396927,-0.491206973791122,-0.66779363155365,-1.11399579048157,2023,0.6199693,"17 R",567249.555,2820639.768,"WQ_BB53",2024,"62.3","55.3","55.2","52","0","3.2",0.1
"709","WQ_BB53_59",0.0255024023354053,0.040455661714077,0.0244855377823114,0.00557162007316947,-0.641396939754486,-0.757899224758148,0.757899224758148,-0.943897485733032,0.276682615280151,-0.494939267635345,-0.679134547710419,-1.11286306381226,2023,1.1396099,"17 R",567253.129,2820652.597,"WQ_BB53",2024,"73.2","64.7","64.7","62.5","0","2.2",0
"710","WQ_BB53_6",0.0201341025531292,0.0343067012727261,0.0208505354821682,0.00580299878492951,-0.552532970905304,-0.710643649101257,0.710643649101257,-0.846840977668762,0.243129566311836,-0.593797385692596,-0.734469532966614,-1.15789246559143,2023,0.67563117,"17 R",567234.609,2820869.289,"WQ_BB53",2024,"64","57","57","51","0","6",0
"711","WQ_BB53_60",0.0242595840245485,0.0397831164300442,0.0235136281698942,0.00651050638407469,-0.576828896999359,-0.718729853630066,0.718729853630066,-0.84947270154953,0.2473434060812,-0.510245740413666,-0.668293118476868,-1.11408960819244,2023,0.6804767,"17 R",567238.73,2820651.54,"WQ_BB53",2024,"39.1","34.1","34.1","32.5","0","1.6",0
"712","WQ_BB53_61",0.0241347849369049,0.0395245365798473,0.0224314071238041,0.00533720385283232,-0.637811779975891,-0.76205986738205,0.76205986738205,-0.923391699790955,0.250207334756851,-0.475088506937027,-0.642699599266052,-1.11183404922485,2023,0.6224537,"17 R",567265.351,2820629.578,"WQ_BB53",2024,"90","88.5","88.5","83.5","0","5",0
"713","WQ_BB53_62",0.0244090519845486,0.0405914038419724,0.0232778415083885,0.00510142277926207,-0.654263615608215,-0.776707947254181,0.776707947254181,-0.960723578929901,0.228743448853493,-0.495480358600616,-0.641310334205627,-1.11151731014252,2023,0.7080451,"17 R",567267.4,2820618.431,"WQ_BB53",2024,"74.25","74.25","61","59.75","0","1.25",13.25
"714","WQ_BB53_63",0.0271471980959177,0.0423218868672848,0.0265400502830744,0.00557088572531939,-0.659461379051208,-0.767360091209412,0.767360091209412,-0.979533791542053,0.283708184957504,-0.501376748085022,-0.688952684402466,-1.11231136322021,2023,0.6704976,"17 R",567259.938,2820616.963,"WQ_BB53",2024,"58","58","31.5","30.75","0","0.75",26.5
"715","WQ_BB53_64",0.024949299171567,0.0407191142439842,0.0239989068359137,0.00545135838910937,-0.641365766525269,-0.763859510421753,0.763859510421753,-0.944688379764557,0.246770963072777,-0.499690324068069,-0.658961355686188,-1.11402499675751,2023,0.73593825,"17 R",567248.318,2820619.86,"WQ_BB53",2024,"21.1","20.1","20.1","18","0","2.1",0
"716","WQ_BB53_65",0.0239891484379768,0.0376509316265583,0.0226687490940094,0.00498033175244927,-0.656166970729828,-0.766353070735931,0.766353070735931,-0.959620535373688,0.303894191980362,-0.490146577358246,-0.69843727350235,-1.11401283740997,2023,0.6793097,"17 R",567243.381,2820626.801,"WQ_BB53",2024,"99.7","93.7","93.7","91","0","2.7",0
"717","WQ_BB53_66",0.0249536689370871,0.039788581430912,0.0249688290059566,0.00733802653849125,-0.545516192913055,-0.688582420349121,0.688582420349121,-0.81859415769577,0.275383532047272,-0.533414483070374,-0.709082901477814,-1.11282455921173,2023,0.6658476,"17 R",567259.95,2820634.266,"WQ_BB53",2024,"100","92","92","91","0","1",0
"718","WQ_BB53_67",0.0255147814750671,0.0400638319551945,0.0227989926934242,0.00475186808034778,-0.685999751091003,-0.787937343120575,0.787937343120575,-0.982571363449097,0.289140164852142,-0.433392077684402,-0.640225768089294,-1.11229515075684,2023,0.79882646,"17 R",567289.454,2820637.257,"WQ_BB53",2024,"35.3","29.7","29.1","27","0","2.1",0.6
"719","WQ_BB53_68",0.0241475291550159,0.0412667617201805,0.0218336880207062,0.005106998141855,-0.65085756778717,-0.779746234416962,0.779746234416962,-0.931306421756744,0.197673201560974,-0.451452225446701,-0.581156015396118,-1.11223602294922,2023,0.6328678,"17 R",567290.041,2820638.081,"WQ_BB53",2024,"27","23","23","22","0","1",0
"720","WQ_BB53_69",0.0222264211624861,0.0387327335774899,0.0212286859750748,0.00522460648790002,-0.619350731372833,-0.762287437915802,0.762287437915802,-0.907490789890289,0.192728310823441,-0.510309219360352,-0.62537556886673,-1.11175954341888,2023,0.68574446,"17 R",567293.203,2820626.3,"WQ_BB53",2024,"58.2","55","49.5","42","0","7.5",5.5
"721","WQ_BB53_7",0.0206871628761292,0.0360450893640518,0.0208525601774454,0.00745350774377584,-0.470267951488495,-0.657298922538757,0.657298922538757,-0.710044860839844,0.20942322909832,-0.566782116889954,-0.685105800628662,-1.1624801158905,2023,0.692011,"17 R",567243.328,2820871.955,"WQ_BB53",2024,"51","44","44","38","0","6",0
"722","WQ_BB53_70",0.0233241897076368,0.0375318080186844,0.0215913988649845,0.00475323712453246,-0.661419332027435,-0.775181174278259,0.775181174278259,-0.958724319934845,0.279681771993637,-0.476595431566238,-0.668418824672699,-1.11144113540649,2023,0.66297424,"17 R",567291.84,2820611.416,"WQ_BB53",2024,"51","49.5","40.5","25.5","0","15",9
"723","WQ_BB53_71",0.0242802184075117,0.0376622453331947,0.0220727566629648,0.00557588646188378,-0.626482665538788,-0.742084741592407,0.742084741592407,-0.89499169588089,0.315584987401962,-0.455289959907532,-0.679977595806122,-1.11151731014252,2023,0.7226005,"17 R",567282.398,2820606.12,"WQ_BB53",2024,"97.5","97.5","89.9","88.5","0","1.4",7.6
"724","WQ_BB53_72",0.0244132652878761,0.0391271077096462,0.0213448628783226,0.00533875124529004,-0.641116678714752,-0.759871900081635,0.759871900081635,-0.899771928787231,0.274111568927765,-0.421133995056152,-0.618964970111847,-1.11151731014252,2023,0.6791213,"17 R",567277.104,2820617.821,"WQ_BB53",2024,"32.2","19.2","19.2","19","0","0.2",0
"725","WQ_BB53_8",0.0226135663688183,0.0353804714977741,0.0224274694919586,0.00674854964017868,-0.540322661399841,-0.679624676704407,0.679624676704407,-0.80608594417572,0.321353137493134,-0.540042459964752,-0.753341615200043,-1.1646101474762,2023,0.8184696,"17 R",567253.49,2820872.357,"WQ_BB53",2024,"104.5","100","100","97.5","0","2.5",0
"726","WQ_BB53_9",0.02248121984303,0.0344491302967072,0.0220671705901623,0.00639710621908307,-0.556961417198181,-0.686771333217621,0.686771333217621,-0.825775265693665,0.348298400640488,-0.532055079936981,-0.768979430198669,-1.16170597076416,2023,0.84555596,"17 R",567262.432,2820863.819,"WQ_BB53",2024,"92","85.5","85.5","79","0","6.5",0
"727","WQ_BISC122_1",0.0716301500797272,0.103805050253868,0.0394474044442177,0.00286029791459441,-0.923203647136688,-0.946368753910065,0.946368753910065,-1.29717886447906,0.15027542412281,0.1297747194767,-0.0618590451776981,-1.75885593891144,2024,0.6754463,"17 R",571095,2811066,"WQ_BISC122",2024,"13.4","13.4","2.3","2.3","0","0",11.1
"728","WQ_BISC122_10",0.0745646134018898,0.108482524752617,0.0405220203101635,0.00250891246832907,-0.934895634651184,-0.954790890216827,0.954790890216827,-1.32508540153503,0.136208549141884,0.146928131580353,-0.0361034125089645,-1.75948297977448,2024,0.73553264,"17 R",571089,2811073,"WQ_BISC122",2024,"17.3","17.15","6.1","6.1","0","0",11.05
"729","WQ_BISC122_11",0.0768326595425606,0.109781563282013,0.0413587279617786,0.00297680869698524,-0.925402104854584,-0.947200238704681,0.947200238704681,-1.29857182502747,0.151529595255852,0.159404933452606,-0.0381298623979092,-1.7588632106781,2024,0.6539179,"17 R",571083,2811061,"WQ_BISC122",2024,"14.85","14.85","9.5","9.5","0","0",5.35
"730","WQ_BISC122_12",0.0762988701462746,0.110690176486969,0.0417171642184258,0.00250926637090743,-0.936319589614868,-0.955666482448578,0.955666482448578,-1.32978963851929,0.134418681263924,0.145050019025803,-0.0357687883079052,-1.75559401512146,2024,0.6341591,"17 R",571079,2811049,"WQ_BISC122",2024,"23.3","23.3","10.25","10.25","0","0",13.05
"731","WQ_BISC122_13",0.0748322531580925,0.107963256537914,0.041478518396616,0.00274334289133549,-0.929273068904877,-0.950439393520355,0.950439393520355,-1.31389236450195,0.145693778991699,0.130549520254135,-0.0568027533590794,-1.75539469718933,2024,0.6919629,"17 R",571079,2811031,"WQ_BISC122",2024,"26.55","26.55","10.5","10.5","0","0",16.05
"732","WQ_BISC122_14",0.0669502392411232,0.101462468504906,0.0394468232989311,0.00286010419949889,-0.918060719966888,-0.945168077945709,0.945168077945709,-1.29718899726868,0.110787257552147,0.0622208900749683,-0.0846746638417244,-1.75572109222412,2024,0.5484588,"17 R",571068,2811021,"WQ_BISC122",2024,"31.45","30.7","9.5","9","0","0.5",21.2
"733","WQ_BISC122_15",0.0725652500987053,0.106794834136963,0.0410015285015106,0.00403002835810184,-0.894770860671997,-0.927272140979767,0.927272140979767,-1.23151969909668,0.12831637263298,0.109682984650135,-0.0598008558154106,-1.75563132762909,2024,0.6080413,"17 R",571070,2811010,"WQ_BISC122",2024,"25.45","23.2","4.5","4.5","0","0",18.7
"734","WQ_BISC122_16",0.0673498213291168,0.100420668721199,0.0380118899047375,0.00285970559343696,-0.918537974357605,-0.944622457027435,0.944622457027435,-1.29009592533112,0.129433810710907,0.0998758152127266,-0.0697402060031891,-1.75571918487549,2024,0.6217226,"17 R",571055,2811024,"WQ_BISC122",2024,"22.95","22.95","11.75","10.75","0","1",11.2
"735","WQ_BISC122_17",0.0674818977713585,0.0976861342787743,0.0366961993277073,0.00391144491732121,-0.890425503253937,-0.923001229763031,0.923001229763031,-1.21103143692017,0.165354564785957,0.13197460770607,-0.0733396485447884,-1.75571918487549,2024,0.65930414,"17 R",571041,2811025,"WQ_BISC122",2024,"21.9","21.9","9.25","8.75","0","0.5",12.65
"736","WQ_BISC122_18",0.0716235041618347,0.104971490800381,0.0384891219437122,0.00344369281083345,-0.908250391483307,-0.936472117900848,0.936472117900848,-1.25362777709961,0.136437073349953,0.150723665952682,-0.0339232124388218,-1.75290822982788,2024,0.5647874,"17 R",571038,2811016,"WQ_BISC122",2024,"16","16","5.75","5.75","0","0",10.25
"737","WQ_BISC122_19",0.0745608061552048,0.108869962394238,0.0426716767251492,0.00379464705474675,-0.903142750263214,-0.932638168334961,0.932638168334961,-1.25500667095184,0.131772041320801,0.102650575339794,-0.0677687749266624,-1.75281083583832,2024,0.55398,"17 R",571038,2811004,"WQ_BISC122",2024,"5.75","5.75","3.5","3.5","0","0",2.25
"738","WQ_BISC122_2",0.0697622075676918,0.103025980293751,0.0392092950642109,0.00344547722488642,-0.905871152877808,-0.935278832912445,0.935278832912445,-1.25767230987549,0.133118778467178,0.108531296253204,-0.0652659460902214,-1.75957107543945,2024,0.77125996,"17 R",571100,2811058,"WQ_BISC122",2024,"31.75","31.75","3.75","3.65","0","0",28
"739","WQ_BISC122_20",0.0757597908377647,0.110297575592995,0.0414764173328876,0.00367734837345779,-0.90741491317749,-0.935470938682556,0.935470938682556,-1.25567829608917,0.131699025630951,0.142911568284035,-0.0353772342205048,-1.74821257591248,2024,0.5620619,"17 R",571025,2811005,"WQ_BISC122",2024,"20.35","20.35","18","18","0","0",2.35
"740","WQ_BISC122_21",0.0769589692354202,0.113931015133858,0.0419540144503117,0.00297577236779034,-0.92554497718811,-0.949091553688049,0.949091553688049,-1.30130517482758,0.107534147799015,0.148820281028748,-0.0107694566249847,-1.74817228317261,2024,0.5725841,"17 R",571017,2810996,"WQ_BISC122",2024,"16","16","10.15","10.15","0","0",5.85
"741","WQ_BISC122_22",0.0797619447112083,0.118082642555237,0.044344712048769,0.00332778762094676,-0.919898927211761,-0.94518119096756,0.94518119096756,-1.29058444499969,0.0992803201079369,0.137176871299744,-0.0127502027899027,-1.74772489070892,2024,0.647507,"17 R",571031,2810979,"WQ_BISC122",2024,"26.35","26.35","6.5","6.5","0","0",19.85
"742","WQ_BISC122_23",0.0802953243255615,0.115749374032021,0.0449420884251595,0.00356184202246368,-0.91504979133606,-0.940293252468109,0.940293252468109,-1.27969777584076,0.130495250225067,0.132392570376396,-0.0418279729783535,-1.74728357791901,2024,0.58646965,"17 R",571038,2810969,"WQ_BISC122",2024,"15.95","15.95","7","7","0","0",8.95
"743","WQ_BISC122_24",0.0735004842281342,0.110302180051804,0.0405242070555687,0.00274470006115735,-0.928003311157227,-0.951441407203674,0.951441407203674,-1.30969941616058,0.101371981203556,0.132507920265198,-0.0195055995136499,-1.75356447696686,2024,0.6023203,"17 R",571064,2810969,"WQ_BISC122",2024,"10.5","10.5","4.25","4.25","0","0",6.25
"744","WQ_BISC122_25",0.0714982599020004,0.104715898633003,0.0401657111942768,0.00379673251882195,-0.899150490760803,-0.930022299289703,0.930022299289703,-1.24091076850891,0.137685731053352,0.112491853535175,-0.0654219910502434,-1.75558543205261,2024,0.5907473,"17 R",571075,2810984,"WQ_BISC122",2024,"48.6","48.6","20.5","20.25","0","0.25",28.1
"745","WQ_BISC122_26",0.0769717320799828,0.111991412937641,0.0424366854131222,0.00332967448048294,-0.91707056760788,-0.942253828048706,0.942253828048706,-1.28173875808716,0.128822267055511,0.139198675751686,-0.035736970603466,-1.76358938217163,2024,0.5743324,"17 R",571090,2810997,"WQ_BISC122",2024,"21.65","21.65","8.5","8.5","0","0",13.15
"746","WQ_BISC122_27",0.0730976238846779,0.10510440915823,0.040164478123188,0.00379583798348904,-0.90127021074295,-0.930287778377533,0.930287778377533,-1.24095928668976,0.155253008008003,0.134640872478485,-0.0616977959871292,-1.75572323799133,2024,0.6285271,"17 R",571067,2811003,"WQ_BISC122",2024,"13.75","13.75","5.75","5.75","0","0",8
"747","WQ_BISC122_28",0.0793642997741699,0.115101806819439,0.0430315323174,0.0023928084410727,-0.941465437412262,-0.959269464015961,0.959269464015961,-1.34196960926056,0.12573379278183,0.157898992300034,-0.0178296193480492,-1.75572681427002,2024,0.7113149,"17 R",571057,2810995,"WQ_BISC122",2024,"15.75","15.75","6.25","4.75","0","1.5",9.5
"748","WQ_BISC122_29",0.0804305076599121,0.117954418063164,0.0445844419300556,0.00286070886068046,-0.931308269500732,-0.952643215656281,0.952643215656281,-1.31911480426788,0.108963862061501,0.140910893678665,-0.0175113789737225,-1.75322389602661,2024,0.6191635,"17 R",571051,2810984,"WQ_BISC122",2024,"11.35","11.35","6.35","5.1","0","1.25",5
"749","WQ_BISC122_3",0.073635533452034,0.111471638083458,0.0417189747095108,0.00391332665458322,-0.899074554443359,-0.932169198989868,0.932169198989868,-1.24272656440735,0.0902342423796654,0.109482459723949,-0.0287632737308741,-1.75984573364258,2024,0.77500117,"17 R",571102,2811047,"WQ_BISC122",2024,"26.65","26.65","20.25","20.25","0","0",6.4
"750","WQ_BISC122_30",0.0797619447112083,0.118082642555237,0.044344712048769,0.00332778762094676,-0.919898927211761,-0.94518119096756,0.94518119096756,-1.29058444499969,0.0992803201079369,0.137176871299744,-0.0127502027899027,-1.74772489070892,2024,0.6265944,"17 R",571039,2810977,"WQ_BISC122",2024,"20.75","20.75","6.75","6.75","0","0",14
"751","WQ_BISC122_31",0.0832219421863556,0.116785556077957,0.0443441160023212,0.00473014311864972,-0.892438173294067,-0.922147631645203,0.922147631645203,-1.21083760261536,0.155331939458847,0.179652914404869,-0.0237863827496767,-1.74817228317261,2024,0.7373827,"17 R",571026,2810980,"WQ_BISC122",2024,"14.8","14.8","5","4.75","0","0.25",9.8
"752","WQ_BISC122_32",0.0769589692354202,0.113931015133858,0.0419540144503117,0.00297577236779034,-0.92554497718811,-0.949091553688049,0.949091553688049,-1.30130517482758,0.107534147799015,0.148820281028748,-0.0107694566249847,-1.74817228317261,2024,0.8721842,"17 R",571018,2810992,"WQ_BISC122",2024,"10.5","10","8.5","8.5","0","0",1.5
"753","WQ_BISC122_33",0.0792237222194672,0.117820650339127,0.0431482717394829,0.00414464669302106,-0.900570273399353,-0.932035624980927,0.932035624980927,-1.23708665370941,0.0952419117093086,0.153808102011681,0.00367039861157537,-1.74817228317261,2024,0.6559802,"17 R",571009,2810984,"WQ_BISC122",2024,"65.5","65.5","58","58","0","0",7.5
"754","WQ_BISC122_34",0.0821546614170074,0.116006210446358,0.0447014756500721,0.003443747991696,-0.919537127017975,-0.942339897155762,0.942339897155762,-1.28541493415833,0.150660946965218,0.159877896308899,-0.0359526909887791,-1.7475665807724,2024,0.58838207,"17 R",571009,2810970,"WQ_BISC122",2024,"8.7","8.7","5.7","0.95","0","4.75",3
"755","WQ_BISC122_35",0.0781582593917847,0.114449620246887,0.0432680174708366,0.003443498397246,-0.915602326393127,-0.941582679748535,0.941582679748535,-1.27884483337402,0.117410771548748,0.137896835803986,-0.0272473227232695,-1.74817228317261,2024,0.598015,"17 R",571000,2810979,"WQ_BISC122",2024,"36.75","36.75","32.5","32.5","0","0",4.25
"756","WQ_BISC122_36",0.0808211117982864,0.118208937346935,0.0462528131902218,0.0028585665859282,-0.931678354740143,-0.952777326107025,0.952777326107025,-1.32538259029388,0.111157067120075,0.114322625100613,-0.0403951108455658,-1.74799656867981,2024,0.7284073,"17 R",570990,2810979,"WQ_BISC122",2024,"9.5","9.5","6.25","4.25","0","2",3.25
"757","WQ_BISC122_37",0.0745523795485497,0.108475744724274,0.0429075844585896,0.00297442823648453,-0.923267126083374,-0.946623146533966,0.946623146533966,-1.30551671981812,0.136121347546577,0.0978203788399696,-0.0751539990305901,-1.74422705173492,2024,0.6900282,"17 R",570979,2810985,"WQ_BISC122",2024,"16.1","15.85","11.5","11.5","0","0",4.35
"758","WQ_BISC122_38",0.0709455758333206,0.104706004261971,0.0398001968860626,0.00238921004347503,-0.93484103679657,-0.955381572246552,0.955381572246552,-1.33010828495026,0.130041897296906,0.112553648650646,-0.0592856667935848,-1.74422705173492,2024,0.70485014,"17 R",570963,2810991,"WQ_BISC122",2024,"17.2","17.2","7.1","7.1","0","0",10.1
"759","WQ_BISC122_39",0.0762848630547523,0.111461453139782,0.0407565087080002,0.00414306297898293,-0.896974503993988,-0.92832350730896,0.92832350730896,-1.22317802906036,0.125693470239639,0.164799720048904,-0.0129463784396648,-1.74422705173492,2024,0.6826042,"17 R",570962,2810990,"WQ_BISC122",2024,"21.65","21.65","11.85","11.75","0","0.1",9.8
"760","WQ_BISC122_4",0.0761687010526657,0.110042698681355,0.0418378375470638,0.00391292991116643,-0.902276456356049,-0.931325376033783,0.931325376033783,-1.24341869354248,0.139927834272385,0.140871107578278,-0.0436041355133057,-1.75800490379333,2024,0.7953006,"17 R",571091,2811050,"WQ_BISC122",2024,"25.8","25.8","15.75","15.75","0","0",10.05
"761","WQ_BISC122_40",0.0768134593963623,0.113275818526745,0.041830025613308,0.00273900991305709,-0.931139528751373,-0.952781736850739,0.952781736850739,-1.31563365459442,0.112736217677593,0.14946012198925,-0.0145196048542857,-1.7435610294342,2024,0.84122753,"17 R",570939,2810981,"WQ_BISC122",2024,"14.1","14","10.8","10.65","0","0.15",3.2
"762","WQ_BISC122_41",0.0818789452314377,0.122091524302959,0.0467276833951473,0.0036751686129719,-0.914085507392883,-0.941555798053741,0.941555798053741,-1.28125238418579,0.0844066813588142,0.118586637079716,-0.0150397885590792,-1.74362480640411,2024,0.71558636,"17 R",570941,2810968,"WQ_BISC122",2024,"31.75","31.75","25.25","24.5","0","0.75",6.5
"763","WQ_BISC122_42",0.0800152495503426,0.119501195847988,0.0441010855138302,0.0040261191315949,-0.904187202453613,-0.934814095497131,0.934814095497131,-1.2490326166153,0.0877614170312881,0.145061239600182,0.00294627295807004,-1.74017107486725,2024,0.8711403,"17 R",570942,2810958,"WQ_BISC122",2024,"12.4","12.4","4.25","4.25","0","0",8.15
"764","WQ_BISC122_43",0.0788168013095856,0.11613142490387,0.0433847829699516,0.00344186136499047,-0.916316151618958,-0.942430913448334,0.942430913448334,-1.27949345111847,0.107856504619122,0.143981397151947,-0.0144963823258877,-1.73361551761627,2024,0.7235888,"17 R",570947,2810947,"WQ_BISC122",2024,"19.25","19.25","6.75","6.75","0","0",12.5
"765","WQ_BISC122_44",0.0748206153512001,0.108736142516136,0.0408775322139263,0.00402740808203816,-0.897843778133392,-0.928568959236145,0.928568959236145,-1.23093771934509,0.136763468384743,0.142881736159325,-0.0397218465805054,-1.73172914981842,2024,0.6654856,"17 R",570960,2810932,"WQ_BISC122",2024,"14.05","14.05","2","2","0","0",12.05
"766","WQ_BISC122_45",0.0657366737723351,0.101066738367081,0.0392047986388206,0.00355995749123394,-0.897254526615143,-0.931949317455292,0.931949317455292,-1.2502646446228,0.0973017439246178,0.0491939708590508,-0.0843878984451294,-1.7393171787262,2024,0.6638769,"17 R",570975,2810941,"WQ_BISC122",2024,"31.5","31.5","1.8","1.3","0","0.5",29.7
"767","WQ_BISC122_46",0.0819971039891243,0.12350732088089,0.0455293320119381,0.00367294996976852,-0.91425359249115,-0.942240238189697,0.942240238189697,-1.27604997158051,0.0716661140322685,0.142257511615753,0.0141969602555037,-1.71854054927826,2024,0.573578,"17 R",570791,2810815,"WQ_BISC122",2024,"4.45","4.45","3.25","3","0","0.25",1.2
"768","WQ_BISC122_47",0.0841290578246117,0.127519711852074,0.045411117374897,0.00425833789631724,-0.903643786907196,-0.935371041297913,0.935371041297913,-1.24279940128326,0.0580066777765751,0.170150056481361,0.0479394569993019,-1.71638369560242,2024,0.63837487,"17 R",570800,2810800,"WQ_BISC122",2024,"11.3","11.3","7","7","0","0",4.3
"769","WQ_BISC122_48",0.0849287137389183,0.129330724477768,0.0485154651105404,0.00355734117329121,-0.919595420360565,-0.946461081504822,0.946461081504822,-1.29505574703217,0.0501198582351208,0.123032309114933,0.0169718861579895,-1.71095299720764,2024,0.55988973,"17 R",570817,2810796,"WQ_BISC122",2024,"7.5","7","5","5","0","0",2
"770","WQ_BISC122_49",0.0850627049803734,0.127003729343414,0.048754446208477,0.00297295837663114,-0.932460129261017,-0.954253971576691,0.954253971576691,-1.32757925987244,0.0740308687090874,0.120404459536076,-0.00453364476561546,-1.70200657844543,2024,0.59486866,"17 R",570827,2810801,"WQ_BISC122",2024,"27.35","27.35","23.55","23.55","0","0",3.8
"771","WQ_BISC122_5",0.0790974795818329,0.113415405154228,0.0429114587605,0.00297666084952652,-0.927464127540588,-0.948851108551025,0.948851108551025,-1.30539667606354,0.140522450208664,0.156922176480293,-0.0306849088519812,-1.75579965114594,2024,0.6361016,"17 R",571075,2811059,"WQ_BISC122",2024,"17.55","17.55","14.7","14.5","0","0.2",2.85
"772","WQ_BISC122_50",0.0646573603153229,0.0976772457361221,0.0363344363868237,0.00262498762458563,-0.921970963478088,-0.94765841960907,0.94765841960907,-1.2978675365448,0.122709073126316,0.0976939275860786,-0.0666781365871429,-1.71882271766663,2024,0.64431006,"17 R",570827,2810700,"WQ_BISC122",2024,"41.65","41.4","40.5","40.5","0","0",0.9
"773","WQ_BISC122_51",0.0571551397442818,0.089075431227684,0.0304731801152229,0.00379417836666107,-0.875497281551361,-0.918290197849274,0.918290197849274,-1.16783154010773,0.112775027751923,0.124879844486713,-0.038961511105299,-1.71430599689484,2024,0.57661337,"17 R",570838,2810704,"WQ_BISC122",2024,"64","64","62","62","0","0",2
"774","WQ_BISC122_52",0.0623834654688835,0.0950733870267868,0.0360958874225616,0.002625284017995,-0.919232904911041,-0.946257531642914,0.946257531642914,-1.29660093784332,0.120144635438919,0.0675281807780266,-0.089208148419857,-1.71225392818451,2024,0.59972364,"17 R",570847,2810720,"WQ_BISC122",2024,"11","11","6","6.25","0","0",5
"775","WQ_BISC122_53",0.0796126648783684,0.119369253516197,0.0412348806858063,0.00356002803891897,-0.914394319057465,-0.942080080509186,0.942080080509186,-1.26157820224762,0.0840763077139854,0.197514265775681,0.0476432032883167,-1.70662891864777,2024,0.6097979,"17 R",570846,2810733,"WQ_BISC122",2024,"17","17","5","4.75","0","0",12
"776","WQ_BISC122_54",0.0765456855297089,0.117165215313435,0.0389637798070908,0.00285820197314024,-0.928008496761322,-0.952372610569,0.952372610569,-1.29497373104095,0.0677161365747452,0.206701040267944,0.0676190927624702,-1.71096909046173,2024,0.5573711,"17 R",570832,2810738,"WQ_BISC122",2024,"10","10","6","6.25","0","0",3
"777","WQ_BISC122_55",0.0802744999527931,0.123381823301315,0.0435030870139599,0.00355908600613475,-0.915091633796692,-0.943925321102142,0.943925321102142,-1.27312445640564,0.0516847744584084,0.15997725725174,0.0442088730633259,-1.72303175926208,2024,0.5561877,"17 R",570818,2810727,"WQ_BISC122",2024,"11","11","5","4.25","0","1",5
"778","WQ_BISC122_56",0.082536906003952,0.12325181812048,0.0463686436414719,0.00390963675454259,-0.909547865390778,-0.938509106636047,0.938509106636047,-1.2667201757431,0.0807751417160034,0.133189931511879,-0.000323983607813716,-1.72510373592377,2024,0.5551997,"17 R",570800,2810719,"WQ_BISC122",2024,"18","17","9","8.75","0","0",8
"779","WQ_BISC122_57",0.0808051899075508,0.123251259326935,0.0442190691828728,0.00355879007838666,-0.915632486343384,-0.943872094154358,0.943872094154358,-1.27654147148132,0.0595763735473156,0.152599230408669,0.032023947685957,-1.73037719726562,2024,0.5918156,"17 R",570794,2810709,"WQ_BISC122",2024,"16","16","8","5.75","0","2",9
"780","WQ_BISC122_58",0.0838686972856522,0.122605010867119,0.0446976460516453,0.00309182400815189,-0.92889130115509,-0.950805068016052,0.950805068016052,-1.30590975284576,0.103254526853561,0.180600062012672,0.0194298680871725,-1.72686755657196,2024,0.54554373,"17 R",570807,2810699,"WQ_BISC122",2024,"23","23","15","14.25","0","1",7
"781","WQ_BISC122_59",0.0671998113393784,0.100541278719902,0.0370521247386932,0.00192374980542809,-0.944338798522949,-0.962450623512268,0.962450623512268,-1.35192763805389,0.125727459788322,0.119526848196983,-0.0511097945272923,-1.72003221511841,2024,0.5476332,"17 R",570821,2810688,"WQ_BISC122",2024,"47","46","45","45","0","0",1
"782","WQ_BISC122_6",0.0796282067894936,0.116008467972279,0.0432688891887665,0.00285910186357796,-0.930677771568298,-0.951894342899323,0.951894342899323,-1.31405425071716,0.119401812553406,0.156512245535851,-0.0137325935065746,-1.754225730896,2024,0.73211145,"17 R",571067,2811070,"WQ_BISC122",2024,"14.55","14.45","11.15","10.65","0","0.5",3.3
"783","WQ_BISC122_60",0.0646602809429169,0.0992410480976105,0.0362161211669445,0.00414560874924064,-0.879498422145844,-0.9198037981987,0.9198037981987,-1.19186592102051,0.103216163814068,0.100529760122299,-0.0485720299184322,-1.72176277637482,2024,0.56461287,"17 R",570834,2810679,"WQ_BISC122",2024,"39","38","37","36.25","0","0",2
"784","WQ_BISC122_61",0.0737501457333565,0.1074348539114,0.0371735505759716,0.00262653967365623,-0.931221425533295,-0.952271342277527,0.952271342277527,-1.30202007293701,0.137163102626801,0.209739983081818,0.0129765085875988,-1.71485233306885,2024,0.58067846,"17 R",570842,2810668,"WQ_BISC122",2024,"35.5","35","31.5","31.5","0","0",3.5
"785","WQ_BISC122_62",0.079486146569252,0.117687858641148,0.0415963605046272,0.00356231862679124,-0.914211094379425,-0.941240191459656,0.941240191459656,-1.26334655284882,0.0999360904097557,0.188455909490585,0.0275085177272558,-1.70211553573608,2024,0.5715523,"17 R",570860,2810671,"WQ_BISC122",2024,"5.5","5","4","3.5","0","0.5",1
"786","WQ_BISC122_63",0.0828169733285904,0.12325881421566,0.0452997460961342,0.00449810922145844,-0.896968305110931,-0.929583311080933,0.929583311080933,-1.22901785373688,0.0840928107500076,0.156532034277916,0.0156284458935261,-1.69833326339722,2024,0.62734234,"17 R",570876,2810666,"WQ_BISC122",2024,"26.1","26.1","17.25","17.25","0","0",8.85
"787","WQ_BISC122_64",0.0833529382944107,0.121966019272804,0.0467338673770428,0.0028626003768295,-0.933594346046448,-0.954135537147522,0.954135537147522,-1.32684648036957,0.103513821959496,0.136315390467644,-0.0161584690213203,-1.6898318529129,2024,0.61072457,"17 R",570892,2810657,"WQ_BISC122",2024,"11.25","11.25","7.25","6.25","0","1",4
"788","WQ_BISC122_65",0.0848183333873749,0.122485011816025,0.0470928698778152,0.00286325020715594,-0.934689819812775,-0.954315304756165,0.954315304756165,-1.32805407047272,0.115718357264996,0.147195681929588,-0.0171280112117529,-1.68315303325653,2024,0.5910092,"17 R",570905,2810646,"WQ_BISC122",2024,"4.95","4.95","2.1","2","0","0.1",2.85
"789","WQ_BISC122_66",0.0821611285209656,0.123134210705757,0.0472137033939362,0.00298120244406164,-0.92997133731842,-0.952722609043121,0.952722609043121,-1.32182240486145,0.0773862451314926,0.113173700869083,-0.0135883558541536,-1.68162560462952,2024,0.58473164,"17 R",570921,2810633,"WQ_BISC122",2024,"9.2","9.2","3.6","3.5","0","0.1",5.6
"790","WQ_BISC122_67",0.0814961269497871,0.121321797370911,0.04602025821805,0.00379974045790732,-0.910904467105865,-0.939263224601746,0.939263224601746,-1.27119183540344,0.0875001400709152,0.126952707767487,-0.0109667927026749,-1.68013989925385,2024,0.5602109,"17 R",570920,2810622,"WQ_BISC122",2024,"32.7","32.2","28.75","28.75","0","0",3.45
"791","WQ_BISC122_68",0.0771011039614677,0.113804742693901,0.0429161228239536,0.00403402047231793,-0.900560438632965,-0.931533217430115,0.931533217430115,-1.24223589897156,0.110743455588818,0.13126577436924,-0.0273320190608501,-1.67689168453217,2024,0.60702884,"17 R",570923,2810604,"WQ_BISC122",2024,"19.75","19.75","4.75","4.75","0","0",15
"792","WQ_BISC122_69",0.0633439719676971,0.0982114896178246,0.0375402607023716,0.00321665336377919,-0.903346657752991,-0.936572790145874,0.936572790145874,-1.26323127746582,0.0954770967364311,0.0492376610636711,-0.0834755823016167,-1.67113351821899,2024,0.53717786,"17 R",570935,2810588,"WQ_BISC122",2024,"37.45","37.45","0.35","0.35","0","0",37.1
"793","WQ_BISC122_7",0.077363133430481,0.11341454833746,0.0430300012230873,0.00239134370349348,-0.940032362937927,-0.958700835704803,0.958700835704803,-1.34205591678619,0.118361085653305,0.132391154766083,-0.0325727052986622,-1.75401055812836,2024,0.6436696,"17 R",571073,2811083,"WQ_BISC122",2024,"20.8","20.8","16.7","16","0","0.7",4.1
"794","WQ_BISC122_70",0.0720364600419998,0.106666646897793,0.0413653254508972,0.00426933309063315,-0.888099372386932,-0.92303067445755,0.92303067445755,-1.21933615207672,0.122480005025864,0.0948110371828079,-0.0670226588845253,-1.67171061038971,2024,0.66061693,"17 R",570945,2810578,"WQ_BISC122",2024,"14.5","14.5","5","5","0","0",9.5
"795","WQ_BISC122_71",0.0813712254166603,0.121196337044239,0.0467400662600994,0.00368552911095321,-0.913339555263519,-0.940975725650787,0.940975725650787,-1.28073465824127,0.0872390940785408,0.112139768898487,-0.0225794930011034,-1.67385125160217,2024,0.5550231,"17 R",570956,2810568,"WQ_BISC122",2024,"14.75","14.75","6.75","6.75","0","0",8
"796","WQ_BISC122_72",0.0804423466324806,0.118866294622421,0.0469799749553204,0.00356943043880165,-0.915025472640991,-0.941693007946014,0.941693007946014,-1.28816187381744,0.0996378734707832,0.0962783098220825,-0.0454815104603767,-1.67046105861664,2024,0.5864558,"17 R",570975,2810569,"WQ_BISC122",2024,"6.25","6.25","5.5","5.5","0","0",0.75
"797","WQ_BISC122_73",0.0825750529766083,0.123529724776745,0.0476972907781601,0.00415477436035872,-0.904190421104431,-0.934921264648438,0.934921264648438,-1.25961756706238,0.0784666836261749,0.109479956328869,-0.0173269677907228,-1.68855035305023,2024,0.5726333,"17 R",570982,2810548,"WQ_BISC122",2024,"10.85","10.1","7.25","6.25","0","1",2.85
"798","WQ_BISC122_74",0.0718847140669823,0.102887831628323,0.0399212166666985,0.00320854084566236,-0.914545178413391,-0.939516484737396,0.939516484737396,-1.27682173252106,0.164740577340126,0.12310653924942,-0.0788720548152924,-1.74803936481476,2024,0.6349914,"17 R",570994,2811010,"WQ_BISC122",2024,"13.65","13.15","7.75","7.75","0","0",5.4
"799","WQ_BISC122_75",0.0697484239935875,0.103928774595261,0.0388458706438541,0.00274105113931,-0.924373805522919,-0.948606789112091,0.948606789112091,-1.30226588249207,0.122188873589039,0.116301216185093,-0.0501944869756699,-1.74838316440582,2024,0.61572987,"17 R",571005,2811017,"WQ_BISC122",2024,"13.35","13.35","5.25","5.25","0","0",8.1
"800","WQ_BISC122_76",0.0697484239935875,0.103928774595261,0.0388458706438541,0.00274105113931,-0.924373805522919,-0.948606789112091,0.948606789112091,-1.30226588249207,0.122188873589039,0.116301216185093,-0.0501944869756699,-1.74838316440582,2024,0.6514863,"17 R",571005,2811017,"WQ_BISC122",2024,"5.1","5.1","1.6","1.6","0","0",3.5
"801","WQ_BISC122_77",0.0697484239935875,0.103928774595261,0.0388458706438541,0.00274105113931,-0.924373805522919,-0.948606789112091,0.948606789112091,-1.30226588249207,0.122188873589039,0.116301216185093,-0.0501944869756699,-1.74838316440582,2024,0.6514863,"17 R",571005,2811017,"WQ_BISC122",2024,"9.15","9.15","3.2","3.2","0","0",5.95
"802","WQ_BISC122_78",0.0697484239935875,0.103928774595261,0.0388458706438541,0.00274105113931,-0.924373805522919,-0.948606789112091,0.948606789112091,-1.30226588249207,0.122188873589039,0.116301216185093,-0.0501944869756699,-1.74838316440582,2024,0.6514863,"17 R",571005,2811017,"WQ_BISC122",2024,"25.1","24.35","19","19","0","0",5.35
"803","WQ_BISC122_79",0.0697484239935875,0.103928774595261,0.0388458706438541,0.00274105113931,-0.924373805522919,-0.948606789112091,0.948606789112091,-1.30226588249207,0.122188873589039,0.116301216185093,-0.0501944869756699,-1.74838316440582,2024,0.6514863,"17 R",571005,2811017,"WQ_BISC122",2024,"9.7","9.7","7.5","7.25","0","0.25",2.2
"804","WQ_BISC122_8",0.0785621181130409,0.113025024533272,0.0424324311316013,0.00274183670990169,-0.93255341053009,-0.952631771564484,0.952631771564484,-1.31791603565216,0.137972488999367,0.159735843539238,-0.0264815874397755,-1.75336372852325,2024,0.7107533,"17 R",571076,2811099,"WQ_BISC122",2024,"27.55","27.3","24.75","24.25","0","0.5",2.55
"805","WQ_BISC122_80",0.0697484239935875,0.103928774595261,0.0388458706438541,0.00274105113931,-0.924373805522919,-0.948606789112091,0.948606789112091,-1.30226588249207,0.122188873589039,0.116301216185093,-0.0501944869756699,-1.74838316440582,2024,0.6514863,"17 R",571005,2811017,"WQ_BISC122",2024,"12.95","12.7","9.5","9.25","0","0.25",3.2
"806","WQ_BISC122_81",0.0697484239935875,0.103928774595261,0.0388458706438541,0.00274105113931,-0.924373805522919,-0.948606789112091,0.948606789112091,-1.30226588249207,0.122188873589039,0.116301216185093,-0.0501944869756699,-1.74838316440582,2024,0.6514863,"17 R",571005,2811017,"WQ_BISC122",2024,"18.95","18.95","6.1","6.1","0","0",12.85
"807","WQ_BISC122_82",0.0697484239935875,0.103928774595261,0.0388458706438541,0.00274105113931,-0.924373805522919,-0.948606789112091,0.948606789112091,-1.30226588249207,0.122188873589039,0.116301216185093,-0.0501944869756699,-1.74838316440582,2024,0.6514863,"17 R",571005,2811017,"WQ_BISC122",2024,"22.5","22.5","6.75","6.75","0","0",15.75
"808","WQ_BISC122_83",0.0697484239935875,0.103928774595261,0.0388458706438541,0.00274105113931,-0.924373805522919,-0.948606789112091,0.948606789112091,-1.30226588249207,0.122188873589039,0.116301216185093,-0.0501944869756699,-1.74838316440582,2024,0.6514863,"17 R",571005,2811017,"WQ_BISC122",2024,"23","23","5.75","5.75","0","0",17.25
"809","WQ_BISC122_84",0.0697484239935875,0.103928774595261,0.0388458706438541,0.00274105113931,-0.924373805522919,-0.948606789112091,0.948606789112091,-1.30226588249207,0.122188873589039,0.116301216185093,-0.0501944869756699,-1.74838316440582,2024,0.6514863,"17 R",571005,2811017,"WQ_BISC122",2024,"26","26","2","2","0","0",24
"810","WQ_BISC122_85",0.0697484239935875,0.103928774595261,0.0388458706438541,0.00274105113931,-0.924373805522919,-0.948606789112091,0.948606789112091,-1.30226588249207,0.122188873589039,0.116301216185093,-0.0501944869756699,-1.74838316440582,2024,0.6514863,"17 R",571005,2811017,"WQ_BISC122",2024,"21.35","21.35","8.85","8.75","0","0.1",12.5
"811","WQ_BISC122_86",0.0697484239935875,0.103928774595261,0.0388458706438541,0.00274105113931,-0.924373805522919,-0.948606789112091,0.948606789112091,-1.30226588249207,0.122188873589039,0.116301216185093,-0.0501944869756699,-1.74838316440582,2024,0.6514863,"17 R",571005,2811017,"WQ_BISC122",2024,"20.25","19","15.75","15.75","0","0",3.25
"812","WQ_BISC122_87",0.0697484239935875,0.103928774595261,0.0388458706438541,0.00274105113931,-0.924373805522919,-0.948606789112091,0.948606789112091,-1.30226588249207,0.122188873589039,0.116301216185093,-0.0501944869756699,-1.74838316440582,2024,0.6514863,"17 R",571005,2811017,"WQ_BISC122",2024,"15.6","14.1","5.6","5.5","0","0.1",8.5
"813","WQ_BISC122_88",0.0697484239935875,0.103928774595261,0.0388458706438541,0.00274105113931,-0.924373805522919,-0.948606789112091,0.948606789112091,-1.30226588249207,0.122188873589039,0.116301216185093,-0.0501944869756699,-1.74838316440582,2024,0.6514863,"17 R",571005,2811017,"WQ_BISC122",2024,"8.96","8.96","3.36","3.36","0","0",5.6
"814","WQ_BISC122_89",0.0697484239935875,0.103928774595261,0.0388458706438541,0.00274105113931,-0.924373805522919,-0.948606789112091,0.948606789112091,-1.30226588249207,0.122188873589039,0.116301216185093,-0.0501944869756699,-1.74838316440582,2024,0.6514863,"17 R",571005,2811017,"WQ_BISC122",2024,"7.1","7.1","1.85","0.1","0","1.75",5.25
"815","WQ_BISC122_9",0.0769663900136948,0.10705403983593,0.0408807806670666,0.0033274267334491,-0.917118728160858,-0.939710438251495,0.939710438251495,-1.27419853210449,0.184216991066933,0.171089127659798,-0.0553664900362492,-1.75887012481689,2024,0.6785369,"17 R",571094,2811087,"WQ_BISC122",2024,"6.85","6.85","4.45","4.15","0","0.3",2.4
"816","WQ_BISC122_90",0.0697484239935875,0.103928774595261,0.0388458706438541,0.00274105113931,-0.924373805522919,-0.948606789112091,0.948606789112091,-1.30226588249207,0.122188873589039,0.116301216185093,-0.0501944869756699,-1.74838316440582,2024,0.6514863,"17 R",571005,2811017,"WQ_BISC122",2024,"9.95","9.7","5","4","0","1",4.7
"817","WQ_BISC122_91",0.0697484239935875,0.103928774595261,0.0388458706438541,0.00274105113931,-0.924373805522919,-0.948606789112091,0.948606789112091,-1.30226588249207,0.122188873589039,0.116301216185093,-0.0501944869756699,-1.74838316440582,2024,0.6514863,"17 R",571005,2811017,"WQ_BISC122",2024,"17.85","17.75","14.25","13.75","0","0.5",3.5
"818","WQ_BISC122_92",0.0697484239935875,0.103928774595261,0.0388458706438541,0.00274105113931,-0.924373805522919,-0.948606789112091,0.948606789112091,-1.30226588249207,0.122188873589039,0.116301216185093,-0.0501944869756699,-1.74838316440582,2024,0.6514863,"17 R",571005,2811017,"WQ_BISC122",2024,"11.95","11.95","5.6","5.6","0","0",6.35
"819","WQ_BISC122_93",0.0697484239935875,0.103928774595261,0.0388458706438541,0.00274105113931,-0.924373805522919,-0.948606789112091,0.948606789112091,-1.30226588249207,0.122188873589039,0.116301216185093,-0.0501944869756699,-1.74838316440582,2024,0.6514863,"17 R",571005,2811017,"WQ_BISC122",2024,"22.95","22.95","17","17","0","0",5.95
"820","WQ_BISC122_94",0.0697484239935875,0.103928774595261,0.0388458706438541,0.00274105113931,-0.924373805522919,-0.948606789112091,0.948606789112091,-1.30226588249207,0.122188873589039,0.116301216185093,-0.0501944869756699,-1.74838316440582,2024,0.6514863,"17 R",571005,2811017,"WQ_BISC122",2024,"11","11","6.25","6.25","0","0",4.75
"821","WQ_CD01A_1",0.0166422855108976,0.028374845162034,0.014292404986918,0.00870757643133402,-0.313007980585098,-0.530366361141205,0.530366361141205,-0.364228248596191,0.286184191703796,-0.461142271757126,-0.666910111904144,-1.11258411407471,2024,0.6340959,"17 R",569902,2832736,"WQ_CD01A",2024,"92.25","92.25","49","42.5","0","6.5",43.25
"822","WQ_CD01A_10",0.0168909300118685,0.0251319035887718,0.015734052285552,0.00881417188793421,-0.31420835852623,-0.48069566488266,0.48069566488266,-0.422833859920502,0.450307458639145,-0.528535842895508,-0.853773534297943,-1.07237839698792,2024,0.71980655,"17 R",569865,2832752,"WQ_CD01A",2024,"84.75","84.75","82.25","8.5","0","73.75",2.5
"823","WQ_CD01A_11",0.0162018015980721,0.025804566219449,0.0152488760650158,0.00869662687182426,-0.301431655883789,-0.495865166187286,0.495865166187286,-0.41044756770134,0.37616154551506,-0.543391108512878,-0.806012272834778,-1.07438182830811,2024,0.79279536,"17 R",569862,2832743,"WQ_CD01A",2024,"100.25","100.25","22.75","12.75","0","10",77.5
"824","WQ_CD01A_12",0.0170255582779646,0.0271440651267767,0.0163393020629883,0.00916684977710247,-0.300037652254105,-0.4950912296772,0.4950912296772,-0.421807199716568,0.36350217461586,-0.552892982959747,-0.802479922771454,-1.06907689571381,2024,0.73977345,"17 R",569857,2832733,"WQ_CD01A",2024,"92.25","92.25","85.5","5","0","80.5",6.75
"825","WQ_CD01A_13",0.0185454674065113,0.0276821460574865,0.0173117332160473,0.00845892727375031,-0.373514771461487,-0.531893968582153,0.531893968582153,-0.51528400182724,0.424865663051605,-0.516847133636475,-0.822253227233887,-1.06832921504974,2024,0.6197296,"17 R",569853,2832727,"WQ_CD01A",2024,"94","94","38.75","0","0","38.75",55.25
"826","WQ_CD01A_14",0.014673768542707,0.0267386082559824,0.0164586547762156,0.00904723815619946,-0.23719610273838,-0.494367808103561,0.494367808103561,-0.435864955186844,0.233361139893532,-0.70777440071106,-0.822490394115448,-1.06167268753052,2024,0.7060819,"17 R",569847,2832715,"WQ_CD01A",2024,"35.5","35.5","25.75","0.5","0","25.25",9.75
"827","WQ_CD01A_15",0.0179960839450359,0.0271469987928867,0.0151267740875483,0.00940456986427307,-0.313551425933838,-0.485408127307892,0.485408127307892,-0.349891394376755,0.418807744979858,-0.431480646133423,-0.749817728996277,-1.07259237766266,2024,0.6767532,"17 R",569857,2832707,"WQ_CD01A",2024,"98.5","98.5","98.5","5.75","0","92.75",0
"828","WQ_CD01A_16",0.0152403684332967,0.0268829502165318,0.0146444644778967,0.00869874749332666,-0.273260742425919,-0.511054933071136,0.511054933071136,-0.382062911987305,0.264624774456024,-0.569961905479431,-0.737506330013275,-1.08024621009827,2024,0.69980603,"17 R",569864,2832706,"WQ_CD01A",2024,"100.25","100.25","98","96.25","0","1.75",2.25
"829","WQ_CD01A_17",0.0171690955758095,0.0259392540901899,0.0151275368407369,0.00834244303405285,-0.345986694097519,-0.513300478458405,0.513300478458405,-0.433645069599152,0.427746146917343,-0.478566974401474,-0.795361161231995,-1.07534992694855,2024,0.7197212,"17 R",569858,2832699,"WQ_CD01A",2024,"88.25","88.25","86.5","43.5","0","43",1.75
"830","WQ_CD01A_18",0.0175771396607161,0.0258003659546375,0.0156098296865821,0.00940250791609287,-0.302992522716522,-0.465810209512711,0.465810209512711,-0.372255593538284,0.457838505506516,-0.481931447982788,-0.822120487689972,-1.06817555427551,2024,0.76049805,"17 R",569845,2832699,"WQ_CD01A",2024,"99.75","99.75","31.25","10","0","21.25",68.5
"831","WQ_CD01A_19",0.0175771396607161,0.0258003659546375,0.0156098296865821,0.00940250791609287,-0.302992522716522,-0.465810209512711,0.465810209512711,-0.372255593538284,0.457838505506516,-0.481931447982788,-0.822120487689972,-1.06817555427551,2024,0.790344,"17 R",569840,2832691,"WQ_CD01A",2024,"99.5","99.5","60","9.25","0","50.75",39.5
"832","WQ_CD01A_2",0.0178771894425154,0.0266240406781435,0.0136804366484284,0.00716945854946971,-0.427511543035507,-0.575690090656281,0.575690090656281,-0.468418031930923,0.436107307672501,-0.352120637893677,-0.700771868228912,-1.09732663631439,2024,0.60548997,"17 R",569893,2832746,"WQ_CD01A",2024,"100","100","100","94.75","0","5.25",0
"833","WQ_CD01A_20",0.0164662394672632,0.0268703456968069,0.0162135995924473,0.00916377548128366,-0.284918457269669,-0.49138343334198,0.49138343334198,-0.416699379682541,0.342566132545471,-0.579688549041748,-0.807351291179657,-1.06078600883484,2024,0.6549443,"17 R",569839,2832691,"WQ_CD01A",2024,"16.25","16.25","9.75","0.5","0","9.25",6.5
"834","WQ_CD01A_21",0.0164662394672632,0.0268703456968069,0.0162135995924473,0.00916377548128366,-0.284918457269669,-0.49138343334198,0.49138343334198,-0.416699379682541,0.342566132545471,-0.579688549041748,-0.807351291179657,-1.06078600883484,2024,0.6549443,"17 R",569839,2832691,"WQ_CD01A",2024,"98.25","98.25","3","2","0","1",95.25
"835","WQ_CD01A_22",0.0182537268847227,0.0264619030058384,0.0168165825307369,0.00845215562731028,-0.367019176483154,-0.515830814838409,0.515830814838409,-0.496528178453445,0.464465200901031,-0.507874250411987,-0.847556233406067,-1.04997825622559,2024,0.7484618,"17 R",569827,2832701,"WQ_CD01A",2024,"99","99","48.5","8.75","0","39.75",50.5
"836","WQ_CD01A_23",0.0194911248981953,0.0268612932413816,0.0181497670710087,0.00915858801454306,-0.360650628805161,-0.491470396518707,0.491470396518707,-0.493869692087173,0.511627674102783,-0.507560908794403,-0.884574711322784,-1.04476547241211,2024,0.6801843,"17 R",569818,2832697,"WQ_CD01A",2024,"80","80","45.5","8.75","0","36.75",34.5
"837","WQ_CD01A_24",0.0194911248981953,0.0268612932413816,0.0181497670710087,0.00915858801454306,-0.360650628805161,-0.491470396518707,0.491470396518707,-0.493869692087173,0.511627674102783,-0.507560908794403,-0.884574711322784,-1.04476547241211,2024,0.6878143,"17 R",569817,2832696,"WQ_CD01A",2024,"100","100","87.25","7.75","0","79.5",12.75
"838","WQ_CD01A_25",0.0175572857260704,0.0260543581098318,0.0169344432651997,0.00939421821385622,-0.302879840135574,-0.469980508089066,0.469980508089066,-0.429582715034485,0.444657623767853,-0.55275022983551,-0.867837429046631,-1.04458677768707,2024,1.3830217,"17 R",569812,2832701,"WQ_CD01A",2024,"74","74","53.5","7.75","0","45.75",20.5
"839","WQ_CD01A_26",0.0194911248981953,0.0268612932413816,0.0181497670710087,0.00915858801454306,-0.360650628805161,-0.491470396518707,0.491470396518707,-0.493869692087173,0.511627674102783,-0.507560908794403,-0.884574711322784,-1.04476547241211,2024,0.61869156,"17 R",569811,2832700,"WQ_CD01A",2024,"99.75","99.75","99.5","99.25","0","0.25",0.25
"840","WQ_CD01A_27",0.0175572857260704,0.0260543581098318,0.0169344432651997,0.00939421821385622,-0.302879840135574,-0.469980508089066,0.469980508089066,-0.429582715034485,0.444657623767853,-0.55275022983551,-0.867837429046631,-1.04458677768707,2024,0.6656151,"17 R",569811,2832709,"WQ_CD01A",2024,"31","31","18.5","5.25","0","13.25",12.5
"841","WQ_CD01A_28",0.0205908659845591,0.0316908732056618,0.0206973925232887,0.0105738854035735,-0.321420192718506,-0.499635845422745,0.499635845422745,-0.4855976998806,0.363125264644623,-0.565057337284088,-0.80875700712204,-1.04052805900574,2024,0.77196664,"17 R",569816,2832721,"WQ_CD01A",2024,"97.75","97.75","7.25","2.75","0","4.5",90.5
"842","WQ_CD01A_29",0.0205908659845591,0.0316908732056618,0.0206973925232887,0.0105738854035735,-0.321420192718506,-0.499635845422745,0.499635845422745,-0.4855976998806,0.363125264644623,-0.565057337284088,-0.80875700712204,-1.04052805900574,2024,0.6453003,"17 R",569815,2832724,"WQ_CD01A",2024,"13.35","13.35","7.5","2.25","0","5.25",5.85
"843","WQ_CD01A_3",0.0167652387171984,0.0242006089538336,0.0140404915437102,0.00881937518715858,-0.31057196855545,-0.465815901756287,0.465815901756287,-0.342594921588898,0.489287912845612,-0.43856617808342,-0.813915014266968,-1.08590602874756,2024,0.626927,"17 R",569883,2832759,"WQ_CD01A",2024,"99.25","99.25","90","3","0","87",9.25
"844","WQ_CD01A_30",0.0193551853299141,0.0284742675721645,0.0183939859271049,0.00868726521730423,-0.380420386791229,-0.532459259033203,0.532459259033203,-0.537644326686859,0.432895094156265,-0.525995910167694,-0.835370242595673,-1.04825973510742,2024,0.6663904,"17 R",569824,2832730,"WQ_CD01A",2024,"40.25","40.25","38.25","3.75","0","34.5",2
"845","WQ_CD01A_31",0.016324020922184,0.0275388695299625,0.0175474472343922,0.008689871057868,-0.305196404457092,-0.520277500152588,0.520277500152588,-0.506391882896423,0.303661286830902,-0.656006157398224,-0.836660027503967,-1.05560922622681,2024,0.6706148,"17 R",569832,2832730,"WQ_CD01A",2024,"48.5","48.5","19","0","0","19",29.5
"846","WQ_CD01A_32",0.015501419082284,0.0274090971797705,0.0164579004049301,0.0079839713871479,-0.320090383291245,-0.548839807510376,0.548839807510376,-0.520045816898346,0.257765591144562,-0.652865052223206,-0.797692716121674,-1.06110215187073,2024,0.64322567,"17 R",569842,2832727,"WQ_CD01A",2024,"99","99","98","96.5","0","1.5",1
"847","WQ_CD01A_33",0.0177063010632992,0.0264654606580734,0.0177910942584276,0.00939886644482613,-0.306488960981369,-0.475865453481674,0.475865453481674,-0.462977558374405,0.43385112285614,-0.586521804332733,-0.88581657409668,-1.05556166172028,2024,0.6783623,"17 R",569835,2832720,"WQ_CD01A",2024,"54.75","54.75","32","2.25","0","29.75",22.75
"848","WQ_CD01A_34",0.0350801050662994,0.0637391060590744,0.0269913896918297,0.00581763498485088,-0.715503334999084,-0.83272260427475,0.83272260427475,-0.968045592308044,0.0363424345850945,-0.259444624185562,-0.290952146053314,-1.52639448642731,2024,0.5733012,"17 R",570136,2832727,"WQ_CD01A",2024,"5.75","5.75","0","0","0","0",5.75
"849","WQ_CD01A_35",0.0352160446345806,0.06453637778759,0.0272330082952976,0.00605315435677767,-0.706650257110596,-0.828497111797333,0.828497111797333,-0.954444050788879,0.0249187331646681,-0.263202100992203,-0.284595429897308,-1.53044581413269,2024,0.6098893,"17 R",570134,2832739,"WQ_CD01A",2024,"11.75","11.75","6.5","6.5","0","0",5.25
"850","WQ_CD01A_36",0.0323290154337883,0.0602752827107906,0.0246848482638597,0.00605048518627882,-0.684702217578888,-0.817552506923676,0.817552506923676,-0.909427106380463,0.0234077237546444,-0.264683246612549,-0.285944521427155,-1.51081943511963,2024,0.60784924,"17 R",570129,2832739,"WQ_CD01A",2024,"29.5","29.5","2.5","1","0","1.5",27
"851","WQ_CD01A_37",0.0310920048505068,0.0568118467926979,0.0241992827504873,0.00593190919607878,-0.679563343524933,-0.810916364192963,0.810916364192963,-0.909391820430756,0.0571883171796799,-0.286699533462524,-0.331581175327301,-1.51731836795807,2024,0.5453556,"17 R",570120,2832744,"WQ_CD01A",2024,"78.5","78.5","78.5","27.75","0","50.75",0
"852","WQ_CD01A_38",0.0316357053816319,0.0576077327132225,0.0256503969430923,0.00522098783403635,-0.716687142848969,-0.83380252122879,0.83380252122879,-0.992638111114502,0.0574106797575951,-0.319191336631775,-0.357361406087875,-1.50058591365814,2024,0.5284434,"17 R",570114,2832744,"WQ_CD01A",2024,"40","40","15.5","13.5","0","2",24.5
"853","WQ_CD01A_39",0.0304008927196264,0.051342885941267,0.0233479905873537,0.00545762199908495,-0.695602476596832,-0.807831943035126,0.807831943035126,-0.931608498096466,0.159220322966576,-0.278536975383759,-0.408391118049622,-1.49531185626984,2024,0.56793666,"17 R",570113,2832734,"WQ_CD01A",2024,"47.5","47.5","33","32.25","0","0.75",14.5
"854","WQ_CD01A_4",0.0167652387171984,0.0242006089538336,0.0140404915437102,0.00881937518715858,-0.31057196855545,-0.465815901756287,0.465815901756287,-0.342594921588898,0.489287912845612,-0.43856617808342,-0.813915014266968,-1.08590602874756,2024,0.66602254,"17 R",569884,2832760,"WQ_CD01A",2024,"100","100","99.9","96.5","0","3.4",0.1
"855","WQ_CD01A_40",0.0310945231467485,0.0566801726818085,0.0238370429724455,0.00557888904586434,-0.695752918720245,-0.820784687995911,0.820784687995911,-0.931033909320831,0.0601236894726753,-0.273714005947113,-0.323621988296509,-1.50683414936066,2024,0.68754053,"17 R",570126,2832725,"WQ_CD01A",2024,"10.5","10.5","5.5","4.25","0","1.25",5
"856","WQ_CD01A_41",0.0350801050662994,0.0637391060590744,0.0269913896918297,0.00581763498485088,-0.715503334999084,-0.83272260427475,0.83272260427475,-0.968045592308044,0.0363424345850945,-0.259444624185562,-0.290952146053314,-1.52639448642731,2024,0.57089406,"17 R",570134,2832721,"WQ_CD01A",2024,"10.25","10.25","0.5","0","0","0.5",9.75
"857","WQ_CD01A_42",0.0372791886329651,0.0633433163166046,0.0269946940243244,0.0067644976079464,-0.692827820777893,-0.807025849819183,0.807025849819183,-0.898875057697296,0.104805767536163,-0.198748305439949,-0.297264456748962,-1.54120028018951,2024,0.5593069,"17 R",570146,2832723,"WQ_CD01A",2024,"9.75","9.75","1.75","1.5","0","0.25",8
"858","WQ_CD01A_43",0.031932070851326,0.0532234311103821,0.0203289799392223,0.00593942496925592,-0.686338007450104,-0.799217760562897,0.799217760562897,-0.821684181690216,0.164108961820602,-0.110926985740662,-0.278045743703842,-1.53981983661652,2024,0.69878036,"17 R",570143,2832710,"WQ_CD01A",2024,"50.25","50.25","28","27.75","0","0.25",22.25
"859","WQ_CD01A_44",0.0327501259744167,0.0560190267860889,0.0216595157980919,0.00452029192820191,-0.757432699203491,-0.850665926933289,0.850665926933289,-0.982010126113892,0.126431867480278,-0.139874696731567,-0.270063102245331,-1.5248064994812,2024,0.63106495,"17 R",570132,2832706,"WQ_CD01A",2024,"96.25","96.25","7","6.75","0","0.25",89.25
"860","WQ_CD01A_45",0.0349399335682392,0.05548245459795,0.0246869698166847,0.00534390099346638,-0.734687566757202,-0.824289977550507,0.824289977550507,-0.966159224510193,0.202994808554649,-0.187091499567032,-0.368858367204666,-1.50357806682587,2024,0.66851157,"17 R",570126,2832709,"WQ_CD01A",2024,"71.5","71.5","27.25","27.25","0","0",44.25
"861","WQ_CD01A_46",0.0328805856406689,0.0561479739844799,0.024686262011528,0.00616960134357214,-0.684016823768616,-0.801994800567627,0.801994800567627,-0.900152802467346,0.127579137682915,-0.247814998030663,-0.356915056705475,-1.50593042373657,2024,0.6302342,"17 R",570122,2832712,"WQ_CD01A",2024,"16.25","16.25","2.5","2","0","0.5",13.75
"862","WQ_CD01A_47",0.0272507760673761,0.0482805036008358,0.0206865686923265,0.00522640813142061,-0.678148925304413,-0.804645478725433,0.804645478725433,-0.894927680492401,0.125480875372887,-0.284375309944153,-0.38740137219429,-1.49820554256439,2024,0.65385914,"17 R",570121,2832700,"WQ_CD01A",2024,"76.25","76.25","21.75","21.75","0","0",54.5
"863","WQ_CD01A_48",0.0352075845003128,0.0581428594887257,0.0243192464113235,0.00616693729534745,-0.701896846294403,-0.8082115650177,0.8082115650177,-0.893141090869904,0.153011798858643,-0.166619777679443,-0.31179341673851,-1.4908641576767,2024,0.7206178,"17 R",570113,2832711,"WQ_CD01A",2024,"15.35","15.35","3.85","3.6","0","0.25",11.5
"864","WQ_CD01A_49",0.0290281902998686,0.0500094182789326,0.0214085914194584,0.00581228686496615,-0.66634863615036,-0.791755318641663,0.791755318641663,-0.859430611133575,0.145386397838593,-0.250543981790543,-0.375601053237915,-1.49221682548523,2024,0.69395053,"17 R",570111,2832724,"WQ_CD01A",2024,"75.5","75.5","52.75","52.75","0","0",22.75
"865","WQ_CD01A_5",0.0185624901205301,0.0259489957243204,0.0137990135699511,0.00752160605043173,-0.423280298709869,-0.55055445432663,0.55055445432663,-0.441643416881561,0.505316138267517,-0.321887493133545,-0.7323357462883,-1.09177684783936,2024,0.6184256,"17 R",569881,2832734,"WQ_CD01A",2024,"99.5","99.5","88.5","72.5","0","16",11
"866","WQ_CD01A_50",0.0304008927196264,0.051342885941267,0.0233479905873537,0.00545762199908495,-0.695602476596832,-0.807831943035126,0.807831943035126,-0.931608498096466,0.159220322966576,-0.278536975383759,-0.408391118049622,-1.49531185626984,2024,0.70561105,"17 R",570111,2832734,"WQ_CD01A",2024,"70.25","70.25","55.5","55.5","0","0",14.75
"867","WQ_CD01A_51",0.0342393629252911,0.0594696775078773,0.0262537021189928,0.00521884392946959,-0.73547488451004,-0.8386470079422,0.8386470079422,-1.00253367424011,0.0973704606294632,-0.259993046522141,-0.34139683842659,-1.47551667690277,2024,0.59481865,"17 R",570100,2832740,"WQ_CD01A",2024,"57.35","57.35","15.1","14.6","0","0.5",42.25
"868","WQ_CD01A_52",0.0316357053816319,0.0576077327132225,0.0256503969430923,0.00522098783403635,-0.716687142848969,-0.83380252122879,0.83380252122879,-0.992638111114502,0.0574106797575951,-0.319191336631775,-0.357361406087875,-1.50058591365814,2024,0.6077655,"17 R",570111,2832746,"WQ_CD01A",2024,"40.75","40.75","17.25","14.75","0","2.5",23.5
"869","WQ_CD01A_53",0.0342393629252911,0.0594696775078773,0.0262537021189928,0.00521884392946959,-0.73547488451004,-0.8386470079422,0.8386470079422,-1.00253367424011,0.0973704606294632,-0.259993046522141,-0.34139683842659,-1.47551667690277,2024,0.54667217,"17 R",570105,2832734,"WQ_CD01A",2024,"78.5","78.5","62.25","62.25","0","0",16.25
"870","WQ_CD01A_54",0.0324564129114151,0.0573393665254116,0.0258908402174711,0.00592765351757407,-0.691139876842499,-0.812614738941193,0.812614738941193,-0.941112458705902,0.0887662395834923,-0.30156272649765,-0.368390023708344,-1.47398257255554,2024,0.60897154,"17 R",570101,2832723,"WQ_CD01A",2024,"17.25","17.25","2","1.5","0","0.5",15.25
"871","WQ_CD01A_55",0.0350649617612362,0.0659909099340439,0.0278302915394306,0.00569211598485708,-0.720680832862854,-0.8411865234375,0.8411865234375,-0.990598976612091,-0.00679747946560383,-0.286064267158508,-0.277094423770905,-1.47257959842682,2024,0.6136197,"17 R",570106,2832711,"WQ_CD01A",2024,"16.6","16.6","1.6","1.35","0","0.25",15
"872","WQ_CD01A_56",0.0364429876208305,0.0597416497766972,0.0267438311129808,0.00652157049626112,-0.696420907974243,-0.803161680698395,0.803161680698395,-0.911860048770905,0.154130697250366,-0.213446050882339,-0.349440902471542,-1.48469305038452,2024,0.7049246,"17 R",570114,2832708,"WQ_CD01A",2024,"23.5","23.5","13","12.75","0","0.25",10.5
"873","WQ_CD01A_57",0.0349399335682392,0.05548245459795,0.0246869698166847,0.00534390099346638,-0.734687566757202,-0.824289977550507,0.824289977550507,-0.966159224510193,0.202994808554649,-0.187091499567032,-0.368858367204666,-1.50357806682587,2024,0.6876543,"17 R",570121,2832709,"WQ_CD01A",2024,"13","13","3","2.75","0","0.25",10
"874","WQ_CD01A_58",0.0272507760673761,0.0482805036008358,0.0206865686923265,0.00522640813142061,-0.678148925304413,-0.804645478725433,0.804645478725433,-0.894927680492401,0.125480875372887,-0.284375309944153,-0.38740137219429,-1.49820554256439,2024,0.69809663,"17 R",570128,2832698,"WQ_CD01A",2024,"96.25","96.25","49.5","49.5","0","0",46.75
"875","WQ_CD01A_59",0.0320538803935051,0.0609405189752579,0.0261386502534151,0.00593195343390107,-0.687675476074219,-0.822589099407196,0.822589099407196,-0.945103645324707,0.00135883828625083,-0.322192937135696,-0.313971668481827,-1.48138117790222,2024,0.6179039,"17 R",570119,2832693,"WQ_CD01A",2024,"100","100","76.5","76.5","0","0",23.5
"876","WQ_CD01A_6",0.0177357215434313,0.0251440536230803,0.0128276357427239,0.0078763859346509,-0.384948223829269,-0.522938787937164,0.522938787937164,-0.358716517686844,0.498516887426376,-0.304993957281113,-0.714095592498779,-1.09492456912994,2024,0.69252074,"17 R",569889,2832721,"WQ_CD01A",2024,"100.25","100.25","96.25","90.25","0","6",4
"877","WQ_CD01A_60",0.0320482961833477,0.0561425276100636,0.0246809311211109,0.00616535497829318,-0.67732185125351,-0.802100300788879,0.802100300788879,-0.900379538536072,0.102060109376907,-0.273268580436707,-0.356864869594574,-1.46335303783417,2024,0.68556285,"17 R",570107,2832692,"WQ_CD01A",2024,"8.95","8.95","1.45","1.45","0","0",7.5
"878","WQ_CD01A_61",0.0308922845870256,0.0549067631363869,0.0279189869761467,0.0075543662533164,-0.607020854949951,-0.758109867572784,0.758109867572784,-0.861123323440552,0.0927013754844666,-0.415482699871063,-0.463143616914749,-1.26485657691956,2024,0.66821486,"17 R",569986,2832613,"WQ_CD01A",2024,"44.25","44.25","28.5","28.5","0","0",15.75
"879","WQ_CD01A_62",0.0398161895573139,0.0688880831003189,0.0350678861141205,0.00661259796470404,-0.715150952339172,-0.824833393096924,0.824833393096924,-1.02405083179474,0.0674202144145966,-0.356777131557465,-0.391681224107742,-1.2783191204071,2024,0.57912177,"17 R",569992,2832620,"WQ_CD01A",2024,"76.25","76.25","10.75","10.75","0","0",65.5
"880","WQ_CD01A_63",0.0421433709561825,0.0735364705324173,0.0388184003531933,0.00743841612711549,-0.699953675270081,-0.816278457641602,0.816278457641602,-1.01757919788361,0.0438993833959103,-0.386910945177078,-0.395636647939682,-1.27930688858032,2024,0.6052721,"17 R",569998,2832626,"WQ_CD01A",2024,"39","39","3.75","3.75","0","0",35.25
"881","WQ_CD01A_64",0.0345975309610367,0.0585040189325809,0.030219741165638,0.00719914445653558,-0.655515909194946,-0.780858516693115,0.780858516693115,-0.922819972038269,0.127915233373642,-0.369961440563202,-0.453657418489456,-1.26380288600922,2024,0.63157016,"17 R",569988,2832631,"WQ_CD01A",2024,"62.5","62.5","8.5","8","0","0.5",54
"882","WQ_CD01A_65",0.0345975309610367,0.0585040189325809,0.030219741165638,0.00719914445653558,-0.655515909194946,-0.780858516693115,0.780858516693115,-0.922819972038269,0.127915233373642,-0.369961440563202,-0.453657418489456,-1.26380288600922,2024,0.6105263,"17 R",569989,2832632,"WQ_CD01A",2024,"87.5","87.5","0.25","0.25","0","0",87.25
"883","WQ_CD01A_66",0.0345975309610367,0.0585040189325809,0.030219741165638,0.00719914445653558,-0.655515909194946,-0.780858516693115,0.780858516693115,-0.922819972038269,0.127915233373642,-0.369961440563202,-0.453657418489456,-1.26380288600922,2024,0.6105263,"17 R",569989,2832632,"WQ_CD01A",2024,"52.25","52.25","5","4.75","0","0.25",47.25
"884","WQ_CD01A_67",0.0267488919198513,0.0389958433806896,0.0212389528751373,0.00790009927004576,-0.543992519378662,-0.663079619407654,0.663079619407654,-0.686648309230804,0.369611740112305,-0.325511604547501,-0.618935167789459,-1.21971166133881,2024,0.6783012,"17 R",569959,2832629,"WQ_CD01A",2024,"96.75","96.75","49","48.5","0","0.5",47.75
"885","WQ_CD01A_68",0.0239970311522484,0.0373901426792145,0.0189340002834797,0.00801868364214897,-0.499078273773193,-0.646822690963745,0.646822690963745,-0.60747104883194,0.312772780656815,-0.335783749818802,-0.582685589790344,-1.22260713577271,2024,0.7691241,"17 R",569955,2832616,"WQ_CD01A",2024,"100","100","94.25","94.25","0","0",5.75
"886","WQ_CD01A_69",0.0250998791307211,0.0356499031186104,0.0177208818495274,0.00813726522028446,-0.510351121425629,-0.62832647562027,0.62832647562027,-0.555934071540833,0.416333973407745,-0.234195977449417,-0.585215508937836,-1.2224622964859,2024,0.7140484,"17 R",569957,2832606,"WQ_CD01A",2024,"100","100","99.25","99.25","0","0",0.75
"887","WQ_CD01A_7",0.0177295692265034,0.0260797273367643,0.014282114803791,0.00681097153574228,-0.444920837879181,-0.585842072963715,0.585842072963715,-0.531298041343689,0.453225255012512,-0.397238999605179,-0.750763952732086,-1.08634424209595,2024,0.72274196,"17 R",569876,2832724,"WQ_CD01A",2024,"99.5","99.5","93.75","90.75","0","3",5.75
"888","WQ_CD01A_70",0.0239996593445539,0.0340429916977882,0.0172360241413116,0.00778364995494485,-0.510205209255219,-0.627813756465912,0.627813756465912,-0.566696465015411,0.428246408700943,-0.255282878875732,-0.612429440021515,-1.22396409511566,2024,0.6493506,"17 R",569954,2832594,"WQ_CD01A",2024,"100","100","98.75","98.75","0","0",1.25
"889","WQ_CD01A_71",0.0220724064856768,0.0380623489618301,0.0168725438416004,0.00707584852352738,-0.514492452144623,-0.686480700969696,0.686480700969696,-0.613612949848175,0.207252085208893,-0.320757776498795,-0.486301064491272,-1.22672867774963,2024,0.6049627,"17 R",569958,2832583,"WQ_CD01A",2024,"66.5","66.5","43.75","43.75","0","0",22.75
"890","WQ_CD01A_72",0.0220724064856768,0.0380623489618301,0.0168725438416004,0.00707584852352738,-0.514492452144623,-0.686480700969696,0.686480700969696,-0.613612949848175,0.207252085208893,-0.320757776498795,-0.486301064491272,-1.22672867774963,2024,0.59160745,"17 R",569958,2832583,"WQ_CD01A",2024,"100.25","100.25","83.5","83.5","0","0",16.75
"891","WQ_CD01A_73",0.0220724064856768,0.0380623489618301,0.0168725438416004,0.00707584852352738,-0.514492452144623,-0.686480700969696,0.686480700969696,-0.613612949848175,0.207252085208893,-0.320757776498795,-0.486301064491272,-1.22672867774963,2024,0.59160745,"17 R",569958,2832583,"WQ_CD01A",2024,"86.75","86.75","0.25","0","0","0.25",86.5
"892","WQ_CD01A_74",0.0220724064856768,0.0380623489618301,0.0168725438416004,0.00707584852352738,-0.514492452144623,-0.686480700969696,0.686480700969696,-0.613612949848175,0.207252085208893,-0.320757776498795,-0.486301064491272,-1.22672867774963,2024,0.59160745,"17 R",569958,2832583,"WQ_CD01A",2024,"18.25","18.25","1","0","0","1",17.25
"893","WQ_CD01A_75",0.0435231365263462,0.0720822364091873,0.0385825745761395,0.0057910168543458,-0.765137732028961,-0.851270735263824,0.851270735263824,-1.10848224163055,0.100684851408005,-0.349481880664825,-0.411457240581512,-1.29963183403015,2024,0.6459371,"17 R",570002,2832571,"WQ_CD01A",2024,"32.25","32.25","3.75","2.75","0","1",28.5
"894","WQ_CD01A_76",0.0483139790594578,0.0824302807450294,0.0418506562709808,0.00709225051105022,-0.743990838527679,-0.841553866863251,0.841553866863251,-1.06527400016785,0.0400985963642597,-0.314620703458786,-0.332728534936905,-1.31197261810303,2024,0.65327823,"17 R",570014,2832576,"WQ_CD01A",2024,"8.5","8.5","0.25","0","0","0.25",8.25
"895","WQ_CD01A_77",0.0459942668676376,0.0785890892148018,0.038104023784399,0.00638608634471893,-0.756164848804474,-0.849695265293121,0.849695265293121,-1.0693815946579,0.0495956428349018,-0.283579021692276,-0.316525399684906,-1.32988774776459,2024,0.68553835,"17 R",570024,2832588,"WQ_CD01A",2024,"9.25","9.25","0.5","0.25","0","0.25",8.75
"896","WQ_CD01A_78",0.0477701053023338,0.0763339027762413,0.0385872460901737,0.00544110359624028,-0.795490324497223,-0.866925001144409,0.866925001144409,-1.12925457954407,0.123294688761234,-0.256478101015091,-0.354230225086212,-1.32999813556671,2024,0.63897544,"17 R",570024,2832591,"WQ_CD01A",2024,"20","20","1.75","1","0","0.75",18.25
"897","WQ_CD01A_79",0.0453071184456348,0.0743422731757164,0.039795495569706,0.00803702883422375,-0.698672533035278,-0.804877460002899,0.804877460002899,-0.995926976203918,0.102879993617535,-0.335794180631638,-0.401681870222092,-1.3289293050766,2024,0.66842514,"17 R",570022,2832616,"WQ_CD01A",2024,"19.99","19.99","4.5","3.75","0","0.75",15.49
"898","WQ_CD01A_8",0.0157888103276491,0.0260741878300905,0.0145206656306982,0.00798868481069803,-0.328046560287476,-0.530944764614105,0.530944764614105,-0.435284495353699,0.33755424618721,-0.527344405651093,-0.762266516685486,-1.07764947414398,2024,0.66242754,"17 R",569868,2832731,"WQ_CD01A",2024,"99.75","99.75","97.75","93.75","0","4",2
"899","WQ_CD01A_80",0.0413310416042805,0.073408879339695,0.0367670021951199,0.00590849062427878,-0.749849736690521,-0.851016461849213,0.851016461849213,-1.08464515209198,0.0265720151364803,-0.35992020368576,-0.36036816239357,-1.30969631671906,2024,0.6693198,"17 R",570017,2832632,"WQ_CD01A",2024,"20.75","20.75","0.5","0.25","0","0.25",20.25
"900","WQ_CD01A_81",0.0407791845500469,0.0647685900330544,0.0334966033697128,0.00614248542115092,-0.738181293010712,-0.826755285263062,0.826755285263062,-1.03511905670166,0.167170494794846,-0.293656200170517,-0.422099143266678,-1.29540777206421,2024,0.73888427,"17 R",570005,2832628,"WQ_CD01A",2024,"56","56","2","2","0","0",54
"901","WQ_CD01A_82",0.0422866307199001,0.0668972134590149,0.0336183272302151,0.00661525363102555,-0.729447901248932,-0.820023655891418,0.820023655891418,-1.00673639774323,0.163691908121109,-0.260460555553436,-0.392234891653061,-1.29516887664795,2024,0.6392993,"17 R",570001,2832613,"WQ_CD01A",2024,"98","98","0","0","0","0",98
"902","WQ_CD01A_83",0.0420087911188602,0.0710146874189377,0.0351895727217197,0.00708534847944975,-0.711356639862061,-0.81855708360672,0.81855708360672,-0.997194886207581,0.0836255848407745,-0.306135684251785,-0.363638699054718,-1.27902007102966,2024,0.5909825,"17 R",569992,2832606,"WQ_CD01A",2024,"90.75","90.75","8.25","8.25","0","0",82.5
"903","WQ_CD01A_84",0.0350129194557667,0.0522398352622986,0.0269501190632582,0.00755490176379681,-0.645041644573212,-0.747305452823639,0.747305452823639,-0.8431476354599,0.279161125421524,-0.260052412748337,-0.488862127065659,-1.26797699928284,2024,0.6214559,"17 R",569983,2832608,"WQ_CD01A",2024,"91.5","91.5","70.25","70.25","0","0",21.25
"904","WQ_CD01A_85",0.0308922845870256,0.0549067631363869,0.0279189869761467,0.0075543662533164,-0.607020854949951,-0.758109867572784,0.758109867572784,-0.861123323440552,0.0927013754844666,-0.415482699871063,-0.463143616914749,-1.26485657691956,2024,0.7301944,"17 R",569981,2832620,"WQ_CD01A",2024,"99.25","99.25","88.25","88.25","0","0",11
"905","WQ_CD01A_86",0.0356910824775696,0.0590342693030834,0.0297326054424047,0.00589834153652191,-0.71635377407074,-0.818324208259583,0.818324208259583,-1.00338041782379,0.147934839129448,-0.324938237667084,-0.433558404445648,-1.24781024456024,2024,0.59480155,"17 R",569976,2832629,"WQ_CD01A",2024,"80.25","80.25","59.5","59.5","0","0",20.75
"906","WQ_CD01A_87",0.0428112298250198,0.0678139701485634,0.0368729196488857,0.0068396795541048,-0.724489271640778,-0.816762328147888,0.816762328147888,-1.03059208393097,0.159278348088264,-0.32719486951828,-0.441605478525162,-1.23102414608002,2024,0.5907398,"17 R",569969,2832636,"WQ_CD01A",2024,"29.25","29.25","5","5","0","0",24.25
"907","WQ_CD01A_88",0.0428112298250198,0.0678139701485634,0.0368729196488857,0.0068396795541048,-0.724489271640778,-0.816762328147888,0.816762328147888,-1.03059208393097,0.159278348088264,-0.32719486951828,-0.441605478525162,-1.23102414608002,2024,0.63796026,"17 R",569961,2832640,"WQ_CD01A",2024,"34.25","34.25","19.25","19.25","0","0",15
"908","WQ_CD01A_89",0.0219219736754894,0.0333648361265659,0.0169865917414427,0.00648016668856144,-0.543684601783752,-0.674731254577637,0.674731254577637,-0.671572864055634,0.362448304891586,-0.333360493183136,-0.622615575790405,-1.20157742500305,2024,0.64302456,"17 R",569949,2832639,"WQ_CD01A",2024,"100","99.5","93.5","93.5","0","0",6
"909","WQ_CD01A_9",0.0163461361080408,0.0243313480168581,0.0130654219537973,0.0091715082526207,-0.281163394451141,-0.452493935823441,0.452493935823441,-0.262665331363678,0.457344263792038,-0.402298480272293,-0.759470164775848,-1.08158981800079,2024,0.7694437,"17 R",569872,2832747,"WQ_CD01A",2024,"100","100","97.5","95.5","0","2",2.5
"910","WQ_CD01A_90",0.0267488919198513,0.0389958433806896,0.0212389528751373,0.00790009927004576,-0.543992519378662,-0.663079619407654,0.663079619407654,-0.686648309230804,0.369611740112305,-0.325511604547501,-0.618935167789459,-1.21971166133881,2024,0.6449416,"17 R",569956,2832626,"WQ_CD01A",2024,"100","100","93.75","93.75","0","0",6.25
"911","WQ_CD01A_91",0.0259303096681833,0.0385992638766766,0.0212431587278843,0.00695881946012378,-0.576831638813019,-0.694507777690887,0.694507777690887,-0.759751975536346,0.351105332374573,-0.356761515140533,-0.629291951656342,-1.23770844936371,2024,0.6190431,"17 R",569967,2832614,"WQ_CD01A",2024,"100","100","98.5","98.5","0","0",1.5
"912","WQ_CD01A_92",0.0350129194557667,0.0522398352622986,0.0269501190632582,0.00755490176379681,-0.645041644573212,-0.747305452823639,0.747305452823639,-0.8431476354599,0.279161125421524,-0.260052412748337,-0.488862127065659,-1.26797699928284,2024,0.73969674,"17 R",569984,2832605,"WQ_CD01A",2024,"97.75","97.75","76.5","76.5","0","0",21.25
"913","BS13_1",0.0307882446795702,0.0477403290569782,0.0189828053116798,0.00672504957765341,-0.641457796096802,-0.753052294254303,0.753052294254303,-0.715214610099792,0.261372268199921,-0.0887835547327995,-0.340070754289627,-2.03779602050781,2025,0.178,"17 R",560959.878,2794647.684,"BS13",2025,"77.2","77.2","7","6.4","0","0.6",69.1
"914","BS13_10",0.0311829186975956,0.0482518002390862,0.0185277704149485,0.00684226118028164,-0.640119433403015,-0.751615285873413,0.751615285873413,-0.690904319286346,0.261000871658325,-0.0552864111959934,-0.312877207994461,-2.02640914916992,2025,0.129,"17 R",560939.415,2794775.04,"BS13",2025,"74.3","74.3","0.5","0.5","0","0",73.7
"915","BS13_2",0.0293694976717234,0.0482462719082832,0.0195586159825325,0.00717644533142447,-0.607264459133148,-0.741028726100922,0.741028726100922,-0.694715321063995,0.201227992773056,-0.161527559161186,-0.349895685911179,-2.02644777297974,2025,0.138,"17 R",560951.245,2794657.818,"BS13",2025,"43.9","43.9","2.5","2.5","0","0",41.3
"916","BS13_3",0.0319525562226772,0.0495135746896267,0.0201370939612389,0.0080812918022275,-0.596277058124542,-0.719374597072601,0.719374597072601,-0.640848278999329,0.253628641366959,-0.102171145379543,-0.343833684921265,-2.01255393028259,2025,0.13,"17 R",560947.11,2794675.99,"BS13",2025,"70.5","70.5","1.7","1.2","0","0.5",67.8
"917","BS13_4",0.030401311814785,0.0498902425169945,0.0195586513727903,0.00649939198046923,-0.647736132144928,-0.769482731819153,0.769482731819153,-0.751740574836731,0.194539681077003,-0.126999989151955,-0.316390037536621,-1.99494194984436,2025,0.153,"17 R",560950.523,2794689.743,"BS13",2025,"52.2","52.2","2.5","2.5","0","0",47.8
"918","BS13_5",0.0301473904401064,0.0478696003556252,0.0191007647663355,0.00672722887247801,-0.635129570960999,-0.753567039966583,0.753567039966583,-0.718611896038055,0.237011268734932,-0.115118481218815,-0.341588824987411,-1.97697067260742,2025,0.141,"17 R",560947.816,2794707.807,"BS13",2025,"67.7","67.7","5.8","5.8","0","0",61.4
"919","BS13_6",0.0298894196748734,0.0543163307011127,0.0201371535658836,0.00751714967191219,-0.598083972930908,-0.756858289241791,0.756858289241791,-0.684522986412048,0.0729990229010582,-0.168921306729317,-0.251257628202438,-1.95583963394165,2025,0.145,"17 R",560945.781,2794722.109,"BS13",2025,"72.6","72.6","27.5","27.5","0","0",45.1
"920","BS13_7",0.0300224237143993,0.0520444996654987,0.0202550105750561,0.00909891538321972,-0.534836173057556,-0.702374637126923,0.702374637126923,-0.570081949234009,0.129996851086617,-0.169474363327026,-0.297960877418518,-1.96920299530029,2025,0.142,"17 R",560939.828,2794733.834,"BS13",2025,"69.5","69.5","7.8","7.8","0","0",56.7
"921","BS13_8",0.0296354740858078,0.0474929139018059,0.0193338599056005,0.00751928379759192,-0.595245182514191,-0.726632118225098,0.726632118225098,-0.659954905509949,0.229603096842766,-0.142622977495193,-0.3577561378479,-1.99278771877289,2025,0.187,"17 R",560936.385,2794750.368,"BS13",2025,"59.5","59.5","8.5","8.5","0","0",47.8
"922","BS13_9",0.030667170882225,0.04698695987463,0.0185277611017227,0.00729361502453685,-0.615728974342346,-0.731262445449829,0.731262445449829,-0.652607321739197,0.276998817920685,-0.071963720023632,-0.339439868927002,-2.01288294792175,2025,0.151,"17 R",560937.802,2794765.889,"BS13",2025,"71.1","71.1","0.7","0.7","0","0",68.6
"933","BS2_1",0.0426380448043346,0.0605959631502628,0.0231893360614777,0.00963781680911779,-0.631270885467529,-0.725550413131714,0.725550413131714,-0.61922150850296,0.293662309646606,0.0655718743801117,-0.238041996955872,-2.95518255233765,2025,0.224,"17 R",564044.969,2794356.851,"BS2",2025,"13.2","13.2","9.7","0","0","9.7",3.5
"934","BS2_2",0.043678056448698,0.0579245314002037,0.0208714064210653,0.01009307987988,-0.624591171741486,-0.703221559524536,0.703221559524536,-0.522130072116852,0.373223930597305,0.179777428507805,-0.211351156234741,-2.96243476867676,2025,0.227,"17 R",564044.077,2794376.914,"BS2",2025,"32.1","32.1","32","0","0","32",0.1
"935","BS2_3",0.0444610081613064,0.0578004792332649,0.0209909584373236,0.0075982054695487,-0.708093702793121,-0.767634332180023,0.767634332180023,-0.702683329582214,0.393627941608429,0.192657187581062,-0.217387989163399,-2.93017792701721,2025,0.221,"17 R",564035.559,2794394.452,"BS2",2025,"33.4","33.4","32.5","0","0","32.5",0.9
"936","BS2_4",0.0438120178878307,0.0583093538880348,0.021454406902194,0.00691657792776823,-0.727310478687286,-0.787919402122498,0.787919402122498,-0.768628358840942,0.36814096570015,0.159267649054527,-0.223506927490234,-2.92088031768799,2025,0.246,"17 R",564041.282,2794411.445,"BS2",2025,"8.2","8.2","8","0","0","8",0.2
"937","BS2_5",0.0401795767247677,0.0571642741560936,0.0204113237559795,0.00691718049347401,-0.706256628036499,-0.784112870693207,0.784112870693207,-0.740663111209869,0.305989056825638,0.115362264215946,-0.209370538592339,-2.91266012191772,2025,0.236,"17 R",564040.675,2794428.869,"BS2",2025,"7.7","7.7","7.5","0","0","7.5",0.2
"938","BS2_6",0.0439502075314522,0.0574240125715733,0.0189090054482222,0.00669451104477048,-0.735628485679626,-0.791183233261108,0.791183233261108,-0.715594708919525,0.390110939741135,0.270473718643188,-0.152729779481888,-2.8867974281311,2025,0.228,"17 R",564028.718,2794444.005,"BS2",2025,"7.2","7.2","7","1","0","6",0.2
"939","BS2_7",0.0436892323195934,0.0585686080157757,0.0204156879335642,0.00760179711505771,-0.703581809997559,-0.7702357172966,0.7702357172966,-0.686030030250549,0.359877288341522,0.19892218708992,-0.185246527194977,-2.89746332168579,2025,0.206,"17 R",564034.658,2794459.429,"BS2",2025,"0.6","0.6","0.4","0","0","0.4",0.2
"940","BS5_1",0.0408562421798706,0.0590007230639458,0.0188827868551016,0.00662777200341225,-0.720841944217682,-0.798021495342255,0.798021495342255,-0.720584869384766,0.283792793750763,0.198663160204887,-0.124696932733059,0,2025,0.187,"17 R",562996.483,2791822.083,"BS5",2025,"6.1","6.1","5.2","1.5","0","3.7",0.9
"941","BS5_10",0.0420246757566929,0.0587493404746056,0.0187699329108,0.00663004070520401,-0.727465629577637,-0.797182500362396,0.797182500362396,-0.716923534870148,0.317242473363876,0.231989473104477,-0.124881021678448,0,2025,0.186,"17 R",562986.864,2791963.622,"BS5",2025,"1.3","1.3","1.3","1","0","0.3",0
"942","BS5_2",0.0411151349544525,0.0583658330142498,0.018072385340929,0.00549429608508945,-0.76424103975296,-0.82792717218399,0.82792717218399,-0.800585091114044,0.303418189287186,0.242511868476868,-0.105618298053741,0,2025,0.197,"17 R",562996.578,2791836.706,"BS5",2025,"8.2","8.2","7.7","2.6","0","5.1",0.5
"943","BS5_3",0.0402088761329651,0.0563336461782455,0.0180724076926708,0.00640111183747649,-0.725333034992218,-0.795930922031403,0.795930922031403,-0.715342283248901,0.324723452329636,0.220222279429436,-0.141057834029198,0,2025,0.205,"17 R",562991.47,2791856.142,"BS5",2025,"2.5","2.5","1.7","0.2","0","1.5",0.8
"944","BS5_4",0.0399499051272869,0.0567147620022297,0.0165671780705452,0.00572103727608919,-0.749467074871063,-0.816738545894623,0.816738545894623,-0.729946792125702,0.309967845678329,0.288167297840118,-0.0750437304377556,0,2025,0.223,"17 R",562998.907,2791871.235,"BS5",2025,"20.2","20.2","6","1.5","0","4.5",14.2
"945","BS5_5",0.0381328165531158,0.0551876947283745,0.0173749551177025,0.00696573685854673,-0.691088259220123,-0.775853514671326,0.775853514671326,-0.64147013425827,0.296992272138596,0.200883701443672,-0.134785443544388,0,2025,0.246,"17 R",563003.532,2791888.369,"BS5",2025,"6.6","6.6","4.9","3.8","0","1.1",1.7
"946","BS5_6",0.0369665995240211,0.0517557375133038,0.017838129773736,0.00639902288094163,-0.704880356788635,-0.779931247234344,0.779931247234344,-0.707948684692383,0.344911247491837,0.147313371300697,-0.21692131459713,0,2025,0.242,"17 R",563001.492,2791904.131,"BS5",2025,"14.7","14.7","9.8","7.8","0","2",4.9
"947","BS5_7",0.0403382889926434,0.0568418502807617,0.0181882698088884,0.00560773443430662,-0.755899012088776,-0.820407629013062,0.820407629013062,-0.793024003505707,0.316889256238937,0.217967808246613,-0.136432573199272,0,2025,0.25,"17 R",562994.817,2791922.74,"BS5",2025,"20.4","20.4","20","19.5","0","0.5",0.4
"948","BS5_8",0.0425386652350426,0.0578579679131508,0.0181882791221142,0.00504097295925021,-0.788103759288788,-0.839711964130402,0.839711964130402,-0.848970890045166,0.348205924034119,0.271079689264297,-0.118714593350887,0,2025,0.23,"17 R",562998.402,2791938.747,"BS5",2025,"10.9","10.9","9","7.4","0","1.6",1.9
"949","BS5_9",0.044223990291357,0.0596380904316902,0.0206219702959061,0.00685670552775264,-0.731534361839294,-0.793767154216766,0.793767154216766,-0.751415312290192,0.34978324174881,0.202486112713814,-0.174003049731255,0,2025,0.207,"17 R",562984.512,2791949.189,"BS5",2025,"14.7","14.7","14.2","2.5","0","11.7",0.5
"950","CS1_1",0.0229243785142899,0.0360185541212559,0.0152176395058632,0.0060621933080256,-0.581724047660828,-0.711878061294556,0.711878061294556,-0.645360767841339,0.313016682863235,-0.194558143615723,-0.471131950616837,-1.90403580665588,2025,0.224,"17 R",564109.036,2800737.175,"CS1",2025,"70.1","70.1","18.7","18.7","0","0",51.4
"951","CS1_10",0.0242291036993265,0.0386972352862358,0.0160320773720741,0.00527316937223077,-0.642524540424347,-0.76014918088913,0.76014918088913,-0.757483005523682,0.280129045248032,-0.183812990784645,-0.434932708740234,-1.89920997619629,2025,0.204,"17 R",563987.377,2800736.454,"CS1",2025,"67.3","67.3","0.3","0","0","0.3",67
"952","CS1_2",0.0209752563387156,0.0333432294428349,0.0142924068495631,0.0052697560749948,-0.598418474197388,-0.727047443389893,0.727047443389893,-0.691844582557678,0.319099128246307,-0.22974568605423,-0.505558490753174,-1.90297663211823,2025,0.18,"17 R",564097.266,2800735.968,"CS1",2025,"81.9","81.9","10.4","10.4","0","0",71.5
"953","CS1_3",0.0225354805588722,0.0364014357328415,0.0133670754730701,0.00413750670850277,-0.689760506153107,-0.795874953269958,0.795874953269958,-0.79089879989624,0.282899469137192,-0.100728787481785,-0.372184693813324,-1.90032923221588,2025,0.187,"17 R",564083.668,2800733.978,"CS1",2025,"100","100","100","100","0","0",0
"954","CS1_4",0.025524040684104,0.0388216599822044,0.0161446947604418,0.00583693105727434,-0.627758264541626,-0.738597631454468,0.738597631454468,-0.703389525413513,0.328246384859085,-0.13773600757122,-0.436493515968323,-1.9026380777359,2025,0.284,"17 R",564068.987,2800733.989,"CS1",2025,"71.7","71.7","11.4","11.4","0","0",60.3
"955","CS1_5",0.0237062573432922,0.0411131531000137,0.0161450803279877,0.00504449568688869,-0.649087727069855,-0.781423211097717,0.781423211097717,-0.785805106163025,0.183817625045776,-0.211638182401657,-0.379160016775131,-1.90012574195862,2025,0.308,"17 R",564056.32,2800734.865,"CS1",2025,"65.5","65.5","4.7","4.7","0","0",60.8
"956","CS1_6",0.0257846340537071,0.0379311256110668,0.0153356492519379,0.00527130719274282,-0.660528242588043,-0.755971729755402,0.755971729755402,-0.732593059539795,0.366950839757919,-0.0835898295044899,-0.424659192562103,-1.89908611774445,2025,0.317,"17 R",564040.956,2800734.706,"CS1",2025,"71.3","71.3","9.5","9.5","0","0",61.8
"957","CS1_7",0.0211086273193359,0.0365310125052929,0.013600873760879,0.00493217492476106,-0.621196389198303,-0.762093782424927,0.762093782424927,-0.701614081859589,0.21311928331852,-0.180973753333092,-0.380449444055557,-1.89892280101776,2025,0.283,"17 R",564027.134,2800736.06,"CS1",2025,"70.1","70.1","7.3","7.3","0","0",62.8
"958","CS1_8",0.025526337325573,0.0381868816912174,0.0156838707625866,0.00583847425878048,-0.627705454826355,-0.73476767539978,0.73476767539978,-0.686174988746643,0.348616451025009,-0.112868636846542,-0.433242350816727,-1.89885544776917,2025,0.189,"17 R",564014.066,2800736.583,"CS1",2025,"78.9","78.9","0.3","0","0","0.3",78.6
"959","CS1_9",0.0246178116649389,0.0380599088966846,0.0149901164695621,0.00436653103679419,-0.69869726896286,-0.794159889221191,0.794159889221191,-0.823250949382782,0.316472917795181,-0.110399730503559,-0.405737340450287,-1.89895331859589,2025,0.204,"17 R",564000.269,2800735.474,"CS1",2025,"22.1","22.1","1.3","1","0","0.3",20.8
"960","CS10_1",0.0354680381715298,0.0530688315629959,0.0208397265523672,0.00370325520634651,-0.810919940471649,-0.869539558887482,0.869539558887482,-1.04733431339264,0.272708415985107,-0.0271367579698563,-0.297867029905319,-1.01439332962036,2025,0.193,"17 R",565916.554,2798988.431,"CS10",2025,"68.1","68.1","68","67","0","1",0.1
"961","CS10_10",0.0354981943964958,0.0478592924773693,0.0206285491585732,0.00428824732080102,-0.784436762332916,-0.835534036159515,0.835534036159515,-0.983691990375519,0.400659650564194,-0.0175723843276501,-0.394249618053436,-1.03362798690796,2025,0.144,"17 R",565858.553,2799080.167,"CS10",2025,"96","96","96","96","0","0",0
"962","CS10_2",0.0353406891226768,0.0512851551175117,0.020029179751873,0.00450008409097791,-0.774096548557281,-0.838663995265961,0.838663995265961,-0.949626684188843,0.311167269945145,0.00320917717181146,-0.305016845464706,-1.01171112060547,2025,0.202,"17 R",565911.527,2798997.1,"CS10",2025,"94","92","92","92","0","0",0
"963","CS10_3",0.0340425223112106,0.0489908345043659,0.0191028770059347,0.0043882830068469,-0.771626770496368,-0.83558052778244,0.83558052778244,-0.939582824707031,0.330042898654938,0.0062989410944283,-0.318511605262756,-1.02158510684967,2025,0.161,"17 R",565902.336,2799007.436,"CS10",2025,"94","94","93.5","93.5","0","0",0
"964","CS10_4",0.0352169461548328,0.049503467977047,0.0215423312038183,0.00598056707531214,-0.709663689136505,-0.784422039985657,0.784422039985657,-0.848117291927338,0.351154983043671,-0.0626124143600464,-0.390014231204987,-1.03004455566406,2025,0.16,"17 R",565897.8,2799016.737,"CS10",2025,"68.5","68.5","68","68","0","0",0
"965","CS10_5",0.037171259522438,0.0521844364702702,0.0200359411537647,0.00541435554623604,-0.745719015598297,-0.811997592449188,0.811997592449188,-0.861773014068604,0.340285062789917,0.0534212924540043,-0.287863940000534,-1.03607761859894,2025,0.163,"17 R",565889.824,2799026.985,"CS10",2025,"82.5","82.5","82","82","0","0",0
"966","CS10_6",0.0425015427172184,0.059577465057373,0.0259545799344778,0.0046206209808588,-0.803887546062469,-0.8560511469841,0.8560511469841,-1.04663050174713,0.311307340860367,-0.034024216234684,-0.331775903701782,-1.03512632846832,2025,0.163,"17 R",565883.837,2799038.421,"CS10",2025,"76","76","76","76","0","0",0
"967","CS10_7",0.0379599444568157,0.0590717568993568,0.0242187567055225,0.0051919249817729,-0.759365022182465,-0.838418066501617,0.838418066501617,-0.970404148101807,0.208784595131874,-0.0878069773316383,-0.29312139749527,-1.03628098964691,2025,0.153,"17 R",565877.036,2799050.753,"CS10",2025,"79","79","79","79","0","0",0
"968","CS10_8",0.0404317751526833,0.0566532835364342,0.0248005054891109,0.0046254200860858,-0.794686734676361,-0.849036633968353,0.849036633968353,-1.02843415737152,0.323291689157486,-0.0450318679213524,-0.351102650165558,-1.03366732597351,2025,0.15,"17 R",565871.128,2799061.517,"CS10",2025,"76.5","76.5","76","76","0","0",0
"969","CS10_9",0.0354950204491615,0.0518117249011993,0.0249186363071203,0.00428643263876438,-0.784500956535339,-0.847180962562561,0.847180962562561,-1.05968952178955,0.302958875894547,-0.179321259260178,-0.443674892187119,-1.03500580787659,2025,0.145,"17 R",565865.145,2799070.659,"CS10",2025,"37","37","37","37","0","0",0
"970","CS14_10",0.0283479299396276,0.0436788201332092,0.0121125001460314,0.00581637537106872,-0.659505724906921,-0.764972150325775,0.764972150325775,-0.52675849199295,0.288167089223862,0.213060557842255,-0.122756019234657,-2.76491093635559,2025,0.227,"17 R",566699,2801910.479,"CS14",2025,"0","0","0","","","",0
"971","CS14_2",0.0338799618184566,0.0493689142167568,0.0130125377327204,0.00591132696717978,-0.702883362770081,-0.786132395267487,0.786132395267487,-0.562877416610718,0.315799415111542,0.330003947019577,-0.049150388687849,-2.64864206314087,2025,0.24,"17 R",566668.742,2801788.659,"CS14",2025,"92","92","14","14","0","0",78
"972","CS14_3",0.0358259938657284,0.0506418570876122,0.015559840016067,0.00715900771319866,-0.666906714439392,-0.752287149429321,0.752287149429321,-0.554660558700562,0.340333670377731,0.232887551188469,-0.145544528961182,-2.66170310974121,2025,0.242,"17 R",566668.83,2801802.425,"CS14",2025,"76.8","76.8","13.5","13.5","0","0",63.1
"973","CS14_4",0.0369924902915955,0.0503899268805981,0.0164864361286163,0.00659469095990062,-0.69740229845047,-0.768544852733612,0.768544852733612,-0.642846345901489,0.378509670495987,0.215436056256294,-0.18995712697506,-2.66467046737671,2025,0.24,"17 R",566665.37,2801816.516,"CS14",2025,"28","28","9","9","0","0",19
"974","CS14_5",0.0335025042295456,0.0451859347522259,0.0151010192930698,0.00648269103839993,-0.67574542760849,-0.749066650867462,0.749066650867462,-0.598946690559387,0.413504540920258,0.191443368792534,-0.239136949181557,-2.68973183631897,2025,0.234,"17 R",566678.487,2801822.886,"CS14",2025,"68.3","68.3","9","9","0","0",59.3
"975","CS14_6",0.0293615814298391,0.0434089377522469,0.0134841976687312,0.00716275628656149,-0.607781708240509,-0.716728627681732,0.716728627681732,-0.45925235748291,0.330924391746521,0.156403079628944,-0.202073499560356,-2.71465277671814,2025,0.214,"17 R",566680.423,2801839.337,"CS14",2025,"0","0","0","","","",0
"976","CS14_7",0.0340304002165794,0.0488754361867905,0.0137209910899401,0.00694051943719387,-0.661197781562805,-0.75130695104599,0.75130695104599,-0.492253810167313,0.332587718963623,0.289075404405594,-0.0953290164470673,-2.74031567573547,2025,0.224,"17 R",566695.781,2801862.628,"CS14",2025,"81.4","81.4","12.1","10.5","0","1.6",69
"977","CS14_8",0.0314476229250431,0.0472289733588696,0.0132625643163919,0.00796168297529221,-0.595949113368988,-0.711484372615814,0.711484372615814,-0.374633878469467,0.295809835195541,0.239219576120377,-0.106435522437096,-2.74812173843384,2025,0.221,"17 R",566692.735,2801883.547,"CS14",2025,"0","0","0","","","",0
"978","CS14_9",0.0304146371781826,0.0407519303262234,0.0122240819036961,0.0060397288762033,-0.668641686439514,-0.741845905780792,0.741845905780792,-0.5079185962677,0.443858236074448,0.275584608316422,-0.198366120457649,-2.75548958778381,2025,0.229,"17 R",566698.052,2801899.147,"CS14",2025,"63.7","50.7","10.4","8.9","0","1.5",40.3
"979","CS15_1",0.0250146202743053,0.0335545800626278,0.00830533914268017,0.00433428911492229,-0.704637110233307,-0.771210432052612,0.771210432052612,-0.471261888742447,0.487443476915359,0.410823434591293,-0.1292614787817,-3.77620530128479,2025,1.199,"17 R",568728.983,2799295.968,"CS15",2025,"#REF!","#REF!","#REF!","#REF!","#REF!","#REF!",0
"980","CS15_10",0.0233224667608738,0.0337213948369026,0.0092845568433404,0.00362942786887288,-0.730673611164093,-0.805657386779785,0.805657386779785,-0.656861066818237,0.411299824714661,0.24541874229908,-0.200266346335411,-3.78275299072266,2025,0.141,"17 R",567420.235,2799567.628,"CS15",2025,"0","0","0","","","",0
"981","CS15_2",0.0235676970332861,0.0305098481476307,0.00834312662482262,0.00521065061911941,-0.637876987457275,-0.708254337310791,0.708254337310791,-0.346671909093857,0.544873595237732,0.347355961799622,-0.227479293942451,-3.90067052841187,2025,0.219,"17 R",567566.848,2799530.971,"CS15",2025,"97.5","97.5","97.5","93.5","0","4",0
"982","CS15_3",0.0229161512106657,0.0296144466847181,0.0083439564332366,0.00464337272569537,-0.663029551506042,-0.728916049003601,0.728916049003601,-0.427407026290894,0.553480386734009,0.319235801696777,-0.257334291934967,-3.86618804931641,2025,0.236,"17 R",567545.83,2799533.214,"CS15",2025,"33","33","33","16","0","17",0
"983","CS15_4",0.0242219306528568,0.0311514846980572,0.00927422475069761,0.00543904723599553,-0.633252322673798,-0.702707409858704,0.702707409858704,-0.390991628170013,0.54665333032608,0.284212738275528,-0.278778046369553,-3.84000968933105,2025,0.203,"17 R",567527.006,2799535.416,"CS15",2025,"47","47","47","2","0","45",0
"984","CS15_5",0.0212236978113651,0.0323060117661953,0.00811491999775171,0.00521369324997067,-0.605581879615784,-0.722082376480103,0.722082376480103,-0.326503604650497,0.369747519493103,0.266326636075974,-0.15137292444706,-3.82295727729797,2025,0.167,"17 R",567510.265,2799540.598,"CS15",2025,"40","40","40","5","0","35",0
"985","CS15_6",0.0230520851910114,0.0307709500193596,0.00741860503330827,0.00441927509382367,-0.678263127803802,-0.74883508682251,0.74883508682251,-0.380050718784332,0.512270331382751,0.42572432756424,-0.138908997178078,-3.80836296081543,2025,0.164,"17 R",567492.172,2799546.17,"CS15",2025,"41","41","41","5","0","36",0
"986","CS15_7",0.0218814667314291,0.0307740271091461,0.0090480912476778,0.00430782372131944,-0.671024024486542,-0.754412949085236,0.754412949085236,-0.532378435134888,0.460031121969223,0.203715264797211,-0.274144113063812,-3.79624128341675,2025,0.17,"17 R",567472.651,2799551.629,"CS15",2025,"49","49","49","1","0","48",0
"987","CS15_8",0.0244921427220106,0.0342297106981277,0.00846804864704609,0.00487633002921939,-0.667920768260956,-0.750609874725342,0.750609874725342,-0.403733879327774,0.441830635070801,0.37311515212059,-0.122564397752285,-3.79314517974854,2025,0.144,"17 R",567455.522,2799556.743,"CS15",2025,"29","29","29","1","0","28",0
"988","CS15_9",0.0225390493869781,0.0329534001648426,0.00870330631732941,0.0039698495529592,-0.700489282608032,-0.784967482089996,0.784967482089996,-0.560253918170929,0.405471563339233,0.26656585931778,-0.17924103140831,-3.78583192825317,2025,0.146,"17 R",567437.128,2799562.171,"CS15",2025,"9.3","9.3","9.3","3.8","0","5.5",0
"989","CS18_1",0.0244222152978182,0.032604843378067,0.00895553920418024,0.00418523279950023,-0.707402586936951,-0.772480368614197,0.772480368614197,-0.544523537158966,0.498795986175537,0.322365492582321,-0.209346681833267,-3.77455139160156,2025,0.186,"17 R",568936.463,2799264.473,"CS18",2025,"56","56","56","0","0","56",0
"990","CS18_10",0.0243575647473335,0.0336807407438755,0.00923498161137104,0.00364995677955449,-0.739358842372894,-0.804452776908875,0.804452776908875,-0.650180637836456,0.456209063529968,0.293424904346466,-0.197823628783226,-3.77618980407715,2025,0.166,"17 R",568737.891,2799295.409,"CS18",2025,"0","0","0","","","",0
"991","CS18_2",0.0254751015454531,0.0315820500254631,0.0091925635933876,0.00430200528353453,-0.71105283498764,-0.760227501392365,0.760227501392365,-0.543614089488983,0.580210626125336,0.342223018407822,-0.259023070335388,-3.77471494674683,2025,0.197,"17 R",568912.411,2799260.916,"CS18",2025,"19.9","19.9","18.5","18.5","0","0",0.9
"992","CS18_3",0.0257424898445606,0.0318431407213211,0.00849760603159666,0.00407724641263485,-0.726540386676788,-0.772984266281128,0.772984266281128,-0.527285635471344,0.580524325370789,0.419924437999725,-0.197211265563965,-3.77505993843079,2025,0.19,"17 R",568891.651,2799266.093,"CS18",2025,"58.9","58.9","58","0","0","58",0.9
"993","CS18_4",0.0243114847689867,0.0324915573000908,0.00733871711418033,0.00339863891713321,-0.754700541496277,-0.810609042644501,0.810609042644501,-0.55042576789856,0.498533189296722,0.488180696964264,-0.0771203935146332,-3.77505993843079,2025,0.184,"17 R",568870.742,2799271.606,"CS18",2025,"43","43","43","16","0","27",0
"994","CS18_5",0.0247127134352922,0.0358340851962566,0.00909223686903715,0.00408607954159379,-0.716232597827911,-0.795287430286407,0.795287430286407,-0.569817543029785,0.394449830055237,0.321228682994843,-0.125232949852943,-3.77539825439453,2025,0.144,"17 R",568845.989,2799272.913,"CS18",2025,"44.3","44.3","44","1","0","43",0.3
"995","CS18_6",0.0236712694168091,0.0313469842076302,0.00816439744085073,0.00408900994807482,-0.705405712127686,-0.769217133522034,0.769217133522034,-0.498888283967972,0.515961170196533,0.370269387960434,-0.185651198029518,-3.77539825439453,2025,0.153,"17 R",568822.045,2799278.02,"CS18",2025,"40","40","40","0","0","40",0
"996","CS18_7",0.0253814049065113,0.0317386910319328,0.00723863625898957,0.00500401528552175,-0.670630514621735,-0.72761857509613,0.72761857509613,-0.273791283369064,0.57043981552124,0.542997241020203,-0.0912053659558296,-3.77587175369263,2025,0.191,"17 R",568800.235,2799281.452,"CS18",2025,"6.6","6.6","5.5","5","0","0.5",1.1
"997","CS18_8",0.0289206523448229,0.0345681086182594,0.00689529161900282,0.00341490912251174,-0.788783073425293,-0.820187568664551,0.820187568664551,-0.506350338459015,0.595932900905609,0.715114057064056,0.0273100901395082,-3.77590942382812,2025,0.145,"17 R",568777.532,2799287.42,"CS18",2025,"20.1","20.1","19","2","0","17",1.1
"998","CS18_9",0.0247444026172161,0.0341896712779999,0.00818279571831226,0.00296408915892243,-0.78605192899704,-0.840442061424255,0.840442061424255,-0.702264368534088,0.453517317771912,0.412680715322495,-0.10037986189127,-3.77618551254272,2025,0.159,"17 R",568757.467,2799292.781,"CS18",2025,"33.2","33.2","33.2","0.2","0","33",0
"1009","CS25_1",0.0345227159559727,0.0578501150012016,0.0161584839224815,0.00463332701474428,-0.763340413570404,-0.851694226264954,0.851694226264954,-0.831468462944031,0.139577001333237,0.163530290126801,-0.0381982885301113,-2.45039391517639,2025,0.217,"17 R",568152.189,2804532.795,"CS25",2025,"16","16","9","0","0","9",6
"1010","CS25_10",0.0293695908039808,0.0462149679660797,0.0161666981875896,0.00362314633093774,-0.780367016792297,-0.854603409767151,0.854603409767151,-0.950756728649139,0.25414451956749,0.00143771665170789,-0.263096392154694,-2.19037628173828,2025,0.186,"17 R",568072.478,2804622.726,"CS25",2025,"100","100","0","0","0","0",91
"1011","CS25_2",0.0351679436862469,0.0543094240128994,0.0153513848781586,0.00531128887087107,-0.737579584121704,-0.821830749511719,0.821830749511719,-0.728857457637787,0.235785871744156,0.225888937711716,-0.0664324536919594,-2.44206404685974,2025,0.189,"17 R",568143.653,2804539.834,"CS25",2025,"99","99","0","0","0","0",93
"1012","CS25_3",0.0334928743541241,0.0510209500789642,0.0158143751323223,0.00305325491353869,-0.832909524440765,-0.887071669101715,0.887071669101715,-1.01452493667603,0.263818562030792,0.151663288474083,-0.149145916104317,-2.41210198402405,2025,0.214,"17 R",568133.033,2804551.151,"CS25",2025,"28","28","0","0","0","0",28
"1013","CS25_4",0.0274237543344498,0.0445626303553581,0.0129316309466958,0.00361885968595743,-0.766845703125,-0.849782168865204,0.849782168865204,-0.844032824039459,0.230380564928055,0.123926259577274,-0.147324740886688,-2.38847517967224,2025,0.222,"17 R",568126.86,2804566.557,"CS25",2025,"5.5","5.5","5.5","5.5","0","0",0
"1014","CS25_5",0.0260028801858425,0.0407604351639748,0.0116634862497449,0.00429739896208048,-0.716345906257629,-0.809249639511108,0.809249639511108,-0.692263066768646,0.286884874105453,0.15903452038765,-0.166161119937897,-2.36194658279419,2025,0.201,"17 R",568117.449,2804575.126,"CS25",2025,"98","98","98","98","0","0",0
"1015","CS25_6",0.0353027433156967,0.0584859661757946,0.0185846053063869,0.00429814029484987,-0.7829270362854,-0.863081872463226,0.863081872463226,-0.936500251293182,0.148473232984543,0.0661831796169281,-0.122611060738564,-2.33210778236389,2025,0.213,"17 R",568108.664,2804583.388,"CS25",2025,"0","0","0","","","",0
"1016","CS25_7",0.0337558425962925,0.0529225096106529,0.0170866325497627,0.00531550217419863,-0.72790789604187,-0.817455947399139,0.817455947399139,-0.788170218467712,0.226626351475716,0.0932792648673058,-0.165291666984558,-2.29865479469299,2025,0.199,"17 R",568097.258,2804591.461,"CS25",2025,"38","38","9","5","0","4",29
"1017","CS25_8",0.0265237875282764,0.0410166829824448,0.0133967036381364,0.00260493066161871,-0.821143448352814,-0.880566954612732,0.880566954612732,-1.01162540912628,0.299010366201401,0.060327835381031,-0.254323065280914,-2.27508950233459,2025,0.207,"17 R",568091.379,2804601.579,"CS25",2025,"11.5","2.5","0","0","0","0",0
"1018","CS25_9",0.025619950145483,0.0384809449315071,0.0133976675570011,0.00463904859498143,-0.693377256393433,-0.784830749034882,0.784830749034882,-0.728399157524109,0.342840641736984,0.0255956500768661,-0.318187832832336,-2.23439359664917,2025,0.187,"17 R",568084.249,2804612.211,"CS25",2025,"22","22","0","0","0","0",22
"1019","CS29_1",0.0619761236011982,0.0753982663154602,0.0189565047621727,0.00560042960569263,-0.834249317646027,-0.86171555519104,0.86171555519104,-0.815823018550873,0.398814797401428,0.612018942832947,0.117881990969181,-3.59676647186279,2025,0.263,"17 R",571424.91,2802687.098,"CS29",2025,"16.3","16.3","3.2","1.2","0","2",13.1
"1020","CS29_10",0.0658371299505234,0.0791929736733437,0.0198918357491493,0.00572246313095093,-0.840064406394958,-0.865219712257385,0.865219712257385,-0.829773187637329,0.398846656084061,0.631245493888855,0.134159177541733,-3.69486427307129,2025,0.209,"17 R",571384.697,2802832.487,"CS29",2025,"1.3","1.3","0.2","0","0","0.2",1.1
"1021","CS29_2",0.0640311986207962,0.0752730816602707,0.0193046685308218,0.00560170412063599,-0.839107573032379,-0.861472189426422,0.861472189426422,-0.825268566608429,0.433480083942413,0.629068195819855,0.103815779089928,-3.61533284187317,2025,0.24,"17 R",571419.821,2802702.686,"CS29",2025,"19.2","19.2","0","0","0","0",19.2
"1022","CS29_3",0.0649299472570419,0.0757787078619003,0.0196518916636705,0.00537595525383949,-0.847069561481476,-0.867513358592987,0.867513358592987,-0.855603158473969,0.439183264970779,0.627754032611847,0.0983603745698929,-3.6182267665863,2025,0.247,"17 R",571417.261,2802715.681,"CS29",2025,"17","10.5","0","0","0","0",10.5
"1023","CS29_4",0.0654445216059685,0.0747694596648216,0.0186136402189732,0.00447185104712844,-0.872080028057098,-0.887133359909058,0.887133359909058,-0.918875157833099,0.463570326566696,0.682089626789093,0.12194761633873,-3.6251699924469,2025,0.245,"17 R",571415.302,2802732.584,"CS29",2025,"15","10","0","0","0","0",10
"1024","CS29_5",0.0677529945969582,0.0778001695871353,0.0184988174587488,0.00503814546391368,-0.861572563648224,-0.878361940383911,0.878361940383911,-0.857842564582825,0.449358552694321,0.7220498919487,0.165899187326431,-3.63008117675781,2025,0.246,"17 R",571413.406,2802748.627,"CS29",2025,"22","22","21","0","0","21",1
"1025","CS29_6",0.0653186663985252,0.080072708427906,0.0204640701413155,0.00481313653290272,-0.862740278244019,-0.886597454547882,0.886597454547882,-0.928757727146149,0.377350807189941,0.599073112010956,0.125876367092133,-3.6278510093689,2025,0.25,"17 R",571407.114,2802765.145,"CS29",2025,"11.7","6.7","2","0","0","2",4.7
"1026","CS29_7",0.0648064017295837,0.0801993384957314,0.0205802507698536,0.00436108838766813,-0.873897731304169,-0.896852731704712,0.896852731704712,-0.97543853521347,0.367533534765244,0.586355805397034,0.123598009347916,-3.63107895851135,2025,0.232,"17 R",571403.645,2802779.761,"CS29",2025,"11.4","11.4","11","0","0","11",0.4
"1027","CS29_8",0.0636534839868546,0.0798218622803688,0.0200043618679047,0.00515440152958035,-0.85017991065979,-0.8786860704422,0.8786860704422,-0.885375022888184,0.355386704206467,0.592689096927643,0.138224303722382,-3.64559936523438,2025,0.249,"17 R",571399.119,2802796.331,"CS29",2025,"4.5","4.5","1.5","0","0","1.5",3
"1028","CS29_9",0.0651944354176521,0.0785610675811768,0.0196594577282667,0.00572138046845794,-0.838643014431,-0.864233195781708,0.864233195781708,-0.823736250400543,0.398891687393188,0.631489813327789,0.134156912565231,-3.68202328681946,2025,0.225,"17 R",571389.959,2802815.285,"CS29",2025,"11.9","11.9","11.2","0","0","11.2",0.7
"1029","CS3_1",0.0221809558570385,0.0339123606681824,0.0136563973501325,0.00704103382304311,-0.518100321292877,-0.656144082546234,0.656144082546234,-0.479433655738831,0.354170203208923,-0.134907320141792,-0.457608193159103,-2.285564661026,2025,0.168,"17 R",563333.209,2798078.844,"CS3",2025,"66.7","66.7","66.2","66.2","0","0",0.5
"1030","CS3_10",0.0233636721968651,0.0350686684250832,0.0151694873347878,0.00614107958972454,-0.583722651004791,-0.701959848403931,0.701959848403931,-0.635488092899323,0.364874392747879,-0.172865062952042,-0.495697975158691,-1.84256911277771,2025,0.14,"17 R",563298.844,2797924.242,"CS3",2025,"33","33","33","4","0","29",0
"1031","CS3_2",0.0234809815883636,0.0321272015571594,0.0142351826652884,0.00862683169543743,-0.462633490562439,-0.576639115810394,0.576639115810394,-0.36796960234642,0.477647423744202,-0.113465771079063,-0.539975762367249,-2.26836347579956,2025,0.137,"17 R",563331.956,2798060.743,"CS3",2025,"37.1","37.1","35.2","33","0","2.2",1.9
"1032","CS3_3",0.0230941995978355,0.0350619070231915,0.0141215436160564,0.00896816980093718,-0.4405797123909,-0.592634379863739,0.592634379863739,-0.334783732891083,0.353510737419128,-0.123217344284058,-0.447100758552551,-2.19005942344666,2025,0.137,"17 R",563327.707,2798045.653,"CS3",2025,"48.6","48.6","48.2","48","0","0.2",0.4
"1033","CS3_4",0.0233541578054428,0.0354442335665226,0.0151632465422153,0.00794875901192427,-0.492139399051666,-0.633638560771942,0.633638560771942,-0.468229860067368,0.351363271474838,-0.172920301556587,-0.48476505279541,-2.1610152721405,2025,0.135,"17 R",563323.789,2798027.474,"CS3",2025,"68.9","68.9","60.5","53","7.5","0",0.4
"1034","CS3_5",0.0217940658330917,0.0342970378696918,0.0156261622905731,0.00806200690567493,-0.459941893815994,-0.619349002838135,0.619349002838135,-0.478983104228973,0.322698801755905,-0.267787665128708,-0.53816294670105,-2.14183712005615,2025,0.137,"17 R",563321.262,2798008.095,"CS3",2025,"39.7","39.7","36.7","36","0.7","0",3
"1035","CS3_6",0.0215372107923031,0.0325144231319427,0.0135448314249516,0.00579807162284851,-0.575781106948853,-0.697327375411987,0.697327375411987,-0.600744366645813,0.376501113176346,-0.157340586185455,-0.494112998247147,-2.06951713562012,2025,0.135,"17 R",563315.664,2797989.062,"CS3",2025,"55.1","55.1","55","48.5","6.5","0",0.1
"1036","CS3_7",0.021540429443121,0.033919233828783,0.0127366399392486,0.00579967722296715,-0.575738489627838,-0.707963943481445,0.707963943481445,-0.561354458332062,0.324618428945541,-0.104552008211613,-0.409882694482803,-1.9319669008255,2025,0.135,"17 R",563307.889,2797974.898,"CS3",2025,"27.1","27.1","26.5","0","0","26.5",0.6
"1037","CS3_8",0.0224505718797445,0.0337917245924473,0.0134311905130744,0.00636605313047767,-0.558168053627014,-0.682947933673859,0.682947933673859,-0.535312175750732,0.370635896921158,-0.108597807586193,-0.44983834028244,-1.92108142375946,2025,0.138,"17 R",563305.443,2797956.804,"CS3",2025,"22.1","22.1","19.7","0","0","19.7",2.4
"1038","CS3_9",0.0237503908574581,0.0328992642462254,0.0135469362139702,0.00568636599928141,-0.613655388355255,-0.705259919166565,0.705259919166565,-0.61304372549057,0.459843695163727,-0.0596567168831825,-0.482452392578125,-1.92819595336914,2025,0.136,"17 R",563302.871,2797941.207,"CS3",2025,"18.2","18.2","18","0","0","18",0.2
"1049","CS33_1",0.0371632240712643,0.0548515915870667,0.0152595778927207,0.00476014753803611,-0.772911965847015,-0.84029495716095,0.84029495716095,-0.786681413650513,0.278751254081726,0.286205887794495,-0.0524107180535793,-2.78794074058533,2025,0.189,"17 R",570381.34,2805577.685,"CS33",2025,"27.5","27.5","3.5","3.5","0","0",24
"1050","CS33_10",0.0392366088926792,0.0618103668093681,0.0189582332968712,0.00521911447867751,-0.765199422836304,-0.844274044036865,0.844274044036865,-0.852396130561829,0.186116561293602,0.154801964759827,-0.0808933451771736,-2.7070255279541,2025,0.183,"17 R",570294.342,2805670.063,"CS33",2025,"42.5","42.5","16","16","0","0",26.5
"1051","CS33_2",0.0366487242281437,0.0539670065045357,0.0145685262978077,0.00656803837046027,-0.696042120456696,-0.783000469207764,0.783000469207764,-0.567771136760712,0.28480988740921,0.311917245388031,-0.0370822846889496,-2.78578805923462,2025,0.192,"17 R",570371.499,2805589.234,"CS33",2025,"54","54","1","1","0","0",53
"1052","CS33_3",0.0351034663617611,0.0521972812712193,0.0151468580588698,0.00532691972330213,-0.736489295959473,-0.814793765544891,0.814793765544891,-0.719452321529388,0.282746315002441,0.235529810190201,-0.0969581604003906,-2.77098512649536,2025,0.191,"17 R",570360.365,2805600.962,"CS33",2025,"33.4","33.4","8","4","0","4",25.4
"1053","CS33_4",0.036908932030201,0.049792755395174,0.0146857658401132,0.0045364573597908,-0.781087458133698,-0.83300119638443,0.83300119638443,-0.791998028755188,0.390913546085358,0.312134265899658,-0.123048633337021,-2.77332377433777,2025,0.181,"17 R",570350.749,2805609.579,"CS33",2025,"47.1","47.1","12.5","12.5","0","0",34.6
"1054","CS33_5",0.033170685172081,0.0490347035229206,0.0144567741081119,0.00521543947979808,-0.728264331817627,-0.807726263999939,0.807726263999939,-0.704648792743683,0.302997976541519,0.218793675303459,-0.127678513526917,-2.75778555870056,2025,0.186,"17 R",570342.586,2805620.186,"CS33",2025,"62.3","62.3","42","40.5","0","1.5",20.3
"1055","CS33_6",0.0330428704619408,0.050428032875061,0.013765693642199,0.00521617429330945,-0.727323353290558,-0.812516868114471,0.812516868114471,-0.675606787204742,0.264670670032501,0.256843954324722,-0.0662736594676971,-2.74473333358765,2025,0.181,"17 R",570334.93,2805631.192,"CS33",2025,"8","8","6.5","6.5","0","0",1.5
"1056","CS33_7",0.0331721156835556,0.0516937635838985,0.0143426209688187,0.00521636568009853,-0.728232741355896,-0.816680610179901,0.816680610179901,-0.699902474880219,0.238079935312271,0.225619673728943,-0.0694664642214775,-2.74824380874634,2025,0.182,"17 R",570321.258,2805639.026,"CS33",2025,"100.4","100.4","5","5","0","0",95.4
"1057","CS33_8",0.0356243439018726,0.0503024682402611,0.0153815168887377,0.00533004710450768,-0.739708125591278,-0.808383762836456,0.808383762836456,-0.727960705757141,0.342960864305496,0.237105414271355,-0.144412562251091,-2.73802351951599,2025,0.183,"17 R",570310.516,2805647.096,"CS33",2025,"17.2","17.2","15","15","0","0",2.2
"1058","CS33_9",0.0327874384820461,0.0523280911147594,0.0148058468475938,0.00578254833817482,-0.700152933597565,-0.800981402397156,0.800981402397156,-0.657406628131866,0.211413010954857,0.186758518218994,-0.0789351463317871,-2.72662281990051,2025,0.172,"17 R",570300.064,2805656.103,"CS33",2025,"66","66","49","49","0","0",17
"1059","CS36_1",0.0567716397345066,0.077404722571373,0.0209482368081808,0.00627702800557017,-0.800883114337921,-0.849978566169739,0.849978566169739,-0.808323204517365,0.27879524230957,0.438824653625488,0.0760513097047806,-2.69950819015503,2025,0.211,"17 R",572551.26,2805065.683,"CS36",2025,"3.8","3.8","3.5","3.5","0","0",0.3
"1060","CS36_10",0.0561404824256897,0.0729975625872612,0.0215342231094837,0.00696255406364799,-0.77932745218277,-0.82584935426712,0.82584935426712,-0.767016708850861,0.339727193117142,0.404039442539215,-0.00137433514464647,-2.59186458587646,2025,0.234,"17 R",572490.078,2805175.931,"CS36",2025,"0","0","0","","","",0
"1061","CS36_2",0.0561307780444622,0.0760184824466705,0.0210644863545895,0.00672983843833208,-0.785880625247955,-0.837341964244843,0.837341964244843,-0.773610174655914,0.289672464132309,0.422737061977386,0.0542081668972969,-2.69987034797668,2025,0.254,"17 R",572548.721,2805079.296,"CS36",2025,"3","3","0.5","0","0","0.5",2.5
"1062","CS36_3",0.0566461719572544,0.0776585191488266,0.0196818001568317,0.00582690397277474,-0.813458740711212,-0.860409080982208,0.860409080982208,-0.814715802669525,0.272556006908417,0.489968299865723,0.121827773749828,-2.69665050506592,2025,0.252,"17 R",572544.238,2805093.661,"CS36",2025,"3.7","3.7","3","2.5","0","0.5",0.7
"1063","CS36_4",0.0578021556138992,0.0745069608092308,0.02095159702003,0.0058276429772377,-0.816826581954956,-0.854915738105774,0.854915738105774,-0.847146213054657,0.343719869852066,0.456676602363586,0.0377867519855499,-2.68667912483215,2025,0.229,"17 R",572537.676,2805106.274,"CS36",2025,"4.8","4.8","1.8","1.3","0","0.5",0.5
"1064","CS36_5",0.0535663217306137,0.0756425261497498,0.0201449282467365,0.00594127690419555,-0.800318717956543,-0.854351580142975,0.854351580142975,-0.816733479499817,0.249007478356361,0.414164394140244,0.0796729847788811,-2.67829489707947,2025,0.232,"17 R",572531.492,2805119.141,"CS36",2025,"8.9","8.9","8.5","8.5","0","0",0.4
"1065","CS36_6",0.0571633987128735,0.0747609734535217,0.0198005568236113,0.00594262732192874,-0.811662137508392,-0.852729558944702,0.852729558944702,-0.807471752166748,0.328420966863632,0.493910580873489,0.0797023773193359,-2.62885880470276,2025,0.211,"17 R",572524.23,2805130.451,"CS36",2025,"9.3","9.3","8","6.5","0","1.5",1.3
"1066","CS36_7",0.0590888299047947,0.0753920823335648,0.0218776371330023,0.0056043085642159,-0.826741814613342,-0.861615836620331,0.861615836620331,-0.888219237327576,0.351208359003067,0.441687077283859,0.020118335261941,-2.59187483787537,2025,0.207,"17 R",572515.831,2805143.693,"CS36",2025,"2","2","1","1","0","0",1
"1067","CS36_8",0.0560101829469204,0.0731224864721298,0.0210712049156427,0.00696121761575341,-0.778908610343933,-0.826151430606842,0.826151430606842,-0.755017876625061,0.335300177335739,0.42031341791153,0.0151502452790737,-2.5798454284668,2025,0.202,"17 R",572507.604,2805153.652,"CS36",2025,"8.1","6.1","4.5","4.5","0","0",1.1
"1068","CS36_9",0.0547272376716137,0.075897641479969,0.0208414327353239,0.00718796299770474,-0.767812669277191,-0.826974511146545,0.826974511146545,-0.730668783187866,0.266306698322296,0.406522780656815,0.0598729997873306,-2.58742880821228,2025,0.195,"17 R",572497.779,2805164.675,"CS36",2025,"4.6","4.6","3.7","3.5","0","0.2",0.9
"1069","CS39_1",0.0360933728516102,0.0483201295137405,0.00939750205725431,0.00291451788507402,-0.850567758083344,-0.886228621006012,0.886228621006012,-0.78983598947525,0.405498951673508,0.671765267848969,0.1512081772089,-3.38812685012817,2025,0.198,"17 R",568913.01,2802608.164,"CS39",2025,"3.5","3.5","1.5","1","0","0.5",2
"1070","CS39_10",0.0334182307124138,0.0455561019480228,0.0101202689111233,0.00361473183147609,-0.80478298664093,-0.852972507476807,0.852972507476807,-0.710469961166382,0.400949746370316,0.531359851360321,0.0418024398386478,-3.38686609268188,2025,0.22,"17 R",568863.319,2802703.941,"CS39",2025,"48.5","48.5","9.5","9.5","0","0",38
"1071","CS39_2",0.0359751209616661,0.0513715408742428,0.00963696930557489,0.0034861967433244,-0.823310673236847,-0.872900426387787,0.872900426387787,-0.703043699264526,0.326889604330063,0.64695405960083,0.19529402256012,-3.38812685012817,2025,0.205,"17 R",568905.939,2802622.271,"CS39",2025,"7.7","7.7","7","7","0","0",0.7
"1072","CS39_3",0.0341711416840553,0.0495999231934547,0.00987214781343937,0.00303666526451707,-0.836772680282593,-0.884617686271667,0.884617686271667,-0.794280886650085,0.318614572286606,0.574878454208374,0.143765702843666,-3.38547897338867,2025,0.211,"17 R",568900.109,2802632.971,"CS39",2025,"33.5","33.5","1.5","1.5","0","0",32
"1073","CS39_4",0.0361099056899548,0.0499805398285389,0.00987238995730877,0.00371554400771856,-0.813408553600311,-0.861608386039734,0.861608386039734,-0.679666876792908,0.364396750926971,0.630043208599091,0.151393428444862,-3.38475346565247,2025,0.208,"17 R",568898.218,2802635.773,"CS39",2025,"66.5","66.5","0","0","0","0",62.5
"1074","CS39_5",0.0346938520669937,0.0477011539041996,0.00987639464437962,0.00360535643994808,-0.811726868152618,-0.859458148479462,0.859458148479462,-0.697725176811218,0.381811648607254,0.589691460132599,0.104438871145248,-3.38389587402344,2025,0.217,"17 R",568896.049,2802648.64,"CS39",2025,"14.2","14.2","4","4","0","0",4.7
"1075","CS39_6",0.0339237563312054,0.0459285862743855,0.00988039746880531,0.00372138665989041,-0.80229127407074,-0.850095093250275,0.850095093250275,-0.679213583469391,0.405946671962738,0.566897809505463,0.0662948191165924,-3.38375353813171,2025,0.214,"17 R",568890.799,2802659.98,"CS39",2025,"21.1","21.1","12","12","0","0",8.1
"1076","CS39_7",0.0331561975181103,0.0472030714154243,0.0105797750875354,0.0041781784966588,-0.776175260543823,-0.837365627288818,0.837365627288818,-0.650658965110779,0.349390894174576,0.485495328903198,0.0470522902905941,-3.385089635849,2025,0.215,"17 R",568886.547,2802672.41,"CS39",2025,"35.1","35.1","28","28","0","0",6.1
"1077","CS39_8",0.0354838334023952,0.0482187531888485,0.010002963244915,0.00406582606956363,-0.79439389705658,-0.844473242759705,0.844473242759705,-0.633011519908905,0.391050398349762,0.601310908794403,0.106552250683308,-3.38555455207825,2025,0.207,"17 R",568877.446,2802683.386,"CS39",2025,"33.7","33.7","4","4","0","0",29.7
"1078","CS39_9",0.0344510599970818,0.0461896695196629,0.00988814793527126,0.00429256539791822,-0.77841180562973,-0.82993757724762,0.82993757724762,-0.591886579990387,0.414398014545441,0.581651091575623,0.0714288353919983,-3.38663148880005,2025,0.217,"17 R",568870.154,2802693.242,"CS39",2025,"26.3","26.3","3.2","3.2","0","0",23.1
"1079","CS5_1",0.0258245915174484,0.0365305431187153,0.0125526404008269,0.00543620670214295,-0.652202963829041,-0.740927934646606,0.740927934646606,-0.593403816223145,0.414780467748642,0.089294321835041,-0.325798064470291,-2.67318892478943,2025,0.241,"17 R",564153.892,2798902.075,"CS5",2025,"26.6","26.6","26.5","25.7","0","0.8",0.1
"1080","CS5_10",0.0238651670515537,0.0340996533632278,0.0128962090238929,0.00690772896632552,-0.551051080226898,-0.663098275661469,0.663098275661469,-0.453582525253296,0.420581012964249,-0.012716487981379,-0.413063645362854,-2.68643760681152,2025,0.216,"17 R",564175.324,2798927.77,"CS5",2025,"46.3","46.3","46","46","0","0",0.3
"1081","CS5_2",0.0232170484960079,0.034996010363102,0.0137100899592042,0.00679588411003351,-0.547136306762695,-0.674775004386902,0.674775004386902,-0.505770087242126,0.361130207777023,-0.0926119387149811,-0.428828179836273,-2.68439626693726,2025,0.196,"17 R",564161.092,2798911.928,"CS5",2025,"31.7","31.7","31","28","0","3",0.7
"1082","CS5_3",0.0238683428615332,0.0348683185875416,0.0128983864560723,0.00668245786800981,-0.562534689903259,-0.678347408771515,0.678347408771515,-0.476174205541611,0.393292993307114,-0.0127278752624989,-0.390887290239334,-2.68646240234375,2025,0.202,"17 R",564169.828,2798920.877,"CS5",2025,"86.7","86.7","86.7","86","0","0.7",0
"1083","CS5_4",0.0238651670515537,0.0340996533632278,0.0128962090238929,0.00690772896632552,-0.551051080226898,-0.663098275661469,0.663098275661469,-0.453582525253296,0.420581012964249,-0.012716487981379,-0.413063645362854,-2.68643760681152,2025,0.216,"17 R",564175.324,2798927.77,"CS5",2025,"67.1","67.1","67","67","0","0",0.1
"1084","CS5_5",0.0238651670515537,0.0340996533632278,0.0128962090238929,0.00690772896632552,-0.551051080226898,-0.663098275661469,0.663098275661469,-0.453582525253296,0.420581012964249,-0.012716487981379,-0.413063645362854,-2.68643760681152,2025,0.216,"17 R",564175.324,2798927.77,"CS5",2025,"70.1","70.1","70.1","70","0","0.1",0
"1085","CS5_6",0.0238651670515537,0.0340996533632278,0.0128962090238929,0.00690772896632552,-0.551051080226898,-0.663098275661469,0.663098275661469,-0.453582525253296,0.420581012964249,-0.012716487981379,-0.413063645362854,-2.68643760681152,2025,0.216,"17 R",564175.324,2798927.77,"CS5",2025,"86.5","86.5","86.5","86.5","0","0",0
"1086","CS5_7",0.0238651670515537,0.0340996533632278,0.0128962090238929,0.00690772896632552,-0.551051080226898,-0.663098275661469,0.663098275661469,-0.453582525253296,0.420581012964249,-0.012716487981379,-0.413063645362854,-2.68643760681152,2025,0.216,"17 R",564175.324,2798927.77,"CS5",2025,"92","92","92","92","0","0",0
"1087","CS5_8",0.0238651670515537,0.0340996533632278,0.0128962090238929,0.00690772896632552,-0.551051080226898,-0.663098275661469,0.663098275661469,-0.453582525253296,0.420581012964249,-0.012716487981379,-0.413063645362854,-2.68643760681152,2025,0.216,"17 R",564175.324,2798927.77,"CS5",2025,"82","82","82","82","0","0",0
"1088","CS5_9",0.0238651670515537,0.0340996533632278,0.0128962090238929,0.00690772896632552,-0.551051080226898,-0.663098275661469,0.663098275661469,-0.453582525253296,0.420581012964249,-0.012716487981379,-0.413063645362854,-2.68643760681152,2025,0.216,"17 R",564175.324,2798927.77,"CS5",2025,"37.2","37.2","36","36","0","0",1.2
"1099","CS9_1",0.0222382918000221,0.0307898335158825,0.010346139781177,0.00404108082875609,-0.692452251911163,-0.767960131168365,0.767960131168365,-0.657360374927521,0.475575089454651,0.105187751352787,-0.365002125501633,-2.46436047554016,2025,0.186,"17 R",565861.103,2800468.078,"CS9",2025,"76.5","76.5","4.5","0","0","4.5",67
"1100","CS9_10",0.0217517931014299,0.0309430509805679,0.010253619402647,0.00587179744616151,-0.574870824813843,-0.681009292602539,0.681009292602539,-0.407600820064545,0.447349458932877,0.0907540246844292,-0.353915840387344,-1.59622800350189,2025,0.166,"17 R",565795.164,2800567.313,"CS9",2025,"55","55","17","0","5.5","11.5",38
"1101","CS9_2",0.023152768611908,0.0315584987401962,0.0104644866660237,0.00449636345729232,-0.674755573272705,-0.750582158565521,0.750582158565521,-0.59837406873703,0.485541075468063,0.135754883289337,-0.348095834255219,-2.39638876914978,2025,0.193,"17 R",565856.357,2800477.278,"CS9",2025,"86.4","86.4","9.5","7","0","2.5",76.9
"1102","CS9_3",0.0199015233665705,0.0301564130932093,0.00988707598298788,0.0047245817258954,-0.616294860839844,-0.729102790355682,0.729102790355682,-0.529970049858093,0.390126138925552,0.0330003909766674,-0.354855835437775,-2.30947089195251,2025,0.183,"17 R",565852.009,2800487.318,"CS9",2025,"96.7","95.7","7","5.5","0","1.5",88.7
"1103","CS9_4",0.0205562058836222,0.0293929483741522,0.0102372169494629,0.00415957812219858,-0.663407146930695,-0.752055764198303,0.752055764198303,-0.633228302001953,0.454036444425583,0.0355905145406723,-0.404218316078186,-2.22118234634399,2025,0.195,"17 R",565847.233,2800498.861,"CS9",2025,"93","93","12","10","0","2",81
"1104","CS9_5",0.0229026395827532,0.0302894599735737,0.0093125319108367,0.00404802896082401,-0.699597120285034,-0.764221012592316,0.764221012592316,-0.591049611568451,0.525166809558868,0.224679619073868,-0.309649586677551,-2.10047268867493,2025,0.2,"17 R",565837.585,2800508.356,"CS9",2025,"91","91","91","89","0","2",0
"1105","CS9_6",0.0205660108476877,0.0310600195080042,0.00931667163968086,0.00371094909496605,-0.694282233715057,-0.786548972129822,0.786548972129822,-0.64544278383255,0.386651784181595,0.116686947643757,-0.284830868244171,-1.98333489894867,2025,0.184,"17 R",565831.434,2800522.225,"CS9",2025,"79","79","20.5","16.5","3.5","0.5",58.5
"1106","CS9_7",0.022521922364831,0.0308073721826077,0.0107097504660487,0.00405284482985735,-0.694985508918762,-0.767480254173279,0.767480254173279,-0.676395893096924,0.48754808306694,0.0883074477314949,-0.387974947690964,-1.89364433288574,2025,0.223,"17 R",565825.772,2800535.156,"CS9",2025,"88","88","80","76","0","4",8
"1107","CS9_8",0.0213542245328426,0.032724492251873,0.01071219984442,0.00439472170546651,-0.658648431301117,-0.763210415840149,0.763210415840149,-0.627276539802551,0.360046535730362,0.0348722152411938,-0.327761024236679,-1.7839218378067,2025,0.167,"17 R",565816.467,2800545.656,"CS9",2025,"49","49","18.5","8.5","4.5","5.5",30.5
"1108","CS9_9",0.0225289855152369,0.0311956610530615,0.0107146482914686,0.00507661700248718,-0.632203876972198,-0.720082819461823,0.720082819461823,-0.535552203655243,0.472454428672791,0.0882298052310944,-0.375761568546295,-1.69740331172943,2025,0.166,"17 R",565804.423,2800556.937,"CS9",2025,"25.7","25.7","9","8","0","1",16.7
"1109","G10_1",0.027244770899415,0.0338406227529049,0.0126656964421272,0.00884336978197098,-0.509901583194733,-0.585635304450989,0.585635304450989,-0.266561537981033,0.562402665615082,0.135157108306885,-0.408395975828171,-3.1346070766449,2025,0.433,"17 R",578734.738,2843844.306,"G10",2025,"69","61","24.5","0","7.5","17",35.5
"1110","G10_10",0.0306780338287354,0.036688506603241,0.0149039775133133,0.0071682590059936,-0.621190965175629,-0.673105895519257,0.673105895519257,-0.525709211826324,0.581692397594452,0.114607788622379,-0.438507407903671,-3.01303315162659,2025,0.272,"17 R",578658.737,2843986.026,"G10",2025,"50.7","50.7","29","0","0","29",21.5
"1111","G10_2",0.0277687907218933,0.0328210406005383,0.0129000088199973,0.00816462002694607,-0.54556941986084,-0.601586520671844,0.601586520671844,-0.337204277515411,0.619085788726807,0.138524249196053,-0.451481848955154,-3.13841652870178,2025,0.295,"17 R",578726.702,2843859.711,"G10",2025,"92","92","0","0","0","0",92
"1112","G10_3",0.0259537342935801,0.0338488407433033,0.0136009026318789,0.00873538851737976,-0.496361523866653,-0.589735984802246,0.589735984802246,-0.326744973659515,0.513557851314545,0.0256580971181393,-0.456707686185837,-3.15422797203064,2025,0.277,"17 R",578718.76,2843878.696,"G10",2025,"97","97","2","0","2","0",95
"1113","G10_4",0.0257016476243734,0.0325774364173412,0.0131426732987165,0.00805896800011396,-0.522581696510315,-0.603362143039703,0.603362143039703,-0.359668284654617,0.550892353057861,0.0452210158109665,-0.471633851528168,-3.1493067741394,2025,0.289,"17 R",578711.804,2843896.851,"G10",2025,"34.8","34.8","25.2","0","14.2","11",9.6
"1114","G10_5",0.0289629101753235,0.0371806770563126,0.0151186473667622,0.00738229276612401,-0.593768000602722,-0.668680369853973,0.668680369853973,-0.515735447406769,0.507769405841827,0.0448410212993622,-0.434928774833679,-3.16423606872559,2025,0.277,"17 R",578704.059,2843911.361,"G10",2025,"42","42","34.5","6","3","25.5",7
"1115","G10_6",0.033646248281002,0.0403734482824802,0.0165118351578712,0.00659018894657493,-0.672426819801331,-0.719349324703217,0.719349324703217,-0.644206285476685,0.556313872337341,0.119305543601513,-0.412625283002853,-3.15454292297363,2025,0.27,"17 R",578693.541,2843925.843,"G10",2025,"51","51","36.5","0","0","36.5",13
"1116","G10_7",0.0426060408353806,0.0547740533947945,0.019297743216157,0.0081815654411912,-0.677812516689301,-0.740084648132324,0.740084648132324,-0.606793522834778,0.417167752981186,0.222000792622566,-0.213845655322075,-3.13747930526733,2025,0.259,"17 R",578684.318,2843942.096,"G10",2025,"10.3","10.3","7.7","0","0","7.7",2.6
"1117","G10_8",0.0335266292095184,0.0444615744054317,0.0184890013188124,0.00761632760986686,-0.629762768745422,-0.707502543926239,0.707502543926239,-0.624738752841949,0.434103757143021,0.0189753789454699,-0.393257349729538,-3.08344483375549,2025,0.266,"17 R",578679.234,2843957.3,"G10",2025,"11","11","3","0","0","3",8
"1118","G10_9",0.0306754987686872,0.0378351919353008,0.0168721862137318,0.00784714426845312,-0.592595756053925,-0.656447350978851,0.656447350978851,-0.547650873661041,0.54375147819519,0.00839634705334902,-0.49227249622345,-3.06885600090027,2025,0.261,"17 R",578672.146,2843972.626,"G10",2025,"49.5","49.5","32.5","22","0","10.5",16.9
"1119","G12_1",0.0207612309604883,0.0262599606066942,0.0113738365471363,0.00568875577300787,-0.569848120212555,-0.643882036209106,0.643882036209106,-0.499784618616104,0.60260683298111,-0.0445689633488655,-0.588687777519226,-2.24839901924133,2025,0.206,"17 R",576686.251,2843681.318,"G12",2025,"78.5","77.5","23.5","0","22","1.5",54
"1120","G12_10",0.0278586987406015,0.0403695926070213,0.0184881910681725,0.00639660703018308,-0.626533329486847,-0.72644317150116,0.72644317150116,-0.728853642940521,0.367675065994263,-0.166181892156601,-0.489775955677032,-2.02860641479492,2025,0.222,"17 R",576615.161,2843827.259,"G12",2025,"0","0","0","","","",0
"1121","G12_2",0.0185440797358751,0.0239564087241888,0.0117245726287365,0.00648524379357696,-0.481788337230682,-0.573922991752625,0.573922991752625,-0.431580036878586,0.602606654167175,-0.183491706848145,-0.701197504997253,-2.23710465431213,2025,0.206,"17 R",576677.124,2843693.872,"G12",2025,"16.4","15.9","2.5","0","2.5","0",11.9
"1122","G12_3",0.0192009825259447,0.0258811824023724,0.01161087770015,0.0068275760859251,-0.475378096103668,-0.582523047924042,0.582523047924042,-0.389129817485809,0.542353630065918,-0.140343338251114,-0.617275655269623,-2.22885227203369,2025,0.204,"17 R",576664.928,2843708.101,"G12",2025,"49.5","49.5","39.5","0","39.5","0",9.7
"1123","G12_4",0.0257348343729973,0.036764457821846,0.0159107018262148,0.00649080518633127,-0.597165167331696,-0.699883699417114,0.699883699417114,-0.630754232406616,0.403447091579437,-0.117019727826118,-0.480989634990692,-2.20987892150879,2025,0.208,"17 R",576658.315,2843725.156,"G12",2025,"39.9","39.9","33","0","33","0",6.8
"1124","G12_5",0.0202626287937164,0.0301192551851273,0.0133630018681288,0.00638137990608811,-0.52098947763443,-0.65034145116806,0.65034145116806,-0.530400633811951,0.409624755382538,-0.20678074657917,-0.561420500278473,-2.1911153793335,2025,0.2,"17 R",576651.124,2843746.008,"G12",2025,"29.3","29.3","20","0","18.2","1.5",7.7
"1125","G12_6",0.0210496243089437,0.0261528603732586,0.0113920075818896,0.00774526223540306,-0.462039053440094,-0.54302704334259,0.54302704334259,-0.285835862159729,0.621429443359375,-0.0321394540369511,-0.593862652778625,-2.17376041412354,2025,0.198,"17 R",576640.667,2843759.827,"G12",2025,"27.6","27.6","14.2","0.7","13.5","0",11.7
"1126","G12_7",0.0194906014949083,0.0260308515280485,0.0118615999817848,0.00570586696267128,-0.54708993434906,-0.640424907207489,0.640424907207489,-0.525607883930206,0.550231337547302,-0.143651649355888,-0.626070439815521,-2.1379382610321,2025,0.198,"17 R",576634.088,2843776.306,"G12",2025,"19.2","19.2","0","0","0","0",18.9
"1127","G12_8",0.0226323045790195,0.030901936814189,0.0143044982105494,0.00536945275962353,-0.616491734981537,-0.703929007053375,0.703929007053375,-0.681234180927277,0.488667100667953,-0.154434412717819,-0.582170724868774,-2.10873985290527,2025,0.204,"17 R",576631.013,2843793.871,"G12",2025,"7.3","7.3","0","0","0","0",0.8
"1128","G12_9",0.0240708105266094,0.0339744575321674,0.0150030618533492,0.00559825170785189,-0.622620224952698,-0.717065036296844,0.717065036296844,-0.684772610664368,0.433685630559921,-0.133608624339104,-0.519878149032593,-2.07970118522644,2025,0.202,"17 R",576623.933,2843808.552,"G12",2025,"0","0","0","","","",0
"1129","G16_1",0.0226129349321127,0.0274625513702631,0.0121329864487052,0.00917945336550474,-0.42253765463829,-0.498965561389923,0.498965561389923,-0.20787388086319,0.632959425449371,-0.0144172692671418,-0.587947845458984,-3.81433606147766,2025,0.173,"17 R",578397.088,2841828.908,"G16",2025,"79.5","79.5","42","35","4","3",37.5
"1130","G16_10",0.0177010558545589,0.023016469553113,0.00985307153314352,0.00876081548631191,-0.337853670120239,-0.448611468076706,0.448611468076706,-0.0880194455385208,0.605316877365112,-0.0812238305807114,-0.62269526720047,-3.68360185623169,2025,0.157,"17 R",578360.861,2841989.592,"G16",2025,"100","100","0","0","0","0",100
"1131","G16_2",0.0226228386163712,0.0308169145137072,0.0122561799362302,0.00895617809146643,-0.432776629924774,-0.54963630437851,0.54963630437851,-0.233354672789574,0.491637915372849,-0.0226231403648853,-0.479592949151993,-3.79441857337952,2025,0.159,"17 R",578396.533,2841848.77,"G16",2025,"75.1","75.1","16","0","6.5","9.5",58.1
"1132","G16_3",0.0240767318755388,0.0317248925566673,0.01214609015733,0.00873292423784733,-0.4676613509655,-0.568294823169708,0.568294823169708,-0.245210275053978,0.518203794956207,0.0473829694092274,-0.444405227899551,-3.7645959854126,2025,0.155,"17 R",578395.152,2841864.586,"G16",2025,"71.2","71.2","19.5","0","0","19.5",51.7
"1133","G16_4",0.0251360610127449,0.0335327424108982,0.0141350831836462,0.00885151699185371,-0.479132235050201,-0.58232057094574,0.58232057094574,-0.344781279563904,0.493087351322174,-0.0393152795732021,-0.492346853017807,-3.78775119781494,2025,0.156,"17 R",578389.143,2841885.4,"G16",2025,"75.2","75.2","17","0","1","16",58.2
"1134","G16_5",0.0200258232653141,0.0265915803611279,0.0118092857301235,0.00976761057972908,-0.34431117773056,-0.462715744972229,0.462715744972229,-0.141934812068939,0.55110502243042,-0.11277948319912,-0.601745545864105,-3.78228044509888,2025,0.156,"17 R",578387.001,2841903.328,"G16",2025,"74","74","22.5","0","0","22.5",50.5
"1135","G16_6",0.0191162563860416,0.0232506431639194,0.0113493595272303,0.00908866059035063,-0.355526506900787,-0.437918603420258,0.437918603420258,-0.165918633341789,0.669779479503632,-0.125273913145065,-0.708932042121887,-3.78700828552246,2025,0.156,"17 R",578381.102,2841920.474,"G16",2025,"100","100","0.5","0","0.5","0",99.5
"1136","G16_7",0.0203034710139036,0.0242850184440613,0.0115858754143119,0.00920490175485611,-0.376115947961807,-0.450288236141205,0.450288236141205,-0.171781003475189,0.676489114761353,-0.0826685130596161,-0.679462909698486,-3.78524327278137,2025,0.156,"17 R",578374.853,2841936.469,"G16",2025,"99","96.5","28","0","28","0",68.5
"1137","G16_8",0.0189999211579561,0.0242928303778172,0.012175508774817,0.0084120761603117,-0.386248588562012,-0.48557710647583,0.48557710647583,-0.274201601743698,0.609736442565918,-0.191497936844826,-0.712974429130554,-3.75400114059448,2025,0.157,"17 R",578370.283,2841952.446,"G16",2025,"100","100","0","0","0","0",100
"1138","G16_9",0.0197930261492729,0.0267430748790503,0.0114791141822934,0.00841441005468369,-0.403390645980835,-0.5213303565979,0.5213303565979,-0.231083050370216,0.532423853874207,-0.100209884345531,-0.576737344264984,-3.73623991012573,2025,0.157,"17 R",578365.031,2841968.935,"G16",2025,"100","100","0","0","0","0",100
"1139","G17_1",0.0228447653353214,0.0266075320541859,0.0114632798358798,0.00848414469510317,-0.458382397890091,-0.51645827293396,0.51645827293396,-0.224024042487144,0.682066738605499,0.044363509863615,-0.580877721309662,-3.91002154350281,2025,0.214,"17 R",579097.701,2842264.242,"G17",2025,"68.5","68.5","45","0","45","0",23.5
"1140","G17_10",0.0230655539780855,0.0275763627141714,0.0110568236559629,0.00898117478936911,-0.439495056867599,-0.508655369281769,0.508655369281769,-0.155378460884094,0.647690296173096,0.0848704129457474,-0.520507514476776,-4.00828838348389,2025,0.144,"17 R",579140.841,2842440.327,"G17",2025,"83","64","64","0","64","0",0
"1141","G17_2",0.0250826068222523,0.0294436141848564,0.0117028970271349,0.00860263220965862,-0.489234298467636,-0.547780215740204,0.547780215740204,-0.229021221399307,0.650929629802704,0.120115622878075,-0.493695110082626,-3.87394022941589,2025,0.167,"17 R",579100.997,2842284.524,"G17",2025,"88.5","76.5","13.5","0","13.5","0",63
"1142","G17_3",0.0257472191005945,0.0298365987837315,0.0127578545361757,0.0107698580250144,-0.410146772861481,-0.469549477100372,0.469549477100372,-0.126743927598,0.660771787166595,0.0724190548062325,-0.539263427257538,-3.89814138412476,2025,0.168,"17 R",579107.06,2842305.15,"G17",2025,"70","70","30.5","13.5","17","0",39.5
"1143","G17_4",0.0218260996043682,0.0259877163916826,0.0105510959401727,0.0106605943292379,-0.343694716691971,-0.418221801519394,0.418221801519394,0.0077432575635612,0.665445566177368,0.0696946606040001,-0.547932624816895,-3.9492404460907,2025,0.152,"17 R",579114.221,2842326.847,"G17",2025,"86","76","37","1","36","0",39
"1144","G17_5",0.0244569629430771,0.0297230426222086,0.0110237104818225,0.00850276183336973,-0.484051406383514,-0.555129766464233,0.555129766464233,-0.193656221032143,0.614050805568695,0.146011278033257,-0.443499654531479,-3.93364310264587,2025,0.153,"17 R",579111.308,2842345.88,"G17",2025,"86","71.5","52.5","20","14.5","18",19
"1145","G17_6",0.0264311954379082,0.0301159955561161,0.0124280387535691,0.0116938157007098,-0.38655412197113,-0.440618574619293,0.440618574619293,-0.0456571280956268,0.675524592399597,0.121047616004944,-0.512090981006622,-3.93893313407898,2025,0.156,"17 R",579120.385,2842365.603,"G17",2025,"59.5","53.5","47.5","24","11","12.5",6
"1146","G17_7",0.0246076174080372,0.0285815801471472,0.0127839269116521,0.0096500925719738,-0.436617761850357,-0.49517810344696,0.49517810344696,-0.209536746144295,0.668363511562347,0.0254017040133476,-0.583628237247467,-3.9849967956543,2025,0.151,"17 R",579126.747,2842384.732,"G17",2025,"72","56","56","0","56","0",0
"1147","G17_8",0.0239624697715044,0.0296169351786375,0.011509426869452,0.00908571481704712,-0.450153470039368,-0.530486166477203,0.530486166477203,-0.176525518298149,0.598023891448975,0.088692881166935,-0.476464003324509,-3.95281934738159,2025,0.155,"17 R",579128.302,2842405.941,"G17",2025,"73","73","62","0","56","6",11
"1148","G17_9",0.0222693663090467,0.0274401716887951,0.00976899731904268,0.00783858262002468,-0.479301452636719,-0.555620193481445,0.555620193481445,-0.164453148841858,0.61865222454071,0.155695989727974,-0.441056549549103,-3.95217108726501,2025,0.146,"17 R",579138.465,2842421.674,"G17",2025,"75","75","75","0","75","0",0
"1149","G18_1",0.0136559354141355,0.0185700729489326,0.00540110701695085,0.00420733913779259,-0.528939783573151,-0.630569159984589,0.630569159984589,-0.186362266540527,0.609922528266907,0.173702836036682,-0.427606165409088,-3.59943890571594,2025,0.172,"17 R",577306.903,2840592.519,"G18",2025,"100","100","0","0","0","0",100
"1150","G18_10",0.0133179007098079,0.0160250999033451,0.00438525946810842,0.00366267911158502,-0.568603754043579,-0.627923607826233,0.627923607826233,-0.134676784276962,0.766170740127563,0.326908946037292,-0.43299189209938,-3.63693618774414,2025,0.147,"17 R",577300.748,2840707.884,"G18",2025,"100","100","3","0","3","0",97
"1151","G18_2",0.0120738698169589,0.016630906611681,0.00528743397444487,0.00489575183019042,-0.422998130321503,-0.545145213603973,0.545145213603973,-0.057695422321558,0.622459828853607,0.0687718093395233,-0.523396968841553,-3.59515523910522,2025,0.143,"17 R",577306.729,2840603.057,"G18",2025,"100","100","4","1","3","0",96
"1152","G18_3",0.0136665916070342,0.0170238018035889,0.00482226815074682,0.00444087898358703,-0.509497582912445,-0.586215257644653,0.586215257644653,-0.0617591142654419,0.717647671699524,0.271474748849869,-0.437282145023346,-3.60562801361084,2025,0.153,"17 R",577306.854,2840613.539,"G18",2025,"100","100","50","0","50","0",50
"1153","G18_4",0.0152584910392761,0.0170279778540134,0.00377122568897903,0.00398601358756423,-0.585750460624695,-0.620632410049438,0.620632410049438,0.0415330566465855,0.827527761459351,0.592004120349884,-0.269475907087326,-3.60808420181274,2025,0.142,"17 R",577301.293,2840624.108,"G18",2025,"100","100","0","0","0","0",100
"1154","G18_5",0.0155280968174338,0.0175503399223089,0.00377476145513356,0.0041027870029211,-0.582006871700287,-0.621044397354126,0.621044397354126,0.0624608434736729,0.807874023914337,0.608717262744904,-0.239899069070816,-3.61617994308472,2025,0.136,"17 R",577303.018,2840637.311,"G18",2025,"100","100","0","0","0","0",100
"1155","G18_6",0.0139523474499583,0.0157448910176754,0.00507059739902616,0.00422199489548802,-0.535389542579651,-0.577100336551666,0.577100336551666,-0.136980473995209,0.834409117698669,0.249204263091087,-0.549603402614594,-3.60583758354187,2025,0.136,"17 R",577304.589,2840650.395,"G18",2025,"100","100","16","0","16","0",84
"1156","G18_7",0.0139523474499583,0.0157448910176754,0.00507059739902616,0.00422199489548802,-0.535389542579651,-0.577100336551666,0.577100336551666,-0.136980473995209,0.834409117698669,0.249204263091087,-0.549603402614594,-3.60583758354187,2025,0.136,"17 R",577304.367,2840659.976,"G18",2025,"100","100","3","0","3","0",97
"1157","G18_8",0.0143595766276121,0.015882907435298,0.00414039148017764,0.004112568218261,-0.554727613925934,-0.588650107383728,0.588650107383728,-0.00505696050822735,0.852442502975464,0.451379150152206,-0.402742475271225,-3.5723865032196,2025,0.136,"17 R",577304.332,2840673.592,"G18",2025,"100","100","0","0","0","0",100
"1158","G18_9",0.0146292438730597,0.016146233305335,0.00461251614615321,0.0040007010102272,-0.570508539676666,-0.602847635746002,0.602847635746002,-0.106548190116882,0.850820779800415,0.377592831850052,-0.459897667169571,-3.58037638664246,2025,0.138,"17 R",577301.692,2840687.878,"G18",2025,"100","100","82","0","82","0",18
"1159","G19_1",0.0142769953235984,0.017220651730895,0.00671394215896726,0.00523910904303193,-0.463098883628845,-0.533467054367065,0.533467054367065,-0.185078233480453,0.7472003698349,0.0320118591189384,-0.651346445083618,-3.0885181427002,2025,0.418,"17 R",577043.727,2842028.687,"G19",2025,"100","100","0","0","0","0",100
"1160","G19_10",0.0166159570217133,0.0169170740991831,0.00678256107494235,0.00540107442066073,-0.509373068809509,-0.51599258184433,0.51599258184433,-0.170083060860634,0.920793175697327,0.175025552511215,-0.676062941551208,-3.06841325759888,2025,0.238,"17 R",577030.721,2842244.962,"G19",2025,"100","100","0","0","0","0",100
"1161","G19_2",0.0148135460913181,0.0174867976456881,0.00648751761764288,0.00513000600039959,-0.485547423362732,-0.546354472637177,0.546354472637177,-0.175275519490242,0.765226781368256,0.098257303237915,-0.612627327442169,-3.09696507453918,2025,0.261,"17 R",577041.246,2842048.536,"G19",2025,"100","100","12","0","12","0",88
"1162","G19_3",0.0152287352830172,0.0181477256119251,0.0069677890278399,0.00445617828518152,-0.547249376773834,-0.605716049671173,0.605716049671173,-0.329781770706177,0.747232615947723,0.0647932291030884,-0.624204874038696,-3.0936062335968,2025,0.23,"17 R",577037.155,2842085.409,"G19",2025,"100","100","0","0","0","0",100
"1163","G19_4",0.0172142833471298,0.018159095197916,0.00837656110525131,0.00526019698008895,-0.531895995140076,-0.550780892372131,0.550780892372131,-0.342790126800537,0.869017541408539,0.0297964662313461,-0.749083161354065,-3.09713673591614,2025,0.205,"17 R",577030.954,2842114.406,"G19",2025,"100","100","0","0","0","0",100
"1164","G19_5",0.0163036119192839,0.0179084949195385,0.00826581474393606,0.00515045551583171,-0.519862115383148,-0.553279280662537,0.553279280662537,-0.348311334848404,0.831758916378021,-0.0131688416004181,-0.753908395767212,-3.07218909263611,2025,0.24,"17 R",577031.189,2842137.448,"G19",2025,"100","100","0","0","0","0",100
"1165","G19_6",0.017100065946579,0.0164973624050617,0.00850441493093967,0.00572378095239401,-0.498438537120819,-0.48483470082283,0.48483470082283,-0.293146848678589,0.980416119098663,0.0101785222068429,-0.8553786277771,-3.13315224647522,2025,0.226,"17 R",577027.469,2842159.62,"G19",2025,"100","100","0","0","0","0",100
"1166","G19_7",0.0161940027028322,0.0183123257011175,0.00816343910992146,0.00493279006332159,-0.533029913902283,-0.575584828853607,0.575584828853607,-0.370028167963028,0.797582566738129,-0.00925124436616898,-0.723114907741547,-3.12819719314575,2025,0.301,"17 R",577024.88,2842182.45,"G19",2025,"100","100","0","0","0","0",100
"1167","G19_8",0.0165971331298351,0.0193500388413668,0.00910186860710382,0.00527860317379236,-0.517401099205017,-0.571344375610352,0.571344375610352,-0.398797631263733,0.754367351531982,-0.077765055000782,-0.74215966463089,-3.14988446235657,2025,0.253,"17 R",577029.183,2842204.859,"G19",2025,"100","100","0","0","0","0",100
"1168","G19_9",0.0166061464697123,0.0157493762671947,0.00794201623648405,0.00494112772867084,-0.541368663311005,-0.522377252578735,0.522377252578735,-0.34939706325531,1.00818383693695,0.0394086316227913,-0.85514634847641,-3.15292453765869,2025,0.23,"17 R",577028.152,2842225.385,"G19",2025,"100","100","0","0","0","0",100
"1169","G2_1",0.0424079298973083,0.0629670917987823,0.026956370100379,0.00450785225257277,-0.807832181453705,-0.866384387016296,0.866384387016296,-1.07019257545471,0.241033926606178,-0.0686326026916504,-0.302253305912018,-2.33427953720093,2025,0.385,"17 R",578629.876,2845912.669,"G2",2025,"0","0","0","0","0","0",0
"1170","G2_10",0.0480912774801254,0.0704273357987404,0.0322689116001129,0.00813585985451937,-0.710607349872589,-0.792883694171906,0.792883694171906,-0.895923316478729,0.229063928127289,-0.0967787578701973,-0.312888652086258,-2.13372492790222,2025,0.153,"17 R",578477.879,2846003.534,"G2",2025,"0","0","0","0","0","0",0
"1171","G2_2",0.0424108505249023,0.0647370517253876,0.0278798826038837,0.00462259212508798,-0.803433835506439,-0.866706550121307,0.866706550121307,-1.07333171367645,0.207002103328705,-0.0973856896162033,-0.297491133213043,-2.36484432220459,2025,0.382,"17 R",578617.451,2845925.291,"G2",2025,"0.2","0.2","0","0","0","0",0.2
"1172","G2_3",0.046532541513443,0.0673899129033089,0.0284577626734972,0.00451142201200128,-0.823233842849731,-0.874510765075684,0.874510765075684,-1.08948743343353,0.250346153974533,-0.0221914499998093,-0.271312385797501,-2.38420796394348,2025,0.32,"17 R",578602.648,2845937.314,"G2",2025,"0","0","0","0","0","0",0
"1173","G2_4",0.0457627773284912,0.0668863877654076,0.0306472536176443,0.00485176686197519,-0.808285653591156,-0.864736795425415,0.864736795425415,-1.08998024463654,0.242891043424606,-0.102292090654373,-0.329331904649734,-2.39861249923706,2025,0.225,"17 R",578587.784,2845944.499,"G2",2025,"1","1","0","0","0","0",1
"1174","G2_5",0.0460222624242306,0.0692852959036827,0.0303034726530313,0.00462735816836357,-0.817279636859894,-0.874788463115692,0.874788463115692,-1.10258388519287,0.205199286341667,-0.0869859457015991,-0.286406010389328,-2.30973672866821,2025,0.293,"17 R",578564.637,2845954.055,"G2",2025,"0.5","0.5","0","0","0","0",0.5
"1175","G2_6",0.0453811138868332,0.0708002746105194,0.0316866189241409,0.00451590353623033,-0.81899106502533,-0.880081474781036,0.880081474781036,-1.12577986717224,0.16456238925457,-0.139203011989594,-0.295195937156677,-2.28116059303284,2025,0.165,"17 R",578546.504,2845961.511,"G2",2025,"0","0","0","0","0","0",0
"1176","G2_7",0.0483414568006992,0.0692878812551498,0.0332996807992458,0.00542093999683857,-0.79833710193634,-0.854878187179565,0.854878187179565,-1.07999587059021,0.25431764125824,-0.118493549525738,-0.350631177425385,-2.26938676834106,2025,0.185,"17 R",578529.993,2845972.427,"G2",2025,"0.7","0.7","0","0","0","0",0.7
"1177","G2_8",0.0465439110994339,0.0711815059185028,0.0326110310852528,0.00553564541041851,-0.78741580247879,-0.855686902999878,0.855686902999878,-1.06465578079224,0.18325662612915,-0.138506963849068,-0.309425204992294,-2.2582859992981,2025,0.169,"17 R",578513.848,2845980.898,"G2",2025,"99","96","96","96","0","0",0
"1178","G2_9",0.0489890389144421,0.0730739906430244,0.034223847091198,0.0073439828120172,-0.739265441894531,-0.817354679107666,0.817354679107666,-0.96997594833374,0.202179357409477,-0.128608778119087,-0.316086679697037,-2.1741316318512,2025,0.262,"17 R",578495.72,2845993.403,"G2",2025,"0","0","0","0","0","0",0
"1179","G20_1",0.0241727363318205,0.030371030792594,0.0122080966830254,0.00818534195423126,-0.494077384471893,-0.575409114360809,0.575409114360809,-0.29588595032692,0.575831711292267,0.0470056347548962,-0.491488248109818,-3.68522715568542,2025,0.133,"17 R",578468.56,2840988.746,"G20",2025,"75.1","75.1","72","66","0","6",3.1
"1180","G20_10",0.0229254979640245,0.0269388016313314,0.00968212075531483,0.00593480188399553,-0.588722109794617,-0.638932049274445,0.638932049274445,-0.359928667545319,0.670373797416687,0.192376792430878,-0.453408509492874,-3.6751811504364,2025,0.135,"17 R",578483.756,2841123.383,"G20",2025,"98","9","2","0","0","2",7
"1181","G20_2",0.0258892010897398,0.0310201123356819,0.0127960573881865,0.00750250555574894,-0.55063658952713,-0.610488295555115,0.610488295555115,-0.391176849603653,0.618419468402863,0.0753600969910622,-0.502401351928711,-3.67667889595032,2025,0.136,"17 R",578470.82,2840999.833,"G20",2025,"82.5","82.5","30.5","25","1.5","4",52
"1182","G20_3",0.0237924326211214,0.0310273841023445,0.0106977466493845,0.00796399172395468,-0.498432725667953,-0.591499865055084,0.591499865055084,-0.219734743237495,0.53367280960083,0.144145399332047,-0.380094438791275,-3.66789603233337,2025,0.133,"17 R",578466.877,2841015.007,"G20",2025,"84.3","84.3","22","7.5","11.5","3",62.3
"1183","G20_4",0.0226123072206974,0.031160194426775,0.0116366157308221,0.00796633772552013,-0.47896072268486,-0.592791020870209,0.592791020870209,-0.280846297740936,0.477545350790024,0.021294979378581,-0.433159500360489,-3.70449423789978,2025,0.131,"17 R",578472.144,2841027.89,"G20",2025,"83.5","83.5","60","49","0","11",23
"1184","G20_5",0.0226222425699234,0.0278119165450335,0.0108246933668852,0.00717174215242267,-0.518577873706818,-0.589994728565216,0.589994728565216,-0.304472893476486,0.617820680141449,0.0836179181933403,-0.497540444135666,-3.73272752761841,2025,0.131,"17 R",578476.83,2841047.521,"G20",2025,"88.4","88.4","24.2","6","9.2","9",64.2
"1185","G20_6",0.0205244068056345,0.0253660902380943,0.00931110698729753,0.0064913691021502,-0.519438624382019,-0.592474162578583,0.592474162578583,-0.267654687166214,0.63373589515686,0.115173138678074,-0.486931830644608,-3.72256970405579,2025,0.128,"17 R",578474.943,2841065.207,"G20",2025,"71.5","71.5","25","6","2","17",46.5
"1186","G20_7",0.0203976854681969,0.0257574170827866,0.0089636193588376,0.00649375328794122,-0.517039358615875,-0.597301244735718,0.597301244735718,-0.23967844247818,0.60871022939682,0.141522109508514,-0.445699572563171,-3.70248818397522,2025,0.131,"17 R",578474.416,2841076.768,"G20",2025,"73","70","28","12.5","10.5","5",42
"1187","G20_8",0.0207980144768953,0.0258904211223125,0.00885004829615355,0.00626777019351721,-0.536849200725555,-0.610191345214844,0.610191345214844,-0.256215363740921,0.621810674667358,0.17186826467514,-0.431858271360397,-3.67818760871887,2025,0.131,"17 R",578470.312,2841089.618,"G20",2025,"75.5","70.5","28.5","0.5","0","28",42
"1188","G20_9",0.0221254974603653,0.0269311498850584,0.0100261969491839,0.00638672476634383,-0.552000939846039,-0.616618692874908,0.616618692874908,-0.332616478204727,0.635204136371613,0.126979380846024,-0.477493405342102,-3.63820719718933,2025,0.133,"17 R",578484.287,2841105.496,"G20",2025,"66.5","66.5","27","1","17","9",39.5
"1199","G7_1",0.0378269627690315,0.0446577519178391,0.0134618543088436,0.00661769928410649,-0.702205002307892,-0.741876482963562,0.741876482963562,-0.511277914047241,0.549370169639587,0.411157101392746,-0.172580644488335,-4.15691328048706,2025,0.266,"17 R",580046.688,2844470.832,"G7",2025,"70","70","70","0","65","5",0
"1200","G7_10",0.0444944724440575,0.0459834076464176,0.0159454885870218,0.00665781693533063,-0.73968642950058,-0.747049331665039,0.747049331665039,-0.616348206996918,0.675728678703308,0.428631097078323,-0.258729100227356,-4.19445133209229,2025,0.196,"17 R",580075.748,2844640.953,"G7",2025,"106","106","0","0","0","0",106
"1201","G7_2",0.0379650704562664,0.0454273335635662,0.0136997401714325,0.00662242248654366,-0.702947080135345,-0.745534956455231,0.745534956455231,-0.522384166717529,0.531996667385101,0.399813890457153,-0.167433544993401,-4.15655422210693,2025,0.244,"17 R",580041.951,2844491.968,"G7",2025,"63.2","63.2","42.5","0","26.5","16",20.5
"1202","G7_3",0.0377147682011127,0.0445432588458061,0.0134747009724379,0.00662714475765824,-0.701088905334473,-0.74097740650177,0.74097740650177,-0.510964751243591,0.549557566642761,0.407370567321777,-0.175797834992409,-4.13844728469849,2025,0.231,"17 R",580040.614,2844512.412,"G7",2025,"35.5","35.5","13","2","1","10",22.5
"1203","G7_4",0.038888368755579,0.0436591617763042,0.0137125579640269,0.00663186563178897,-0.708618998527527,-0.73626047372818,0.73626047372818,-0.522061407566071,0.604862034320831,0.423042386770248,-0.207771763205528,-4.14185094833374,2025,0.218,"17 R",580048.609,2844533.362,"G7",2025,"54.4","53.4","40","1","35","4",13.4
"1204","G7_5",0.0391559302806854,0.04392009973526,0.013950408436358,0.00607044249773026,-0.731552958488464,-0.757136344909668,0.757136344909668,-0.590381920337677,0.60438859462738,0.415185332298279,-0.21353368461132,-4.15178251266479,2025,0.21,"17 R",580056.678,2844555.967,"G7",2025,"65.5","65.5","34.5","6.5","16","12",31
"1205","G7_6",0.0411008223891258,0.0444321855902672,0.0141850346699357,0.00573312817141414,-0.75517213344574,-0.771430611610413,0.771430611610413,-0.636497437953949,0.638605237007141,0.449391037225723,-0.213309422135353,-4.1332368850708,2025,0.19,"17 R",580067.099,2844569.226,"G7",2025,"72.5","70","28","0","25","3",42
"1206","G7_7",0.0430486463010311,0.0463460274040699,0.0153482928872108,0.00585111323744059,-0.760689496994019,-0.77580714225769,0.77580714225769,-0.6719890832901,0.633031964302063,0.428257077932358,-0.224857345223427,-4.1122465133667,2025,0.193,"17 R",580076.01,2844584.852,"G7",2025,"55","55","8.3","0","0","8.3",46.7
"1207","G7_8",0.0393030010163784,0.0445691235363483,0.0139632737264037,0.00585348904132843,-0.74074649810791,-0.767822861671448,0.767822861671448,-0.613857924938202,0.590092658996582,0.418145626783371,-0.199492707848549,-4.11926221847534,2025,0.198,"17 R",580080.563,2844599.712,"G7",2025,"35.5","35.5","27","17","2","8",8.5
"1208","G7_9",0.0413849726319313,0.0468670576810837,0.0145512595772743,0.00574741372838616,-0.756116151809692,-0.781527280807495,0.781527280807495,-0.650573015213013,0.579866945743561,0.434471160173416,-0.177331835031509,-4.1397852897644,2025,0.19,"17 R",580080.201,2844624.248,"G7",2025,"77.4","77.4","24","3","5","16",53.4
"1229","MB3_1",0.0253246929496527,0.0344415456056595,0.0163292270153761,0.00644552893936634,-0.594240844249725,-0.684715569019318,0.684715569019318,-0.650964021682739,0.467668890953064,-0.155300959944725,-0.563954412937164,-1.87365746498108,2025,0.247,"17 R",559894.772,2792729.967,"MB3",2025,"62.7","62.7","61.7","46","0","15.7",1
"1230","MB3_2",0.0255793947726488,0.0372213907539845,0.0169020183384418,0.00678198458626866,-0.580859363079071,-0.691751599311829,0.691751599311829,-0.640941083431244,0.382194221019745,-0.174792259931564,-0.509832620620728,-1.87365746498108,2025,0.199,"17 R",559905.076,2792712.74,"MB3",2025,"90.6","90.6","89.4","81.5","0","7.9",1.2
"1251","NB14_1",0.0308616496622562,0.0395250245928764,0.0233709737658501,0.00794908683747053,-0.59036660194397,-0.665119111537933,0.665119111537933,-0.738594710826874,0.496052294969559,-0.264336496591568,-0.670654118061066,-1.52282798290253,2025,0.138,"17 R",585001.996,2855815.967,"NB14",2025,"83","83","78","0","78","0",5
"1252","NB14_10",0.033251840621233,0.0408877842128277,0.026419909670949,0.00961452908813953,-0.551418542861938,-0.619244039058685,0.619244039058685,-0.699554979801178,0.528950393199921,-0.294658541679382,-0.720333397388458,-1.51971471309662,2025,0.136,"17 R",584863.672,2855879.736,"NB14",2025,"96","96","96","0","96","0",0
"1253","NB14_2",0.0307343658059835,0.0385320447385311,0.022466454654932,0.00783741753548384,-0.593619108200073,-0.661957800388336,0.661957800388336,-0.72411721944809,0.523218274116516,-0.234697014093399,-0.669195115566254,-1.52317643165588,2025,0.138,"17 R",584986.516,2855819.958,"NB14",2025,"75","63","63","0","63","0",0
"1254","NB14_3",0.0318682119250298,0.0391525588929653,0.022692833095789,0.00772671867161989,-0.609711706638336,-0.670356750488281,0.670356750488281,-0.737984955310822,0.539794087409973,-0.207047685980797,-0.660052955150604,-1.52244770526886,2025,0.14,"17 R",584973.546,2855825.093,"NB14",2025,"93","93","93","0","93","0",0
"1255","NB14_4",0.0317429192364216,0.039277009665966,0.0233710519969463,0.00772707816213369,-0.608458161354065,-0.671216785907745,0.671216785907745,-0.754577875137329,0.531950831413269,-0.236183971166611,-0.676951050758362,-1.5243262052536,2025,0.141,"17 R",584960.551,2855831.356,"NB14",2025,"96","96","96","0","96","0",0
"1256","NB14_5",0.031239228323102,0.0395250022411346,0.0230322070419788,0.00772712798789144,-0.603394865989685,-0.67294055223465,0.67294055223465,-0.746362626552582,0.508213341236115,-0.239683136343956,-0.66070282459259,-1.5275993347168,2025,0.141,"17 R",584948.928,2855842.113,"NB14",2025,"87","87","85","0","85","0",2
"1257","NB14_6",0.0311126206070185,0.0401444472372532,0.0237095765769482,0.00772682018578053,-0.602114737033844,-0.677183389663696,0.677183389663696,-0.762623488903046,0.48502305150032,-0.268544584512711,-0.664907872676849,-1.52101862430573,2025,0.141,"17 R",584936.689,2855849.294,"NB14",2025,"97","97","97","0","97","0",0
"1258","NB14_7",0.0323722362518311,0.040020938962698,0.0246136151254177,0.00806034542620182,-0.60129451751709,-0.664720058441162,0.664720058441162,-0.759929418563843,0.528501093387604,-0.260874599218369,-0.693494200706482,-1.51961767673492,2025,0.136,"17 R",584922.667,2855855.53,"NB14",2025,"91","91","91","0","91","0",0
"1259","NB14_8",0.0323708429932594,0.0407638177275658,0.026419872418046,0.00894819293171167,-0.566873073577881,-0.639998733997345,0.639998733997345,-0.740993857383728,0.505833566188812,-0.321509331464767,-0.723368883132935,-1.51645302772522,2025,0.136,"17 R",584889.129,2855864.955,"NB14",2025,"71.5","71.5","27.5","0","25","2.5",44
"1260","NB14_9",0.0333783552050591,0.0408882535994053,0.025855639949441,0.00950378645211458,-0.556748509407043,-0.622806072235107,0.622806072235107,-0.693670213222504,0.532733798027039,-0.272389084100723,-0.705607354640961,-1.51662015914917,2025,0.136,"17 R",584877.372,2855872.348,"NB14",2025,"92","92","91","0","91","0",1
"1261","NB15_1",0.0302132200449705,0.0454516708850861,0.0176837723702192,0.00941859185695648,-0.52469539642334,-0.656695961952209,0.656695961952209,-0.457442402839661,0.302950859069824,-0.0469858050346375,-0.340883553028107,-2.18166327476501,2025,0.147,"17 R",583810.638,2853789.717,"NB15",2025,"51.4","51.4","0","0","0","0",51.4
"1262","NB15_11",0.0355286151170731,0.0454606562852859,0.0193923059850931,0.00831287354230881,-0.620775938034058,-0.690819144248962,0.690819144248962,-0.599857091903687,0.464766532182693,0.0361607521772385,-0.403546690940857,-2.10921907424927,2025,0.141,"17 R",583704,2853833.18,"NB15",2025,"95","95","0","0","0","0",95
"1263","NB15_13",0.0350242294371128,0.0460818968713284,0.0198456980288029,0.00842439942061901,-0.612213313579559,-0.690883457660675,0.690883457660675,-0.606009483337402,0.433771908283234,0.00208845385350287,-0.405725538730621,-2.10912108421326,2025,0.141,"17 R",583681.337,2853834.484,"NB15",2025,"8.1","8.1","0","0","0","0",3.1
"1264","NB15_15",0.0355293340981007,0.0468273647129536,0.019166499376297,0.00831349659711123,-0.620759129524231,-0.698463320732117,0.698463320732117,-0.592412889003754,0.428350061178207,0.0462023168802261,-0.365943312644958,-2.11465644836426,2025,0.14,"17 R",583654.646,2853839.809,"NB15",2025,"62.5","62.5","0","0","0","0",62.5
"1265","NB15_3",0.0351445265114307,0.0453322865068913,0.0175753217190504,0.00830945838242769,-0.617551386356354,-0.690186858177185,0.690186858177185,-0.536948561668396,0.457375466823578,0.109466947615147,-0.339320808649063,-2.13625264167786,2025,0.142,"17 R",583790.867,2853810.6,"NB15",2025,"39.5","39.5","0","0","0","0",39.5
"1266","NB15_5",0.0372915640473366,0.0475695766508579,0.0184836499392986,0.00831097923219204,-0.635503709316254,-0.702544867992401,0.702544867992401,-0.569480001926422,0.457414090633392,0.12565016746521,-0.325491935014725,-2.12178206443787,2025,0.141,"17 R",583768.619,2853821.378,"NB15",2025,"96","96","0","0","0","0",96
"1267","NB15_7",0.0355257652699947,0.0480663329362869,0.0184837989509106,0.00831110402941704,-0.620816707611084,-0.705162048339844,0.705162048339844,-0.569475531578064,0.396126002073288,0.0771343559026718,-0.315108865499496,-2.11910176277161,2025,0.138,"17 R",583751.831,2853828.607,"NB15",2025,"21.9","21.9","9","0","0","9",12.4
"1268","NB15_9",0.0350235030055046,0.0464538596570492,0.019278584048152,0.00853505358099937,-0.608111262321472,-0.689571857452393,0.689571857452393,-0.579402685165405,0.423861771821976,0.0268739927560091,-0.3779256939888,-2.11376857757568,2025,0.14,"17 R",583734.459,2853833.767,"NB15",2025,"87","87","0","0","0","0",87
"1269","NB16_1",0.0668384283781052,0.073980376124382,0.0348078235983849,0.00909329205751419,-0.760487675666809,-0.781078815460205,0.781078815460205,-0.87860631942749,0.497696846723557,0.16759629547596,-0.315291196107864,-2.03318428993225,2025,0.163,"17 R",583611.102,2848842.015,"NB16",2025,"64","64","0","0","0","0",64
"1270","NB16_10",0.0578470155596733,0.0654842704534531,0.0255647022277117,0.00911327078938484,-0.727800726890564,-0.755668342113495,0.755668342113495,-0.711608707904816,0.50328254699707,0.287187397480011,-0.226927384734154,-2.26670980453491,2025,0.163,"17 R",583519.861,2848925.469,"NB16",2025,"96","96","2","2","0","0",94
"1271","NB16_13",0.0581083931028843,0.0639854148030281,0.024197181686759,0.0082196518778801,-0.752151548862457,-0.772324800491333,0.772324800491333,-0.739316344261169,0.536273956298828,0.338734179735184,-0.212611719965935,-2.27078628540039,2025,0.165,"17 R",583498.883,2848945.677,"NB16",2025,"93.5","93.5","0","0","0","0",93.5
"1272","NB16_16",0.0560907162725925,0.0571008436381817,0.0219222754240036,0.0091293016448617,-0.720046043395996,-0.724315822124481,0.724315822124481,-0.617986679077148,0.640966296195984,0.387871503829956,-0.259154260158539,-2.21424293518066,2025,0.159,"17 R",583458.9,2848995.585,"NB16",2025,"94.5","94.5","2.5","2.5","0","0",92
"1273","NB16_19",0.0512639209628105,0.0532173179090023,0.0203274860978127,0.00700207892805338,-0.759651303291321,-0.767447710037231,0.767447710037231,-0.731373190879822,0.637626588344574,0.362512230873108,-0.278110533952713,-2.14003777503967,2025,0.156,"17 R",583448.524,2849022.397,"NB16",2025,"29","29","0","0","0","0",29
"1274","NB16_4",0.0610044449567795,0.0714822262525558,0.0285228155553341,0.0089867627248168,-0.743203103542328,-0.776640355587006,0.776640355587006,-0.781242549419403,0.448621243238449,0.246649742126465,-0.213915154337883,-2.15186190605164,2025,0.163,"17 R",583578.608,2848868.107,"NB16",2025,"97","97","97","0","97","0",0
"1275","NB16_7",0.0601250492036343,0.0689847692847252,0.027387049049139,0.00730920443311334,-0.783219814300537,-0.808393657207489,0.808393657207489,-0.868012070655823,0.477847874164581,0.266896605491638,-0.221783146262169,-2.21715879440308,2025,0.166,"17 R",583547.613,2848894.396,"NB16",2025,"98","98","98","0","98","0",0
"1276","NB23_1",0.0370289869606495,0.0423193275928497,0.0172277186065912,0.00842148531228304,-0.629421412944794,-0.668058693408966,0.668058693408966,-0.515000402927399,0.594209790229797,0.178790912032127,-0.394481241703033,-2.34040856361389,2025,0.186,"17 R",584623.19,2858097.725,"NB23",2025,"32","32","2","0","0","2",29
"1277","NB23_10",0.033520083874464,0.0430654287338257,0.0172318555414677,0.00665044691413641,-0.668889284133911,-0.732461869716644,0.732461869716644,-0.664597272872925,0.47315514087677,0.0790292173624039,-0.377168238162994,-2.4022159576416,2025,0.158,"17 R",584532.795,2858182.761,"NB23",2025,"0","0","0","","","",0
"1278","NB23_2",0.0366531983017921,0.0426908247172832,0.0173410065472126,0.00853272899985313,-0.622328042984009,-0.66684353351593,0.66684353351593,-0.510649740695953,0.57325804233551,0.162982553243637,-0.390208423137665,-2.35231852531433,2025,0.16,"17 R",584614.808,2858107.001,"NB23",2025,"0","0","0","","","",0
"1279","NB23_3",0.0364028289914131,0.0430622883141041,0.0173414647579193,0.00786774605512619,-0.644560933113098,-0.691037058830261,0.691037058830261,-0.563705801963806,0.555746555328369,0.156105741858482,-0.381562799215317,-2.36502146720886,2025,0.152,"17 R",584604.524,2858116.07,"NB23",2025,"32","32","1","0","0","1",31
"1280","NB23_4",0.0340187437832355,0.0417022220790386,0.0174547545611858,0.00709185656160116,-0.654986500740051,-0.70931488275528,0.70931488275528,-0.63325834274292,0.527490198612213,0.0827994719147682,-0.41809418797493,-2.37723898887634,2025,0.155,"17 R",584592.585,2858124.858,"NB23",2025,"0","0","0","","","",0
"1281","NB23_5",0.0322612896561623,0.0428158491849899,0.0172295570373535,0.00687042670324445,-0.648856341838837,-0.723447680473328,0.723447680473328,-0.644759595394135,0.442028135061264,0.0408666208386421,-0.38288950920105,-2.38278484344482,2025,0.153,"17 R",584580.838,2858134.237,"NB23",2025,"32","32","0","0","0","0",32
"1282","NB23_6",0.0354006923735142,0.0430636331439018,0.0173428431153297,0.00709257740527391,-0.66617876291275,-0.717180490493774,0.717180490493774,-0.629225850105286,0.527793049812317,0.128122627735138,-0.381585747003555,-2.38909244537354,2025,0.133,"17 R",584572.451,2858142.825,"NB23",2025,"0","0","0","","","",0
"1283","NB23_7",0.0359032340347767,0.0431877598166466,0.0173433031886816,0.00720383087173104,-0.665770292282104,-0.71408599615097,0.71408599615097,-0.619592010974884,0.538348436355591,0.142195925116539,-0.378725588321686,-2.39390277862549,2025,0.146,"17 R",584564.672,2858154.025,"NB23",2025,"51.5","51.5","37.5","0","36.5","1",14
"1284","NB23_8",0.035401850938797,0.042940866202116,0.0173437613993883,0.00631703250110149,-0.697161972522736,-0.743511915206909,0.743511915206909,-0.699050664901733,0.53133761882782,0.12811005115509,-0.384476721286774,-2.39983701705933,2025,0.153,"17 R",584553.952,2858163.605,"NB23",2025,"0","0","0","","","",0
"1285","NB23_9",0.0343983136117458,0.0426939725875854,0.0173442214727402,0.00642829202115536,-0.685092985630035,-0.738273799419403,0.738273799419403,-0.688774228096008,0.509674191474915,0.0993307903409004,-0.390261024236679,-2.39993262290955,2025,0.156,"17 R",584545.125,2858173.937,"NB23",2025,"55","55","3","0","0","3",52
"1286","NB24_1",0.035845872014761,0.0403359904885292,0.0172302592545748,0.00789850950241089,-0.638878881931305,-0.672495424747467,0.672495424747467,-0.557035803794861,0.620782554149628,0.146192118525505,-0.442581504583359,-1.56955635547638,2025,0.248,"17 R",584983.868,2863325.561,"NB24",2025,"100","100","5","0","0","5",95
"1287","NB24_10",0.03684963285923,0.0416974574327469,0.0172293707728386,0.0100064864382148,-0.572884559631348,-0.612931430339813,0.612931430339813,-0.397796422243118,0.607564747333527,0.173853471875191,-0.409350335597992,-1.31722247600555,2025,0.259,"17 R",585064.834,2863445.15,"NB24",2025,"0","0","0","","","",0
"1288","NB24_11",0.0372260585427284,0.0394674465060234,0.0155347436666489,0.00922944489866495,-0.60265439748764,-0.620943188667297,0.620943188667297,-0.381920367479324,0.685340285301208,0.272603988647461,-0.393746584653854,-1.2701495885849,2025,0.256,"17 R",585071.974,2863462.008,"NB24",2025,"0","0","0","","","",0
"1289","NB24_2",0.0350919142365456,0.0450414381921291,0.0171173829585314,0.00845347624272108,-0.611739575862885,-0.683952152729034,0.683952152729034,-0.508229315280914,0.463795095682144,0.130558043718338,-0.327763020992279,-1.55687665939331,2025,0.234,"17 R",584992.697,2863336.743,"NB24",2025,"0","0","0","","","",0
"1290","NB24_3",0.0357203893363476,0.0428131148219109,0.0172303952276707,0.00923038646578789,-0.589311361312866,-0.645281851291656,0.645281851291656,-0.453501850366592,0.543960273265839,0.14267860352993,-0.382986545562744,-1.56995904445648,2025,0.237,"17 R",585001.544,2863347.056,"NB24",2025,"100","100","1","0","0","1",99
"1291","NB24_4",0.0335823856294155,0.0425646863877773,0.0180202703922987,0.00922986399382353,-0.568821370601654,-0.64359712600708,0.64359712600708,-0.483873188495636,0.489399045705795,0.0426081344485283,-0.419355750083923,-1.4763571023941,2025,0.255,"17 R",585009.169,2863360.165,"NB24",2025,"0","0","0","","","",0
"1292","NB24_5",0.0362220332026482,0.0420694164931774,0.016552047803998,0.00867501739412546,-0.613559603691101,-0.658089876174927,0.658089876174927,-0.4683678150177,0.579462170600891,0.19099035859108,-0.37313449382782,-1.46644413471222,2025,0.251,"17 R",585017.382,2863374.626,"NB24",2025,"90","90","2","0","0","2",88
"1293","NB24_6",0.0389849059283733,0.0434311777353287,0.0147443367168307,0.00889676995575428,-0.628385186195374,-0.659961044788361,0.659961044788361,-0.371021121740341,0.613781809806824,0.363449603319168,-0.262453466653824,-1.41586518287659,2025,0.254,"17 R",585029.374,2863396.277,"NB24",2025,"0","0","0","","","",0
"1294","NB24_7",0.0369755141437054,0.0404590368270874,0.017794243991375,0.00767600815743208,-0.656181573867798,-0.681063652038574,0.681063652038574,-0.595885515213013,0.648063242435455,0.149662092328072,-0.461487680673599,-1.40568959712982,2025,0.26,"17 R",585038.672,2863408.904,"NB24",2025,"95","95","0","0","0","0",95
"1295","NB24_8",0.0354678966104984,0.0366178415715694,0.0174555554986,0.00922986306250095,-0.587010025978088,-0.597368597984314,0.597368597984314,-0.462370067834854,0.729145050048828,0.12447651475668,-0.548144280910492,-1.37691903114319,2025,0.26,"17 R",585050.96,2863424.025,"NB24",2025,"0","0","0","","","",0
"1296","NB24_9",0.0358443669974804,0.040954265743494,0.0180198978632689,0.00878568459302187,-0.606288373470306,-0.646735310554504,0.646735310554504,-0.516732633113861,0.60202819108963,0.10781055688858,-0.457910627126694,-1.33657670021057,2025,0.267,"17 R",585058.526,2863435.465,"NB24",2025,"33","33","0","0","0","0",33
"1297","NB26_1",0.0400644913315773,0.0466316118836403,0.017332699149847,0.00883160158991814,-0.638760447502136,-0.681532979011536,0.681532979011536,-0.487368136644363,0.553634881973267,0.252382278442383,-0.301587164402008,-2.52951526641846,2025,0.159,"17 R",586236.07,2858681.194,"NB26",2025,"9","1","0","0","0","0",1
"1298","NB26_3",0.0396874360740185,0.0476181842386723,0.0167681090533733,0.00949566066265106,-0.613864898681641,-0.667483031749725,0.667483031749725,-0.415350615978241,0.518425285816193,0.271261006593704,-0.258080124855042,-2.17289447784424,2025,0.157,"17 R",586198.31,2858666.834,"NB26",2025,"1","1","0","0","0","0",1
"1299","NB26_5",0.0395603440701962,0.0486043132841587,0.0166541263461113,0.00949475634843111,-0.612894237041473,-0.673152923583984,0.673152923583984,-0.410688877105713,0.490003407001495,0.273889511823654,-0.232933685183525,-1.87251722812653,2025,0.184,"17 R",586165.306,2858663.133,"NB26",2025,"0","0","0","","","",0
"1300","NB3_1",0.0456437207758427,0.0511095635592937,0.0207373388111591,0.0111216586083174,-0.608153462409973,-0.642569839954376,0.642569839954376,-0.452729880809784,0.57121729850769,0.229311406612396,-0.332128286361694,-1.78625130653381,2025,0.304,"17 R",585637.456,2863916.628,"NB3",2025,"17","17","0","0","0","0",17
"1301","NB3_10",0.0427508130669594,0.0481348633766174,0.0193761009722948,0.00845362804830074,-0.669808804988861,-0.701224505901337,0.701224505901337,-0.588712513446808,0.579503417015076,0.2219258248806,-0.345817446708679,-1.00856995582581,2025,0.242,"17 R",585527.473,2863966.813,"NB3",2025,"0","0","0","","","",0
"1302","NB3_2",0.0456431470811367,0.0518509447574615,0.0218658782541752,0.01167615596205,-0.592592537403107,-0.632403969764709,0.632403969764709,-0.455684453248978,0.553489148616791,0.183958664536476,-0.353844344615936,-1.68645477294922,2025,0.15,"17 R",585622.392,2863919.098,"NB3",2025,"0","0","0","","","",0
"1303","NB3_3",0.0451401025056839,0.0535802692174911,0.0217518266290426,0.0101217944175005,-0.633679091930389,-0.682214558124542,0.682214558124542,-0.547319293022156,0.502049326896667,0.177350744605064,-0.317472249269485,-1.46674835681915,2025,0.282,"17 R",585608.792,2863924.448,"NB3",2025,"28","28","0","0","0","0",28
"1304","NB3_4",0.0450141541659832,0.0520965941250324,0.0220900848507881,0.01001051440835,-0.636144518852234,-0.677637100219727,0.677637100219727,-0.564455389976501,0.533798575401306,0.16135361790657,-0.356070995330811,-1.40150964260101,2025,0.281,"17 R",585597.158,2863928.362,"NB3",2025,"0","0","0","","","",0
"1305","NB3_5",0.0435084737837315,0.0494991801679134,0.0218635629862547,0.00923314318060875,-0.649872601032257,-0.685585618019104,0.685585618019104,-0.609248757362366,0.56268984079361,0.136151507496834,-0.400189220905304,-1.27490198612213,2025,0.277,"17 R",585582.937,2863932.601,"NB3",2025,"37","37","0","0","0","0",37
"1306","NB3_6",0.0435078740119934,0.048509243875742,0.021072881296277,0.00945477839559317,-0.6429643034935,-0.673770785331726,0.673770785331726,-0.570864379405975,0.587526619434357,0.167653784155846,-0.395285546779633,-1.22161495685577,2025,0.277,"17 R",585570.956,2863939.835,"NB3",2025,"0","0","0","","","",0
"1307","NB3_7",0.0427536405622959,0.0481368936598301,0.0210717134177685,0.00856607966125011,-0.666168093681335,-0.69786137342453,0.69786137342453,-0.632923305034637,0.579517662525177,0.150213614106178,-0.402953237295151,-1.10379779338837,2025,0.273,"17 R",585556.283,2863946.382,"NB3",2025,"62","62","0","0","0","0",62
"1308","NB3_8",0.0425016544759274,0.0481361001729965,0.0203935224562883,0.00867648050189018,-0.660930156707764,-0.694557785987854,0.694557785987854,-0.604594469070435,0.573626577854156,0.172292977571487,-0.380672574043274,-1.04863345623016,2025,100,"17 R",585545.884,2863954.563,"NB3",2025,"0","0","0","","","",0
"1309","NB3_9",0.0421241819858551,0.0476404391229153,0.0193765200674534,0.00923079624772072,-0.640510141849518,-0.6753790974617,0.6753790974617,-0.53198230266571,0.577437818050385,0.207141071557999,-0.356156945228577,-1.01762521266937,2025,0.26,"17 R",585534.442,2863962.287,"NB3",2025,"35","35","0","0","0","0",35
"1310","NB40_1",0.036384679377079,0.0444151759147644,0.0200281403958797,0.00836667511612177,-0.626081705093384,-0.68297153711319,0.68297153711319,-0.616034924983978,0.517195880413055,0.0323664024472237,-0.448801606893539,-2.07979249954224,2025,0.14,"17 R",583688.947,2854341.413,"NB40",2025,"72.5","72.5","5","0","5","0",67.5
"1311","NB40_10",0.0347399339079857,0.0472655333578587,0.0246645417064428,0.00958736520260572,-0.567428410053253,-0.662730813026428,0.662730813026428,-0.660277545452118,0.39442440867424,-0.192054376006126,-0.528524339199066,-2.10535264015198,2025,0.14,"17 R",583553.527,2854361.836,"NB40",2025,"95","95","73","0","73","0",22
"1312","NB40_2",0.0355017445981503,0.0449112355709076,0.0204804930835962,0.0083663696423173,-0.618567168712616,-0.685932993888855,0.685932993888855,-0.629918932914734,0.478967279195786,-0.0113092949613929,-0.452917456626892,-2.0820300579071,2025,0.143,"17 R",583672.166,2854342.627,"NB40",2025,"59","59","1","0","0","1",57
"1313","NB40_3",0.0349961742758751,0.0455309152603149,0.0208192430436611,0.00758724100887775,-0.6436527967453,-0.714325904846191,0.714325904846191,-0.698713839054108,0.447767198085785,-0.0396885648369789,-0.45039501786232,-2.08578848838806,2025,0.137,"17 R",583657.59,2854348.873,"NB40",2025,"83","83","83","0","83","0",0
"1314","NB40_4",0.0351228304207325,0.0449107736349106,0.0214987732470036,0.00758760143071413,-0.644695639610291,-0.710939586162567,0.710939586162567,-0.717406630516052,0.468249440193176,-0.0635566711425781,-0.48599973320961,-2.08699893951416,2025,0.137,"17 R",583647.421,2854350.1,"NB40",2025,"90","90","83","0","83","0",7
"1315","NB40_5",0.0342395827174187,0.044041384011507,0.0208192840218544,0.00758729223161936,-0.637204945087433,-0.706082224845886,0.706082224845886,-0.698711037635803,0.466826796531677,-0.0615466348826885,-0.483658164739609,-2.08699893951416,2025,0.134,"17 R",583635.863,2854355.059,"NB40",2025,"88","88","85","0","85","0",3
"1316","NB40_6",0.0320939719676971,0.0434197336435318,0.0207052864134312,0.00747545529156923,-0.622160017490387,-0.706241190433502,0.706241190433502,-0.704195320606232,0.419599652290344,-0.121562927961349,-0.494131594896317,-2.09628343582153,2025,0.14,"17 R",583614.029,2854354.233,"NB40",2025,"78.5","72","59","0","59","0",13
"1317","NB40_7",0.033354140818119,0.0414319448173046,0.020930852741003,0.00758605822920799,-0.629407823085785,-0.690478682518005,0.690478682518005,-0.701941072940826,0.515758991241455,-0.0923199877142906,-0.548378467559814,-2.10006785392761,2025,0.14,"17 R",583596.201,2854357.702,"NB40",2025,"83","83","83","0","83","0",0
"1318","NB40_8",0.0331012047827244,0.0446598045527935,0.0225149225443602,0.00758574903011322,-0.62711638212204,-0.709611713886261,0.709611713886261,-0.743962168693542,0.415861159563065,-0.16235263645649,-0.523080289363861,-2.10011124610901,2025,0.14,"17 R",583582.936,2854359.607,"NB40",2025,"97","97","97","0","97","0",0
"1319","NB40_9",0.0338566415011883,0.0471410341560841,0.0228536315262318,0.00803001224994659,-0.616583704948425,-0.70890486240387,0.70890486240387,-0.719974279403687,0.371914207935333,-0.152562901377678,-0.479187399148941,-2.10002446174622,2025,0.14,"17 R",583568.033,2854359.448,"NB40",2025,"84","84","84","0","84","0",0
"1320","NB5_1",0.0304446909576654,0.0364987850189209,0.0165558699518442,0.00790069159120321,-0.587919533252716,-0.644108772277832,0.644108772277832,-0.530850052833557,0.580434739589691,0.0170368459075689,-0.515333890914917,-2.12275695800781,2025,0.134,"17 R",583995.639,2862052.049,"NB5",2025,"67","67","0","0","0","0",67
"1321","NB5_10",0.0328338481485844,0.037613607943058,0.0165553353726864,0.00867717992514372,-0.581933736801147,-0.625101208686829,0.625101208686829,-0.468333542346954,0.618972599506378,0.0926127880811691,-0.485224992036819,-2.09749698638916,2025,0.173,"17 R",584076.176,2862169.548,"NB5",2025,"0","0","0","","","",0
"1322","NB5_2",0.0308216102421284,0.036870215088129,0.0165555104613304,0.00790042709559202,-0.59194153547287,-0.647071063518524,0.647071063518524,-0.530857801437378,0.580284178256989,0.0293598733842373,-0.505194067955017,-2.13043975830078,2025,0.135,"17 R",583998.838,2862067.166,"NB5",2025,"0","0","0","","","",0
"1323","NB5_3",0.0313243977725506,0.0363740772008896,0.0161034055054188,0.00790021568536758,-0.597180724143982,-0.643124043941498,0.643124043941498,-0.512621998786926,0.613130629062653,0.0692314803600311,-0.499870181083679,-2.12910604476929,2025,0.136,"17 R",584006.243,2862080.175,"NB5",2025,"100","100","0","0","0","0",100
"1324","NB5_4",0.0305701568722725,0.0361266545951366,0.0158779248595238,0.00790053233504295,-0.589270055294037,-0.64110666513443,0.64110666513443,-0.503232359886169,0.597153663635254,0.0569234676659107,-0.497084707021713,-2.12680006027222,2025,0.137,"17 R",584015.021,2862089.796,"NB5",2025,"0","0","0","","","",0
"1325","NB5_5",0.0317019671201706,0.0367460772395134,0.0157646760344505,0.00790032092481852,-0.601016938686371,-0.646093666553497,0.646093666553497,-0.498480200767517,0.612595498561859,0.0994024351239204,-0.475205451250076,-2.11665153503418,2025,0.138,"17 R",584024.401,2862104.885,"NB5",2025,"98","98","0","0","0","0",98
"1326","NB5_6",0.0320788584649563,0.0364978462457657,0.0163291580975056,0.00790010951459408,-0.604786694049835,-0.644122838973999,0.644122838973999,-0.521830558776855,0.632752001285553,0.0811199247837067,-0.505961835384369,-2.10695695877075,2025,0.151,"17 R",584036.431,2862122.632,"NB5",2025,"0","0","0","","","",0
"1327","NB5_7",0.0309468004852533,0.0376133881509304,0.0173457525670528,0.00856604520231485,-0.566417217254639,-0.629010379314423,0.629010379314423,-0.508245766162872,0.559789478778839,-0.00648266403004527,-0.517018914222717,-2.10610914230347,2025,0.159,"17 R",584045.738,2862134.466,"NB5",2025,"55.4","55.4","3.4","0","2.4","1",52
"1328","NB5_8",0.033713836222887,0.0381091497838497,0.0172328781336546,0.00867707561701536,-0.590616226196289,-0.629075646400452,0.629075646400452,-0.495319426059723,0.629320561885834,0.0847419872879982,-0.499474823474884,-2.10128474235535,2025,0.166,"17 R",584058.344,2862144.757,"NB5",2025,"0","0","0","","","",0
"1329","NB5_9",0.0320791490375996,0.0372417271137238,0.0167811661958694,0.00867712777107954,-0.574194312095642,-0.622066915035248,0.622066915035248,-0.477489084005356,0.607941448688507,0.057766605168581,-0.504395544528961,-2.09821510314941,2025,0.17,"17 R",584067.537,2862156.481,"NB5",2025,"97","97","0","0","0","0",97
"1330","NB9_1",0.0288249962031841,0.0363528877496719,0.014274001121521,0.00818722043186426,-0.557593643665314,-0.632366359233856,0.632366359233856,-0.406485944986343,0.530693113803864,0.0892563387751579,-0.418261259794235,-1.59763288497925,2025,0.182,"17 R",584976.377,2860747.418,"NB9",2025,"100","95","0","0","0","0",95
"1331","NB9_10",0.029822813346982,0.0362233258783817,0.0161879509687424,0.00785101484507322,-0.583211183547974,-0.643737614154816,0.643737614154816,-0.520213901996613,0.569115817546844,0.0156275015324354,-0.507592260837555,-1.60523748397827,2025,0.172,"17 R",584986.008,2860890.395,"NB9",2025,"0","0","0","","","",0
"1332","NB9_2",0.028195021674037,0.0364758968353271,0.0144990468397737,0.00785399693995714,-0.564260125160217,-0.645656883716583,0.645656883716583,-0.445915788412094,0.504440188407898,0.0537743605673313,-0.425545185804367,-1.58673083782196,2025,0.178,"17 R",584976.602,2860768.839,"NB9",2025,"0","0","0","","","",0
"1333","NB9_3",0.0315881669521332,0.0358558632433414,0.0158528089523315,0.00785349030047655,-0.601766705513,-0.640649437904358,0.640649437904358,-0.506151437759399,0.639167249202728,0.091036282479763,-0.503529608249664,-1.58026731014252,2025,0.178,"17 R",584977.773,2860781.563,"NB9",2025,"83","83","83","0","83","0",0
"1334","NB9_4",0.0300800390541553,0.0361036285758018,0.0151756620034575,0.00796445272862911,-0.581308484077454,-0.638538718223572,0.638538718223572,-0.467448592185974,0.581775486469269,0.0794661939144135,-0.466890066862106,-1.55016481876373,2025,0.176,"17 R",584980.468,2860794.444,"NB9",2025,"0","0","0","","","",0
"1335","NB9_5",0.0297016371041536,0.036721907556057,0.01585210300982,0.00785298459231853,-0.581783294677734,-0.647649884223938,0.647649884223938,-0.50616466999054,0.548228323459625,0.0294939614832401,-0.479632824659348,-1.57989835739136,2025,0.171,"17 R",584979.79,2860809.986,"NB9",2025,"93","93","93","0","93","0",0
"1336","NB9_6",0.0305804386734962,0.0377116650342941,0.0155127933248878,0.00796338822692633,-0.58678787946701,-0.651302516460419,0.651302516460419,-0.482365816831589,0.544670522212982,0.0771653354167938,-0.43828958272934,-1.58005428314209,2025,0.175,"17 R",584979.835,2860823.816,"NB9",2025,"0","0","0","","","",0
"1337","NB9_7",0.0328423902392387,0.0379593521356583,0.0158514659851789,0.00796344224363565,-0.609690964221954,-0.653181314468384,0.653181314468384,-0.496833145618439,0.607977092266083,0.130046248435974,-0.446463018655777,-1.55275678634644,2025,0.169,"17 R",584985.089,2860837.356,"NB9",2025,"100","100","3.5","0","3.5","0",96.5
"1338","NB9_8",0.0322130806744099,0.0379585400223732,0.0157378949224949,0.00796293653547764,-0.603597521781921,-0.653193354606628,0.653193354606628,-0.492068707942963,0.588655948638916,0.116851061582565,-0.441583573818207,-1.56676256656647,2025,0.17,"17 R",584984.474,2860854.473,"NB9",2025,"0","0","0","","","",0
"1339","NB9_9",0.0318349935114384,0.0410521104931831,0.0164143815636635,0.00796243082731962,-0.599851965904236,-0.67509925365448,0.67509925365448,-0.520081400871277,0.480472475290298,0.0690349191427231,-0.391920804977417,-1.58583843708038,2025,0.173,"17 R",584985.632,2860872.424,"NB9",2025,"100","100","28","0","0","28",72
"1340","NW1_1",0.0367341935634613,0.0425180420279503,0.0135182207450271,0.0075602401047945,-0.65863698720932,-0.698063135147095,0.698063135147095,-0.423985928297043,0.580454111099243,0.378267884254456,-0.224527910351753,-3.82272434234619,2025,0.162,"17 R",580812.7,2846186.825,"NW1",2025,"95","95","0","0","0","0",93.5
"1341","NW1_10",0.0379469208419323,0.0407869257032871,0.0120614040642977,0.00544694345444441,-0.748953282833099,-0.764374315738678,0.764374315738678,-0.56668347120285,0.664066731929779,0.508311927318573,-0.188376486301422,-3.77808880805969,2025,0.157,"17 R",580798.33,2846344.631,"NW1",2025,"0","0","0","","","",0
"1342","NW1_2",0.036479476839304,0.0411274284124374,0.0137507794424891,0.00711061572656035,-0.673750817775726,-0.705186426639557,0.705186426639557,-0.477448672056198,0.614401400089264,0.356715470552444,-0.269406795501709,-3.78020453453064,2025,0.164,"17 R",580809.063,2846197.514,"NW1",2025,"0","0","0","","","",0
"1343","NW1_3",0.0350706055760384,0.0427790470421314,0.0134107554331422,0.00734027521684766,-0.653849422931671,-0.707087993621826,0.707087993621826,-0.438808113336563,0.526581227779388,0.338752210140228,-0.212968066334724,-3.76451277732849,2025,0.168,"17 R",580810.937,2846216.74,"NW1",2025,"45.7","45.7","0","0","0","0",45.7
"1344","NW1_4",0.0348200984299183,0.0420247502624989,0.0135311055928469,0.00723124481737614,-0.656075417995453,-0.706381142139435,0.706381142139435,-0.455140709877014,0.541296064853668,0.323939502239227,-0.236847013235092,-3.7441098690033,2025,0.162,"17 R",580811.606,2846234.618,"NW1",2025,"0","0","0","","","",0
"1345","NW1_5",0.0385570786893368,0.0412677712738514,0.0135336825624108,0.00689474353566766,-0.696613132953644,-0.713688373565674,0.713688373565674,-0.487478017807007,0.665600776672363,0.425721496343613,-0.255153715610504,-3.73274254798889,2025,0.157,"17 R",580812.309,2846244.954,"NW1",2025,"0","0","0","0","0","0",0
"1346","NW1_6",0.0349595732986927,0.0401335321366787,0.0118109444156289,0.00734968530014157,-0.65257316827774,-0.690430164337158,0.690430164337158,-0.349252015352249,0.601936340332031,0.444270074367523,-0.190223723649979,-3.69958209991455,2025,0.157,"17 R",580813.88,2846265.718,"NW1",2025,"0","0","0","","","",0
"1347","NW1_7",0.0381841771304607,0.0403916239738464,0.0122765433043242,0.00656365742906928,-0.706637978553772,-0.720429420471191,0.720429420471191,-0.454842746257782,0.682279884815216,0.499417722225189,-0.210165709257126,-3.68539571762085,2025,0.157,"17 R",580808.058,2846285.455,"NW1",2025,"95.8","95.8","0","0","0","0",95
"1348","NW1_8",0.038191094994545,0.0444469526410103,0.0140093974769115,0.00532676046714187,-0.75519198179245,-0.785960912704468,0.785960912704468,-0.673554480075836,0.564770698547363,0.386625498533249,-0.204485297203064,-3.6801962852478,2025,0.157,"17 R",580806.834,2846305.031,"NW1",2025,"0","0","0","","","",0
"1349","NW1_9",0.0394843481481075,0.0471080951392651,0.0138993663713336,0.00555618200451136,-0.753280818462372,-0.788996160030365,0.788996160030365,-0.643249750137329,0.526543200016022,0.426674067974091,-0.140962570905685,-3.70424389839172,2025,0.157,"17 R",580804.183,2846327.43,"NW1",2025,"85.9","85.9","0","0","0","0",85.5
"1350","NW10_1",0.0224242620170116,0.0309933535754681,0.00820937938988209,0.00539145292714238,-0.612344801425934,-0.703642606735229,0.703642606735229,-0.310781687498093,0.475798636674881,0.311449766159058,-0.200741320848465,-3.74780201911926,2025,0.251,"17 R",575096.382,2835232.097,"NW10",2025,"76.7","76.7","50","50","0","0",25.7
"1351","NW10_10",0.0180582329630852,0.0290576368570328,0.00739892292767763,0.00459766807034612,-0.594130635261536,-0.726778984069824,0.726778984069824,-0.350256353616714,0.338588953018188,0.183842837810516,-0.194388061761856,-3.82050728797913,2025,0.234,"17 R",575058.106,2835399.483,"NW10",2025,"0","0","0","","","",0
"1352","NW10_2",0.0229563806205988,0.0287840496748686,0.00773918302729726,0.0041290195658803,-0.695111036300659,-0.749095439910889,0.749095439910889,-0.456281840801239,0.590220034122467,0.38536724448204,-0.234492689371109,-3.76108813285828,2025,0.241,"17 R",575091.397,2835247.858,"NW10",2025,"99","99","92","92","0","0",7
"1353","NW10_3",0.0209668185561895,0.0287861078977585,0.00715249916538596,0.00378601788543165,-0.694094240665436,-0.767530202865601,0.767530202865601,-0.461645931005478,0.49947726726532,0.362164080142975,-0.180689826607704,-3.80989909172058,2025,0.235,"17 R",575086.877,2835264.648,"NW10",2025,"83.9","83.9","73","73","0","0",10.4
"1354","NW10_4",0.0204380471259356,0.0291782319545746,0.00762541266158223,0.00470598787069321,-0.625677585601807,-0.722231268882751,0.722231268882751,-0.355120837688446,0.457290798425674,0.281840920448303,-0.210797250270844,-3.78588485717773,2025,0.262,"17 R",575076.746,2835281.561,"NW10",2025,"89.5","88.5","63","63","0","0",25.5
"1355","NW10_5",0.0189772434532642,0.0282688047736883,0.00703747197985649,0.00413244171068072,-0.642362773418427,-0.744920790195465,0.744920790195465,-0.390114516019821,0.422083675861359,0.276335418224335,-0.187773615121841,-3.77852392196655,2025,0.272,"17 R",575073.835,2835299.962,"NW10",2025,"82.8","82.8","69","69","0","0",12.3
"1356","NW10_6",0.0216365959495306,0.0286604333668947,0.00727436831220984,0.0039038450922817,-0.694300889968872,-0.760237574577332,0.760237574577332,-0.452289164066315,0.536304473876953,0.379153400659561,-0.196580469608307,-3.78499245643616,2025,0.265,"17 R",575071.075,2835317.724,"NW10",2025,"0","0","0","","","",0
"1357","NW10_7",0.0179184935986996,0.0274921525269747,0.00774725433439016,0.00436454778537154,-0.608262836933136,-0.725988686084747,0.725988686084747,-0.418935179710388,0.398945480585098,0.136712804436684,-0.2811239361763,-3.8045437335968,2025,0.26,"17 R",575066.336,2835338.854,"NW10",2025,"91.5","90.5","58","58","0","0",30
"1358","NW10_8",0.0229690633714199,0.0291840769350529,0.00821954105049372,0.00528401369228959,-0.625951290130615,-0.693396806716919,0.693396806716919,-0.326083838939667,0.573794424533844,0.334396064281464,-0.26173397898674,-3.81327509880066,2025,0.239,"17 R",575062.497,2835356.934,"NW10",2025,"0","0","0","","","",0
"1359","NW10_9",0.0207140482962132,0.0291861295700073,0.00869233906269073,0.00425222143530846,-0.65936267375946,-0.745667994022369,0.745667994022369,-0.514515459537506,0.470371812582016,0.183207511901855,-0.299782484769821,-3.79834675788879,2025,0.239,"17 R",575059.183,2835377.761,"NW10",2025,"78.4","78.4","74","74","0","0",4.4
"1360","NW13_1",0.0652037784457207,0.0727071091532707,0.0203951578587294,0.0044461265206337,-0.872329294681549,-0.884745538234711,0.884745538234711,-0.963055968284607,0.49429178237915,0.600198805332184,0.0316795185208321,-4.1855263710022,2025,0.194,"17 R",578396.196,2835160.823,"NW13",2025,"86","86","30","30","0","0",55
"1361","NW13_10",0.0641625002026558,0.0705187991261482,0.0173443704843521,0.00571979954838753,-0.836301922798157,-0.849950015544891,0.849950015544891,-0.756014883518219,0.51578551530838,0.722734808921814,0.111554697155952,-4.18339395523071,2025,0.183,"17 R",578363.312,2835316.244,"NW13",2025,"0","0","0","","","",0
"1362","NW13_2",0.0669132396578789,0.0725784078240395,0.0207490287721157,0.00433165347203612,-0.878401041030884,-0.887357950210571,0.887357950210571,-0.981873750686646,0.522350609302521,0.611360013484955,0.0181834418326616,-4.18380832672119,2025,0.201,"17 R",578394.594,2835177.444,"NW13",2025,"0","0","0","","","",0
"1363","NW13_3",0.0663887858390808,0.0709000453352928,0.0188661981374025,0.00617234176024795,-0.829871952533722,-0.839829981327057,0.839829981327057,-0.760459065437317,0.543262243270874,0.684883713722229,0.0596234761178493,-4.18781232833862,2025,0.193,"17 R",578392.834,2835196.008,"NW13",2025,"87.1","86.1","82.5","82.5","0","0",3.6
"1364","NW13_4",0.0650758445262909,0.071547158062458,0.0206342972815037,0.00674859713762999,-0.81208074092865,-0.827612698078156,0.827612698078156,-0.760640919208527,0.512111067771912,0.5882608294487,0.0076519725844264,-4.19067239761353,2025,0.194,"17 R",578386.317,2835211.498,"NW13",2025,"0","0","0","","","",0
"1365","NW13_5",0.0637614354491234,0.0718059539794922,0.0191041510552168,0.0061742733232677,-0.823430001735687,-0.841645181179047,0.841645181179047,-0.7672478556633,0.487264692783356,0.633780002593994,0.0637771040201187,-4.22153568267822,2025,0.198,"17 R",578380.251,2835227.08,"NW13",2025,"85.1","85.1","69","69","0","0",16.1
"1366","NW13_6",0.0612632222473621,0.0687062069773674,0.0194592047482729,0.00560085149481893,-0.832470536231995,-0.8492511510849,0.8492511510849,-0.829508483409882,0.501578330993652,0.578055441379547,0.00709837628528476,-4.16669511795044,2025,0.182,"17 R",578379.646,2835246.378,"NW13",2025,"84.2","72.2","55","55","0","0",17.2
"1367","NW13_7",0.0629751533269882,0.0693533197045326,0.0187539216130972,0.00399219151586294,-0.880771994590759,-0.891140103340149,0.891140103340149,-0.973467230796814,0.517607152462006,0.63720291852951,0.0416347123682499,-4.15160894393921,2025,0.181,"17 R",578372.519,2835262.131,"NW13",2025,"100","100","0","0","0","0",100
"1368","NW13_8",0.0616607069969177,0.0694834813475609,0.0187552068382502,0.00652260798960924,-0.808674395084381,-0.828366160392761,0.828366160392761,-0.725889444351196,0.494207292795181,0.616050958633423,0.0434630401432514,-4.1574969291687,2025,0.186,"17 R",578370.48,2835282.023,"NW13",2025,"0","0","0","","","",0
"1369","NW13_9",0.0621880926191807,0.0685796141624451,0.0180497411638498,0.00583374779671431,-0.828474283218384,-0.843207001686096,0.843207001686096,-0.767224192619324,0.5188307762146,0.657371819019318,0.0565008819103241,-4.15239524841309,2025,0.191,"17 R",578366.611,2835299.84,"NW13",2025,"71","71","61","61","0","0",10
"1370","NW15_1",0.0487518645823002,0.0569103807210922,0.0167663842439651,0.00696935225278139,-0.749849259853363,-0.781797707080841,0.781797707080841,-0.619131743907928,0.504849374294281,0.477057814598083,-0.0797469541430473,-4.20975303649902,2025,0.19,"17 R",577675.313,2836744.844,"NW15",2025,"87.5","86.5","82","82","0","0",4.5
"1371","NW15_10",0.0467870309948921,0.0531677976250648,0.0144250802695751,0.00755238812416792,-0.722029089927673,-0.751239597797394,0.751239597797394,-0.469073057174683,0.547390639781952,0.56461101770401,-0.0452580191195011,-4.17965269088745,2025,0.167,"17 R",577665.538,2836918.396,"NW15",2025,"82.5","77.5","59","59","0","0",18.5
"1372","NW15_2",0.0507309064269066,0.0580755807459354,0.0170029699802399,0.00685552367940545,-0.761904895305634,-0.788837015628815,0.788837015628815,-0.637976944446564,0.519709825515747,0.504860758781433,-0.0690297111868858,-4.20729875564575,2025,0.17,"17 R",577674.793,2836764.086,"NW15",2025,"75","67","66","66","0","0",1
"1373","NW15_3",0.0475679375231266,0.0589818805456161,0.0191214345395565,0.00754550285637379,-0.726182818412781,-0.773160994052887,0.773160994052887,-0.651139557361603,0.436285048723221,0.340016722679138,-0.133576348423958,-4.20962190628052,2025,0.162,"17 R",577674.348,2836784.468,"NW15",2025,"94","79.5","76.5","75.5","0","1",3
"1374","NW15_4",0.0462498143315315,0.057430911809206,0.0158290024846792,0.00697226775810122,-0.73799341917038,-0.783480644226074,0.783480644226074,-0.582647442817688,0.440963268280029,0.47359699010849,-0.0314296893775463,-4.20753288269043,2025,0.152,"17 R",577669.736,2836798.507,"NW15",2025,"95","95","95","95","0","0",0
"1375","NW15_5",0.048230204731226,0.0589838586747646,0.0161832664161921,0.00892521534115076,-0.687686145305634,-0.737142205238342,0.737142205238342,-0.433601558208466,0.450070321559906,0.496586978435516,-0.0198344420641661,-4.21165800094604,2025,0.169,"17 R",577667.522,2836819.102,"NW15",2025,"89.2","89.2","88.5","86","0","2.5",0.7
"1376","NW15_6",0.0467807464301586,0.0589849352836609,0.0174785573035479,0.00812249723821878,-0.704115927219391,-0.757925570011139,0.757925570011139,-0.548184037208557,0.419534116983414,0.40019354224205,-0.0722953379154205,-4.20356178283691,2025,0.168,"17 R",577666.282,2836837.933,"NW15",2025,"92.5","92.5","58","58","0","0",34.5
"1377","NW15_7",0.0470461808145046,0.055623184889555,0.0157153122127056,0.00743457395583391,-0.727075219154358,-0.764197945594788,0.764197945594788,-0.536551535129547,0.497377872467041,0.49683678150177,-0.0584992729127407,-4.19124174118042,2025,0.165,"17 R",577665.873,2836855.901,"NW15",2025,"80.5","78.5","76","76","0","0",2.5
"1378","NW15_8",0.0437481477856636,0.054330337792635,0.0152460336685181,0.00640214374288917,-0.744681715965271,-0.789169013500214,0.789169013500214,-0.612792253494263,0.453626573085785,0.450095236301422,-0.0613539181649685,-4.18317270278931,2025,0.168,"17 R",577668.192,2836877.638,"NW15",2025,"85.2","85.2","72.7","72","0","0.7",12.5
"1379","NW15_9",0.0452019460499287,0.0570484176278114,0.0158356036990881,0.00605866219848394,-0.763613343238831,-0.807987868785858,0.807987868785858,-0.66982889175415,0.426266044378281,0.450322955846786,-0.0383962206542492,-4.18490648269653,2025,0.168,"17 R",577665.72,2836898.226,"NW15",2025,"79.7","42.5","38","36.5","0","1.5",4.5
"1380","NW17_1",0.0647325739264488,0.0666664615273476,0.0178975872695446,0.00811521615833044,-0.777200758457184,-0.782962441444397,0.782962441444397,-0.564089775085449,0.593735933303833,0.704715967178345,0.0339773744344711,-4.09069395065308,2025,0.157,"17 R",581777.888,2844669.121,"NW17",2025,"58","58","0","0","0","0",58
"1381","NW17_10",0.0595231801271439,0.0599967874586582,0.0169115867465734,0.00826931186020374,-0.756040453910828,-0.75773298740387,0.75773298740387,-0.514811336994171,0.639505207538605,0.66930216550827,-0.0328109413385391,-3.84663414955139,2025,0.16,"17 R",581831.315,2844866.875,"NW17",2025,"0","0","0","","","",0
"1382","NW17_2",0.061654444783926,0.0628705769777298,0.0177881047129631,0.00823307130485773,-0.764390766620636,-0.768420577049255,0.768420577049255,-0.550803303718567,0.617130815982819,0.661246776580811,-0.0204642433673143,-4.09607124328613,2025,0.162,"17 R",581779.468,2844688.379,"NW17",2025,"0","0","0","","","",0
"1383","NW17_3",0.0623062700033188,0.0627506002783775,0.0172179583460093,0.00767311453819275,-0.780703544616699,-0.782087206840515,0.782087206840515,-0.575196802616119,0.629997253417969,0.699636816978455,-0.000170741172041744,-4.06721925735474,2025,0.162,"17 R",581782.961,2844710.827,"NW17",2025,"32.9","26.4","0","0","0","0",26.4
"1384","NW17_4",0.0619273893535137,0.0626290217041969,0.0169928874820471,0.00779097899794579,-0.776501417160034,-0.778728246688843,0.778728246688843,-0.556929349899292,0.626283407211304,0.70479553937912,0.0068580717779696,-4.02135896682739,2025,0.162,"17 R",581787.7,2844736.236,"NW17",2025,"0","0","0","","","",0
"1385","NW17_5",0.0632182210683823,0.061112392693758,0.0169978830963373,0.00745513988658786,-0.789025485515594,-0.782546043395996,0.782546043395996,-0.585371971130371,0.677068650722504,0.725174009799957,-0.0178563743829727,-3.98847556114197,2025,0.165,"17 R",581793.687,2844757.21,"NW17",2025,"42.6","42.6","0","0","0","0",42.6
"1386","NW17_6",0.0616848990321159,0.0614994913339615,0.0168903674930334,0.00746122980490327,-0.784189522266388,-0.7836092710495,0.7836092710495,-0.580812275409698,0.644748032093048,0.706049740314484,-0.00721733830869198,-3.97831726074219,2025,0.165,"17 R",581801.678,2844780.795,"NW17",2025,"0","0","0","","","",0
"1387","NW17_7",0.0593773908913136,0.0603640712797642,0.0168965850025415,0.00735272793099284,-0.779627919197083,-0.782838881015778,0.782838881015778,-0.590358376502991,0.629545450210571,0.667609214782715,-0.0261030085384846,-3.96402978897095,2025,0.166,"17 R",581806.43,2844802.244,"NW17",2025,"59.5","43.5","0","0","0","0",43
"1388","NW17_8",0.0598975121974945,0.0593543127179146,0.0179420430213213,0.00746965827420354,-0.778240382671356,-0.776437759399414,0.776437759399414,-0.618163168430328,0.659018099308014,0.624963760375977,-0.0838906988501549,-3.92384433746338,2025,0.164,"17 R",581812.639,2844822.407,"NW17",2025,"0","0","0","","","",0
"1389","NW17_9",0.0602889396250248,0.0588516034185886,0.0174846053123474,0.00724706286564469,-0.785386681556702,-0.780719816684723,0.780719816684723,-0.620917022228241,0.67599481344223,0.653574466705322,-0.0747941359877586,-3.88088893890381,2025,0.164,"17 R",581822.095,2844843.327,"NW17",2025,"65.4","56.4","0","0","0","0",56.4
"1395","NW3_1",0.0498884692788124,0.0610397458076477,0.0213841944932938,0.0102568669244647,-0.658930599689484,-0.71227616071701,0.71227616071701,-0.527510464191437,0.441729158163071,0.291954100131989,-0.175510033965111,-4.18803548812866,2025,0.255,"17 R",580268.989,2841558.615,"NW3",2025,"24.1","24.1","5.5","0","2.5","3",18.6
"1396","NW3_10",0.056851003319025,0.0615915879607201,0.0251585673540831,0.0114309815689921,-0.665183067321777,-0.686919212341309,0.686919212341309,-0.562766671180725,0.561301946640015,0.283521264791489,-0.277297258377075,-4.2120532989502,2025,0.176,"17 R",580277.055,2841704.003,"NW3",2025,"0","0","0","","","",0
"1397","NW3_2",0.0506789088249207,0.0614291951060295,0.0226728226989508,0.0106034995988011,-0.653946399688721,-0.705592036247253,0.705592036247253,-0.54405003786087,0.449625551700592,0.257607936859131,-0.209032237529755,-4.18071556091309,2025,0.221,"17 R",580267.28,2841574.56,"NW3",2025,"0","0","0","","","",0
"1398","NW3_3",0.0502955913543701,0.0595137476921082,0.0224456153810024,0.0110641019418836,-0.639369070529938,-0.686470985412598,0.686470985412598,-0.509472250938416,0.481000691652298,0.258632987737656,-0.233845517039299,-4.14095878601074,2025,0.2,"17 R",580270.061,2841590.045,"NW3",2025,"25.9","25.9","1","0","0","1",24.9
"1399","NW3_4",0.051994577050209,0.0605409480631351,0.0202331580221653,0.00958421640098095,-0.688717007637024,-0.72665399312973,0.72665399312973,-0.53570818901062,0.493172138929367,0.380644112825394,-0.146004289388657,-4.1441593170166,2025,0.176,"17 R",580271.43,2841605.862,"NW3",2025,"0","0","0","","","",0
"1400","NW3_5",0.051350399851799,0.0611864514648914,0.020705658942461,0.00867669843137264,-0.710907280445099,-0.751608729362488,0.751608729362488,-0.614090979099274,0.467659026384354,0.348426163196564,-0.151132121682167,-4.18962383270264,2025,0.181,"17 R",580273.58,2841624.269,"NW3",2025,"18.2","18.2","1.5","0","0","1.5",16.7
"1401","NW3_6",0.0505758076906204,0.0597833842039108,0.022343909367919,0.00890937726944685,-0.700450539588928,-0.740602135658264,0.740602135658264,-0.644789755344391,0.480995953083038,0.268074691295624,-0.226229712367058,-4.21327543258667,2025,0.181,"17 R",580274.748,2841640.312,"NW3",2025,"0","0","0","","","",0
"1402","NW3_7",0.0474489890038967,0.0596580244600773,0.0215308498591185,0.00902571063488722,-0.680362701416016,-0.737180531024933,0.737180531024933,-0.613868474960327,0.419759958982468,0.235971540212631,-0.203064948320389,-4.22286319732666,2025,0.19,"17 R",580278.274,2841657.203,"NW3",2025,"36.9","29.9","0","0","0","0",29.9
"1403","NW3_8",0.0490225367248058,0.0613276995718479,0.0208373684436083,0.00994233880192041,-0.662770807743073,-0.720995247364044,0.720995247364044,-0.530951917171478,0.418429970741272,0.296608239412308,-0.15314806997776,-4.22907400131226,2025,0.176,"17 R",580279.17,2841672.321,"NW3",2025,"0","0","0","","","",0
"1404","NW3_9",0.0528069548308849,0.0637616813182831,0.0238709542900324,0.012338281609118,-0.621206939220428,-0.675734877586365,0.675734877586365,-0.477751284837723,0.444915562868118,0.254680842161179,-0.206862971186638,-4.22167110443115,2025,0.176,"17 R",580278.442,2841689.455,"NW3",2025,"18.5","18.5","8.5","0","0","8.5",10
"1405","NW4_1",0.0366825126111507,0.0484036430716515,0.0159087758511305,0.00981189124286175,-0.577932357788086,-0.662911593914032,0.662911593914032,-0.355563372373581,0.419565588235855,0.237538501620293,-0.20586359500885,-3.92037200927734,2025,0.186,"17 R",579083.529,2840119.849,"NW4",2025,"58.5","58.5","49.7","41.5","8.2","0",8.8
"1406","NW4_10",0.0353156514465809,0.0443329140543938,0.0140919145196676,0.00779447378590703,-0.638392448425293,-0.700945138931274,0.700945138931274,-0.431599825620651,0.489654779434204,0.303324520587921,-0.211057096719742,-4.01545333862305,2025,0.178,"17 R",579128.39,2840296.435,"NW4",2025,"0","0","0","","","",0
"1407","NW4_2",0.0382707267999649,0.0484098307788372,0.0163838304579258,0.00947323907166719,-0.603164970874786,-0.672676682472229,0.672676682472229,-0.400891810655594,0.461793482303619,0.254748076200485,-0.22579038143158,-3.91957640647888,2025,0.195,"17 R",579086.276,2840138.043,"NW4",2025,"0","0","0","","","",0
"1408","NW4_3",0.0357787124812603,0.0460939779877663,0.0170931201428175,0.00867691822350025,-0.609636902809143,-0.68315589427948,0.68315589427948,-0.489882975816727,0.45476245880127,0.151154041290283,-0.303696841001511,-3.92539763450623,2025,0.193,"17 R",579087.695,2840157.536,"NW4",2025,"41.1","41.1","20.8","1","8.6","11.2",20.3
"1409","NW4_4",0.0376303419470787,0.0477773435413837,0.0169822629541159,0.00959691405296326,-0.593585789203644,-0.665462732315063,0.665462732315063,-0.416793316602707,0.46109664440155,0.207178771495819,-0.263392895460129,-3.93850541114807,2025,0.198,"17 R",579089.743,2840176.444,"NW4",2025,"0","0","0","","","",0
"1410","NW4_5",0.0390863679349422,0.0484285093843937,0.0179256703704596,0.00948713254183531,-0.609370052814484,-0.672380983829498,0.672380983829498,-0.461748003959656,0.482407420873642,0.198883697390556,-0.286704570055008,-3.96554899215698,2025,0.213,"17 R",579092.999,2840195.637,"NW4",2025,"39.1","39.1","25.9","0.7","23.7","1.5",13.2
"1411","NW4_6",0.036727249622345,0.0503686256706715,0.0185175202786922,0.00960616022348404,-0.585346281528473,-0.679660022258759,0.679660022258759,-0.475294828414917,0.371833831071854,0.108835577964783,-0.269564688205719,-3.94129920005798,2025,0.181,"17 R",579105.613,2840218.604,"NW4",2025,"0","0","0","","","",0
"1412","NW4_7",0.0380563624203205,0.0472836531698704,0.0163015983998775,0.0104138208553195,-0.570299923419952,-0.639019846916199,0.639019846916199,-0.330583095550537,0.485131353139877,0.253436297178268,-0.24589915573597,-3.94866943359375,2025,0.189,"17 R",579110.281,2840240.921,"NW4",2025,"56.2","56.2","31","5.5","12.5","13",25.2
"1413","NW4_8",0.03596006706357,0.0462581850588322,0.0159565415233374,0.00904577225446701,-0.598017811775208,-0.672870695590973,0.672870695590973,-0.414607793092728,0.455443978309631,0.215082317590714,-0.25324359536171,-3.94253349304199,2025,0.179,"17 R",579115.626,2840260.332,"NW4",2025,"0","0","0","","","",0
"1414","NW4_9",0.0355697087943554,0.0458744019269943,0.014671185053885,0.00733215734362602,-0.658189356327057,-0.724388957023621,0.724388957023621,-0.500312268733978,0.454777628183365,0.276024997234344,-0.204333826899529,-3.96969318389893,2025,0.187,"17 R",579118.442,2840279.267,"NW4",2025,"64.1","64.1","38.5","1","12.5","25",25.1
"1415","NW5_1",0.04685228317976,0.0560224689543247,0.0165751203894615,0.00640223594382405,-0.759560823440552,-0.794881343841553,0.794881343841553,-0.664102792739868,0.484449207782745,0.447130680084229,-0.0876520872116089,-4.20896148681641,2025,0.158,"17 R",578435.87,2838239.755,"NW5",2025,"73","73","68","11","0","57",5
"1416","NW5_10",0.0460888110101223,0.0560413114726543,0.0176534578204155,0.00882653333246708,-0.678540349006653,-0.727861046791077,0.727861046791077,-0.500014781951904,0.467606008052826,0.376772820949554,-0.13027460873127,-4.18869256973267,2025,0.146,"17 R",578453.201,2838404.378,"NW5",2025,"0","0","0","","","",0
"1417","NW5_2",0.0443523526191711,0.0558954961597919,0.0151678947731853,0.00674822926521301,-0.735884428024292,-0.784552097320557,0.784552097320557,-0.576265156269073,0.432406395673752,0.468208193778992,-0.029450710862875,-4.22715425491333,2025,0.178,"17 R",578435.943,2838257.963,"NW5",2025,"53","53","25.5","10","0","15.5",27.5
"1418","NW5_3",0.0469901263713837,0.056156013160944,0.0162277370691299,0.00789697840809822,-0.712246477603912,-0.753423571586609,0.753423571586609,-0.517980754375458,0.484458148479462,0.468191057443619,-0.0708348527550697,-4.23934364318848,2025,0.171,"17 R",578438.25,2838276.383,"NW5",2025,"67.5","67.5","55.5","1","7.5","47",12
"1419","NW5_4",0.0467300452291965,0.0575787723064423,0.0168175995349884,0.00721079064533114,-0.732640743255615,-0.77740889787674,0.77740889787674,-0.599716126918793,0.448130160570145,0.432092070579529,-0.0701495483517647,-4.24721050262451,2025,0.176,"17 R",578442.382,2838294.676,"NW5",2025,"0","0","0","","","",0
"1420","NW5_5",0.0442302562296391,0.0542229004204273,0.0143531458452344,0.00572176929563284,-0.770909428596497,-0.809098303318024,0.809098303318024,-0.644937455654144,0.467021316289902,0.512691497802734,-0.0222002416849136,-4.24682569503784,2025,0.171,"17 R",578443.267,2838312.617,"NW5",2025,"45","45","23.5","1.5","1","21",21.5
"1421","NW5_6",0.0434410944581032,0.0549991391599178,0.0135319465771317,0.00606680661439896,-0.754915595054626,-0.801303088665009,0.801303088665009,-0.571348071098328,0.431532949209213,0.545097410678864,0.0321694239974022,-4.23430871963501,2025,0.165,"17 R",578443.813,2838329.47,"NW5",2025,"0","0","0","","","",0
"1422","NW5_7",0.0448937937617302,0.0571968145668507,0.0169413108378649,0.00927956681698561,-0.657412171363831,-0.720816135406494,0.720816135406494,-0.43830019235611,0.416229784488678,0.385733425617218,-0.0818006470799446,-4.21278619766235,2025,0.159,"17 R",578444.85,2838346.197,"NW5",2025,"47.5","47.5","30.5","17.5","0","13",17
"1423","NW5_8",0.0464774705469608,0.0531948879361153,0.0192924048751593,0.00870813336223364,-0.684405624866486,-0.718652367591858,0.718652367591858,-0.567003667354584,0.540125668048859,0.309209167957306,-0.242911398410797,-4.20355367660522,2025,0.145,"17 R",578446.437,2838365.634,"NW5",2025,"0","0","0","","","",0
"1424","NW5_9",0.0434508584439754,0.0533264763653278,0.016241641715169,0.00756336143240333,-0.703480243682861,-0.75157231092453,0.75157231092453,-0.546835482120514,0.469749391078949,0.389151334762573,-0.123119421303272,-4.19241285324097,2025,0.149,"17 R",578450.856,2838385.758,"NW5",2025,"60.7","60.7","50","18","19","13",10.7
"1425","NW6_1",0.022060776129365,0.029945919290185,0.0100827841088176,0.00776259042322636,-0.479428976774216,-0.588284432888031,0.588284432888031,-0.19502480328083,0.501747488975525,0.119234457612038,-0.375219881534576,-3.86284041404724,2025,0.142,"17 R",576161.857,2837611.902,"NW6",2025,"47.2","47.2","15","14.5","0.5","0",32.2
"1426","NW6_10",0.021547719836235,0.0265820417553186,0.0108003262430429,0.00811528135091066,-0.452834784984589,-0.532224357128143,0.532224357128143,-0.212922975420952,0.624793767929077,0.0368825271725655,-0.541233122348785,-3.87270164489746,2025,0.144,"17 R",576186.531,2837808.824,"NW6",2025,"0","0","0","","","",0
"1427","NW6_2",0.0195425320416689,0.0263108126819134,0.00949694123119116,0.00719058746472001,-0.462046504020691,-0.57072913646698,0.57072913646698,-0.207312345504761,0.539732933044434,0.0492431707680225,-0.463834226131439,-3.8379373550415,2025,0.13,"17 R",576166.616,2837642.033,"NW6",2025,"96.6","96.6","0.5","0.5","0","0",96.1
"1428","NW6_3",0.0214024242013693,0.0278715323656797,0.0111444238573313,0.0078797684982419,-0.461804747581482,-0.559189856052399,0.559189856052399,-0.257408201694489,0.55975729227066,0.0032821970526129,-0.515239357948303,-3.85532283782959,2025,0.13,"17 R",576169.319,2837662.919,"NW6",2025,"68.9","68.9","0","0","0","0",68.7
"1429","NW6_4",0.0194131880998611,0.0278725251555443,0.00914642307907343,0.00650396663695574,-0.498095631599426,-0.621603846549988,0.621603846549988,-0.253264278173447,0.462161898612976,0.0747795179486275,-0.380540907382965,-3.84907293319702,2025,0.148,"17 R",576174.169,2837685.718,"NW6",2025,"93.8","93.8","70.5","43","27.5","0",23.3
"1430","NW6_5",0.0207423698157072,0.0274843238294125,0.0112642087042332,0.00753726903349161,-0.466947287321091,-0.569564461708069,0.569564461708069,-0.297338843345642,0.54564094543457,-0.0371909439563751,-0.536516070365906,-3.84298968315125,2025,0.146,"17 R",576176.692,2837707.823,"NW6",2025,"69.1","69.1","55.8","49","5","1.8",13.1
"1431","NW6_6",0.0202129241079092,0.0268356949090958,0.0104420837014914,0.008226010017097,-0.421496599912643,-0.530769526958466,0.530769526958466,-0.178063735365868,0.549163460731506,0.00179642473813146,-0.508745133876801,-3.85189366340637,2025,0.14,"17 R",576180.703,2837726.828,"NW6",2025,"97","95.5","88","73","15","0",7.5
"1432","NW6_7",0.0218080617487431,0.0254085902124643,0.0113846687600017,0.00937431305646896,-0.398742854595184,-0.460981577634811,0.460981577634811,-0.14526404440403,0.692341506481171,0.00380891165696084,-0.622294664382935,-3.87206935882568,2025,0.149,"17 R",576181.393,2837751.521,"NW6",2025,"84","84","64.5","41.5","23","0",19.5
"1433","NW6_8",0.0186251327395439,0.0250202436000109,0.00997526478022337,0.00742566026747227,-0.429909080266953,-0.542274415493011,0.542274415493011,-0.219781801104546,0.553520083427429,-0.0408818908035755,-0.547620594501495,-3.87136006355286,2025,0.148,"17 R",576184.065,2837770.665,"NW6",2025,"0","0","0","","","",0
"1434","NW6_9",0.0204853415489197,0.0259315557777882,0.0111523112282157,0.00800010096281767,-0.438302487134933,-0.528457999229431,0.528457999229431,-0.246878325939178,0.60470986366272,-0.0411177538335323,-0.58786678314209,-3.86991357803345,2025,0.146,"17 R",576185.214,2837790.124,"NW6",2025,"85.5","85.5","80","64.5","15.5","0",5.3
"1435","NW7_1",0.0234287288039923,0.0351751632988453,0.0135363806039095,0.00779812270775437,-0.500550150871277,-0.637071132659912,0.637071132659912,-0.40344911813736,0.363925158977509,-0.0726257637143135,-0.415031164884567,-3.08699250221252,2025,0.169,"17 R",574474.948,2836977.99,"NW7",2025,"54.3","49.3","3","3","0","0",46.3
"1436","NW7_10",0.0233166087418795,0.0346713960170746,0.0141375847160816,0.00769371585920453,-0.503796517848969,-0.636790037155151,0.636790037155151,-0.44274976849556,0.376872807741165,-0.114604271948338,-0.459074765443802,-2.89154148101807,2025,0.198,"17 R",574492.278,2837191.019,"NW7",2025,"0","0","0","","","",0
"1437","NW7_2",0.0236966777592897,0.035695880651474,0.0141257541254163,0.00757030816748738,-0.515763461589813,-0.650058925151825,0.650058925151825,-0.453223675489426,0.357220351696014,-0.0977190434932709,-0.429383903741837,-2.94452166557312,2025,0.165,"17 R",574477.577,2837002.2,"NW7",2025,"48.4","48.4","39.5","39.5","0","0",8.9
"1438","NW7_3",0.0190589725971222,0.0281734559684992,0.0128355538472533,0.00906218215823174,-0.355490028858185,-0.513252198696136,0.513252198696136,-0.258476823568344,0.43053725361824,-0.233564719557762,-0.600757360458374,-2.90632939338684,2025,0.173,"17 R",574477.902,2837033.399,"NW7",2025,"93.1","93.1","5","5","0","0",86.6
"1439","NW7_4",0.0231709610670805,0.035958256572485,0.0167124290019274,0.0102091478183866,-0.388309508562088,-0.557733535766602,0.557733535766602,-0.362345844507217,0.325776636600494,-0.264027982950211,-0.536669135093689,-2.92896175384521,2025,0.188,"17 R",574480.127,2837056.441,"NW7",2025,"36.7","36.7","0.5","0.5","0","0",31.5
"1440","NW7_5",0.0262200683355331,0.038681510835886,0.01530497148633,0.00780308758839965,-0.541307270526886,-0.664272129535675,0.664272129535675,-0.486965417861938,0.359599530696869,-0.0651301816105843,-0.403704702854156,-2.87695026397705,2025,0.193,"17 R",574478.477,2837073.714,"NW7",2025,"13","13","0","0","0","0",13
"1441","NW7_6",0.0241029094904661,0.0364799872040749,0.0167154781520367,0.00768943596631289,-0.516271233558655,-0.651820838451385,0.651820838451385,-0.554767906665802,0.347489386796951,-0.224751323461533,-0.522388339042664,-2.83849692344666,2025,0.192,"17 R",574479.213,2837095.634,"NW7",2025,"86","83.5","81","45","0","36",2
"1442","NW7_7",0.0238393396139145,0.0379064679145813,0.01401521358639,0.00860721804201603,-0.469452619552612,-0.629905998706818,0.629905998706818,-0.358581840991974,0.289309173822403,-0.0849948599934578,-0.363942861557007,-2.90703916549683,2025,0.194,"17 R",574485.241,2837116.189,"NW7",2025,"3","3","0","0","0","0",3
"1443","NW7_8",0.0238422527909279,0.0341496095061302,0.0151917273178697,0.00700369477272034,-0.545892059803009,-0.659629046916962,0.659629046916962,-0.553359568119049,0.41781958937645,-0.153841570019722,-0.523253440856934,-2.84731292724609,2025,0.199,"17 R",574487.179,2837140.011,"NW7",2025,"45","45","12.5","12.5","0","0",31.5
"1444","NW7_9",0.0235796459019184,0.0318168215453625,0.0129616102203727,0.00769272167235613,-0.508017957210541,-0.610589206218719,0.610589206218719,-0.382647722959518,0.493782430887222,-0.0290807075798512,-0.485803484916687,-2.96106100082397,2025,0.202,"17 R",574490.312,2837170.727,"NW7",2025,"98.7","98.7","0","0","0","0",98.2
"1445","NW8_1",0.0190214905887842,0.0268775522708893,0.0128442300483584,0.00623056339100003,-0.506530165672302,-0.623623192310333,0.623623192310333,-0.520084261894226,0.486493498086929,-0.23611144721508,-0.648306727409363,-3.36926341056824,2025,0.211,"17 R",573701.683,2834914.231,"NW8",2025,"46","46","46","39","0","7",0
"1446","NW8_10",0.0174422301352024,0.0259791668504477,0.0114434584975243,0.00635312683880329,-0.466019630432129,-0.607010424137115,0.607010424137115,-0.429042845964432,0.441638082265854,-0.223983466625214,-0.603597581386566,-3.38380360603333,2025,0.328,"17 R",573655.919,2835038.762,"NW8",2025,"0","0","0","","","",0
"1447","NW8_2",0.0204840749502182,0.0288285911083221,0.0133157474920154,0.00887055229395628,-0.395628333091736,-0.5294029712677,0.5294029712677,-0.30053648352623,0.474369794130325,-0.192880243062973,-0.602803111076355,-3.39936494827271,2025,0.327,"17 R",573696.102,2834921.786,"NW8",2025,"0","0","0","","","",0
"1448","NW8_3",0.0223436392843723,0.0285694319754839,0.0123756369575858,0.00818262621760368,-0.463896006345749,-0.554711937904358,0.554711937904358,-0.3059361577034,0.572372078895569,-0.0433404147624969,-0.561930239200592,-3.38980078697205,2025,0.331,"17 R",573690.352,2834935.85,"NW8",2025,"72.7","72.7","72.5","46","16","10.5",0.2
"1449","NW8_4",0.022477900609374,0.0288305785506964,0.0135527234524488,0.00783924851566553,-0.482850551605225,-0.572441458702087,0.572441458702087,-0.400627493858337,0.567169904708862,-0.115088514983654,-0.614757239818573,-3.38614225387573,2025,0.426,"17 R",573684.834,2834949.762,"NW8",2025,"0","0","0","","","",0
"1450","NW8_5",0.0203568674623966,0.0271431636065245,0.0108498530462384,0.00784073863178492,-0.443872034549713,-0.551751613616943,0.551751613616943,-0.241494312882423,0.54224568605423,-0.0238837487995625,-0.523462116718292,-3.38285660743713,2025,0.296,"17 R",573680.328,2834970.477,"NW8",2025,"74.5","74.5","74.5","48","0","26.5",0
"1451","NW8_6",0.0196940079331398,0.0261040218174458,0.0110860215499997,0.00715298252180219,-0.467129647731781,-0.569836020469666,0.569836020469666,-0.3234583735466,0.557160496711731,-0.0754119530320168,-0.577174603939056,-3.39441609382629,2025,0.441,"17 R",573669.234,2834978.341,"NW8",2025,"0","0","0","","","",0
"1452","NW8_7",0.0179690793156624,0.0268856659531593,0.0119106853380799,0.00589175196364522,-0.506157040596008,-0.640499293804169,0.640499293804169,-0.507144033908844,0.429205238819122,-0.228464916348457,-0.596574246883392,-3.40417814254761,2025,0.416,"17 R",573666.646,2834993.48,"NW8",2025,"74.7","74.7","70","11","38","21",4.7
"1453","NW8_8",0.0189000964164734,0.0261063650250435,0.0103823551908135,0.00658075837418437,-0.483474284410477,-0.597348570823669,0.597348570823669,-0.33616441488266,0.515902698040009,-0.0604506209492683,-0.532389104366302,-3.38209891319275,2025,0.322,"17 R",573662.449,2835007.734,"NW8",2025,"0","0","0","","","",0
"1454","NW8_9",0.0183713156729937,0.0259783882647753,0.0115603785961866,0.00623787613585591,-0.493045032024384,-0.612749874591827,0.612749874591827,-0.448569476604462,0.493571192026138,-0.180784851312637,-0.61055600643158,-3.37391304969788,2025,0.526,"17 R",573656.899,2835021.042,"NW8",2025,"52.7","52.7","47","17","0","30",4.2
