"","blue","green","red","vnir","NDAVI","ind24","NDWI","WAVI","DII_blue_green","DII_blue_red","DII_green_red","depth","TOT","TSG","TMA","class"
"1",0.0410461574792862,0.0502587221562862,0.0262866765260696,0.00771035812795162,-0.683719873428345,-0.733983755111694,0.733983755111694,-0.819614946842194,0.0548639185726643,0.0349387265741825,-0.0379589013755322,-0.854184210300446,100,100,0,"High"
"2",0.0407962948083878,0.0538178794085979,0.0279684010893106,0.00793076399713755,-0.67448216676712,-0.743127524852753,0.743127524852753,-0.837246656417847,-0.0255516394972801,-0.0261809900403023,-0.0198577269911766,-0.853355586528778,100,100,0,"High"
"3",0.0410461574792862,0.0502587221562862,0.0262866765260696,0.00771035812795162,-0.683719873428345,-0.733983755111694,0.733983755111694,-0.819614946842194,0.0548639185726643,0.0349387265741825,-0.0379589013755322,-0.854184210300446,100,100,0,"High"
"4",0.0405482761561871,0.0536958277225494,0.0292025860399008,0.00837305840104818,-0.657692968845367,-0.730201125144958,0.730201125144958,-0.831503808498383,-0.0291838143020868,-0.0705870017409325,-0.0571680814027786,-0.853125810623169,100,100,0,"High"
"5",0.0427903048694134,0.0519787520170212,0.0264000929892063,0.00682803289964795,-0.724777817726135,-0.767780780792236,0.767780780792236,-0.883531332015991,0.0599315352737904,0.0727336779236794,-0.00780153227970004,-0.862615883350372,100,100,0,"High"
"6",0.0452868528664112,0.050795890390873,0.0253535453230143,0.00840600859373808,-0.686885416507721,-0.716022312641144,0.716022312641144,-0.75301069021225,0.141637235879898,0.165322408080101,0.00200114957988262,-1.04692423343658,94.5,10,84.5,"High"
"7",0.0439247079193592,0.0512852109968662,0.0256890244781971,0.00873641204088926,-0.668202579021454,-0.708891153335571,0.708891153335571,-0.738666534423828,0.100685492157936,0.123121052980423,0.00092141778441146,-1.05185306072235,95.5,21,74.5,"High"
"8",0.0452868528664112,0.050795890390873,0.0253535453230143,0.00840600859373808,-0.686885416507721,-0.716022312641144,0.716022312641144,-0.75301069021225,0.141637235879898,0.165322408080101,0.00200114957988262,-1.04692423343658,100,0,100,"High"
"9",0.0436768606305122,0.0507958866655827,0.0254653096199036,0.00917669851332903,-0.652750015258789,-0.693970203399658,0.693970203399658,-0.705297350883484,0.105439014732838,0.125222012400627,-0.00156811566557735,-1.05614960193634,26.2,4.5,21.7,"Medium"
"10",0.0431815944612026,0.0525081716477871,0.026806989684701,0.00873653404414654,-0.663449585437775,-0.714700758457184,0.714700758457184,-0.762605428695679,0.0580284893512726,0.0682676881551743,-0.0100789554417133,-1.04561805725098,70.9,11.7,59.2,"High"
"11",0.0433050766587257,0.0520187690854073,0.02658312022686,0.00950697157531977,-0.63996958732605,-0.690959513187408,0.690959513187408,-0.70973002910614,0.0710540488362312,0.078562892973423,-0.0126381749287248,-1.0313047170639,86.2,8.4,77.8,"High"
"12",0.0403311587870121,0.0509183928370476,0.0243475548923016,0.010167770087719,-0.597307503223419,-0.667100727558136,0.667100727558136,-0.616238653659821,0.0231287758797407,0.0853473767638206,0.0372631438076496,-1.06556820869446,56.38,56,0.38,"High"
"13",0.0413224436342716,0.0509180948138237,0.0256887841969728,0.00895640440285206,-0.643730700016022,-0.700827419757843,0.700827419757843,-0.724446058273315,0.0474165715277195,0.06205815076828,-0.00625506043434143,-1.05046224594116,97.5,11.5,86,"High"
"14",0.0517784170806408,0.0642213374376297,0.0346918851137161,0.00563266593962908,-0.803777754306793,-0.838730335235596,0.838730335235596,-1.08095014095306,0.0208924151957035,0.0210861470550299,-0.017938693985343,-1.32552754878998,100,100,0,"High"
"15",0.0487673282623291,0.0650870352983475,0.0339014418423176,0.00385396648198366,-0.853520631790161,-0.888195216655731,0.888195216655731,-1.19376838207245,-0.0535625219345093,-0.0183798521757126,0.0141536435112357,-1.2895599603653,100,99.25,0.75,"High"
"16",0.0547868721187115,0.0657043308019638,0.0348044037818909,0.00385302514769137,-0.868586897850037,-0.889213025569916,0.889213025569916,-1.20098698139191,0.05257573351264,0.0746907070279121,0.00226306193508208,-1.32906603813171,100,100,0,"High"
"17",0.0493958741426468,0.0591509453952312,0.0320939049124718,0.00429915450513363,-0.8398677110672,-0.864487051963806,0.864487051963806,-1.14560651779175,0.0631061941385269,0.0430336147546768,-0.0370187498629093,-1.25266480445862,100,98.75,1.25,"High"
"18",0.0516530945897102,0.0610059201717377,0.032883994281292,0.00518785137683153,-0.817460775375366,-0.843252599239349,0.843252599239349,-1.09120571613312,0.0742538571357727,0.0661418810486794,-0.0258747674524784,-1.29261004924774,100,97.25,2.75,"High"
"19",0.045483872294426,0.0524567700922489,0.0224860310554504,0.00374945835210383,-0.847686171531677,-0.866582095623016,0.866582095623016,-1.07125341892242,0.111035637557507,0.276140689849854,0.131568640470505,-0.656381726264954,100,100,0,"High"
"20",0.0462376922369003,0.0540669411420822,0.0224860161542892,0.00308223278261721,-0.875010669231415,-0.892133772373199,0.892133772373199,-1.13835227489471,0.0946379005908966,0.292578786611557,0.161802709102631,-0.791793465614319,100,100,0,"High"
"21",0.042971421033144,0.0528288558125496,0.0223734620958567,0.0041946810670197,-0.822131514549255,-0.852878987789154,0.852878987789154,-1.02634835243225,0.0465367026627064,0.223770439624786,0.142709255218506,-0.697441339492798,100,98,2,"High"
"22",0.0439753979444504,0.053447101265192,0.0219199676066637,0.00352663919329643,-0.851516306400299,-0.876201212406158,0.876201212406158,-1.08423066139221,0.0569956973195076,0.265031784772873,0.170960575342178,-0.645732641220093,100,98,2,"High"
"23",0.0478719435632229,0.0565082654356956,0.0272127110511065,0.00471741938963532,-0.820594131946564,-0.845900654792786,0.845900654792786,-1.0567741394043,0.0814077034592628,0.158056885004044,0.0511499643325806,-1.06320977210999,100,100,0,"High"
"24",0.047244306653738,0.0574968829751015,0.0265345256775618,0.00438367109745741,-0.830182313919067,-0.858318269252777,0.858318269252777,-1.07465136051178,0.0493739321827888,0.167248353362083,0.0889726653695107,-1.16314375400543,100,100,0,"High"
"25",0.050754901021719,0.0636754781007767,0.0259702634066343,0.00338415801525116,-0.87498277425766,-0.899070203304291,0.899070203304291,-1.15414154529572,0.0101977372542024,0.257992893457413,0.208483204245567,-1.30983150005341,99.75,99.75,0,"High"
"26",0.048122588545084,0.0557662770152092,0.0268738828599453,0.00371754914522171,-0.856576442718506,-0.875006377696991,0.875006377696991,-1.13543236255646,0.100984796881676,0.174394071102142,0.0480992309749126,-1.17388832569122,100,99.5,0.5,"High"
"27",0.0457411669194698,0.0562619008123875,0.0254065170884132,0.00538488943129778,-0.789348542690277,-0.825298607349396,0.825298607349396,-0.975351393222809,0.0406221300363541,0.173452764749527,0.102509677410126,-1.08410561084747,100,100,0,"High"
"28",0.0519237406551838,0.0612331330776215,0.0310805402696133,0.00329900486394763,-0.880520045757294,-0.897756218910217,0.897756218910217,-1.21212494373322,0.0754424333572388,0.121405735611916,0.0236118100583553,-0.758297979831696,100,100,0,"High"
"29",0.053675439208746,0.0635787472128868,0.0337884537875652,0.00463143875822425,-0.841135740280151,-0.864200949668884,0.864200949668884,-1.13835620880127,0.0677961856126785,0.0804766938090324,-0.00658353930339217,-0.706510066986084,100,100,0,"High"
"30",0.0556774884462357,0.061356246471405,0.0320957824587822,0.0049645877443254,-0.836265921592712,-0.850285708904266,0.850285708904266,-1.09812152385712,0.143060833215714,0.162690728902817,-0.000461809191619977,-0.734119355678558,100,100,0,"High"
"31",0.0500457808375359,0.0618509948253632,0.0282590575516224,0.004299137275666,-0.841783285140991,-0.870018780231476,0.870018780231476,-1.1038658618927,0.0277008078992367,0.168994188308716,0.110875397920609,-0.75714647769928,100,100,0,"High"
"32",0.0521749705076218,0.0576510094106197,0.0273558460175991,0.0040769181214273,-0.855047762393951,-0.867906868457794,0.867906868457794,-1.11089158058167,0.145737275481224,0.239476218819618,0.0669138804078102,-0.798962116241455,100,100,0,"High"
"33",0.0518466010689735,0.0583032257854939,0.0214101262390614,0.00455448357388377,-0.838496625423431,-0.855085909366608,0.855085909366608,-0.973766386508942,0.127206027507782,0.450568556785583,0.277022212743759,-1.20543575286865,100,100,0,"High"
"34",0.0508452504873276,0.0600320026278496,0.0243457034230232,0.00477656722068787,-0.82824844121933,-0.852594554424286,0.852594554424286,-1.00794696807861,0.0759684517979622,0.317077219486237,0.201978430151939,-1.23570775985718,100,100,0,"High"
"35",0.0529714450240135,0.0597842149436474,0.0235543716698885,0.00444254651665688,-0.845245182514191,-0.861660599708557,0.861660599708557,-1.02396047115326,0.121426798403263,0.387357801198959,0.224655762314796,-1.20787954330444,100,100,0,"High"
"36",0.0465879775583744,0.0557095408439636,0.0206201709806919,0.00444388063624501,-0.825838983058929,-0.852248430252075,0.852248430252075,-0.96809709072113,0.0696811378002167,0.376972675323486,0.262021988630295,-1.20586609840393,100,100,0,"High"
"37",0.0509701035916805,0.0566970631480217,0.0212966445833445,0.0039988225325942,-0.854506075382233,-0.868234157562256,0.868234157562256,-1.02574634552002,0.140494838356972,0.43823304772377,0.253399610519409,-1.18523418903351,100,100,0,"High"
"38",0.026863370090723,0.0313572846353054,0.0179496183991432,0.0130540933459997,-0.345945745706558,-0.412128418684006,0.412128418684006,-0.236851885914803,0.143262773752213,-0.0505603291094303,-0.20013415813446,-1.46982526779175,95.5,65,30.5,"High"
"39",0.0258619729429483,0.0338273793458939,0.0197501108050346,0.0161512605845928,-0.231134608387947,-0.353673458099365,0.353673458099365,-0.15036404132843,0.0229239221662283,-0.173351377248764,-0.201876819133759,-1.43283808231354,92.4,83.7,8.7,"High"
"40",0.0258602239191532,0.0286393854767084,0.0153614906594157,0.0105098113417625,-0.422062069177628,-0.463089287281036,0.463089287281036,-0.281296968460083,0.203670859336853,0.0495128333568573,-0.164451211690903,-1.48081135749817,100,100,0,"High"
"41",0.0259851813316345,0.0282683856785297,0.0176114309579134,0.0139384111389518,-0.301745653152466,-0.339518159627914,0.339518159627914,-0.174629390239716,0.222652107477188,-0.0669237226247787,-0.288402408361435,-1.47719991207123,76.2,66,10.2,"High"
"42",0.0258602239191532,0.0286393854767084,0.0153614906594157,0.0105098113417625,-0.422062069177628,-0.463089287281036,0.463089287281036,-0.281296968460083,0.203670859336853,0.0495128333568573,-0.164451211690903,-1.48081135749817,51.7,39.7,12,"High"
"43",0.0225998386740685,0.0287659280002117,0.0167529657483101,0.0109628150239587,-0.34672537446022,-0.448116689920425,0.448116689920425,-0.313367545604706,0.0641194581985474,-0.162174910306931,-0.230404421687126,-1.13278317451477,78.3,77,1.3,"High"
"44",0.0251171458512545,0.0291382912546396,0.0167534798383713,0.01107407361269,-0.388024300336838,-0.449220478534698,0.449220478534698,-0.306139349937439,0.155759081244469,-0.0565941818058491,-0.217567786574364,-1.13279902935028,100,100,0,"High"
"45",0.023982098326087,0.0277727972716093,0.016300430521369,0.00996408704668283,-0.412948042154312,-0.471917867660522,0.471917867660522,-0.361876636743546,0.161642417311668,-0.0785170271992683,-0.243318498134613,-1.13924169540405,100,64.3,35.7,"High"
"46",0.0237346012145281,0.0277759060263634,0.0170926600694656,0.0105202328413725,-0.385766535997391,-0.450585186481476,0.450585186481476,-0.357030361890793,0.151147156953812,-0.130991831421852,-0.281715989112854,-1.13343107700348,100,99.7,0.3,"High"
"47",0.0236060004681349,0.027897734194994,0.0160755068063736,0.0104080783203244,-0.388013511896133,-0.456579685211182,0.456579685211182,-0.320996671915054,0.14096100628376,-0.0819972977042198,-0.227555185556412,-1.13351857662201,100,99,1,"High"
"48",0.0356564857065678,0.0431123152375221,0.0204226262867451,0.0201556645333767,-0.277732014656067,-0.362847864627838,0.362847864627838,-0.00986839551478624,0.0806717425584793,0.118101052939892,0.0134905548766255,-0.519168376922607,43.75,43.65,0.1,"Medium"
"49",0.0354070067405701,0.043606873601675,0.0208738893270493,0.0323302485048771,-0.0454219505190849,-0.148499503731728,0.148499503731728,0.322992533445358,0.0612627789378166,0.0916909128427505,0.0071619194932282,-0.520868182182312,69.25,69.25,0,"High"
"50",0.0404127202928066,0.0500218011438847,0.0198594350367785,0.0148412026464939,-0.462800025939941,-0.542383134365082,0.542383134365082,-0.216922491788864,0.0444430820643902,0.268122494220734,0.18483230471611,-0.611611068248749,10.75,10.75,0,"Low"
"51",0.0362817458808422,0.0449631959199905,0.0212103482335806,0.0499146617949009,0.158161073923111,0.0521877929568291,-0.0521877929568291,0.605363309383392,0.0524025037884712,0.101910598576069,0.0248162541538477,-0.415438562631607,58.75,58.75,0,"High"
"52",0.0415365621447563,0.0496505051851273,0.0197453368455172,0.0156152583658695,-0.453551679849625,-0.52148699760437,0.52148699760437,-0.175198346376419,0.0799640417098999,0.300663471221924,0.182057395577431,-0.537277519702911,48.25,48.25,0,"Medium"
"53",0.0388281792402267,0.0510395392775536,0.0272139720618725,0.00656704185530543,-0.710672557353973,-0.772003769874573,0.772003769874573,-0.916798889636993,-0.0174302142113447,-0.0513675697147846,-0.0506739430129528,-0.388156473636627,100,100,0,"High"
"54",0.0380766578018665,0.0480805560946465,0.0258630029857159,0.00656646769493818,-0.705824017524719,-0.759677052497864,0.759677052497864,-0.892546236515045,0.0278871152549982,-0.0257423166185617,-0.069080151617527,-0.396255671977997,100,100,0,"High"
"55",0.0402038507163525,0.052887748926878,0.0287890937179327,0.00656701577827334,-0.719183504581451,-0.779092013835907,0.779092013835907,-0.942782402038574,-0.0212458353489637,-0.066466435790062,-0.0607598833739758,-0.37900698184967,100,100,0,"High"
"56",0.0394532978534698,0.0469714440405369,0.0236128270626068,0.00656709307804704,-0.714600741863251,-0.754677891731262,0.754677891731262,-0.847205698490143,0.0887496620416641,0.0905235558748245,-0.0185573473572731,-0.396818935871124,100,98.75,1.25,"High"
"57",0.0398296117782593,0.0521491840481758,0.0289022531360388,0.00656761648133397,-0.716896176338196,-0.776295125484467,0.776295125484467,-0.944518685340881,-0.0153245823457837,-0.0792987197637558,-0.0780063271522522,-0.378806591033936,100,100,0,"High"
"58",0.031804732978344,0.0389055199921131,0.0218752268701792,0.0176806263625622,-0.285419911146164,-0.375089943408966,0.375089943408966,-0.159063711762428,0.0778637379407883,-0.0571708753705025,-0.144937753677368,-0.692212164402008,97.25,97.25,0,"High"
"59",0.0316787324845791,0.04137247428298,0.0220998227596283,0.0157996565103531,-0.334448486566544,-0.447295159101486,0.447295159101486,-0.249350368976593,0.00712396251037717,-0.0702022835612297,-0.0917468816041946,-0.691567718982697,99.75,99.75,0,"High"
"60",0.0274191200733185,0.0342137701809406,0.0198492594063282,0.021994112059474,-0.109788566827774,-0.217401146888733,0.217401146888733,0.0768886208534241,0.0690557807683945,-0.11932684481144,-0.194582536816597,-0.668336093425751,100,100,0,"High"
"61",0.0338084362447262,0.0426070615649223,0.0231134444475174,0.0138090010732412,-0.420002341270447,-0.510458528995514,0.510458528995514,-0.377999484539032,0.0402542017400265,-0.0449207425117493,-0.0987319648265839,-0.667256474494934,100,100,0,"High"
"62",0.0326819010078907,0.038782712072134,0.021650729700923,0.0162428375333548,-0.336007177829742,-0.409625619649887,0.409625619649887,-0.214069008827209,0.108503691852093,-0.020813224837184,-0.13972869515419,-0.683840334415436,100,100,0,"High"
"63",0.0363794192671776,0.0586426854133606,0.034026350826025,0.00830862205475569,-0.628150105476379,-0.751801073551178,0.751801073551178,-0.911222815513611,-0.233385160565376,-0.314699828624725,-0.0930931493639946,-0.767020523548126,48,41.25,6.75,"Medium"
"64",0.0357520841062069,0.055925689637661,0.0327859409153461,0.00886405818164349,-0.602652430534363,-0.726374685764313,0.726374685764313,-0.861532390117645,-0.199258461594582,-0.299150466918945,-0.110398650169373,-0.826860010623932,36.9,24.9,12,"Medium"
"65",0.0366309769451618,0.0566666945815086,0.0357183665037155,0.00864195171743631,-0.618228733539581,-0.735350430011749,0.735350430011749,-0.915562033653259,-0.189268305897713,-0.350861042737961,-0.166748777031898,-0.777032554149628,44.05,32.8,11.25,"Medium"
"66",0.0376342311501503,0.0585184991359711,0.0349280089139938,0.00919623114168644,-0.607254326343536,-0.728383123874664,0.728383123874664,-0.874749720096588,-0.197171971201897,-0.303990840911865,-0.116435542702675,-0.630682468414307,50.45,40.25,10.2,"High"
"67",0.0363794192671776,0.0586426854133606,0.034026350826025,0.00830862205475569,-0.628150105476379,-0.751801073551178,0.751801073551178,-0.911222815513611,-0.233385160565376,-0.314699828624725,-0.0930931493639946,-0.767020523548126,43,22.5,20.5,"Medium"
"68",0.0338679142296314,0.0517240054905415,0.0306427963078022,0.0080872131511569,-0.614482700824738,-0.729575395584106,0.729575395584106,-0.873570024967194,-0.168576121330261,-0.293318957090378,-0.133644789457321,-0.867926120758057,29.5,24,5.5,"Medium"
"69",0.0312289819121361,0.0472723916172981,0.025678088888526,0.00797702837735415,-0.593071162700653,-0.711235761642456,0.711235761642456,-0.788931727409363,-0.151957601308823,-0.217631638050079,-0.0802090689539909,-0.910924851894379,72.7,59.5,13.2,"High"
"70",0.0376342311501503,0.0585184991359711,0.0349280089139938,0.00919623114168644,-0.607254326343536,-0.728383123874664,0.728383123874664,-0.874749720096588,-0.197171971201897,-0.303990840911865,-0.116435542702675,-0.630682468414307,71.5,62,9.5,"High"
"71",0.0366309769451618,0.0566666945815086,0.0357183665037155,0.00864195171743631,-0.618228733539581,-0.735350430011749,0.735350430011749,-0.915562033653259,-0.189268305897713,-0.350861042737961,-0.166748777031898,-0.777032554149628,21.25,17.75,3.5,"Medium"
"72",0.0355478748679161,0.0485020317137241,0.0251089446246624,0.00640089623630047,-0.694823205471039,-0.766828596591949,0.766828596591949,-0.890581250190735,-0.0503128468990326,-0.0682137534022331,-0.0363420806825161,-0.681963741779327,100,34.25,65.75,"High"
"73",0.0431936085224152,0.0547997280955315,0.0326614789664745,0.00784294120967388,-0.692653954029083,-0.749597489833832,0.749597489833832,-0.919104814529419,0.0119143277406693,-0.106692366302013,-0.12765097618103,-0.61441969871521,100,44,56,"High"
"74",0.0385585129261017,0.0573912411928177,0.0291680861264467,0.00773233408108354,-0.665923833847046,-0.762533485889435,0.762533485889435,-0.871362090110779,-0.151784017682076,-0.11985469609499,0.0103475265204906,-0.66716331243515,100,53.75,46.25,"High"
"75",0.0365501046180725,0.044917106628418,0.0240932051092386,0.00684396782889962,-0.684566676616669,-0.735555410385132,0.735555410385132,-0.836335480213165,0.0608856305480003,-0.00377664784900844,-0.079620860517025,-0.648739099502563,100.3,59.3,41,"High"
"76",0.0355478748679161,0.0485020317137241,0.0251089446246624,0.00640089623630047,-0.694823205471039,-0.766828596591949,0.766828596591949,-0.890581250190735,-0.0503128468990326,-0.0682137534022331,-0.0363420806825161,-0.681963741779327,100,72.45,27.55,"High"
"77",0.0431936085224152,0.0547997280955315,0.0326614789664745,0.00784294120967388,-0.692653954029083,-0.749597489833832,0.749597489833832,-0.919104814529419,0.0119143277406693,-0.106692366302013,-0.12765097618103,-0.61441969871521,9.6,0,9.6,"Low"
"78",0.0435702428221703,0.061954140663147,0.0319860577583313,0.00695618102326989,-0.724651753902435,-0.798109173774719,0.798109173774719,-0.964115500450134,-0.112672634422779,-0.0794727727770805,0.0120144756510854,-0.703812420368195,68.5,23.25,45.25,"High"
"79",0.0365501046180725,0.044917106628418,0.0240932051092386,0.00684396782889962,-0.684566676616669,-0.735555410385132,0.735555410385132,-0.836335480213165,0.0608856305480003,-0.00377664784900844,-0.079620860517025,-0.648739099502563,99.5,58,41.5,"High"
"80",0.0351712480187416,0.0475134365260601,0.0227405726909637,0.00495875487104058,-0.752865433692932,-0.810994923114777,0.810994923114777,-0.962937712669373,-0.0385990217328072,0.00902592856436968,0.0234578009694815,-0.737038195133209,100,97,3,"High"
"81",0.0271327886730433,0.0304793324321508,0.0150946080684662,0.00415506027638912,-0.734397828578949,-0.760061621665955,0.760061621665955,-0.852446973323822,0.184083551168442,0.113097719848156,-0.0879636853933334,-1.58628380298615,97.19,97.19,0,"High"
"82",0.0252530723810196,0.0318393744528294,0.0143070314079523,0.00426630023866892,-0.710949122905731,-0.763677000999451,0.763677000999451,-0.810899019241333,0.0648769065737724,0.0888408496975899,-0.000826131028588861,-1.53639352321625,100,99.75,0,"High"
"83",0.0306405760347843,0.0360377468168736,0.0179088972508907,0.00415469612926245,-0.76119190454483,-0.793259859085083,0.793259859085083,-0.935083508491516,0.123732089996338,0.0830160304903984,-0.0591708831489086,-1.59791874885559,100.75,99.65,0.1,"High"
"84",0.0252530723810196,0.0318393744528294,0.0143070314079523,0.00426630023866892,-0.710949122905731,-0.763677000999451,0.763677000999451,-0.810899019241333,0.0648769065737724,0.0888408496975899,-0.000826131028588861,-1.53639352321625,99.75,99.75,0,"High"
"85",0.0306405760347843,0.0360377468168736,0.0179088972508907,0.00415469612926245,-0.76119190454483,-0.793259859085083,0.793259859085083,-0.935083508491516,0.123732089996338,0.0830160304903984,-0.0591708831489086,-1.59791874885559,100,98.15,0,"High"
"86",0.0267535634338856,0.0339597724378109,0.0224542692303658,0.0164836142212152,-0.237525895237923,-0.346450924873352,0.346450924873352,-0.230006918311119,0.0525756478309631,-0.253295451402664,-0.302097111940384,-0.392502516508102,95.75,95.75,0,"High"
"87",0.0229948982596397,0.0328493192791939,0.0211052056401968,0.0170367304235697,-0.148836508393288,-0.31697416305542,0.31697416305542,-0.160000085830688,-0.0627130940556526,-0.349723219871521,-0.285064548254013,-0.38518100976944,37.75,36.25,1.5,"Medium"
"88",0.0383830368518829,0.0544096417725086,0.0379590727388859,0.0631007477641106,0.243563160300255,0.0739603191614151,-0.0739603191614151,0.37317019701004,-0.0984039828181267,-0.35811585187912,-0.256765425205231,-0.284061312675476,2.25,2.25,0,"Bare"
"89",0.0247493609786034,0.0327256955206394,0.0194180849939585,0.0133871044963598,-0.297936797142029,-0.419375777244568,0.419375777244568,-0.275763392448425,0.014909123070538,-0.202284723520279,-0.221229270100594,-0.461429506540298,39.5,39.5,0,"Medium"
"90",0.0278798341751099,0.0351931117475033,0.0225661676377058,0.0161514542996883,-0.26636466383934,-0.37086021900177,0.37086021900177,-0.248519137501717,0.055068027228117,-0.216469436883926,-0.270457118749619,-0.411761820316315,24.5,24.5,0,"Medium"
"91",0.0263431165367365,0.0330431498587132,0.0192568525671959,0.00503246299922466,-0.679211497306824,-0.735659539699554,0.735659539699554,-0.878434956073761,0.0668320059776306,-0.132480606436729,-0.204809799790382,-1.05043530464172,98,81.75,16.25,"High"
"92",0.0238396245986223,0.0329200327396393,0.0191445890814066,0.00481137959286571,-0.664138853549957,-0.744966924190521,0.744966924190521,-0.897472143173218,-0.0289717651903629,-0.227151587605476,-0.203798279166222,-1.0787250995636,100,80.75,19.25,"High"
"93",0.0255925077944994,0.0346465557813644,0.0184703171253204,0.00580673199146986,-0.630135476589203,-0.712916672229767,0.712916672229767,-0.782441794872284,-0.0135369887575507,-0.124392822384834,-0.123586721718311,-1.05713045597076,93.25,93.25,0,"High"
"94",0.0245899949222803,0.0316858254373074,0.0188067592680454,0.00580607960000634,-0.617971777915955,-0.690275549888611,0.690275549888611,-0.792310833930969,0.0435190163552761,-0.18036675453186,-0.227563366293907,-1.05521273612976,98.75,72.5,26.25,"High"
"95",0.0247156210243702,0.0335363559424877,0.0189195871353149,0.00591703876852989,-0.613677740097046,-0.700049221515656,0.700049221515656,-0.785284698009491,-0.0130303129553795,-0.180577218532562,-0.17565630376339,-1.03208839893341,97.5,77,20.5,"High"
"96",0.0443273708224297,0.0678483173251152,0.0365596190094948,0.00559435039758682,-0.775875091552734,-0.847653925418854,0.847653925418854,-1.10186314582825,-0.194145455956459,-0.180804744362831,-0.00555078824982047,-1.10981452465057,12.75,11.75,1,"Low"
"97",0.0427065677940845,0.0628187283873558,0.0335290767252445,0.00692062778398395,-0.721095323562622,-0.801528751850128,0.801528751850128,-0.986723482608795,-0.147745743393898,-0.141289785504341,-0.0123564219102263,-1.11303234100342,74.5,35,39.5,"High"
"98",0.0455738045275211,0.0658868849277496,0.0362236313521862,0.00559496367350221,-0.781313359737396,-0.843457758426666,0.843457758426666,-1.09862613677979,-0.134555116295815,-0.144883453845978,-0.0273941718041897,-1.10979795455933,88.25,19.75,68.5,"High"
"99",0.0438281074166298,0.062327928841114,0.03274330124259,0.00636768434196711,-0.746286153793335,-0.814611613750458,0.814611613750458,-1.01156806945801,-0.113304518163204,-0.0943291932344437,-0.000956853793468326,-1.11011254787445,36,16.75,19.25,"Medium"
"100",0.0450757928192616,0.0688297003507614,0.0351014137268066,0.00559482257813215,-0.779168963432312,-0.849651098251343,0.849651098251343,-1.08756709098816,-0.192998990416527,-0.127952918410301,0.0418382920324802,-1.10992133617401,37.25,12.75,24.5,"Medium"
"101",0.0206262972205877,0.0261183436959982,0.0166531875729561,0.0104217883199453,-0.328667908906937,-0.429570287466049,0.429570287466049,-0.34523019194603,0.0776060968637466,-0.248251423239708,-0.322110831737518,-1.95503985881805,100,100,0,"High"
"102",0.0211326759308577,0.0257444493472576,0.0151801127940416,0.00942033156752586,-0.383345067501068,-0.464217811822891,0.464217811822891,-0.351199835538864,0.117519378662109,-0.141835778951645,-0.26137700676918,-1.95743405818939,100,100,0,"High"
"103",0.0231577455997467,0.0268657337874174,0.0174460913985968,0.0113117406144738,-0.343666434288025,-0.407412827014923,0.407412827014923,-0.319965928792953,0.162726923823357,-0.173752948641777,-0.331640809774399,-1.95817410945892,81.5,81,0.5,"High"
"104",0.0231577455997467,0.0268657337874174,0.0174460913985968,0.0113117406144738,-0.343666434288025,-0.407412827014923,0.407412827014923,-0.319965928792953,0.162726923823357,-0.173752948641777,-0.331640809774399,-1.95817410945892,100,100,0,"High"
"105",0.0239172615110874,0.0297307278960943,0.0192588083446026,0.0100880526006222,-0.40667787194252,-0.493301779031754,0.493301779031754,-0.468742936849594,0.084948755800724,-0.229177266359329,-0.310525357723236,-1.9618467092514,100,100,0,"High"
"106",0.0248311292380095,0.037591677159071,0.0259591843932867,0.0175570119172335,-0.171607360243797,-0.363284528255463,0.363284528255463,-0.289622247219086,-0.132343575358391,-0.456538677215576,-0.318187415599823,-0.70817756652832,100,100,0,"High"
"107",0.0259687695652246,0.0409472696483135,0.0303717870265245,0.0917013436555862,0.558617413043976,0.382620453834534,-0.382620453834534,0.753600180149078,-0.180407300591469,-0.551011562347412,-0.360073179006577,-0.714564025402069,66.6,63.6,3,"High"
"108",0.0253368075937033,0.0415684916079044,0.0286747682839632,0.01633370667696,-0.216054469347,-0.435817390680313,0.435817390680313,-0.411291271448135,-0.221396833658218,-0.524641096591949,-0.298360347747803,-0.709476113319397,100,100,0,"High"
"109",0.0211625657975674,0.0344829931855202,0.0221109073609114,0.0366744622588158,0.268200099468231,0.0307974629104137,-0.0307974629104137,0.371611714363098,-0.198463499546051,-0.474058836698532,-0.274303317070007,-0.707379698753357,77.2,75.8,0,"High"
"110",0.0306435655802488,0.04504619166255,0.0301455371081829,0.0118849538266659,-0.44108310341835,-0.58247971534729,0.58247971534729,-0.651690602302551,-0.118492387235165,-0.378850251436234,-0.258602470159531,-0.812272191047668,97.2,96.3,0.9,"High"
"111",0.0270108729600906,0.0407712422311306,0.0237568542361259,0.00835384987294674,-0.527560293674469,-0.65989476442337,0.65989476442337,-0.719526648521423,-0.136383578181267,-0.293749243021011,-0.165054634213448,-1.11879312992096,99.25,95,4.25,"High"
"112",0.0236043967306614,0.0323333628475666,0.0195749308913946,0.00813123770058155,-0.487564206123352,-0.598106145858765,0.598106145858765,-0.619556605815887,-0.0193586926907301,-0.25678825378418,-0.239818215370178,-1.11413335800171,99.25,91.75,7.5,"High"
"113",0.0223447624593973,0.0308448914438486,0.0185589715838432,0.00857659336179495,-0.44526407122612,-0.564877212047577,0.564877212047577,-0.551805973052979,-0.02301568351686,-0.264348417520523,-0.24369940161705,-1.10602986812592,100,83.75,16.25,"High"
"114",0.029656270518899,0.0467187538743019,0.025789687409997,0.00868651643395424,-0.546902179718018,-0.68643718957901,0.68643718957901,-0.744129359722137,-0.190836027264595,-0.273151785135269,-0.0955088064074516,-1.12934565544128,99,72.75,26.25,"High"
"115",0.0261294916272163,0.0371753573417664,0.0211584828794003,0.00768778892233968,-0.545333683490753,-0.657278180122375,0.657278180122375,-0.700473248958588,-0.0692821145057678,-0.224167585372925,-0.163395270705223,-1.12637102603912,99.75,29.25,70.5,"High"
"116",0.023249315097928,0.032322596758604,0.0195836629718542,0.00440260721370578,-0.681569516658783,-0.76024055480957,0.76024055480957,-0.949359118938446,-0.0341543294489384,-0.272341221570969,-0.240513145923615,-1.94027328491211,93.7,65.75,27.95,"High"
"117",0.0272975172847509,0.0410301312804222,0.0266049206256866,0.00596132222563028,-0.641519546508789,-0.746280550956726,0.746280550956726,-0.950843393802643,-0.132701724767685,-0.383638441562653,-0.250601261854172,-1.936079621315,5.75,2.75,3,"Low"
"118",0.0262863393872976,0.0364296622574329,0.0228687431663275,0.00507090054452419,-0.676572263240814,-0.755622565746307,0.755622565746307,-0.955515563488007,-0.0412908867001534,-0.287139624357224,-0.2467320561409,-1.94646894931793,84,74.75,9.25,"High"
"119",0.0259046219289303,0.0341886095702648,0.0211687944829464,0.00562649918720126,-0.643114566802979,-0.71736866235733,0.71736866235733,-0.87005740404129,0.0130355749279261,-0.233243033289909,-0.247544214129448,-1.92790389060974,31.5,22,9.5,"Medium"
"120",0.0241341535001993,0.031574971973896,0.018223637714982,0.00484734121710062,-0.665487170219421,-0.733825743198395,0.733825743198395,-0.869683265686035,0.0286136046051979,-0.171136617660522,-0.205509975552559,-1.93925821781158,51.75,51.75,0,"High"
"121",0.0312188882380724,0.0469581559300423,0.0292745810002089,0.00632320111617446,-0.663140714168549,-0.762648642063141,0.762648642063141,-0.96711277961731,-0.145037397742271,-0.334241390228271,-0.193244531750679,-0.999883592128754,98,68.25,29.75,"High"
"122",0.0339859016239643,0.0536355078220367,0.032320611178875,0.00743357790634036,-0.64105886220932,-0.756551861763,0.756551861763,-0.939034342765808,-0.20451058447361,-0.337132036685944,-0.140611812472343,-1.00113558769226,13.5,6.75,6.75,"Low"
"123",0.0331049896776676,0.0533876940608025,0.0310793519020081,0.00676706805825233,-0.66056090593338,-0.775011420249939,0.775011420249939,-0.96358984708786,-0.225742787122726,-0.328652441501617,-0.113465324044228,-0.999800622463226,59,35,24,"High"
"124",0.0303394868969917,0.0493089146912098,0.0305161122232676,0.00765577517449856,-0.597014248371124,-0.731209814548492,0.731209814548492,-0.898318290710449,-0.226662188768387,-0.399661779403687,-0.178100243210793,-0.999903976917267,99.5,89.75,9.75,"High"
"125",0.0315950736403465,0.0475759692490101,0.0294995903968811,0.00820964761078358,-0.587503850460052,-0.705671548843384,0.705671548843384,-0.846872448921204,-0.147255167365074,-0.329056024551392,-0.186386734247208,-0.999556243419647,58.5,21.75,36.75,"High"
"126",0.0227604154497385,0.0264073498547077,0.0145934373140335,0.00559963751584291,-0.605103850364685,-0.650099039077759,0.650099039077759,-0.66808545589447,0.164110660552979,-0.032667763531208,-0.203971028327942,-1.19893431663513,70.4,44,26.4,"High"
"127",0.0197398792952299,0.0252907518297434,0.0141409728676081,0.00692831678315997,-0.480406045913696,-0.569924473762512,0.569924473762512,-0.513495445251465,0.0686501562595367,-0.147109106183052,-0.221617668867111,-1.20035254955292,87.5,20,67.5,"High"
"128",0.0207486432045698,0.0239299014210701,0.0141425272449851,0.00648621749132872,-0.523682713508606,-0.573501288890839,0.573501288890839,-0.556721448898315,0.178559750318527,-0.09736667573452,-0.277016878128052,-1.19894206523895,95,50,45,"High"
"129",0.0218792222440243,0.0262825321406126,0.0140288360416889,0.00637465668842196,-0.548758804798126,-0.609601616859436,0.609601616859436,-0.56271094083786,0.129770785570145,-0.0371496751904488,-0.176691547036171,-1.20035254955292,92,88,4,"High"
"130",0.0202468689531088,0.025417398661375,0.0150450645014644,0.00593255646526814,-0.546777188777924,-0.621526956558228,0.621526956558228,-0.651587784290314,0.0885844081640244,-0.176728501915932,-0.266910880804062,-1.1902482509613,98.3,9.3,89,"High"
"131",0.0351097732782364,0.0507026724517345,0.0233240909874439,0.00410628970712423,-0.790581226348877,-0.85015994310379,0.85015994310379,-1.05090415477753,-0.110905088484287,-0.0151999071240425,0.0678649321198463,-1.1473149061203,67.15,31.5,35.65,"High"
"132",0.0349821113049984,0.0500839725136757,0.0228718109428883,0.00432696100324392,-0.779849231243134,-0.840952515602112,0.840952515602112,-1.02274012565613,-0.101213693618774,-0.00147118628956378,0.0714768096804619,-1.13757061958313,80.3,42,38.3,"High"
"133",0.0343571342527866,0.0474923886358738,0.0202801879495382,0.00399554567411542,-0.791641891002655,-0.84479683637619,0.84479683637619,-1.00622963905334,-0.0615370497107506,0.0871886909008026,0.115930624306202,-1.14402616024017,75,54,21,"High"
"134",0.0348589941859245,0.0511964149773121,0.0225349329411983,0.00466065015643835,-0.764135003089905,-0.833122253417969,0.833122253417969,-0.985874235630035,-0.128598272800446,0.00816687382757664,0.105485953390598,-1.14745461940765,86.1,59.5,26.6,"High"
"135",0.0352362729609013,0.0524312667548656,0.0236629974097013,0.00399602763354778,-0.796288907527924,-0.858365416526794,0.858365416526794,-1.06657612323761,-0.143717989325523,-0.024400943890214,0.0896836519241333,-1.15256631374359,62.6,52.5,10.1,"High"
"136",0.0411670356988907,0.0591072961688042,0.0278798323124647,0.00434399722144008,-0.809101343154907,-0.863076150417328,0.863076150417328,-1.09557902812958,-0.118321150541306,-0.0143206482753158,0.0764646306633949,-1.24394452571869,63.75,47.75,16,"High"
"137",0.0414176285266876,0.0613188035786152,0.0299024526029825,0.00522935716435313,-0.775790154933929,-0.842839896678925,0.842839896678925,-1.05345106124878,-0.152145504951477,-0.0703838020563126,0.056365430355072,-1.23090243339539,28.5,21.5,7,"Medium"
"138",0.0365479774773121,0.0505011081695557,0.024732917547226,0.00500697502866387,-0.759019076824188,-0.819594740867615,0.819594740867615,-0.99492335319519,-0.0664326548576355,-0.027082284912467,0.016291530802846,-1.25212287902832,60.5,58.5,2,"High"
"139",0.0386714152991772,0.0589844211935997,0.0275428388267756,0.00500773591920733,-0.770703613758087,-0.843489050865173,0.843489050865173,-1.03846561908722,-0.178598195314407,-0.0660693719983101,0.0842516496777534,-1.24678730964661,52.75,31.25,21.5,"High"
"140",0.0367965213954449,0.052468441426754,0.0264179222285748,0.00401104986667633,-0.80341637134552,-0.857964396476746,0.857964396476746,-1.10454952716827,-0.101160474121571,-0.0787734836339951,0.00102749606594443,-1.26645886898041,59.75,30.5,29.25,"High"
"141",0.0249613337218761,0.033532977104187,0.0179050769656897,0.00724174408242106,-0.550245225429535,-0.644792437553406,0.644792437553406,-0.636064469814301,-0.00302838371135294,-0.121791876852512,-0.131035342812538,-0.848147034645081,100,100,0,"High"
"142",0.0248367190361023,0.0294623337686062,0.0180179886519909,0.00657872995361686,-0.581178665161133,-0.634931445121765,0.634931445121765,-0.697608828544617,0.132520362734795,-0.132373481988907,-0.265553086996078,-0.817830562591553,88.5,88.5,0,"High"
"143",0.0232075601816177,0.0302018076181412,0.0182419698685408,0.00746261980384588,-0.513363182544708,-0.603731155395508,0.603731155395508,-0.629032611846924,0.0377529300749302,-0.211178481578827,-0.25078883767128,-0.831113576889038,100,100,0,"High"
"144",0.0247114896774292,0.0324233435094357,0.0185798890888691,0.00569397211074829,-0.625463843345642,-0.701239585876465,0.701239585876465,-0.796283483505249,0.0234584286808968,-0.164671361446381,-0.194705948233604,-0.874303877353668,97.25,97.25,0,"High"
"145",0.0258374437689781,0.0311891119927168,0.0183545146137476,0.00602524215355515,-0.621799468994141,-0.676187217235565,0.676187217235565,-0.758576452732086,0.110164180397987,-0.109288208186626,-0.223612457513809,-0.884225070476532,100,100,0,"High"
"146",0.0272130779922009,0.0340264178812504,0.0261094104498625,0.0223860833793879,-0.0973200872540474,-0.206343173980713,0.206343173980713,-0.115165144205093,0.067476361989975,-0.37005814909935,-0.42251518368721,-0.303294599056244,51,27.25,23.75,"High"
"147",0.0300904363393784,0.0382179580628872,0.0289175026118755,0.0178556386381388,-0.255178302526474,-0.363135606050491,0.363135606050491,-0.354750514030457,0.0418210439383984,-0.360169917345047,-0.389237374067307,-0.305072605609894,14.25,14.25,0,"Low"
"148",0.027087951079011,0.0378478094935417,0.0266708992421627,0.0163080003112555,-0.248409137129784,-0.397737741470337,0.397737741470337,-0.361673951148987,-0.0527274087071419,-0.393542498350143,-0.333344697952271,-0.304566860198975,39.25,19.75,19.5,"Medium"
"149",0.026962649077177,0.0369850769639015,0.0247613545507193,0.116329610347748,0.623669147491455,0.517527282238007,-0.517527282238007,0.973502337932587,-0.0323210023343563,-0.332275003194809,-0.296121686697006,-0.278847903013229,6.5,6.5,0,"Low"
"150",0.0252098068594933,0.0342724435031414,0.0257719121873379,0.0176339689642191,-0.176824703812599,-0.320547580718994,0.320547580718994,-0.281227201223373,-0.0168126057833433,-0.434980630874634,-0.404753357172012,-0.307709991931915,0,0,0,"Bare"
"151",0.049206156283617,0.0606308914721012,0.0240334123373032,0.00372876157052815,-0.85911899805069,-0.884127378463745,0.884127378463745,-1.09706735610962,0.0324195213615894,0.2957623898983,0.222381234169006,-1.46347761154175,96.25,96.25,0,"High"
"152",0.0490804947912693,0.0595154203474522,0.0260719787329435,0.003394465893507,-0.87062531709671,-0.892084836959839,0.892084836959839,-1.15440702438354,0.0500295013189316,0.220978647470474,0.137747198343277,-1.38571238517761,100,99,1,"High"
"153",0.0451782681047916,0.0586467534303665,0.0217666830867529,0.0037280002143234,-0.847545087337494,-0.880464434623718,0.880464434623718,-1.06132030487061,-0.0168475247919559,0.298243045806885,0.269494712352753,-1.76731359958649,99.25,99.25,0,"High"
"154",0.0493306070566177,0.0602581836283207,0.0242588948458433,0.00317107327282429,-0.879201054573059,-0.900012254714966,0.900012254714966,-1.15318155288696,0.041642252355814,0.290004074573517,0.208637550473213,-1.7428365945816,100,100,0,"High"
"155",0.0530711710453033,0.0618086531758308,0.0286251734942198,0.00456024194136262,-0.841744601726532,-0.862578928470612,0.862578928470612,-1.08774888515472,0.0871402099728584,0.216270253062248,0.0997452214360237,-1.72705137729645,100,96.75,3.25,"High"
"156",0.0543269589543343,0.0703459605574608,0.0350731909275055,0.00378151144832373,-0.86984646320343,-0.897972762584686,0.897972762584686,-1.20802676677704,-0.0299889035522938,0.05943588539958,0.0642810091376305,-1.58832192420959,98.75,97.5,1.25,"High"
"157",0.0523172728717327,0.0682430267333984,0.0204742960631847,0.0036694563459605,-0.868916928768158,-0.89794659614563,0.89794659614563,-1.04404890537262,-0.0347210504114628,0.499254941940308,0.470706731081009,-2.94529247283936,100,100,0,"High"
"158",0.0542013868689537,0.0702222883701324,0.0334900580346584,0.00411554193124175,-0.858856022357941,-0.889274656772614,0.889274656772614,-1.17168116569519,-0.0303919687867165,0.0980969741940498,0.100000940263271,-1.42222416400909,98.75,96.25,2.5,"High"
"159",0.0482973456382751,0.0624272488057613,0.0246636383235455,0.00333573273383081,-0.870790839195251,-0.898552894592285,0.898552894592285,-1.14259207248688,-0.0179325044155121,0.254156887531281,0.230574250221252,-2.3028302192688,99.75,99,0.75,"High"
"160",0.0471900850534439,0.0614905431866646,0.0266650598496199,0.00327735091559589,-0.870120167732239,-0.898797035217285,0.898797035217285,-1.17163455486298,-0.0247058290988207,0.161746546626091,0.152143269777298,-1.28179442882538,89.5,86.25,3.25,"High"
"161",0.0540813729166985,0.0664304122328758,0.0299404617398977,0.00294432998634875,-0.896736741065979,-0.915118098258972,0.915118098258972,-1.23139584064484,0.0276790745556355,0.195272490382195,0.135403081774712,-1.24233424663544,97,95.5,1.5,"High"
"162",0.0481924042105675,0.0572883039712906,0.0256480071693659,0.00383250741288066,-0.852666437625885,-0.874592363834381,0.874592363834381,-1.10999584197998,0.0731901898980141,0.217263087630272,0.112912140786648,-1.30648899078369,85,77.25,7.75,"High"
"163",0.0488204583525658,0.0612438730895519,0.0271173398941755,0.00394444493576884,-0.850489854812622,-0.878983080387115,0.878983080387115,-1.11903882026672,0.0136252976953983,0.180791288614273,0.134475708007812,-1.30116546154022,86,83.75,2.25,"High"
"164",0.0438020303845406,0.0556808598339558,0.0237275864928961,0.00338822533376515,-0.85640150308609,-0.88527923822403,0.88527923822403,-1.12513840198517,0.00857807230204344,0.19078503549099,0.147605136036873,-1.37015008926392,84.25,71.25,13,"High"
"165",0.0473273098468781,0.060467354953289,0.0302242189645767,0.00490470696240664,-0.812195360660553,-0.849944829940796,0.849944829940796,-1.08113944530487,-0.00357840466313064,0.0535020940005779,0.0336975455284119,-1.29068064689636,100,97.5,2.5,"High"
"166",0.0470752120018005,0.0613336376845837,0.0305630881339312,0.00512680597603321,-0.80357825756073,-0.845718562602997,0.845718562602997,-1.06905400753021,-0.0243682321161032,0.0382701456546783,0.0388751327991486,-1.26482260227203,100,100,0,"High"
"167",0.0508452206850052,0.065913200378418,0.0322603397071362,0.00434847408905625,-0.84242856502533,-0.87622058391571,0.87622058391571,-1.14365351200104,-0.0255357585847378,0.0673641860485077,0.0670302137732506,-1.25303673744202,100,100,0,"High"
"168",0.0459422133862972,0.0605898201465607,0.0288653206080198,0.00445846421644092,-0.823079168796539,-0.862918317317963,0.862918317317963,-1.09862327575684,-0.0354789048433304,0.0646093487739563,0.0730495974421501,-1.28330683708191,100,100,0,"High"
"169",0.0425738207995892,0.0533371977508068,0.0256332010030746,0.0032917563803494,-0.856460690498352,-0.883742988109589,0.883742988109589,-1.15859007835388,0.0268404427915812,0.0938134714961052,0.0419182069599628,-1.43837189674377,100,100,0,"High"
"170",0.0447139106690884,0.0535848662257195,0.0258593074977398,0.00440490245819092,-0.820642948150635,-0.848080039024353,0.848080039024353,-1.06335532665253,0.0708542093634605,0.135067671537399,0.0394246317446232,-1.44951665401459,100,100,0,"High"
"171",0.0429524183273315,0.053089551627636,0.0245011691004038,0.00440565729513764,-0.813942730426788,-0.846746981143951,0.846746981143951,-1.04277336597443,0.0407481901347637,0.142736464738846,0.0739155411720276,-1.45064604282379,100,99.5,0.5,"High"
"172",0.043958492577076,0.052468080073595,0.024386839941144,0.00384802790358663,-0.839016616344452,-0.863341808319092,0.863341808319092,-1.0911408662796,0.0766895264387131,0.170038625597954,0.0659356936812401,-1.44876861572266,99.5,98,1.5,"High"
"173",0.0439599715173244,0.0509797409176826,0.0232549980282784,0.00373736442998052,-0.843288362026215,-0.863393187522888,0.863393187522888,-1.08461976051331,0.107976190745831,0.212231889367104,0.075721949338913,-1.44943463802338,100,100,0,"High"
"174",0.0538117252290249,0.0679327920079231,0.0351773165166378,0.00486781867220998,-0.834088027477264,-0.866269826889038,0.866269826889038,-1.13532507419586,-0.0016077597392723,0.0472768619656563,0.0269690435379744,-1.18227601051331,77.5,76.5,1,"High"
"175",0.0583029016852379,0.0767905861139297,0.0392311178147793,0.00553279975429177,-0.826655030250549,-0.865583777427673,0.865583777427673,-1.12920141220093,-0.0545575320720673,0.0306790508329868,0.0610285177826881,-1.15267610549927,71.5,68,3.5,"High"
"176",0.0549340918660164,0.0663312524557114,0.0346133969724178,0.00597646599635482,-0.803762555122375,-0.834693551063538,0.834693551063538,-1.0582789182663,0.0449457429349422,0.0822562277317047,0.0162248872220516,-1.24184465408325,73,68.5,4.5,"High"
"177",0.056059442460537,0.070395439863205,0.0381062962114811,0.00398099329322577,-0.867389619350433,-0.892950117588043,0.892950117588043,-1.21623313426971,0.000639480538666248,0.0172470714896917,-0.00231941975653172,-1.14250588417053,47.5,39.5,8,"Medium"
"178",0.0571818947792053,0.0713797360658646,0.0359663851559162,0.00531211029738188,-0.829996168613434,-0.861468732357025,0.861468732357025,-1.11393141746521,0.00538376299664378,0.0883433148264885,0.0584635958075523,-1.24598300457001,64.25,60.5,3.75,"High"
"179",0.0819358974695206,0.102495729923248,0.057647205889225,0.0081704156473279,-0.818649411201477,-0.852341175079346,0.852341175079346,-1.12758839130402,-0.0278584472835064,0.0295329969376326,0.037464153021574,-0.956436097621918,91.75,90.75,1,"High"
"180",0.0892320051789284,0.112878791987896,0.0605660825967789,0.00805930327624083,-0.834326326847076,-0.866720199584961,0.866720199584961,-1.14768266677856,-0.0473529957234859,0.071017287671566,0.0938775241374969,-0.88014817237854,65,65,0,"High"
"181",0.0694142356514931,0.0908696800470352,0.0510204620659351,0.00850318651646376,-0.781738519668579,-0.828863024711609,0.828863024711609,-1.07143819332123,-0.0629484802484512,-0.0279802456498146,0.0161594580858946,-0.966500461101532,100,100,0,"High"
"182",0.0926892831921577,0.118977643549442,0.0618006996810436,0.00828088633716106,-0.835973620414734,-0.869857251644135,0.869857251644135,-1.1455180644989,-0.0664891675114632,0.0911283791065216,0.130123779177666,-0.971208333969116,69,61,8,"High"
"183",0.0728898048400879,0.09160465747118,0.0504588335752487,0.00916833337396383,-0.776540517807007,-0.818039894104004,0.818039894104004,-1.03871703147888,-0.0228406209498644,0.0306961610913277,0.0331970565021038,-1.09582626819611,100,100,0,"High"
"184",0.0450501702725887,0.0562565140426159,0.0311436373740435,0.0156162986531854,-0.485175281763077,-0.565446317195892,0.565446317195892,-0.498097509145737,0.025504183024168,-0.0223927721381187,-0.0628004521131516,-0.535285294055939,41.25,38.75,2.5,"Medium"
"185",0.0405500531196594,0.0552707202732563,0.0333938784897327,0.0287912152707577,-0.169579207897186,-0.314999938011169,0.314999938011169,-0.111023306846619,-0.0605356357991695,-0.18952102959156,-0.137087777256966,-0.328801721334457,95.1,95,0.1,"High"
"186",0.0454255864024162,0.0616745166480541,0.0344071462750435,0.0178314689546824,-0.436221987009048,-0.551443338394165,0.551443338394165,-0.475960463285446,-0.0660586282610893,-0.102500431239605,-0.0517158173024654,-0.490813434123993,64.75,64.25,0.5,"High"
"187",0.0379218868911266,0.0479966104030609,0.0285541564226151,0.0153942061588168,-0.422530591487885,-0.514307975769043,0.514307975769043,-0.449161797761917,0.0257119536399841,-0.117631524801254,-0.151152104139328,-0.541173577308655,83.25,76.75,6.5,"High"
"188",0.0443008989095688,0.061551246792078,0.034744568169117,0.0132907181978226,-0.538449585437775,-0.644832491874695,0.644832491874695,-0.669940292835236,-0.0889562964439392,-0.136228457093239,-0.0616354309022427,-0.639224290847778,91.75,87.75,4,"High"
"189",0.039949145168066,0.0530285649001598,0.0272959694266319,0.0111479144543409,-0.563657283782959,-0.652585685253143,0.652585685253143,-0.630063354969025,-0.0304891653358936,-0.0255755074322224,-0.014885094948113,-0.522587656974792,56.25,54.75,1.5,"High"
"190",0.0341974198818207,0.0430472828447819,0.0242585446685553,0.023430373519659,-0.186837732791901,-0.29509025812149,0.29509025812149,-0.0260491706430912,0.0405303686857224,-0.0763776376843452,-0.127690017223358,-0.242972135543823,93.5,90.75,2.75,"High"
"191",0.0411983132362366,0.0548750571906567,0.0297700669616461,0.0126973669975996,-0.528816878795624,-0.624184966087341,0.624184966087341,-0.603027939796448,-0.0368727818131447,-0.0717568174004555,-0.0510617345571518,-0.502939641475677,84,83,1,"High"
"192",0.0491837970912457,0.0636076331138611,0.034379880875349,0.0126977972686291,-0.589609861373901,-0.667184948921204,0.667184948921204,-0.690839648246765,-0.0200884193181992,-0.0223084390163422,-0.0202098861336708,-0.634036660194397,94,94,0,"High"
"193",0.0516761615872383,0.0710999816656113,0.0337055549025536,0.00970936100929976,-0.683659553527832,-0.759697079658508,0.759697079658508,-0.829076588153839,-0.0915921032428741,0.044696968048811,0.107217594981194,-0.672767698764801,26,24.5,1.5,"Medium"
"194",0.0406127944588661,0.0506087206304073,0.0135212009772658,0.0126038640737534,-0.526318848133087,-0.601222932338715,0.601222932338715,-0.0526699312031269,0.0367128476500511,0.614092171192169,0.508434593677521,-2.39732241630554,100,0,100,"High"
"195",0.0428540669381618,0.0539661571383476,0.0175344776362181,0.0101812500506639,-0.616057753562927,-0.682567059993744,0.682567059993744,-0.397963255643845,0.0206694919615984,0.437235236167908,0.361764073371887,-2.41484475135803,70.5,30.25,40.25,"High"
"196",0.0420621372759342,0.055128887295723,0.0162350386381149,0.0113337589427829,-0.57548201084137,-0.658943474292755,0.658943474292755,-0.266675382852554,-0.0211341846734285,0.486889332532883,0.445560127496719,-2.42873096466064,44.25,23.75,20.5,"Medium"
"197",0.0408793166279793,0.0482823960483074,0.014467217028141,0.0141031481325626,-0.486994683742523,-0.547871291637421,0.547871291637421,-0.0191143285483122,0.0943602472543716,0.56063985824585,0.406502455472946,-2.39172554016113,100,0,100,"High"
"198",0.0423311106860638,0.0542279928922653,0.0155299603939056,0.0121432971209288,-0.554165065288544,-0.634079813957214,0.634079813957214,-0.183570548892021,0.00313460361212492,0.532652854919434,0.465112417936325,-2.38296723365784,33.4,5.75,27.65,"Medium"
"199",0.0364249274134636,0.0419561080634594,0.0189426206052303,0.0076327221468091,-0.653512060642242,-0.692159593105316,0.692159593105316,-0.63836795091629,0.131518065929413,0.206161305308342,0.0473503321409225,-1.84492480754852,51.95,25,24.95,"High"
"200",0.0369598306715488,0.0418293140828609,0.0185902323573828,0.00751893781125546,-0.66190892457962,-0.695270359516144,0.695270359516144,-0.636057794094086,0.149383455514908,0.237398266792297,0.0595611892640591,-1.83267056941986,69.5,64.5,1,"High"
"201",0.0368358045816422,0.0435228943824768,0.0190682876855135,0.00694475183263421,-0.682747185230255,-0.724784016609192,0.724784016609192,-0.699084162712097,0.102916933596134,0.211512386798859,0.0786479711532593,-1.81227898597717,75.35,75.35,0,"High"
"202",0.03682941198349,0.0435184799134731,0.0188281182199717,0.00717327138409019,-0.673962116241455,-0.716984689235687,0.716984689235687,-0.672359049320221,0.102853544056416,0.222583413124084,0.088831827044487,-1.80943536758423,89.6,89.1,0.5,"High"
"203",0.0365607813000679,0.0437756255269051,0.0185895711183548,0.00763399992138147,-0.654529333114624,-0.703012824058533,0.703012824058533,-0.626663565635681,0.0891344100236893,0.226574286818504,0.10506983101368,-1.84618318080902,72,66,0,"High"
"204",0.0200204085558653,0.0294232871383429,0.00679722102358937,0.00406746426597238,-0.662281155586243,-0.757099270820618,0.757099270820618,-0.376875638961792,-0.0816103145480156,0.516881048679352,0.524166882038116,-3.03865432739258,66,26.25,39.75,"High"
"205",0.0205657109618187,0.0262607093900442,0.00679982826113701,0.0041858796030283,-0.661768853664398,-0.725034594535828,0.725034594535828,-0.356911271810532,0.0687606632709503,0.543413817882538,0.410143107175827,-3.06493592262268,79.5,24,55.5,"High"
"206",0.0211059097200632,0.0290303323417902,0.00727855367586017,0.00371892820112407,-0.700386524200439,-0.772884726524353,0.772884726524353,-0.485514611005783,-0.0142071843147278,0.508985936641693,0.455203711986542,-3.05044937133789,71.25,17.25,54,"High"
"207",0.0189498253166676,0.0271891187876463,0.00740255601704121,0.00453823572024703,-0.613570868968964,-0.71392285823822,0.71392285823822,-0.359815388917923,-0.0508025363087654,0.386241108179092,0.375971376895905,-3.07464551925659,66.5,39,27.5,"High"
"208",0.0186748206615448,0.0294280853122473,0.00692075816914439,0.00383661617524922,-0.659140706062317,-0.769328057765961,0.769328057765961,-0.430050373077393,-0.151363462209702,0.431326448917389,0.509714543819427,-3.05037212371826,54.25,12,42.25,"High"
"209",0.0296237152069807,0.0371453389525414,0.00765135930851102,0.00534527935087681,-0.694284617900848,-0.748401880264282,0.748401880264282,-0.26615497469902,0.0571058169007301,0.803694844245911,0.661167979240417,-3.91741967201233,84,73,11,"High"
"210",0.0656236186623573,0.064548671245575,0.0130024515092373,0.0104733081534505,-0.724737703800201,-0.720793604850769,0.720793604850769,-0.161601379513741,0.252333164215088,1.12865006923676,0.783474862575531,-3.82328343391418,47.15,1,40.15,"Medium"
"211",0.0274016242474318,0.0308818742632866,0.0091331098228693,0.00388207635842264,-0.751814782619476,-0.776660799980164,0.776660799980164,-0.605181515216827,0.179693266749382,0.568679451942444,0.332854092121124,-4.02188968658447,57.75,35.25,22.5,"High"
"212",0.023771008476615,0.0299631543457508,0.00793942715972662,0.00411538267508149,-0.704846501350403,-0.758476555347443,0.758476555347443,-0.47583219408989,0.0703575760126114,0.550799965858459,0.416308760643005,-4.02753257751465,72.1,35.6,36.5,"High"
"213",0.0263202711939812,0.0335053354501724,0.00805471185594797,0.00399619480594993,-0.736368060112,-0.786878287792206,0.786878287792206,-0.505171597003937,0.0508786663413048,0.639883637428284,0.516347110271454,-4.03322887420654,47,19.5,27.5,"Medium"
"214",0.0252532940357924,0.0319354571402073,0.00853758864104748,0.0039995382539928,-0.726553797721863,-0.777401506900787,0.777401506900787,-0.542953372001648,0.0616131983697414,0.546850860118866,0.421115636825562,-4.00856447219849,88.5,2.75,85.75,"High"
"215",0.0226995162665844,0.0300985835492611,0.00782326702028513,0.00423402898013592,-0.685594379901886,-0.753352344036102,0.753352344036102,-0.446522772312164,0.019336735829711,0.517752170562744,0.432778298854828,-4.00225687026978,40,38.25,1.75,"Medium"
"216",0.0427596233785152,0.0717409774661064,0.0268685910850763,0.00453544547781348,-0.80820643901825,-0.881078720092773,0.881078720092773,-1.06673288345337,-0.290741771459579,0.0564113669097424,0.300151795148849,-1.6031619310379,8,3.5,4.5,"Low"
"217",0.0426276661455631,0.0702912136912346,0.0271122697740793,0.00500773172825575,-0.789747476577759,-0.866990625858307,0.866990625858307,-1.03227913379669,-0.271660447120667,0.045311201363802,0.272410422563553,-1.59979546070099,24.25,20.25,4,"Medium"
"218",0.0386966280639172,0.0713545903563499,0.0233827885240316,0.00383885647170246,-0.819498658180237,-0.897893846035004,0.897893846035004,-1.07693338394165,-0.384718418121338,0.0798432752490044,0.407508462667465,-1.62717533111572,9.75,3,6.75,"Low"
"219",0.0403186269104481,0.0731961503624916,0.0240995865315199,0.00524388300254941,-0.769815862178802,-0.866295754909515,0.866295754909515,-0.96387904882431,-0.371331244707108,0.0941179320216179,0.408488363027573,-1.61882591247559,3,0,3,"Bare"
"220",0.0401837900280952,0.0720092356204987,0.0249443724751472,0.00453923363238573,-0.797006845474243,-0.881402373313904,0.881402373313904,-1.03812634944916,-0.356925815343857,0.0602032318711281,0.364182621240616,-1.62804746627808,11,0,11,"Low"
"221",0.0218647457659245,0.0365447290241718,0.0111181931570172,0.00464369030669332,-0.649644315242767,-0.774514734745026,0.774514734745026,-0.616154432296753,-0.228889718651772,0.16847488284111,0.341628760099411,-2.15804839134216,98.75,58.5,40.25,"High"
"222",0.0251563545316458,0.0408101975917816,0.0114841610193253,0.0049988217651844,-0.668460130691528,-0.781753838062286,0.781753838062286,-0.590184986591339,-0.208549723029137,0.279979228973389,0.425744205713272,-2.16710209846497,44.1,2.85,41.25,"Medium"
"223",0.0370645560324192,0.0638899505138397,0.0237186960875988,0.00340033741667867,-0.831936419010162,-0.898935258388519,0.898935258388519,-1.12384307384491,-0.307801216840744,0.0240984708070755,0.285434871912003,-1.68785309791565,13.25,8.5,4.75,"Low"
"224",0.037476409226656,0.0675814673304558,0.0239623207598925,0.00328557263128459,-0.838792324066162,-0.907275021076202,0.907275021076202,-1.13825762271881,-0.357756227254868,0.0260833539068699,0.33331435918808,-1.69728863239288,25.75,20.75,5,"Medium"
"225",0.0377533547580242,0.0629738420248032,0.023364657536149,0.00352299748919904,-0.829297065734863,-0.894040167331696,0.894040167331696,-1.10692024230957,-0.273702532052994,0.0558532923460007,0.283195644617081,-1.6986358165741,73.75,67.5,6.25,"High"
"226",0.0378817096352577,0.0677122473716736,0.0234803427010775,0.003284813137725,-0.840413391590118,-0.907466232776642,0.907466232776642,-1.13181829452515,-0.3490991294384,0.0548657514154911,0.351735502481461,-1.70377993583679,19.5,7.25,12.25,"Low"
"227",0.0382786951959133,0.0682331696152687,0.0246766302734613,0.00468701589852571,-0.781825304031372,-0.871448040008545,0.871448040008545,-1.0211409330368,-0.346997261047363,0.021206583827734,0.319075852632523,-1.68760287761688,10,7.5,2.5,"Low"
"228",0.0923885554075241,0.109159633517265,0.0519150495529175,0.0411392338573933,-0.38381016254425,-0.452567607164383,0.452567607164383,-0.173702090978622,0.0237966980785131,0.242510825395584,0.185439839959145,-2.51316714286804,19.95,0.5,19.45,"Low"
"229",0.0560422502458096,0.0774464681744576,0.023672865703702,0.009733104147017,-0.704050123691559,-0.776711344718933,0.776711344718933,-0.625925302505493,-0.103340312838554,0.439259022474289,0.479429185390472,-2.52776098251343,25.8,9.25,16.55,"Medium"
"230",0.0470306985080242,0.0699769854545593,0.0177963189780712,0.0059926831163466,-0.773960709571838,-0.84223484992981,0.84223484992981,-0.74427056312561,-0.168497428297997,0.517085671424866,0.609545588493347,-2.52608609199524,20.55,19.25,1.3,"Medium"
"231",0.0512026511132717,0.079804852604866,0.025113383308053,0.0116049544885755,-0.630460202693939,-0.746089518070221,0.746089518070221,-0.551839888095856,-0.226233616471291,0.296540379524231,0.461493104696274,-2.52217245101929,21.5,18,3.5,"Medium"
"232",0.0518766269087791,0.0794127210974693,0.0224754884839058,0.0140603603795171,-0.573521316051483,-0.699156999588013,0.699156999588013,-0.345487862825394,-0.207806974649429,0.408067256212234,0.546618342399597,-2.51806855201721,23.75,15.75,8,"Medium"
"233",0.0421032309532166,0.0563472732901573,0.014221808873117,0.00383874564431608,-0.832887232303619,-0.872437298297882,0.872437298297882,-0.862354159355164,-0.0438988283276558,0.605317652225494,0.574851989746094,-2.78890752792358,86,75.5,10.5,"High"
"234",0.0434492863714695,0.0600232481956482,0.0151804396882653,0.00372148538008332,-0.84221225976944,-0.883237898349762,0.883237898349762,-0.90934818983078,-0.081065446138382,0.578919053077698,0.585118412971497,-2.82265710830688,80,62.25,17.75,"High"
"235",0.0413036048412323,0.0579284355044365,0.0125475851818919,0.0044259587302804,-0.806428968906403,-0.858038604259491,0.858038604259491,-0.717731058597565,-0.0931295603513718,0.697254657745361,0.704159140586853,-2.78722167015076,68.05,54.5,13.55,"High"
"236",0.044393677264452,0.065271183848381,0.015421699732542,0.00442354241386056,-0.818771243095398,-0.873059451580048,0.873059451580048,-0.831294238567352,-0.150594443082809,0.586433529853821,0.656142294406891,-2.79907846450806,26.75,25.25,0.75,"Medium"
"237",0.0427828095853329,0.0579271912574768,0.0133860101923347,0.00372434291057289,-0.839837849140167,-0.87918084859848,0.87918084859848,-0.847001850605011,-0.0579196400940418,0.675059974193573,0.651651620864868,-2.77710580825806,90.35,88.75,1.35,"High"
"238",0.0470260046422482,0.0693507865071297,0.0164021700620651,0.0030718594789505,-0.87736564874649,-0.915168523788452,0.915168523788452,-1.02677595615387,-0.158834785223007,0.589356243610382,0.666753053665161,-2.57959485054016,28.75,28.75,0,"Medium"
"239",0.0502546727657318,0.0718405097723007,0.0162824913859367,0.00365644437260926,-0.864352881908417,-0.903136610984802,0.903136610984802,-0.949853658676147,-0.130738243460655,0.662255704402924,0.707966506481171,-2.59017539024353,17.75,14.75,3,"Low"
"240",0.0448817797005177,0.0683078765869141,0.0156878065317869,0.00424438854679465,-0.827204585075378,-0.882997751235962,0.882997751235962,-0.861175954341888,-0.189047276973724,0.582191228866577,0.687734365463257,-2.57204818725586,49.25,43.25,6,"Medium"
"241",0.0450132749974728,0.0677816644310951,0.016045868396759,0.00365875707939267,-0.849656701087952,-0.897571802139282,0.897571802139282,-0.942959666252136,-0.177722901105881,0.565096318721771,0.661688506603241,-2.57130265235901,41.75,40.75,1,"Medium"
"242",0.0432636588811874,0.0676512643694878,0.0165263321250677,0.00319174723699689,-0.862588763237,-0.909892380237579,0.909892380237579,-1.01439273357391,-0.215275958180428,0.49927830696106,0.635822176933289,-2.56958270072937,26.5,23.75,2.75,"Medium"
"243",0.028478592634201,0.0456574857234955,0.013978105969727,0.00323397270403802,-0.796044707298279,-0.867708086967468,0.867708086967468,-0.936330854892731,-0.206401497125626,0.229679360985756,0.378511101007462,-2.08018159866333,94,36.75,57.25,"High"
"244",0.0234669707715511,0.0356190800666809,0.0130237862467766,0.00312232808209956,-0.765143990516663,-0.838811814785004,0.838811814785004,-0.919861376285553,-0.130308076739311,0.0988539457321167,0.187606453895569,-2.08059477806091,100,97.25,2.75,"High"
"245",0.0248323548585176,0.037608664482832,0.0118260318413377,0.00289145205169916,-0.791410148143768,-0.857212662696838,0.857212662696838,-0.910608768463135,-0.132784888148308,0.240992695093155,0.320243328809738,-2.07863664627075,30,9.75,20.25,"Medium"
"246",0.0238758232444525,0.0357523150742054,0.012423456646502,0.0024204112123698,-0.815911948680878,-0.873186349868774,0.873186349868774,-1.01082599163055,-0.117090500891209,0.157991006970406,0.229633137583733,-2.07598614692688,100,97.5,2.5,"High"
"247",0.0248220656067133,0.0370722040534019,0.0114586409181356,0.00241823098622262,-0.822451949119568,-0.877528250217438,0.877528250217438,-0.977209806442261,-0.117595992982388,0.26857528090477,0.331484884023666,-2.07924842834473,100,94.75,5.25,"High"
"248",0.0547588281333447,0.0682535320520401,0.0136054651811719,0.00204233848489821,-0.928088128566742,-0.941893100738525,0.941893100738525,-1.10844242572784,0.0107237929478288,0.907436192035675,0.802498638629913,-2.90930199623108,37.25,1.5,35.25,"Medium"
"249",0.0510067008435726,0.0653744786977768,0.0144453663378954,0.00402820389717817,-0.853612780570984,-0.883917927742004,0.883917927742004,-0.845843195915222,-0.0134518658742309,0.783313572406769,0.710793852806091,-2.89981913566589,88.75,86.25,2.5,"High"
"250",0.0578436963260174,0.0712653622031212,0.0148056661710143,0.00367848481982946,-0.880417585372925,-0.901833593845367,0.901833593845367,-0.902977466583252,0.0186325330287218,0.887245416641235,0.777081251144409,-2.89191389083862,30.25,22.75,7.5,"Medium"
"251",0.0499385073781013,0.0655086562037468,0.0148074217140675,0.00262872199527919,-0.899986267089844,-0.922840535640717,0.922840535640717,-1.04771161079407,-0.0368432626128197,0.740188181400299,0.692756950855255,-2.89305901527405,48,43.5,4.5,"Medium"
"252",0.0530191175639629,0.063933901488781,0.0145654724910855,0.00426191138103604,-0.851192891597748,-0.875009596347809,0.875009596347809,-0.820896923542023,0.0494433380663395,0.814663529396057,0.681792795658112,-2.90876817703247,43.5,4.5,39,"Medium"
"253",0.0264163687825203,0.0463333651423454,0.0180743020027876,0.00242901686578989,-0.831583678722382,-0.900373339653015,0.900373339653015,-1.1445916891098,-0.297529608011246,-0.0734811127185822,0.184664472937584,-1.77332615852356,16.5,11.35,5.15,"Low"
"254",0.024767929688096,0.0436715669929981,0.0164994522929192,0.00371783506125212,-0.738968908786774,-0.843094229698181,0.843094229698181,-0.948318421840668,-0.297707319259644,-0.0570409409701824,0.199474260210991,-1.75440585613251,64.25,62.5,1.75,"High"
"255",0.0268137324601412,0.0451301708817482,0.0171010047197342,0.00418645050376654,-0.729907989501953,-0.83022153377533,0.83022153377533,-0.91001158952713,-0.254023760557175,-0.00944461952894926,0.203270018100739,-1.75395464897156,77.75,74.25,3.5,"High"
"256",0.0268137324601412,0.0451301708817482,0.0171010047197342,0.00418645050376654,-0.729907989501953,-0.83022153377533,0.83022153377533,-0.91001158952713,-0.254023760557175,-0.00944461952894926,0.203270018100739,-1.75395464897156,72,65.75,6.25,"High"
"257",0.0277784783393145,0.0434096083045006,0.0173479877412319,0.00278010778129101,-0.818047344684601,-0.879622220993042,0.879622220993042,-1.08563768863678,-0.176461234688759,0.0131819425150752,0.152764216065407,-1.77398860454559,85.75,76.5,9.25,"High"
"258",0.0313828028738499,0.0537915527820587,0.0241269059479237,0.004441122058779,-0.752058327198029,-0.847469747066498,0.847469747066498,-1.03362667560577,-0.287351429462433,-0.157440662384033,0.0995426252484322,-1.1792665719986,91.25,79.75,11.5,"High"
"259",0.0343922190368176,0.0575069412589073,0.0267854332923889,0.00432896288111806,-0.776403367519379,-0.85998547077179,0.85998547077179,-1.08260834217072,-0.268317848443985,-0.158602654933929,0.0815106704831123,-1.19515252113342,55.75,44.5,11.25,"High"
"260",0.0324921309947968,0.0568497255444527,0.0254641771316528,0.00386252463795245,-0.78750866651535,-0.872759640216827,0.872759640216827,-1.10487973690033,-0.312666863203049,-0.170559048652649,0.111063987016678,-1.19343626499176,97.75,81.75,16,"High"
"261",0.0293436739593744,0.0516754351556301,0.0240104179829359,0.00362170883454382,-0.780272006988525,-0.86900919675827,0.86900919675827,-1.10679364204407,-0.31094691157341,-0.22033017873764,0.0633359849452972,-1.18323802947998,85.5,73.25,12.25,"High"
"262",0.0302994418889284,0.0556509867310524,0.023890333250165,0.00350456172600389,-0.792654037475586,-0.881513655185699,0.881513655185699,-1.11621737480164,-0.359389990568161,-0.183829873800278,0.141521796584129,-1.18097841739655,52.75,30.25,22.5,"High"
"263",0.0536615177989006,0.0600522607564926,0.0184327028691769,0.00575084472075105,-0.806409180164337,-0.825210511684418,0.825210511684418,-0.786600351333618,0.129511430859566,0.617812097072601,0.428084343671799,-3.1692521572113,13.75,0,13.75,"Low"
"264",0.0540587827563286,0.0613427832722664,0.0190241280943155,0.00632843188941479,-0.790404915809631,-0.812965333461761,0.812965333461761,-0.751148760318756,0.113795280456543,0.597170948982239,0.423719763755798,-3.35195994377136,18.75,0,18.75,"Low"
"265",0.0541990324854851,0.063409686088562,0.019147602841258,0.00575617933645844,-0.807983994483948,-0.833554327487946,0.833554327487946,-0.806589722633362,0.0803954675793648,0.594022750854492,0.451609253883362,-3.17708253860474,69.5,0.75,68.75,"High"
"266",0.113131709396839,0.137773647904396,0.0334012545645237,0.00404460355639458,-0.930965483188629,-0.942960739135742,0.942960739135742,-1.17596387863159,-0.026487922295928,0.836298644542694,0.77610182762146,-2.28376841545105,18.5,1,17.5,"Low"
"267",0.118788003921509,0.149481311440468,0.0353140160441399,0.00334543897770345,-0.945216655731201,-0.95621919631958,0.95621919631958,-1.24039161205292,-0.066277988255024,0.835685193538666,0.812474370002747,-2.27800822257996,11.25,1.25,10,"Low"
"268",0.106543645262718,0.134422063827515,0.0328034088015556,0.00404436141252518,-0.926857113838196,-0.941583514213562,0.941583514213562,-1.17072403430939,-0.0597390905022621,0.792323172092438,0.766129851341248,-2.28872323036194,31.25,0,31.25,"Medium"
"269",0.106940738856792,0.133391365408897,0.0319681465625763,0.00427863374352455,-0.923059582710266,-0.937842190265656,0.937842190265656,-1.14587473869324,-0.0476594194769859,0.81892454624176,0.779361963272095,-2.29166483879089,16.25,0,16.25,"Low"
"270",0.112078465521336,0.138674914836884,0.0330431908369064,0.00427845772355795,-0.926459789276123,-0.940141916275024,0.940141916275024,-1.15608775615692,-0.0429228693246841,0.836506605148315,0.791367888450623,-2.28849291801453,13.5,2.25,11.25,"Low"
"271",0.0803094953298569,0.104668401181698,0.0234392359852791,0.00356703530997038,-0.914945542812347,-0.934087455272675,0.934087455272675,-1.10375475883484,-0.0706890001893044,0.807839691638947,0.788687527179718,-2.60905075073242,4.6,2.5,2.1,"Bare"
"272",0.0884239673614502,0.112462520599365,0.0241571366786957,0.00391704030334949,-0.915161430835724,-0.932685077190399,0.932685077190399,-1.08142602443695,-0.0524371936917305,0.877331495285034,0.836030125617981,-2.61421775817871,9.65,3,6.65,"Low"
"273",0.0868331715464592,0.109218589961529,0.0243987701833248,0.00356758083216846,-0.921071887016296,-0.936737239360809,0.936737239360809,-1.1172993183136,-0.038804117590189,0.850347638130188,0.798685133457184,-2.60081267356873,3.45,0.3,3.15,"Bare"
"274",0.088823139667511,0.111554116010666,0.0243971198797226,0.00298192468471825,-0.935037910938263,-0.94793039560318,0.94793039560318,-1.17326200008392,-0.0391249395906925,0.873066127300262,0.819898545742035,-2.61330413818359,18.1,14.65,3.45,"Low"
"275",0.0885558575391769,0.111942745745182,0.0241568349301815,0.00251381145790219,-0.94479364156723,-0.956073939800262,0.956073939800262,-1.2172384262085,-0.0459156185388565,0.878832995891571,0.831407785415649,-2.61804437637329,4.3,1.5,2.8,"Bare"
"276",0.0495901294052601,0.0703753456473351,0.0257045533508062,0.00328636728227139,-0.8756964802742,-0.910771369934082,0.910771369934082,-1.15992450714111,-0.121671251952648,0.243899777531624,0.316871613264084,-2.00247192382812,62.05,3.25,58.8,"High"
"277",0.0454086996614933,0.0687985196709633,0.0254637766629457,0.00433922512456775,-0.825551509857178,-0.88134104013443,0.88134104013443,-1.06320929527283,-0.185148537158966,0.164160668849945,0.301847577095032,-1.94785928726196,71.55,2.25,69.3,"High"
"278",0.0418959744274616,0.0617009997367859,0.0217419061809778,0.00433709006756544,-0.812381446361542,-0.868648827075958,0.868648827075958,-1.00108242034912,-0.147410660982132,0.223827004432678,0.321186810731888,-1.98736369609833,89.7,3.25,86.45,"High"
"279",0.0483765937387943,0.0722116455435753,0.0252245012670755,0.00410546408966184,-0.843547880649567,-0.892410397529602,0.892410397529602,-1.08007478713989,-0.174421906471252,0.23584857583046,0.357927680015564,-1.98693954944611,53.8,2,51.8,"High"
"280",0.04824548214674,0.0710330680012703,0.0245068967342377,0.00399000896140933,-0.847229957580566,-0.893632471561432,0.893632471561432,-1.07995343208313,-0.159263908863068,0.258738338947296,0.36489126086235,-1.97724413871765,54.25,1.75,52.5,"High"
"281",0.0658264458179474,0.0951111614704132,0.0318311266601086,0.00280348444357514,-0.918301403522491,-0.942736148834229,0.942736148834229,-1.25716626644135,-0.165564492344856,0.337481915950775,0.444606333971024,-1.95890951156616,21.7,9.25,12.45,"Medium"
"282",0.0596684329211712,0.0853267014026642,0.0284816138446331,0.00374151510186493,-0.881989657878876,-0.915985405445099,0.915985405445099,-1.15166187286377,-0.145882219076157,0.337899804115295,0.426269054412842,-1.98959791660309,22,3.75,18.25,"Medium"
"283",0.0612720213830471,0.0851929783821106,0.029676578938961,0.00467513687908649,-0.858215689659119,-0.895955622196198,0.895955622196198,-1.09171152114868,-0.117658630013466,0.327959448099136,0.391350597143173,-1.98270511627197,84.5,0,84.5,"High"
"284",0.0620772317051888,0.0898944512009621,0.0306347794830799,0.00280420552007854,-0.913559079170227,-0.939498484134674,0.939498484134674,-1.24841892719269,-0.162942454218864,0.312824368476868,0.419281750917435,-1.97846496105194,15.35,3,12.35,"Low"
"285",0.0604720041155815,0.0876770839095116,0.0305170398205519,0.00350748165510595,-0.890356063842773,-0.923068523406982,0.923068523406982,-1.19073939323425,-0.162016302347183,0.29004168510437,0.397430777549744,-1.98992002010345,23.2,1,22.2,"Medium"
"286",0.0372588373720646,0.0582121089100838,0.0264939181506634,0.00428458908572793,-0.793729603290558,-0.862885892391205,0.862885892391205,-1.08237850666046,-0.201495572924614,-0.0688359662890434,0.102578088641167,-1.61482763290405,71.8,6,65.8,"High"
"287",0.0361839309334755,0.0562429614365101,0.0252981651574373,0.00323380250483751,-0.835921466350555,-0.891258299350739,0.891258299350739,-1.15998113155365,-0.193395793437958,-0.0571393445134163,0.10564099997282,-1.64361095428467,60.25,8.5,51.75,"High"
"288",0.0353627726435661,0.0554471760988235,0.0242140404880047,0.00486723054200411,-0.758029818534851,-0.838604688644409,0.838604688644409,-0.997900485992432,-0.200874865055084,-0.041239183396101,0.126931697130203,-1.6410551071167,50.45,5.75,44.7,"High"
"289",0.0372651591897011,0.059793546795845,0.0262574814260006,0.00417006341740489,-0.798718929290771,-0.869611382484436,0.869611382484436,-1.08885312080383,-0.230436891317368,-0.0607138462364674,0.13665646314621,-1.6184333562851,53.4,8.25,45.15,"High"
"290",0.106232948601246,0.134535849094391,0.0407541766762733,0.00470000598579645,-0.915264010429382,-0.932488560676575,0.932488560676575,-1.18979716300964,-0.0635784268379211,0.596872389316559,0.59087061882019,-1.73885011672974,16.75,0,16.75,"Low"
"291",0.106894202530384,0.139692559838295,0.0418293885886669,0.00458398042246699,-0.917760014533997,-0.936455607414246,0.936455607414246,-1.20370733737946,-0.0982232391834259,0.5799760222435,0.607353150844574,-1.72880685329437,15.85,1.25,14.6,"Low"
"292",0.0973783284425735,0.12304075807333,0.0374101810157299,0.00329797202721238,-0.934483647346497,-0.947791576385498,0.947791576385498,-1.25695490837097,-0.053608100861311,0.585793852806091,0.571028113365173,-1.7362117767334,13.8,0.75,13.05,"Low"
"293",0.119400218129158,0.153068587183952,0.047197412699461,0.00458373920992017,-0.926059126853943,-0.941850006580353,0.941850006580353,-1.23443579673767,-0.0868928581476212,0.583505392074585,0.600821018218994,-1.72735011577606,48.1,0,48.1,"Medium"
"294",0.104912869632244,0.134148612618446,0.0415899828076363,0.00353236217051744,-0.934854447841644,-0.948687732219696,0.948687732219696,-1.26514768600464,-0.0729520320892334,0.566358625888824,0.571514964103699,-1.73146843910217,63.15,1.75,61.4,"High"
"295",0.066357210278511,0.0790647566318512,0.0198460631072521,0.0051130373030901,-0.856918454170227,-0.878518164157867,0.878518164157867,-0.885430097579956,0.0431463606655598,0.764627873897552,0.643187165260315,-2.90813803672791,43,35.5,7.5,"Medium"
"296",0.0728950425982475,0.0879381448030472,0.0218806192278862,0.00464488193392754,-0.880193769931793,-0.899660170078278,0.899660170078278,-0.974669814109802,0.0215948577970266,0.772015988826752,0.670359790325165,-2.89117097854614,44.5,35.75,8.75,"Medium"
"297",0.0714269801974297,0.0885895937681198,0.0215213317424059,0.00429450953379273,-0.886570930480957,-0.907529711723328,0.907529711723328,-1.00094485282898,-0.00676597701385617,0.766358971595764,0.691175401210785,-2.92359709739685,32.75,24.25,8.5,"Medium"
"298",0.0656884014606476,0.0790643766522408,0.0200852695852518,0.00487917196005583,-0.861716330051422,-0.883751094341278,0.883751094341278,-0.913665413856506,0.0330215282738209,0.743869066238403,0.633460342884064,-2.89708518981934,27.25,18.75,7.75,"Medium"
"299",0.065155141055584,0.0782812088727951,0.0209240633994341,0.00429526902735233,-0.876306891441345,-0.895968675613403,0.895968675613403,-0.989050447940826,0.03568185120821,0.699422597885132,0.590306580066681,-2.8796923160553,61,51.25,9.25,"High"
"300",0.0604282096028328,0.0854914486408234,0.021732997149229,0.00324176345020533,-0.898169815540314,-0.926932334899902,0.926932334899902,-1.11059522628784,-0.135324209928513,0.590456902980804,0.647635638713837,-2.61726927757263,18.95,14.25,4.7,"Low"
"301",0.0614965669810772,0.0847076997160912,0.0193374902009964,0.00359174609184265,-0.889634668827057,-0.918646216392517,0.918646216392517,-1.03006553649902,-0.107796497642994,0.711586654186249,0.733191609382629,-2.61600303649902,20.55,19,1.55,"Medium"
"302",0.0614965669810772,0.0847076997160912,0.0193374902009964,0.00359174609184265,-0.889634668827057,-0.918646216392517,0.918646216392517,-1.03006553649902,-0.107796497642994,0.711586654186249,0.733191609382629,-2.61600303649902,10.3,4.5,5.8,"Low"
"303",0.0581488162279129,0.0831412523984909,0.019936203956604,0.0038254982791841,-0.876545667648315,-0.912023901939392,0.912023901939392,-1.01701712608337,-0.143500581383705,0.628560721874237,0.689783692359924,-2.60388040542603,17.4,12.25,5.15,"Low"
"304",0.0593547262251377,0.0874457880854607,0.0207740981131792,0.00405868561938405,-0.871992826461792,-0.911289870738983,0.911289870738983,-1.00967812538147,-0.177796229720116,0.612564206123352,0.70685476064682,-2.61697125434875,16.8,12.75,3.8,"Low"
"305",0.065357506275177,0.0862087085843086,0.0444723516702652,0.00442522298544645,-0.873171389102936,-0.902349531650543,0.902349531650543,-1.22850048542023,-0.0659817680716515,0.0336555577814579,0.0749640986323357,-1.06574034690857,83.95,3,78.95,"High"
"306",0.0609448440372944,0.0860781073570251,0.0428020507097244,0.00500925304368138,-0.848098814487457,-0.890012145042419,0.890012145042419,-1.1856861114502,-0.134238243103027,-0.00228663091547787,0.104511611163616,-1.03740167617798,53,10,41.25,"High"
"307",0.0634840652346611,0.0837292447686195,0.0413693971931934,0.00430821627378464,-0.872899532318115,-0.902127683162689,0.902127683162689,-1.21704626083374,-0.063370943069458,0.0687350630760193,0.104470267891884,-1.02958917617798,67,16.5,48.4,"High"
"308",0.0628189891576767,0.0845139250159264,0.041967336088419,0.00477612484246492,-0.858684301376343,-0.89301997423172,0.89301997423172,-1.19346785545349,-0.0840331763029099,0.0454730316996574,0.102153815329075,-1.0278924703598,74.7,53.75,18.95,"High"
"309",0.063885323703289,0.084772951900959,0.0432787202298641,0.0044249496422708,-0.870445549488068,-0.900783538818359,0.900783538818359,-1.22172272205353,-0.0705244839191437,0.0350087508559227,0.0802461951971054,-1.04936933517456,53.05,20.75,31.5,"High"
"310",0.110784150660038,0.138092562556267,0.0337689928710461,0.00333353504538536,-0.941577255725861,-0.95285826921463,0.95285826921463,-1.23046028614044,-0.0499679744243622,0.805615961551666,0.769528925418854,-2.11864972114563,26.4,1.15,25.25,"Medium"
"311",0.106836728751659,0.136162146925926,0.0349630229175091,0.00415108352899551,-0.92519748210907,-0.940831184387207,0.940831184387207,-1.18161737918854,-0.070960707962513,0.738507986068726,0.727254927158356,-2.13605761528015,24.85,9.75,15.1,"Medium"
"312",0.109862454235554,0.139892354607582,0.0354401730000973,0.00461783166974783,-0.919325292110443,-0.936089873313904,0.936089873313904,-1.15416407585144,-0.0723858699202538,0.75441038608551,0.743282556533813,-2.15802574157715,5.4,2.5,2.9,"Low"
"313",0.113806381821632,0.142591923475266,0.0367528572678566,0.00438525062054396,-0.925794243812561,-0.94032746553421,0.94032746553421,-1.18020522594452,-0.0578748844563961,0.757414877414703,0.732883810997009,-2.16222548484802,21,4,17,"Medium"
"314",0.109338499605656,0.136420279741287,0.0343665331602097,0.00403425376862288,-0.928832054138184,-0.942554295063019,0.942554295063019,-1.1848304271698,-0.0498708710074425,0.77692037820816,0.743112146854401,-2.11589312553406,15.75,4.5,11.25,"Low"
"315",0.0899295434355736,0.108252100646496,0.0204792562872171,0.00346522405743599,-0.925794064998627,-0.93796443939209,0.93796443939209,-1.065842628479,0.00588709395378828,1.04074001312256,0.931897699832916,-3.0321581363678,11.55,10.65,0.9,"Low"
"316",0.0939020812511444,0.111880846321583,0.0202401038259268,0.00299843889661133,-0.938113033771515,-0.947798430919647,0.947798430919647,-1.11291396617889,0.0133041255176067,1.09438669681549,0.97440105676651,-3.03206896781921,10.1,9.8,0.3,"Low"
"317",0.0939020812511444,0.111880846321583,0.0202401038259268,0.00299843889661133,-0.938113033771515,-0.947798430919647,0.947798430919647,-1.11291396617889,0.0133041255176067,1.09438669681549,0.97440105676651,-3.03206896781921,1.95,1.45,0.5,"Bare"
"318",0.0936390683054924,0.114601373672485,0.0201215445995331,0.00416657933965325,-0.91479879617691,-0.929836630821228,0.929836630821228,-0.985355973243713,-0.0155935697257519,1.09679365158081,1.00319349765778,-3.01779723167419,2.7,1.7,1,"Bare"
"319",0.0875397920608521,0.107082940638065,0.0199989061802626,0.00346420682035387,-0.923866927623749,-0.937326192855835,0.937326192855835,-1.05706560611725,-0.00925240200012922,1.03486287593842,0.94029825925827,-3.08636689186096,41.25,30.75,10.5,"Medium"
"320",0.0929296463727951,0.116555608808994,0.0209149494767189,0.00255886418744922,-0.946404755115509,-0.957035183906555,0.957035183906555,-1.17297208309174,-0.041562307626009,1.05488061904907,0.988721013069153,-2.75446057319641,3.1,2,1.1,"Bare"
"321",0.0961088538169861,0.114743664860725,0.020436255261302,0.00209159031510353,-0.957401633262634,-0.964195907115936,0.964195907115936,-1.22146594524384,0.00909255165606737,1.10905957221985,0.99184113740921,-2.71400332450867,3.45,2.5,0.95,"Bare"
"322",0.0953165888786316,0.115910194814205,0.0210361145436764,0.0023261324968189,-0.952354192733765,-0.960652828216553,0.960652828216553,-1.20129597187042,-0.0101705379784107,1.07511723041534,0.978480875492096,-2.71919775009155,4.85,2.85,1,"Bare"
"323",0.0929296314716339,0.115390256047249,0.0205554310232401,0.00302566471509635,-0.93693596124649,-0.948897659778595,0.948897659778595,-1.11507332324982,-0.030649172142148,1.07026243209839,0.99274218082428,-2.74627590179443,7.45,3.6,2.85,"Low"
"324",0.0888189747929573,0.110076189041138,0.0187581405043602,0.00337506574578583,-0.926783442497253,-0.940501928329468,0.940501928329468,-1.04253363609314,-0.0246870554983616,1.10619020462036,1.01984035968781,-2.76121163368225,5.2,0.9,4.3,"Low"
"325",0.0624373778700829,0.0838857144117355,0.01801772788167,0.00343442894518375,-0.895723879337311,-0.921337068080902,0.921337068080902,-1.01970863342285,-0.082023449242115,0.789480268955231,0.780801355838776,-2.30953240394592,10.1,5.55,4.55,"Low"
"326",0.062309343367815,0.0836271643638611,0.0194664020091295,0.00320320692844689,-0.902210891246796,-0.92621922492981,0.92621922492981,-1.0761011838913,-0.0807235911488533,0.718822360038757,0.714962005615234,-2.32096385955811,16.6,5.15,10.95,"Low"
"327",0.063523456454277,0.0825794413685799,0.0194691009819508,0.00484696915373206,-0.858214437961578,-0.889118909835815,0.889118909835815,-0.902004241943359,-0.0477331653237343,0.737997174263,0.702241837978363,-2.32530522346497,9,3.1,5.9,"Low"
"328",0.0631166100502014,0.0828399360179901,0.0193464420735836,0.00261721247807145,-0.920369386672974,-0.938747942447662,0.938747942447662,-1.14251685142517,-0.0575789622962475,0.737178683280945,0.710519790649414,-2.31882500648499,14.15,0.8,12.6,"Low"
"329",0.0617676116526127,0.0841499119997025,0.0193443018943071,0.00355382682755589,-0.891189575195312,-0.918958365917206,0.918958365917206,-1.03439509868622,-0.0962235555052757,0.715672016143799,0.726299166679382,-2.31474661827087,28.65,23.5,4.9,"Medium"
"330",0.0820868313312531,0.108943268656731,0.0213246904313564,0.002838866552338,-0.933144688606262,-0.949207127094269,0.949207127094269,-1.14754366874695,-0.092274010181427,0.913603901863098,0.90543657541275,-2.90607285499573,0,0,0,"Bare"
"331",0.0840810462832451,0.110111065208912,0.0206050351262093,0.00353964255191386,-0.91920530796051,-0.937710165977478,0.937710165977478,-1.06019592285156,-0.0798502415418625,0.96806275844574,0.943955957889557,-2.8951358795166,0.5,0.5,0,"Bare"
"332",0.0827523469924927,0.108164377510548,0.0207252558320761,0.00353981251828372,-0.917957484722137,-0.93662166595459,0.93662166595459,-1.06235694885254,-0.0764065906405449,0.946973025798798,0.921397864818573,-2.90042924880981,4.5,4.25,0,"Bare"
"333",0.0843475684523582,0.110241167247295,0.0216837786138058,0.00365676684305072,-0.916895747184753,-0.935788691043854,0.935788691043854,-1.0670850276947,-0.0779678970575333,0.925958156585693,0.903729438781738,-2.90266084671021,15.65,15.65,0,"Low"
"334",0.0840788036584854,0.113872438669205,0.0232403371483088,0.00377329881303012,-0.914098858833313,-0.935853183269501,0.935853183269501,-1.08095622062683,-0.116356730461121,0.861266374588013,0.879884243011475,-2.89179515838623,0.7,0.7,0,"Bare"
"335",0.102011024951935,0.127494558691978,0.0293587744235992,0.00455881934612989,-0.914444506168365,-0.930954873561859,0.930954873561859,-1.09677398204803,-0.0457488223910332,0.847268521785736,0.803241908550262,-2.62237048149109,6.55,1,1.3,"Low"
"336",0.0972519442439079,0.119736365973949,0.0263694226741791,0.00304120150394738,-0.939353764057159,-0.950459957122803,0.950459957122803,-1.18978536128998,-0.0253408458083868,0.894758343696594,0.827599048614502,-2.6214063167572,2.3,1.2,0.7,"Bare"
"337",0.0975130200386047,0.123615652322769,0.0268462132662535,0.00479218503460288,-0.906315922737122,-0.925359904766083,0.925359904766083,-1.04559791088104,-0.0572885274887085,0.881542146205902,0.844942986965179,-2.64606404304504,25.2,12.2,1,"Medium"
"338",0.0975130200386047,0.123615652322769,0.0268462132662535,0.00479218503460288,-0.906315922737122,-0.925359904766083,0.925359904766083,-1.04559791088104,-0.0572885274887085,0.881542146205902,0.844942986965179,-2.64606404304504,13.62,3.92,1.2,"Low"
"339",0.074219323694706,0.105408161878586,0.0279721263796091,0.00294008408673108,-0.923791944980621,-0.94572901725769,0.94572901725769,-1.21466767787933,-0.157201185822487,0.572134137153625,0.652268528938293,-2.45374131202698,19.9,18,1.9,"Low"
"340",0.0686120092868805,0.0989070311188698,0.0260562002658844,0.00293933250941336,-0.917839884757996,-0.942279100418091,0.942279100418091,-1.19588422775269,-0.166620224714279,0.556521594524384,0.64618331193924,-2.42024374008179,32.5,31.75,0.75,"Medium"
"341",0.0728881806135178,0.103590540587902,0.0264172647148371,0.00387544534169137,-0.899029135704041,-0.927875876426697,0.927875876426697,-1.11620020866394,-0.156408354640007,0.604771792888641,0.681281864643097,-2.43696451187134,6.55,3.1,3.45,"Low"
"342",0.0718169510364532,0.104628033936024,0.0261762421578169,0.00352385453879833,-0.906455636024475,-0.934835076332092,0.934835076332092,-1.14405620098114,-0.182037383317947,0.59809684753418,0.698684692382812,-2.43308472633362,16.95,14.9,2.05,"Low"
"343",0.0738164484500885,0.107354864478111,0.0289280526340008,0.00165366404689848,-0.956176996231079,-0.969659924507141,0.969659924507141,-1.33777916431427,-0.182518675923347,0.536880671977997,0.643300950527191,-2.43387413024902,3.7,3.4,0.3,"Bare"
"344",0.0484248846769333,0.0665518864989281,0.0206994563341141,0.00284699117764831,-0.888945281505585,-0.917952835559845,0.917952835559845,-1.13727128505707,-0.0847810581326485,0.412239491939545,0.436738401651382,-2.06203317642212,0,0,0,"Bare"
"345",0.0480196997523308,0.0685155838727951,0.0238120183348656,0.00319719640538096,-0.875150740146637,-0.910833299160004,0.910833299160004,-1.14487719535828,-0.124765269458294,0.279565066099167,0.352147579193115,-2.05932831764221,20.85,20.5,0.35,"Medium"
"346",0.0490964576601982,0.0694333016872406,0.0203401781618595,0.00308070937171578,-0.881913483142853,-0.915031313896179,0.915031313896179,-1.10538947582245,-0.117040082812309,0.441545575857162,0.493330985307693,-2.06278133392334,40.5,39.25,1.25,"Medium"
"347",0.0474874377250671,0.067601814866066,0.0218983441591263,0.00284784380346537,-0.886845052242279,-0.91915237903595,0.91915237903595,-1.15475368499756,-0.121329613029957,0.342742204666138,0.406703859567642,-2.07037258148193,56.25,55.25,1,"High"
"348",0.0457376763224602,0.0672076642513275,0.0221372209489346,0.00354852667078376,-0.856003224849701,-0.899697065353394,0.899697065353394,-1.08554530143738,-0.152521699666977,0.295574575662613,0.392052620649338,-2.07712006568909,41.25,39.5,1.75,"Medium"
"349",0.0588526763021946,0.0813185125589371,0.0212938468903303,0.00269049382768571,-0.912565648555756,-0.935947477817535,0.935947477817535,-1.16346871852875,-0.107393905520439,0.582147657871246,0.614157497882843,-1.99233853816986,28.05,4.05,24,"Medium"
"350",0.0588526763021946,0.0813185125589371,0.0212938468903303,0.00269049382768571,-0.912565648555756,-0.935947477817535,0.935947477817535,-1.16346871852875,-0.107393905520439,0.582147657871246,0.614157497882843,-1.99233853816986,25.65,0.5,25.15,"Medium"
"351",0.0588526763021946,0.0813185125589371,0.0212938468903303,0.00269049382768571,-0.912565648555756,-0.935947477817535,0.935947477817535,-1.16346871852875,-0.107393905520439,0.582147657871246,0.614157497882843,-1.99233853816986,30.8,0,30.8,"Medium"
"352",0.0553455725312233,0.0802691057324409,0.0229828041046858,0.0032793590798974,-0.888124108314514,-0.92149806022644,0.92149806022644,-1.12538969516754,-0.154727920889854,0.452993959188461,0.53923225402832,-1.99211609363556,29.95,0.9,29.05,"Medium"
"353",0.0560223571956158,0.0788229256868362,0.0235858950763941,0.00292779412120581,-0.900668799877167,-0.928372621536255,0.928372621536255,-1.16872274875641,-0.122828274965286,0.442169159650803,0.500032722949982,-1.99314141273499,27.8,0,27.8,"Medium"
"354",0.0969798415899277,0.121226713061333,0.0380493998527527,0.00284052896313369,-0.943087160587311,-0.954209864139557,0.954209864139557,-1.29159688949585,-0.0415772572159767,0.566663146018982,0.542427003383636,-1.81301116943359,100,100,0,"High"
"355",0.0918246880173683,0.113086201250553,0.0343520976603031,0.00377152371220291,-0.921094715595245,-0.935451030731201,0.935451030731201,-1.20321357250214,-0.0207053199410439,0.602725744247437,0.55586302280426,-1.98168659210205,100,100,0,"High"
"356",0.0885301679372787,0.110893808305264,0.0366231873631477,0.00470875902101398,-0.898995876312256,-0.91853541135788,0.91853541135788,-1.15822374820709,-0.0359811224043369,0.509395122528076,0.484337985515594,-2.01913905143738,100,100,0,"High"
"357",0.0992205291986465,0.125482618808746,0.0374525636434555,0.00482166931033134,-0.907313227653503,-0.925993680953979,0.925993680953979,-1.15782916545868,-0.0562095306813717,0.603530645370483,0.589760959148407,-1.87674343585968,98,98,0,"High"
"358",0.0931471288204193,0.115801118314266,0.0353063642978668,0.00435481173917651,-0.910672307014465,-0.927514016628265,0.927514016628265,-1.17059886455536,-0.0321716256439686,0.592717289924622,0.557353079319,-1.9164799451828,100,100,0,"High"
"359",0.102913700044155,0.131925985217094,0.039360523223877,0.00389019632712007,-0.927152514457703,-0.942713797092438,0.942713797092438,-1.23016428947449,-0.0740465447306633,0.595996558666229,0.599515318870544,-1.75141191482544,99,99,0,"High"
"360",0.0905040949583054,0.115542940795422,0.035545039921999,0.00377210136502981,-0.91997766494751,-0.936770737171173,0.936770737171173,-1.21217882633209,-0.0585327483713627,0.557955145835876,0.549654006958008,-1.88528752326965,98,98,0,"High"
"361",0.0905040949583054,0.115542940795422,0.035545039921999,0.00377210136502981,-0.91997766494751,-0.936770737171173,0.936770737171173,-1.21217882633209,-0.0585327483713627,0.557955145835876,0.549654006958008,-1.88528752326965,100,100,0,"High"
"362",0.0910309553146362,0.116058759391308,0.0357824191451073,0.00388792739249766,-0.91807895898819,-0.935172379016876,0.935172379016876,-1.20598232746124,-0.057565912604332,0.557854890823364,0.548707365989685,-1.96356201171875,100,100,0,"High"
"363",0.0957865491509438,0.120191365480423,0.0368549004197121,0.00435405736789107,-0.913041114807129,-0.930080831050873,0.930080831050873,-1.18302595615387,-0.0446427464485168,0.582578837871552,0.5597323179245,-1.9937207698822,100,100,0,"High"
"364",0.0963126346468925,0.122900448739529,0.0372114256024361,0.00342063466086984,-0.93140435218811,-0.945842206478119,0.945842206478119,-1.24744319915771,-0.0633730888366699,0.57951545715332,0.574209749698639,-2.07210183143616,100,100,0,"High"
"365",0.0911602079868317,0.117736682295799,0.0349464081227779,0.00377020123414695,-0.920569181442261,-0.937942564487457,0.937942564487457,-1.20786166191101,-0.0717362836003304,0.580246388912201,0.58224481344223,-2.10020041465759,98,98,0,"High"
"366",0.0996185094118118,0.121485069394112,0.0381688103079796,0.00319049530662596,-0.937933564186096,-0.948819220066071,0.948819220066071,-1.26857721805573,-0.0170445255935192,0.590728282928467,0.542013347148895,-1.78078317642212,100,100,0,"High"
"367",0.0879867747426033,0.113731309771538,0.0331583991646767,0.00412032334133983,-0.910531878471375,-0.930076122283936,0.930076122283936,-1.16841757297516,-0.0695778653025627,0.591406226158142,0.5902498960495,-2.08306193351746,99,96,3,"High"
"368",0.0899707153439522,0.115152932703495,0.0318462438881397,0.00377038097940385,-0.919557571411133,-0.936591386795044,0.936591386795044,-1.18241953849792,-0.060771506279707,0.649523258209229,0.635435819625854,-2.11498093605042,100,96,4,"High"
"369",0.0953925028443336,0.119417771697044,0.0337564386427402,0.00388847757130861,-0.921667218208313,-0.936929762363434,0.936929762363434,-1.19011926651001,-0.0417522080242634,0.656362116336823,0.624534487724304,-1.97889471054077,100,100,0,"High"
"370",0.0948663055896759,0.118902318179607,0.0345920920372009,0.00435555214062333,-0.912205815315247,-0.929326176643372,0.929326176643372,-1.16450715065002,-0.0425856299698353,0.629136919975281,0.60036563873291,-1.91845881938934,100,100,0,"High"
"371",0.0918246880173683,0.113086201250553,0.0343520976603031,0.00377152371220291,-0.921094715595245,-0.935451030731201,0.935451030731201,-1.20321357250214,-0.0207053199410439,0.602725744247437,0.55586302280426,-1.98168659210205,100,95,5,"High"
"372",0.0871438607573509,0.109695762395859,0.0291962921619415,0.00305280438624322,-0.932307839393616,-0.945847570896149,0.945847570896149,-1.21601021289825,-0.0399671010673046,0.694671273231506,0.657382249832153,-2.47763800621033,100,100,0,"High"
"373",0.0896588861942291,0.114223435521126,0.0284804757684469,0.00281977956183255,-0.939017713069916,-0.951816439628601,0.951816439628601,-1.22973585128784,-0.0554413832724094,0.745144426822662,0.717970550060272,-2.48872184753418,100,51,49,"High"
"374",0.0871438607573509,0.109695762395859,0.0291962921619415,0.00305280438624322,-0.932307839393616,-0.945847570896149,0.945847570896149,-1.21601021289825,-0.0399671010673046,0.694671273231506,0.657382249832153,-2.47763800621033,100,58,42,"High"
"375",0.0846268758177757,0.105681598186493,0.0270475223660469,0.00375223672017455,-0.915087699890137,-0.931424558162689,0.931424558162689,-1.13451957702637,-0.0287874825298786,0.733180701732635,0.682134568691254,-2.46525287628174,100,51,49,"High"
"376",0.088068000972271,0.112282104790211,0.0289562661200762,0.00351827428676188,-0.923170268535614,-0.939235508441925,0.939235508441925,-1.17498159408569,-0.05472731590271,0.712543547153473,0.687384605407715,-2.42708921432495,100,42,58,"High"
"377",0.0939451903104782,0.116837598383427,0.0375737622380257,0.00330765009857714,-0.931978344917297,-0.944939136505127,0.944939136505127,-1.25727474689484,-0.0333178713917732,0.546031057834625,0.515756964683533,-1.75037217140198,100,100,0,"High"
"378",0.088068000972271,0.112282104790211,0.0289562661200762,0.00351827428676188,-0.923170268535614,-0.939235508441925,0.939235508441925,-1.17498159408569,-0.05472731590271,0.712543547153473,0.687384605407715,-2.42708921432495,100,60,40,"High"
"379",0.0885958671569824,0.112798653542995,0.0299101769924164,0.00421731220558286,-0.909122586250305,-0.927919030189514,0.927919030189514,-1.12927436828613,-0.0537362433969975,0.689765691757202,0.665673732757568,-2.37916398048401,100,58,43,"High"
"380",0.0885958671569824,0.112798653542995,0.0299101769924164,0.00421731220558286,-0.909122586250305,-0.927919030189514,0.927919030189514,-1.12927436828613,-0.0537362433969975,0.689765691757202,0.665673732757568,-2.37916398048401,100,59,42,"High"
"381",0.0919031202793121,0.115901790559292,0.0309843271970749,0.00340129784308374,-0.928622424602509,-0.942980527877808,0.942980527877808,-1.20325124263763,-0.0465606711804867,0.695115089416504,0.664182424545288,-2.38836717605591,100,51,49,"High"
"382",0.0905788317322731,0.115254506468773,0.0314604975283146,0.00293410383164883,-0.937247097492218,-0.950348794460297,0.950348794460297,-1.24407863616943,-0.0549927577376366,0.667070806026459,0.646206378936768,-2.34813141822815,100,71,29,"High"
"383",0.0933531001210213,0.115899726748466,0.0322945155203342,0.00386619428172708,-0.92046445608139,-0.935437500476837,0.935437500476837,-1.17924904823303,-0.0308872368186712,0.674027800559998,0.630557715892792,-2.29285168647766,97,67,30,"High"
"384",0.0900492668151855,0.109821923077106,0.0301477741450071,0.00409995997324586,-0.912905097007751,-0.928021550178528,0.928021550178528,-1.14085566997528,-0.008418845012784,0.699018120765686,0.632509052753448,-2.33918952941895,100,53,47,"High"
"385",0.0900492668151855,0.109821923077106,0.0301477741450071,0.00409995997324586,-0.912905097007751,-0.928021550178528,0.928021550178528,-1.14085566997528,-0.008418845012784,0.699018120765686,0.632509052753448,-2.33918952941895,98,63,35,"High"
"386",0.0864752382040024,0.104771345853806,0.0284767132252455,0.00363336154259741,-0.919355928897858,-0.932966709136963,0.932966709136963,-1.16053998470306,0.00221360335126519,0.709107458591461,0.631701588630676,-2.33256769180298,100,62,39,"High"
"387",0.0862119048833847,0.108010210096836,0.0278807058930397,0.00386712979525328,-0.914139211177826,-0.93086838722229,0.93086838722229,-1.13457703590393,-0.0339016281068325,0.724821984767914,0.679310619831085,-2.36113739013672,96,66,30,"High"
"388",0.0943385139107704,0.121226236224174,0.0367380045354366,0.00342309079132974,-0.929970622062683,-0.945076465606689,0.945076465606689,-1.24429798126221,-0.0691865980625153,0.570164382457733,0.570883452892303,-1.88340735435486,97,97,0,"High"
"389",0.0862119048833847,0.108010210096836,0.0278807058930397,0.00386712979525328,-0.914139211177826,-0.93086838722229,0.93086838722229,-1.13457703590393,-0.0339016281068325,0.724821984767914,0.679310619831085,-2.36113739013672,100,57,43,"High"
"390",0.0842226892709732,0.105418890714645,0.0282377228140831,0.00386637402698398,-0.91221672296524,-0.929242551326752,0.929242551326752,-1.13870275020599,-0.0308719091117382,0.690190315246582,0.644701898097992,-2.32761311531067,100,74,26,"High"
"391",0.0842226892709732,0.105418890714645,0.0282377228140831,0.00386637402698398,-0.91221672296524,-0.929242551326752,0.929242551326752,-1.13870275020599,-0.0308719091117382,0.690190315246582,0.644701898097992,-2.32761311531067,96,75,21,"High"
"392",0.0870028734207153,0.110079407691956,0.027640076354146,0.00293295411393046,-0.934776723384857,-0.948094964027405,0.948094964027405,-1.21220183372498,-0.0453779734671116,0.741644620895386,0.705320596694946,-2.28067970275879,100,69,31,"High"
"393",0.0870028734207153,0.110079407691956,0.027640076354146,0.00293295411393046,-0.934776723384857,-0.948094964027405,0.948094964027405,-1.21220183372498,-0.0453779734671116,0.741644620895386,0.705320596694946,-2.28067970275879,99,54,44,"High"
"394",0.0848841518163681,0.110079668462276,0.0294307004660368,0.00293314782902598,-0.933198869228363,-0.948091745376587,0.948091745376587,-1.22810888290405,-0.0700342878699303,0.661304295063019,0.6543869972229,-2.28503441810608,100,59,41,"High"
"395",0.0915000587701797,0.112666115164757,0.0305036194622517,0.00339882681146264,-0.928369522094727,-0.941432297229767,0.941432297229767,-1.19924056529999,-0.0202049762010574,0.704591035842896,0.648555815219879,-2.24586987495422,100,61,39,"High"
"396",0.0900492668151855,0.109821923077106,0.0301477741450071,0.00409995997324586,-0.912905097007751,-0.928021550178528,0.928021550178528,-1.14085566997528,-0.008418845012784,0.699018120765686,0.632509052753448,-2.33918952941895,100,34,66,"High"
"397",0.0855501517653465,0.106974564492702,0.0285971444100142,0.0043337163515389,-0.903570771217346,-0.922131299972534,0.922131299972534,-1.10519862174988,-0.0311433579772711,0.694608271121979,0.649087905883789,-2.37040042877197,100,48,53,"High"
"398",0.0828987956047058,0.105549268424511,0.0284772459417582,0.0037503361236304,-0.91343629360199,-0.93137514591217,0.93137514591217,-1.15088880062103,-0.0480580851435661,0.666853249073029,0.639083921909332,-2.35512852668762,100,64,36,"High"
"399",0.0992205291986465,0.125482618808746,0.0374525636434555,0.00482166931033134,-0.907313227653503,-0.925993680953979,0.925993680953979,-1.15782916545868,-0.0562095306813717,0.603530645370483,0.589760959148407,-1.87674343585968,100,100,0,"High"
"400",0.084223747253418,0.105678543448448,0.0276414230465889,0.00305050681345165,-0.930093765258789,-0.943887889385223,0.943887889385223,-1.20182645320892,-0.0335310697555542,0.709137201309204,0.664480924606323,-2.35470795631409,97,48,48,"High"
"401",0.0858120396733284,0.10774989426136,0.0274018626660109,0.00386618147604167,-0.913776576519012,-0.930723547935486,0.930723547935486,-1.12906074523926,-0.0359299220144749,0.735541641712189,0.69095504283905,-2.32328987121582,100,95.5,4.5,"High"
"402",0.0873995646834373,0.10969090461731,0.0284753702580929,0.00374901434406638,-0.917738378047943,-0.933903098106384,0.933903098106384,-1.15097725391388,-0.0369890294969082,0.719781458377838,0.677625954151154,-2.27688026428223,100,100,0,"High"
"403",0.0771986246109009,0.096994012594223,0.0256147682666779,0.00305256876163185,-0.923924624919891,-0.938977062702179,0.938977062702179,-1.18055260181427,-0.0274943578988314,0.689593732357025,0.640517175197601,-2.54595398902893,100,100,0,"High"
"404",0.0774647444486618,0.0949170887470245,0.0233459193259478,0.0032859758939594,-0.918614327907562,-0.933077931404114,0.933077931404114,-1.12984502315521,-0.000544902926776558,0.77531361579895,0.694131016731262,-2.54205131530762,98.25,95.25,3,"High"
"405",0.079186350107193,0.0984194576740265,0.0259710717946291,0.00316784926690161,-0.923067688941956,-0.937632977962494,0.937632977962494,-1.17385387420654,-0.0179168023169041,0.702760994434357,0.6438969373703,-2.46971940994263,100,100,0,"High"
"406",0.0750671997666359,0.0950433686375618,0.0262087844312191,0.00316708907485008,-0.919035792350769,-0.935504019260406,0.935504019260406,-1.17656219005585,-0.0334280654788017,0.64125782251358,0.60159832239151,-2.43396902084351,100,100,0,"High"
"407",0.079186350107193,0.0984194576740265,0.0259710717946291,0.00316784926690161,-0.923067688941956,-0.937632977962494,0.937632977962494,-1.17385387420654,-0.0179168023169041,0.702760994434357,0.6438969373703,-2.46971940994263,100,100,0,"High"
"408",0.0777276828885078,0.0980310589075089,0.0252554416656494,0.00305180833674967,-0.924441039562225,-0.939617693424225,0.939617693424225,-1.1765695810318,-0.0322148241102695,0.708956480026245,0.662615954875946,-2.51086091995239,100,89.5,10.5,"High"
"409",0.076929859817028,0.0940059199929237,0.0242995005100965,0.003751051845029,-0.907015144824982,-0.92325758934021,0.92325758934021,-1.09882593154907,0.00300234905444086,0.732869803905487,0.651999831199646,-2.53139209747314,100,94.75,5.25,"High"
"410",0.099749431014061,0.123677916824818,0.0375724881887436,0.00353986979462206,-0.931457161903381,-0.944349467754364,0.944349467754364,-1.24169301986694,-0.0351599827408791,0.606010973453522,0.572680294513702,-1.84812557697296,100,100,0,"High"
"411",0.076929859817028,0.0940059199929237,0.0242995005100965,0.003751051845029,-0.907015144824982,-0.92325758934021,0.92325758934021,-1.09882593154907,0.00300234905444086,0.732869803905487,0.651999831199646,-2.53139209747314,100,85.75,14.25,"High"
"412",0.0762662291526794,0.0936165750026703,0.0244192108511925,0.00316822319291532,-0.920230507850647,-0.934530556201935,0.934530556201935,-1.15547108650208,-0.00115405349060893,0.719846248626709,0.643861770629883,-2.52027583122253,100,84.75,15.25,"High"
"413",0.0763969346880913,0.0915365368127823,0.0240598041564226,0.00340067641809583,-0.914767444133759,-0.92835944890976,0.92835944890976,-1.12848317623138,0.0249611046165228,0.734712600708008,0.633424341678619,-2.4894278049469,100,98,2,"High"
"414",0.079186350107193,0.0984194576740265,0.0259710717946291,0.00316784926690161,-0.923067688941956,-0.937632977962494,0.937632977962494,-1.17385387420654,-0.0179168023169041,0.702760994434357,0.6438969373703,-2.46971940994263,100,93.75,6.25,"High"
"415",0.0749359130859375,0.0941352024674416,0.0260901991277933,0.00340086943469942,-0.913173139095306,-0.930264353752136,0.930264353752136,-1.15404415130615,-0.0247510690242052,0.643530428409576,0.595676958560944,-2.47957110404968,100,69,31,"High"
"416",0.0763953328132629,0.0947833657264709,0.0252532493323088,0.00374992401339114,-0.906421840190887,-0.923885107040405,0.923885107040405,-1.11211931705475,-0.0129150645807385,0.691743612289429,0.628996014595032,-2.44441914558411,100,81,19,"High"
"417",0.0786539018154144,0.0946541056036949,0.0244178306311369,0.00340048316866159,-0.917116343975067,-0.930640995502472,0.930640995502472,-1.13328301906586,0.0177026782184839,0.750723361968994,0.654929399490356,-2.50007152557373,100,81.25,18.75,"High"
"418",0.0786539018154144,0.0946541056036949,0.0244178306311369,0.00340048316866159,-0.917116343975067,-0.930640995502472,0.930640995502472,-1.13328301906586,0.0177026782184839,0.750723361968994,0.654929399490356,-2.50007152557373,100,91.5,8.5,"High"
"419",0.0761286169290543,0.0943931564688683,0.0238195434212685,0.0040993420407176,-0.897807657718658,-0.916758298873901,0.916758298873901,-1.0595086812973,-0.0119320768862963,0.740097641944885,0.672298550605774,-2.47175478935242,98.5,92.75,5.75,"High"
"420",0.0751980170607567,0.091144822537899,0.023102568462491,0.00328292301855981,-0.916338324546814,-0.930467009544373,0.930467009544373,-1.12673544883728,0.0138009404763579,0.754911303520203,0.662079632282257,-2.48765516281128,100,92.25,7.75,"High"
"421",0.0964495241641998,0.12058012932539,0.0368564240634441,0.00388886244036257,-0.922485053539276,-0.937512755393982,0.937512755393982,-1.21367025375366,-0.041252426803112,0.589439749717712,0.562928080558777,-1.91168224811554,100,100,0,"High"
"422",0.0746642723679543,0.0928328931331635,0.0245347805321217,0.00421499367803335,-0.893127977848053,-0.913135826587677,0.913135826587677,-1.06017112731934,-0.0132527621462941,0.694429039955139,0.631624042987823,-2.47128987312317,100,97.25,2.75,"High"
"423",0.0777176916599274,0.092571847140789,0.0234587118029594,0.00328140333294868,-0.918976783752441,-0.931532740592957,0.931532740592957,-1.13185608386993,0.0298867505043745,0.774297893047333,0.665201365947723,-2.44437861442566,100,86,14,"High"
"424",0.076124869287014,0.0989343672990799,0.0247730929404497,0.00374821596778929,-0.906145691871643,-0.926994144916534,0.926994144916534,-1.10574567317963,-0.063012920320034,0.705227017402649,0.687435925006866,-2.41205978393555,100,98.5,1.5,"High"
"425",0.0777192339301109,0.0962092354893684,0.0244150832295418,0.00386501220054924,-0.905251026153564,-0.922757089138031,0.922757089138031,-1.08999300003052,-0.0119502414017916,0.738868713378906,0.671316862106323,-2.39785528182983,100,95,5,"High"
"426",0.0758623108267784,0.093353733420372,0.0242970269173384,0.00386596121825278,-0.903021574020386,-0.920469582080841,0.920469582080841,-1.08818697929382,-0.00341075332835317,0.718985974788666,0.64512050151825,-2.41527366638184,100,98,2,"High"
"427",0.0750671997666359,0.0950433686375618,0.0262087844312191,0.00316708907485008,-0.919035792350769,-0.935504019260406,0.935504019260406,-1.17656219005585,-0.0334280654788017,0.64125782251358,0.60159832239151,-2.43396902084351,100,97.75,2.25,"High"
"428",0.0749359130859375,0.0941352024674416,0.0260901991277933,0.00340086943469942,-0.913173139095306,-0.930264353752136,0.930264353752136,-1.15404415130615,-0.0247510690242052,0.643530428409576,0.595676958560944,-2.47957110404968,100,100,0,"High"
"429",0.0763953328132629,0.0947833657264709,0.0252532493323088,0.00374992401339114,-0.906421840190887,-0.923885107040405,0.923885107040405,-1.11211931705475,-0.0129150645807385,0.691743612289429,0.628996014595032,-2.44441914558411,100,100,0,"High"
"430",0.0794470980763435,0.099454753100872,0.0239384341984987,0.00386576866731048,-0.907198786735535,-0.925169408321381,0.925169408321381,-1.0828937292099,-0.025994136929512,0.778347849845886,0.720492660999298,-2.42578029632568,100,100,0,"High"
"431",0.0750671997666359,0.0950433686375618,0.0262087844312191,0.00316708907485008,-0.919035792350769,-0.935504019260406,0.935504019260406,-1.17656219005585,-0.0334280654788017,0.64125782251358,0.60159832239151,-2.43396902084351,98.5,98.5,0,"High"
"432",0.0949968546628952,0.119159795343876,0.0347105376422405,0.00447156559675932,-0.910090744495392,-0.927662909030914,0.927662909030914,-1.15763199329376,-0.043559692800045,0.627479672431946,0.599755048751831,-1.94461703300476,100,100,0,"High"
"433",0.0938254371285439,0.118393942713737,0.0403205193579197,0.00412872480228543,-0.915700852870941,-0.932604730129242,0.932604730129242,-1.22134113311768,-0.0489647574722767,0.482164442539215,0.471738249063492,-1.77519154548645,100,100,0,"High"
"434",0.0948795005679131,0.120974645018578,0.0398428104817867,0.00610935036092997,-0.879009425640106,-0.903853356838226,0.903853356838226,-1.10114932060242,-0.0612121261656284,0.503909409046173,0.502972960472107,-1.77437376976013,100,100,0,"High"
"435",0.0987040996551514,0.122908867895603,0.0424617305397987,0.00389367598108947,-0.924098253250122,-0.93858677148819,0.93858677148819,-1.24801158905029,-0.0389205142855644,0.486952394247055,0.467177301645279,-1.77934968471527,100,100,0,"High"
"436",0.0987040996551514,0.122908867895603,0.0424617305397987,0.00389367598108947,-0.924098253250122,-0.93858677148819,0.93858677148819,-1.24801158905029,-0.0389205142855644,0.486952394247055,0.467177301645279,-1.77934968471527,100,100,0,"High"
"437",0.0954056605696678,0.120457358658314,0.0415093153715134,0.00599205354228616,-0.881810903549194,-0.905226051807404,0.905226051807404,-1.12156546115875,-0.0510279722511768,0.473088681697845,0.465437948703766,-1.82153713703156,100,100,0,"High"
"438",0.0894601866602898,0.110507868230343,0.0376977659761906,0.00401082960888743,-0.914180278778076,-0.929953277111053,0.929953277111053,-1.21151053905487,-0.0217444617301226,0.494190275669098,0.457385182380676,-1.90959930419922,98.5,98.5,0,"High"
"439",0.0756781026721001,0.0987213402986526,0.031619057059288,0.00471120700240135,-0.882790207862854,-0.908902823925018,0.908902823925018,-1.11096835136414,-0.0665580481290817,0.482879251241684,0.487285375595093,-1.91650891304016,100,100,0,"High"
"440",0.0910509452223778,0.111156813800335,0.0354353748261929,0.0047117667272687,-0.901594936847687,-0.918670475482941,0.918670475482941,-1.14791262149811,-0.0104780411347747,0.566720485687256,0.513461112976074,-1.82540953159332,100,100,0,"High"
"441",0.0928987413644791,0.115938685834408,0.038532592356205,0.00471082329750061,-0.903476178646088,-0.921908974647522,0.921908974647522,-1.17318797111511,-0.0361312292516232,0.512475311756134,0.487586289644241,-1.81886529922485,100,100,0,"High"
"442",0.0910464823246002,0.114645391702652,0.0387698747217655,0.00575913256034255,-0.881016552448273,-0.904336929321289,0.904336929321289,-1.11199676990509,-0.0440881624817848,0.486889213323593,0.471387058496475,-1.86346650123596,100,100,0,"High"
"443",0.0915598422288895,0.116446428000927,0.0331594385206699,0.00423765834420919,-0.911528825759888,-0.929772734642029,0.929772734642029,-1.16005444526672,-0.0553944371640682,0.631184697151184,0.613817036151886,-2.01411247253418,100,100,0,"High"
"444",0.0939516127109528,0.117357693612576,0.0393645577132702,0.00482588820159435,-0.902287721633911,-0.921005964279175,0.921005964279175,-1.17238020896912,-0.0380732826888561,0.504794716835022,0.482417583465576,-1.91551446914673,100,99,0,"High"
"445",0.0939516127109528,0.117357693612576,0.0393645577132702,0.00482588820159435,-0.902287721633911,-0.921005964279175,0.921005964279175,-1.17238020896912,-0.0380732826888561,0.504794716835022,0.482417583465576,-1.91551446914673,100,100,0,"High"
"446",0.0948736220598221,0.120713502168655,0.0409118458628654,0.00307627045549452,-0.93718683719635,-0.950298488140106,0.950298488140106,-1.2901976108551,-0.05892713367939,0.480358302593231,0.479326665401459,-1.94130802154541,100,100,0,"High"
"447",0.0838915854692459,0.106102541089058,0.0349521115422249,0.00330811832100153,-0.924125492572784,-0.939528405666351,0.939528405666351,-1.24060916900635,-0.0418313592672348,0.497008472681046,0.478067755699158,-2.12432956695557,100,100,0,"High"
"448",0.0821717530488968,0.107528425753117,0.032926719635725,0.00459162890911102,-0.894157469272614,-0.918094396591187,0.918094396591187,-1.13284933567047,-0.0770430713891983,0.529251515865326,0.53985595703125,-2.11965751647949,100,100,0,"High"
"449",0.0866778716444969,0.108694463968277,0.0344778224825859,0.00424266420304775,-0.90667313337326,-0.924866795539856,0.924866795539856,-1.17128527164459,-0.0353698246181011,0.541802287101746,0.513289153575897,-2.06193900108337,100,100,0,"High"
"450",0.0756781026721001,0.0987213402986526,0.031619057059288,0.00471120700240135,-0.882790207862854,-0.908902823925018,0.908902823925018,-1.11096835136414,-0.0665580481290817,0.482879251241684,0.487285375595093,-1.91650891304016,100,100,0,"High"
"451",0.0846936330199242,0.105976909399033,0.0330480597913265,0.00377711118198931,-0.914613306522369,-0.931171357631683,0.931171357631683,-1.19229376316071,-0.0310295335948467,0.556217133998871,0.522337138652802,-2.0060076713562,100,100,0,"High"
"452",0.0515572689473629,0.0564655140042305,0.0167435556650162,0.00530585180968046,-0.813381612300873,-0.82820999622345,0.82820999622345,-0.77809602022171,0.156393274664879,0.6630739569664,0.4444899559021,-2.38131904602051,21.5,11.85,9.65,"Medium"
"453",0.0508885905146599,0.0597239099442959,0.0185294188559055,0.00437548523768783,-0.841651737689972,-0.863478124141693,0.863478124141693,-0.926915049552917,0.0824086144566536,0.560112118721008,0.418355047702789,-2.43054151535034,17,14.25,2.75,"Low"
"454",0.0500606223940849,0.0555345304310322,0.0162574704736471,0.00297633023001254,-0.887763917446136,-0.898263990879059,0.898263990879059,-1.03576564788818,0.144990533590317,0.659751176834106,0.451770901679993,-2.77636432647705,39.2,35.25,3.95,"Medium"
"455",0.0514220371842384,0.0575077459216118,0.0172193702310324,0.00460808584466577,-0.835514008998871,-0.851629257202148,0.851629257202148,-0.866657435894012,0.133903428912163,0.635588884353638,0.440041542053223,-2.42120909690857,42.55,21.5,19.05,"Medium"
"456",0.0502237901091576,0.0602461621165276,0.0182917043566704,0.00495691504329443,-0.820338845252991,-0.847954571247101,0.847954571247101,-0.860360085964203,0.0598030388355255,0.558416903018951,0.437538951635361,-2.40398097038269,16.55,13.25,3.3,"Low"
"457",0.0508885905146599,0.0597239099442959,0.0185294188559055,0.00437548523768783,-0.841651737689972,-0.863478124141693,0.863478124141693,-0.926915049552917,0.0824086144566536,0.560112118721008,0.418355047702789,-2.43054151535034,10.5,5.25,5.25,"Low"
"458",0.0531527251005173,0.0605056509375572,0.0187674146145582,0.0050727678462863,-0.825754404067993,-0.845291554927826,0.845291554927826,-0.861653208732605,0.111815847456455,0.59232085943222,0.421003341674805,-2.43977499008179,8,1.35,6.65,"Low"
"459",0.0508896857500076,0.0584208555519581,0.017338590696454,0.00472432421520352,-0.830103099346161,-0.850366294384003,0.850366294384003,-0.857611060142517,0.106387950479984,0.619061291217804,0.450196027755737,-2.41257357597351,18.2,11.5,6.7,"Low"
"460",0.0508896857500076,0.0584208555519581,0.017338590696454,0.00472432421520352,-0.830103099346161,-0.850366294384003,0.850366294384003,-0.857611060142517,0.106387950479984,0.619061291217804,0.450196027755737,-2.41257357597351,18.3,14.5,3.3,"Low"
"461",0.0544836409389973,0.0590715631842613,0.0170996431261301,0.00495641166344285,-0.833229899406433,-0.845179796218872,0.845179796218872,-0.825843393802643,0.16259828209877,0.699612319469452,0.472533255815506,-2.44956707954407,73.4,68.75,4.65,"High"
"462",0.0536879636347294,0.0589429773390293,0.01793447509408,0.00484068645164371,-0.834587454795837,-0.848215460777283,0.848215460777283,-0.862372934818268,0.150253295898438,0.642613589763641,0.431674599647522,-2.39461255073547,13.25,5.25,8,"Low"
"463",0.0531562678515911,0.0594649948179722,0.017339289188385,0.00518962787464261,-0.822108209133148,-0.839466154575348,0.839466154575348,-0.808937788009644,0.130724400281906,0.662601351737976,0.467878192663193,-2.37661480903625,11.3,5.75,5.55,"Low"
"464",0.0504928044974804,0.0564664117991924,0.0159100666642189,0.00449248170480132,-0.836593329906464,-0.852606177330017,0.852606177330017,-0.839423418045044,0.13551364839077,0.687509775161743,0.485939562320709,-2.34978842735291,9.15,2.75,6.4,"Low"
"465",0.0516906641423702,0.0579001866281033,0.0174582097679377,0.00518950307741761,-0.817528545856476,-0.835488080978394,0.835488080978394,-0.812579154968262,0.13172759115696,0.628578960895538,0.435664713382721,-2.38616490364075,26.5,22.25,4.25,"Medium"
"466",0.0522250607609749,0.0588137954473495,0.0171013362705708,0.00402740156278014,-0.856809794902802,-0.871822893619537,0.871822893619537,-0.928162515163422,0.125009790062904,0.657186508178711,0.468079715967178,-2.35582947731018,14.9,7.75,7.15,"Low"
"467",0.0516906641423702,0.0579001866281033,0.0174582097679377,0.00518950307741761,-0.817528545856476,-0.835488080978394,0.835488080978394,-0.812579154968262,0.13172759115696,0.628578960895538,0.435664713382721,-2.38616490364075,25.55,21.5,4.05,"Medium"
"468",0.0528905540704727,0.0594653263688087,0.0181731898337603,0.00425975769758224,-0.850927948951721,-0.866308271884918,0.866308271884918,-0.930334627628326,0.125707074999809,0.615919351577759,0.429768055677414,-2.36579632759094,16.15,9.5,6.65,"Low"
"469",0.0542235672473907,0.0605089403688908,0.0175781231373549,0.00426001055166125,-0.854317724704742,-0.868455171585083,0.868455171585083,-0.914783716201782,0.131703063845634,0.670344889163971,0.474180787801743,-2.33695149421692,34.95,31.25,3.7,"Medium"
"470",0.0523587092757225,0.058944433927536,0.0179353710263968,0.0041437684558332,-0.853324353694916,-0.868635714054108,0.868635714054108,-0.936966061592102,0.125155910849571,0.617498755455017,0.431658774614334,-2.34302258491516,7.1,0.35,6.75,"Low"
"471",0.0547797307372093,0.0662533715367317,0.0225875861942768,0.00507830502465367,-0.830321669578552,-0.85761433839798,0.85761433839798,-0.94932496547699,0.0434077605605125,0.458105564117432,0.361409038305283,-1.67362987995148,19.8,11.75,8.05,"Low"
"472",0.0551805198192596,0.0675556063652039,0.0228261239826679,0.00565967988222837,-0.813949346542358,-0.845396220684052,0.845396220684052,-0.903947293758392,0.0295577850192785,0.456075817346573,0.372349321842194,-1.62647902965546,5.1,0.6,4.5,"Low"
"473",0.0571771711111069,0.0670357272028923,0.0253254137933254,0.00507868640124798,-0.836844682693481,-0.859149217605591,0.859149217605591,-0.998881459236145,0.0734926387667656,0.399445235729218,0.280312269926071,-1.60965180397034,36.15,30.25,5.9,"Medium"
"474",0.0561114884912968,0.0678155720233917,0.0244920253753662,0.00554333347827196,-0.820181667804718,-0.848870873451233,0.848870873451233,-0.946319222450256,0.0421170704066753,0.410315215587616,0.31903013586998,-1.64361894130707,7.9,0.85,7.05,"Low"
"475",0.0524923726916313,0.0581624396145344,0.018054686486721,0.00507377600297332,-0.823723614215851,-0.839529395103455,0.839529395103455,-0.841878950595856,0.142210215330124,0.61416620016098,0.412923038005829,-2.32603716850281,36.2,31.25,4.95,"Medium"
"476",0.0583708547055721,0.0687253400683403,0.0249674916267395,0.00496195210143924,-0.843305468559265,-0.865324079990387,0.865324079990387,-1.00263500213623,0.0671202912926674,0.432734400033951,0.3167544901371,-1.68620276451111,10.45,4,6.45,"Low"
"477",0.0561114884912968,0.0678155720233917,0.0244920253753662,0.00554333347827196,-0.820181667804718,-0.848870873451233,0.848870873451233,-0.946319222450256,0.0421170704066753,0.410315215587616,0.31903013586998,-1.64361894130707,10.25,2.5,7.75,"Low"
"478",0.0586362965404987,0.0685949921607971,0.0247293189167976,0.00577540276572108,-0.820672214031219,-0.844685435295105,0.844685435295105,-0.932015538215637,0.0737193077802658,0.445774853229523,0.322633862495422,-1.69431781768799,5.9,2.25,3.65,"Low"
"479",0.055842325091362,0.0684642940759659,0.0248480159789324,0.00565905077382922,-0.815969944000244,-0.847307205200195,0.847307205200195,-0.943500995635986,0.0269687995314598,0.392705142498016,0.316841155290604,-1.72428643703461,7.1,1.6,5.5,"Low"
"480",0.0547797307372093,0.0662533715367317,0.0225875861942768,0.00507830502465367,-0.830321669578552,-0.85761433839798,0.85761433839798,-0.94932496547699,0.0434077605605125,0.458105564117432,0.361409038305283,-1.67362987995148,5.35,0,5.35,"Low"
"481",0.055842325091362,0.0684642940759659,0.0248480159789324,0.00565905077382922,-0.815969944000244,-0.847307205200195,0.847307205200195,-0.943500995635986,0.0269687995314598,0.392705142498016,0.316841155290604,-1.72428643703461,84.75,82.75,0,"High"
"482",0.057970006018877,0.0696346834301949,0.024490850046277,0.00542648090049624,-0.828808128833771,-0.855411767959595,0.855411767959595,-0.955852448940277,0.0459533780813217,0.442942947149277,0.34553998708725,-1.73268806934357,20.1,12,8.1,"Medium"
"483",0.0586362965404987,0.0685949921607971,0.0247293189167976,0.00577540276572108,-0.820672214031219,-0.844685435295105,0.844685435295105,-0.932015538215637,0.0737193077802658,0.445774853229523,0.322633862495422,-1.69431781768799,6.35,0.35,5.25,"Low"
"484",0.0517135933041573,0.0640381500124931,0.0231815073639154,0.00519390217959881,-0.817461550235748,-0.849956691265106,0.849956691265106,-0.950872898101807,0.0227420125156641,0.377481043338776,0.306341052055359,-1.77814161777496,7.45,2.95,4.5,"Low"
"485",0.0557072758674622,0.0666415095329285,0.0235383547842503,0.00496132113039494,-0.836445152759552,-0.86142110824585,0.86142110824585,-0.977749705314636,0.0538543164730072,0.438319027423859,0.333793729543686,-1.78374195098877,5.1,0.25,4.85,"Low"
"486",0.0503621585667133,0.0592063553631306,0.0188889000564814,0.00449286354705691,-0.836191356182098,-0.858935058116913,0.858935058116913,-0.923542618751526,0.0814624726772308,0.532667458057404,0.394059717655182,-2.29680275917053,7.65,2.75,4.9,"Low"
"487",0.0547748394310474,0.0622139014303684,0.0231809206306934,0.00554220378398895,-0.816230893135071,-0.836407244205475,0.836407244205475,-0.921141982078552,0.111639827489853,0.435013771057129,0.277461051940918,-1.81136119365692,6.25,1.8,4.45,"Low"
"488",0.053176861256361,0.0624741613864899,0.0218714158982038,0.00542585644870996,-0.814825773239136,-0.840180993080139,0.840180993080139,-0.903692483901978,0.0774984136223793,0.456991940736771,0.328820526599884,-1.82873833179474,13.3,4.5,8.8,"Low"
"489",0.0573042221367359,0.0676828771829605,0.0259182266891003,0.00507755344733596,-0.837210357189178,-0.860430896282196,0.860430896282196,-1.00855696201324,0.0652779638767242,0.381138324737549,0.271144419908524,-1.7614027261734,96.25,94.75,1.5,"High"
"490",0.0606288723647594,0.0745744630694389,0.026156647130847,0.00577515410259366,-0.826060116291046,-0.856249392032623,0.856249392032623,-0.957422971725464,0.0163657497614622,0.429411888122559,0.360678970813751,-1.72217512130737,10.65,2.6,8.05,"Low"
"491",0.0606308467686176,0.0732762664556503,0.026395246386528,0.00519441114738584,-0.842175722122192,-0.867608845233917,0.867608845233917,-1.00669825077057,0.0354709029197693,0.421388775110245,0.335749208927155,-1.66702938079834,5.55,1.6,3.95,"Low"
"492",0.0591695345938206,0.0680755004286766,0.0242538414895535,0.00507830921560526,-0.841915011405945,-0.861160755157471,0.861160755157471,-0.980606555938721,0.0910285338759422,0.472050964832306,0.330785602331161,-1.65261781215668,36,34.75,1.25,"Medium"
"493",0.0547797307372093,0.0662533715367317,0.0225875861942768,0.00507830502465367,-0.830321669578552,-0.85761433839798,0.85761433839798,-0.94932496547699,0.0434077605605125,0.458105564117432,0.361409038305283,-1.67362987995148,12,4.5,7.5,"Low"
"494",0.0583708547055721,0.0687253400683403,0.0249674916267395,0.00496195210143924,-0.843305468559265,-0.865324079990387,0.865324079990387,-1.00263500213623,0.0671202912926674,0.432734400033951,0.3167544901371,-1.68620276451111,13,1.25,11.75,"Low"
"495",0.0595662854611874,0.0728855356574059,0.0259189084172249,0.0053103850223124,-0.836292922496796,-0.864177465438843,0.864177465438843,-0.989865005016327,0.0235635079443455,0.419830441474915,0.345180064439774,-1.71113634109497,9,5.25,3.75,"Low"
"496",0.0534230284392834,0.0582919307053089,0.0171012431383133,0.00472482666373253,-0.837489247322083,-0.850045382976532,0.850045382976532,-0.850571095943451,0.157368957996368,0.67987072467804,0.459171384572983,-2.35935759544373,20.65,18.25,2.4,"Medium"
"497",0.0594318546354771,0.0685938373208046,0.0244906581938267,0.00531013263389468,-0.835960149765015,-0.856296420097351,0.856296420097351,-0.965437054634094,0.0872140452265739,0.467854529619217,0.330486267805099,-1.75023508071899,14.75,11.5,3.25,"Low"
"498",0.056227795779705,0.0628592073917389,0.0186542272567749,0.00391404004767537,-0.869839668273926,-0.882766246795654,0.882766246795654,-0.979706645011902,0.126613155007362,0.653929233551025,0.464072704315186,-2.16549062728882,93.25,91.75,1.5,"High"
"499",0.0528997704386711,0.0614259317517281,0.0192494764924049,0.00275144423358142,-0.901118278503418,-0.914255023002625,0.914255023002625,-1.12481880187988,0.0906511396169662,0.565051257610321,0.415518879890442,-2.17724394798279,10.6,0.25,10.35,"Low"
"500",0.0546285435557365,0.0610338598489761,0.0196060333400965,0.00368105177767575,-0.873741149902344,-0.886237919330597,0.886237919330597,-1.0257819890976,0.12976299226284,0.580926835536957,0.394222676753998,-2.23369407653809,22.2,14.25,7.95,"Medium"
"501",0.0528997704386711,0.0614259317517281,0.0192494764924049,0.00275144423358142,-0.901118278503418,-0.914255023002625,0.914255023002625,-1.12481880187988,0.0906511396169662,0.565051257610321,0.415518879890442,-2.17724394798279,15.35,11.75,3.6,"Low"
"502",0.0547627210617065,0.0618162341415882,0.0194872487336397,0.00472731981426477,-0.841071903705597,-0.85791802406311,0.85791802406311,-0.914321184158325,0.118382833898067,0.588771104812622,0.41189107298851,-2.19952011108398,32.3,29.25,3.05,"Medium"
"503",0.0552946031093597,0.0612947940826416,0.0199633613228798,0.00426225503906608,-0.856867671012878,-0.869968056678772,0.869968056678772,-0.972180008888245,0.137248530983925,0.577022910118103,0.383832991123199,-2.21701407432556,11.4,6.25,3.65,"Low"
"504",0.0552946031093597,0.0612947940826416,0.0199633613228798,0.00426225503906608,-0.856867671012878,-0.869968056678772,0.869968056678772,-0.972180008888245,0.137248530983925,0.577022910118103,0.383832991123199,-2.21701407432556,29.35,25.5,3.85,"Medium"
"505",0.0552946031093597,0.0612947940826416,0.0199633613228798,0.00426225503906608,-0.856867671012878,-0.869968056678772,0.869968056678772,-0.972180008888245,0.137248530983925,0.577022910118103,0.383832991123199,-2.21701407432556,24,22.75,1.25,"Medium"
"506",0.0552946031093597,0.0612947940826416,0.0199633613228798,0.00426225503906608,-0.856867671012878,-0.869968056678772,0.869968056678772,-0.972180008888245,0.137248530983925,0.577022910118103,0.383832991123199,-2.21701407432556,23.9,21.75,2.15,"Medium"
"507",0.0502237901091576,0.0602461621165276,0.0182917043566704,0.00495691504329443,-0.820338845252991,-0.847954571247101,0.847954571247101,-0.860360085964203,0.0598030388355255,0.558416903018951,0.437538951635361,-2.40398097038269,13.95,7.75,6.2,"Low"
"508",0.0542261302471161,0.0611623786389828,0.0188905298709869,0.00333180860616267,-0.884227633476257,-0.896678805351257,0.896678805351257,-1.05020821094513,0.120084866881371,0.606513738632202,0.42649307847023,-2.3118748664856,33.15,29.75,3.4,"Medium"
"509",0.0543612465262413,0.0611635483801365,0.0196057390421629,0.0049595246091485,-0.832789599895477,-0.849991083145142,0.849991083145142,-0.894324660301208,0.122552715241909,0.576035141944885,0.396357476711273,-2.26062154769897,20.1,14.5,5.6,"Medium"
"510",0.0551602616906166,0.0611638203263283,0.0186532344669104,0.00391353294253349,-0.867503583431244,-0.879726707935333,0.879726707935333,-0.979739427566528,0.137139171361923,0.634808003902435,0.43677431344986,-2.24992084503174,29.75,26.75,3,"Medium"
"511",0.0543612465262413,0.0611635483801365,0.0196057390421629,0.0049595246091485,-0.832789599895477,-0.849991083145142,0.849991083145142,-0.894324660301208,0.122552715241909,0.576035141944885,0.396357476711273,-2.26062154769897,22.25,18.25,4,"Medium"
"512",0.0552924424409866,0.0612935684621334,0.0194864571094513,0.00437823496758938,-0.853253364562988,-0.866663157939911,0.866663157939911,-0.949617683887482,0.137231171131134,0.598433673381805,0.403432965278625,-2.27290320396423,13.55,3.5,10.05,"Low"
"513",0.0546285435557365,0.0610338598489761,0.0196060333400965,0.00368105177767575,-0.873741149902344,-0.886237919330597,0.886237919330597,-1.0257819890976,0.12976299226284,0.580926835536957,0.394222676753998,-2.23369407653809,95,87.25,5.25,"High"
"514",0.0552924424409866,0.0612935684621334,0.0194864571094513,0.00437823496758938,-0.853253364562988,-0.866663157939911,0.866663157939911,-0.949617683887482,0.137231171131134,0.598433673381805,0.403432965278625,-2.27290320396423,40.35,34.75,5.35,"Medium"
"515",0.0548907518386841,0.0592068694531918,0.018890131264925,0.00402901833876967,-0.863237142562866,-0.872571766376495,0.872571766376495,-0.972622036933899,0.16755785048008,0.618714451789856,0.394015491008759,-2.332688331604,30.35,25.75,4.6,"Medium"
"516",0.0536942519247532,0.0609021112322807,0.0191288031637669,0.00414551049470901,-0.856655359268188,-0.872539222240448,0.872539222240448,-0.965654194355011,0.114859327673912,0.585537075996399,0.412057548761368,-2.2957022190094,17.95,13.25,4.7,"Low"
"517",0.0567515008151531,0.0635054856538773,0.0178175047039986,0.00484228925779462,-0.842766940593719,-0.858304381370544,0.858304381370544,-0.858914375305176,0.124774932861328,0.703911781311035,0.511540055274963,-2.37607669830322,31.8,29.25,2.55,"Medium"
"518",0.0502237901091576,0.0602461621165276,0.0182917043566704,0.00495691504329443,-0.820338845252991,-0.847954571247101,0.847954571247101,-0.860360085964203,0.0598030388355255,0.558416903018951,0.437538951635361,-2.40398097038269,30.05,21.25,8.3,"Medium"
"519",0.0556880980730057,0.0615520998835564,0.0185325425118208,0.00414512865245342,-0.861443936824799,-0.873811185359955,0.873811185359955,-0.951646268367767,0.139790132641792,0.650090336799622,0.448369801044464,-2.35822796821594,23.3,18.5,4.05,"Medium"
"520",0.0542261302471161,0.0611623786389828,0.0188905298709869,0.00333180860616267,-0.884227633476257,-0.896678805351257,0.896678805351257,-1.05020821094513,0.120084866881371,0.606513738632202,0.42649307847023,-2.3118748664856,24.75,20.75,4,"Medium"
"521",0.0531614869832993,0.0611626543104649,0.019724328070879,0.00449434341862798,-0.844097495079041,-0.863096296787262,0.863096296787262,-0.943279504776001,0.100251279771328,0.548368036746979,0.391449451446533,-2.29819583892822,22.15,19,3.15,"Medium"
"522",0.0559575445950031,0.0601206719875336,0.0192483924329281,0.00414588395506144,-0.862041652202606,-0.870978474617004,0.870978474617004,-0.968346357345581,0.170172050595284,0.621295511722565,0.394086241722107,-2.2759222984314,33.55,31.25,2.3,"Medium"
"523",0.0547625347971916,0.0616859011352062,0.0186537336558104,0.00368130300194025,-0.874022543430328,-0.887365460395813,0.887365460395813,-1.0055342912674,0.120671682059765,0.627547740936279,0.445252150297165,-2.20820379257202,72.9,62.5,10.4,"High"
"524",0.0543603412806988,0.0609023869037628,0.0190099123865366,0.00391315622255206,-0.865696907043457,-0.879252552986145,0.879252552986145,-0.98787534236908,0.127183318138123,0.603396952152252,0.417121201753616,-2.28013157844543,32,25.25,6.75,"Medium"
"525",0.0498000495135784,0.0567121505737305,0.01614042930305,0.00437242584303021,-0.83857387304306,-0.856840252876282,0.856840252876282,-0.860533773899078,0.116982586681843,0.660942196846008,0.478617310523987,-2.72190403938293,20.5,12.5,8,"Medium"
"526",0.0492678955197334,0.0542338192462921,0.0149491699412465,0.00448879273608327,-0.83299595117569,-0.847118735313416,0.847118735313416,-0.807212471961975,0.154768288135529,0.71821653842926,0.496148467063904,-2.70337581634521,87.75,85.25,2.5,"High"
"527",0.0499350614845753,0.0572348088026047,0.0153067484498024,0.00367510435171425,-0.862895250320435,-0.879326581954956,0.879326581954956,-0.91916561126709,0.109726786613464,0.71069723367691,0.530825018882751,-2.68802118301392,15.25,9,6.25,"Low"
"528",0.0513979010283947,0.0572330132126808,0.0156632233411074,0.00413957051932812,-0.85092693567276,-0.8651003241539,0.8651003241539,-0.872880816459656,0.13863480091095,0.719147920608521,0.512112677097321,-2.71872901916504,14.7,9.5,5.2,"Low"
"529",0.0514220371842384,0.0575077459216118,0.0172193702310324,0.00460808584466577,-0.835514008998871,-0.851629257202148,0.851629257202148,-0.866657435894012,0.133903428912163,0.635588884353638,0.440041542053223,-2.42120909690857,10.8,2,8.8,"Low"
"530",0.0516628324985504,0.0560581758618355,0.0156627241522074,0.00448803650215268,-0.840143620967865,-0.851748406887054,0.851748406887054,-0.831831216812134,0.166301801800728,0.72431743144989,0.491397678852081,-2.73502421379089,20.6,16,4.6,"Medium"
"531",0.0507305674254894,0.0568411275744438,0.0148287992924452,0.00367446709424257,-0.864921808242798,-0.878561317920685,0.878561317920685,-0.904245674610138,0.133028104901314,0.754644572734833,0.54966413974762,-2.73773527145386,30.3,28.5,1.8,"Medium"
"532",0.0513952672481537,0.0555357150733471,0.0164964515715837,0.00413918867707253,-0.850932598114014,-0.861275374889374,0.861275374889374,-0.898246645927429,0.171278730034828,0.673116862773895,0.439950942993164,-2.75869870185852,23.6,16,6.85,"Medium"
"533",0.0498000495135784,0.0567121505737305,0.01614042930305,0.00437242584303021,-0.83857387304306,-0.856840252876282,0.856840252876282,-0.860533773899078,0.116982586681843,0.660942196846008,0.478617310523987,-2.72190403938293,5.95,1.45,4.5,"Low"
"534",0.0492661781609058,0.0547548830509186,0.0148296160623431,0.00320997764356434,-0.877659559249878,-0.889244019985199,0.889244019985199,-0.966177940368652,0.144348725676537,0.725304901599884,0.512225866317749,-2.74078011512756,23,19.5,3.5,"Medium"
"535",0.0492621585726738,0.0557963252067566,0.015304864384234,0.00437166495248675,-0.836981058120728,-0.854684710502625,0.854684710502625,-0.833470106124878,0.123804293572903,0.697239220142365,0.505470633506775,-2.78068256378174,25,23.25,0.75,"Medium"
"536",0.0513971112668514,0.058015089482069,0.0148291168734431,0.00413968926295638,-0.850920855998993,-0.866794168949127,0.866794168949127,-0.845289945602417,0.123879231512547,0.767678916454315,0.570089757442474,-2.76171803474426,98.25,95.75,2.5,"High"
"537",0.0473966486752033,0.05540581792593,0.0147095406427979,0.00460439454764128,-0.822911441326141,-0.846546292304993,0.846546292304993,-0.78480738401413,0.0928274020552635,0.693830966949463,0.530640959739685,-2.7568690776825,70.65,68.75,1.9,"High"
"538",0.0523297935724258,0.0563196539878845,0.0144714899361134,0.00320959906093776,-0.884420812129974,-0.892167329788208,0.892167329788208,-0.955418288707733,0.174075037240982,0.807319521903992,0.560239374637604,-2.74266290664673,26.1,21.5,4.6,"Medium"
"539",0.0514220371842384,0.0575077459216118,0.0172193702310324,0.00460808584466577,-0.835514008998871,-0.851629257202148,0.851629257202148,-0.866657435894012,0.133903428912163,0.635588884353638,0.440041542053223,-2.42120909690857,15.7,11.5,4.2,"Low"
"540",0.0496601052582264,0.0548818111419678,0.0142316352576017,0.00402256473898888,-0.850135445594788,-0.863420486450195,0.863420486450195,-0.838908612728119,0.149798139929771,0.769782364368439,0.547939658164978,-2.79743909835815,24.15,21.75,2.4,"Medium"
"541",0.0504589378833771,0.0538371987640858,0.0169717967510223,0.00367358000949025,-0.864274561405182,-0.872247278690338,0.872247278690338,-0.966188490390778,0.186627194285393,0.629529356956482,0.385837912559509,-2.79403185844421,29.25,23.25,6,"Medium"
"542",0.0508598238229752,0.0568387694656849,0.0155423646792769,0.0051848073489964,-0.814975798130035,-0.832811713218689,0.832811713218689,-0.749563694000244,0.135617822408676,0.715495586395264,0.511485934257507,-2.77087688446045,29.15,24.5,4.65,"Medium"
"543",0.0517940483987331,0.0564483515918255,0.0154237085953355,0.00472013046965003,-0.832957684993744,-0.845667898654938,0.845667898654938,-0.797036111354828,0.161305472254753,0.740496218204498,0.510812044143677,-2.75042486190796,19.3,12.75,6.55,"Low"
"544",0.0508644580841064,0.0582759790122509,0.016616178676486,0.00425568502396345,-0.845585107803345,-0.863887012004852,0.863887012004852,-0.888312637805939,0.108588717877865,0.656319856643677,0.482246577739716,-2.71857690811157,32.6,28.5,4.1,"Medium"
"545",0.049799133092165,0.0561898127198219,0.0150676285848022,0.00437217578291893,-0.838579654693604,-0.855613231658936,0.855613231658936,-0.825274705886841,0.127013459801674,0.721939444541931,0.525174617767334,-2.71890234947205,37.75,34.25,3.5,"Medium"
"546",0.049799133092165,0.0561898127198219,0.0150676285848022,0.00437217578291893,-0.838579654693604,-0.855613231658936,0.855613231658936,-0.825274705886841,0.127013459801674,0.721939444541931,0.525174617767334,-2.71890234947205,25.6,16.5,9.1,"Medium"
"547",0.0508618243038654,0.0546220578253269,0.0160196758806705,0.00541764218360186,-0.807473599910736,-0.819531321525574,0.819531321525574,-0.741839528083801,0.178861320018768,0.688700795173645,0.447160214185715,-2.75337028503418,100,93,7,"High"
"548",0.0525948293507099,0.0555360466241837,0.0160199720412493,0.00413919147104025,-0.854084312915802,-0.861276090145111,0.861276090145111,-0.884023308753967,0.194343969225883,0.722189605236053,0.463739722967148,-2.7346351146698,80.5,75,5.5,"High"
"549",0.0508598238229752,0.0568387694656849,0.0155423646792769,0.0051848073489964,-0.814975798130035,-0.832811713218689,0.832811713218689,-0.749563694000244,0.135617822408676,0.715495586395264,0.511485934257507,-2.77087688446045,70.4,67.25,3.15,"High"
"550",0.0215117353945971,0.0337754115462303,0.0215787198394537,0.00592251680791378,-0.568239212036133,-0.701620876789093,0.701620876789093,-0.853936314582825,-0.159581378102303,-0.436080545186996,-0.275266855955124,-1.16191172599792,76.75,66.45,0.1,"High"
"551",0.0226148776710033,0.0348472073674202,0.0213393643498421,0.00627779588103294,-0.56544029712677,-0.69469690322876,0.69469690322876,-0.818054854869843,-0.143500253558159,-0.376175969839096,-0.234975874423981,-1.15884602069855,99.7,95.5,0,"High"
"552",0.0223397184163332,0.03431261703372,0.0220648795366287,0.00686652027070522,-0.529790878295898,-0.666504919528961,0.666504919528961,-0.787986040115356,-0.138951808214188,-0.418077856302261,-0.277565509080887,-1.1632661819458,54.5,47.5,0,"High"
"553",0.0208201874047518,0.0356416404247284,0.0216971132904291,0.00615618797019124,-0.543586730957031,-0.705430269241333,0.705430269241333,-0.836934447288513,-0.250666618347168,-0.473610103130341,-0.225925207138062,-1.16410732269287,93.2,92,0,"High"
"554",0.0201341025531292,0.0343067012727261,0.0208505354821682,0.00580299878492951,-0.552532970905304,-0.710643649101257,0.710643649101257,-0.846840977668762,-0.242715716362,-0.471810728311539,-0.231803804636002,-1.16037750244141,89.5,87.5,0,"High"
"555",0.0212278831750154,0.0365732349455357,0.0220577195286751,0.00639005098491907,-0.537253499031067,-0.702534317970276,0.702534317970276,-0.826128125190735,-0.259296536445618,-0.468840569257736,-0.213498577475548,-1.1624538898468,89,84,0,"High"
"556",0.0208201874047518,0.0356416404247284,0.0216971132904291,0.00615618797019124,-0.543586730957031,-0.705430269241333,0.705430269241333,-0.836934447288513,-0.250666618347168,-0.473610103130341,-0.225925207138062,-1.16410732269287,98,77.75,20.25,"High"
"557",0.0206871628761292,0.0360450893640518,0.0208525601774454,0.00745350774377584,-0.470267951488495,-0.657298922538757,0.657298922538757,-0.710044860839844,-0.269300937652588,-0.444798529148102,-0.182452663779259,-1.16487765312195,79.75,66,13.75,"High"
"558",0.0217850152403116,0.0377798303961754,0.0221829880028963,0.00686443084850907,-0.520798325538635,-0.692483186721802,0.692483186721802,-0.791045725345612,-0.268641620874405,-0.447957634925842,-0.185635179281235,-1.16808664798737,22.25,21.25,1,"Medium"
"559",0.0249453410506248,0.0379161611199379,0.0229109823703766,0.00627722311764956,-0.597904682159424,-0.715920209884644,0.715920209884644,-0.854819238185883,-0.1370889544487,-0.341138988733292,-0.208235338330269,-1.16687178611755,64.75,20.25,44.5,"High"
"560",0.0231661200523376,0.0400534905493259,0.024122565984726,0.00675007002428174,-0.548734664916992,-0.711557388305664,0.711557388305664,-0.84407252073288,-0.27064260840416,-0.460850268602371,-0.19521202147007,-1.17010021209717,99.25,87.25,12,"High"
"561",0.024943083524704,0.0349778048694134,0.0210951007902622,0.00686500174924731,-0.56834864616394,-0.671867072582245,0.671867072582245,-0.76341450214386,-0.0495742931962013,-0.26797416806221,-0.22189325094223,-1.15870118141174,96.5,72.25,23.25,"High"
"562",0.0233039855957031,0.0360509343445301,0.0229135379195213,0.00663247890770435,-0.556896328926086,-0.689224541187286,0.689224541187286,-0.826561093330383,-0.150366008281708,-0.409300595521927,-0.258770495653152,-1.16661751270294,56.25,43,13.25,"High"
"563",0.0223397184163332,0.03431261703372,0.0220648795366287,0.00686652027070522,-0.529790878295898,-0.666504919528961,0.666504919528961,-0.787986040115356,-0.138951808214188,-0.418077856302261,-0.277565509080887,-1.1632661819458,97.75,84.75,13,"High"
"564",0.0206871628761292,0.0360450893640518,0.0208525601774454,0.00745350774377584,-0.470267951488495,-0.657298922538757,0.657298922538757,-0.710044860839844,-0.269300937652588,-0.444798529148102,-0.182452663779259,-1.16487765312195,72,66,6,"High"
"565",0.0249453410506248,0.0379161611199379,0.0229109823703766,0.00627722311764956,-0.597904682159424,-0.715920209884644,0.715920209884644,-0.854819238185883,-0.1370889544487,-0.341138988733292,-0.208235338330269,-1.16687178611755,87,71.25,15.75,"High"
"566",0.0167244877666235,0.0282122101634741,0.0194566119462252,0.00940803065896034,-0.279975205659866,-0.499842077493668,0.499842077493668,-0.522191524505615,-0.215839952230453,-0.595968782901764,-0.371243357658386,-1.14209985733032,76.75,24.25,52.5,"High"
"567",0.0171345714479685,0.0279425512999296,0.0205446165055037,0.00881779473274946,-0.32046315073967,-0.520255088806152,0.520255088806152,-0.599073171615601,-0.181185111403465,-0.620015203952789,-0.425000071525574,-1.14264523983002,44.25,32.5,11.75,"Medium"
"568",0.0192005690187216,0.030219279229641,0.020546305924654,0.00870125647634268,-0.376294821500778,-0.552870690822601,0.552870690822601,-0.607489049434662,-0.152413338422775,-0.506246387958527,-0.34673735499382,-1.14161205291748,44.25,41.25,3,"Medium"
"569",0.018235269933939,0.0295484270900488,0.0209078676998615,0.00952469278126955,-0.313782006502151,-0.512468278408051,0.512468278408051,-0.561068892478943,-0.179614156484604,-0.573304057121277,-0.383342146873474,-1.14183485507965,64.25,50,14.25,"High"
"570",0.018235269933939,0.0295484270900488,0.0209078676998615,0.00952469278126955,-0.313782006502151,-0.512468278408051,0.512468278408051,-0.561068892478943,-0.179614156484604,-0.573304057121277,-0.383342146873474,-1.14183485507965,25,21.75,3.25,"Medium"
"571",0.0180950630456209,0.0294126570224762,0.0210273209959269,0.00834539067000151,-0.368740737438202,-0.55795431137085,0.55795431137085,-0.647638380527496,-0.182330906391144,-0.586076617240906,-0.392570436000824,-1.14183485507965,90.5,48,42.5,"High"
"572",0.024943083524704,0.0349778048694134,0.0210951007902622,0.00686500174924731,-0.56834864616394,-0.671867072582245,0.671867072582245,-0.76341450214386,-0.0495742931962013,-0.26797416806221,-0.22189325094223,-1.15870118141174,98.75,95.5,3.25,"High"
"573",0.0178143922239542,0.028873348608613,0.0216292850673199,0.00869635306298733,-0.343937486410141,-0.53705495595932,0.53705495595932,-0.63970285654068,-0.177864730358124,-0.626748859882355,-0.433980166912079,-1.14272391796112,99.5,47.25,52.25,"High"
"574",0.0182268582284451,0.0269993990659714,0.0210239514708519,0.00928535312414169,-0.325001329183578,-0.488195300102234,0.488195300102234,-0.580940306186676,-0.082096204161644,-0.578677356243134,-0.478050887584686,-1.1445130109787,100,45.5,54.5,"High"
"575",0.0171403419226408,0.0286159347742796,0.0201848242431879,0.00823128130286932,-0.351142704486847,-0.553220987319946,0.553220987319946,-0.630991280078888,-0.206710666418076,-0.604004740715027,-0.386850416660309,-1.14161825180054,77,54.5,22.5,"High"
"576",0.0185187384486198,0.0268781837075949,0.0210338793694973,0.00835037045180798,-0.378440827131271,-0.525931715965271,0.525931715965271,-0.647464632987976,-0.0613224506378174,-0.563209295272827,-0.482933640480042,-1.14122569561005,95,19.75,75.25,"High"
"577",0.0187910962849855,0.0276792775839567,0.0212743729352951,0.00858477875590324,-0.372821599245071,-0.526540637016296,0.526540637016296,-0.637472629547119,-0.0786188244819641,-0.558694839477539,-0.462789714336395,-1.14062476158142,90.86,20.57,70.29,"High"
"578",0.0181006025522947,0.0294167418032885,0.0209095515310764,0.00893693417310715,-0.338923931121826,-0.533972501754761,0.533972501754761,-0.60170990228653,-0.182175651192665,-0.580787897109985,-0.387874066829681,-1.14183485507965,98.5,49.25,49.25,"High"
"579",0.0187910962849855,0.0276792775839567,0.0212743729352951,0.00858477875590324,-0.372821599245071,-0.526540637016296,0.526540637016296,-0.637472629547119,-0.0786188244819641,-0.558694839477539,-0.462789714336395,-1.14062476158142,73.6,29.5,44.1,"High"
"580",0.018384063616395,0.0282187275588512,0.0194618254899979,0.00835164543241262,-0.375244140625,-0.543256223201752,0.543256223201752,-0.599179804325104,-0.121480621397495,-0.50159627199173,-0.371229767799377,-1.13898169994354,44,32,12,"Medium"
"581",0.0196241848170757,0.029959999024868,0.0205529797822237,0.00764597905799747,-0.439242154359818,-0.593363642692566,0.593363642692566,-0.686567962169647,-0.121232032775879,-0.484711647033691,-0.355617851018906,-1.13935470581055,97.75,50.25,47.5,"High"
"582",0.0170139204710722,0.0294268894940615,0.020796675235033,0.0071759270504117,-0.406699270009995,-0.607903003692627,0.607903003692627,-0.730397641658783,-0.244463592767715,-0.637899339199066,-0.383136838674545,-1.13947403430939,40.75,31,9.75,"Medium"
"583",0.019580265507102,0.0337694697082043,0.020485233515501,0.00662581948563457,-0.494329690933228,-0.671950876712799,0.671950876712799,-0.766813457012177,-0.253466725349426,-0.484023213386536,-0.233244761824608,-1.15987718105316,81.7,67.25,14.45,"High"
"584",0.0172917693853378,0.0311675872653723,0.0217665266245604,0.00811967439949512,-0.360943496227264,-0.586651027202606,0.586651027202606,-0.684940814971924,-0.290680170059204,-0.662136137485504,-0.362652987241745,-1.13981425762177,96.25,84.25,12,"High"
"585",0.0212908182293177,0.0334495529532433,0.0206853467971087,0.00741916429251432,-0.483164846897125,-0.636927008628845,0.636927008628845,-0.708045542240143,-0.159375175833702,-0.408893525600433,-0.250651776790619,-1.11145257949829,96.75,85,11.75,"High"
"586",0.020188644528389,0.0347836539149284,0.0199573617428541,0.00753567414358258,-0.456385254859924,-0.643866062164307,0.643866062164307,-0.677718222141266,-0.255005419254303,-0.430265486240387,-0.182470470666885,-1.11125493049622,100,88.75,11.25,"High"
"587",0.0212866924703121,0.0343819670379162,0.0203197542577982,0.00777071481570601,-0.465147405862808,-0.631306290626526,0.631306290626526,-0.67010486125946,-0.189428716897964,-0.39326798915863,-0.208688199520111,-1.1110475063324,98.5,88.75,9.75,"High"
"588",0.0212866924703121,0.0343819670379162,0.0203197542577982,0.00777071481570601,-0.465147405862808,-0.631306290626526,0.631306290626526,-0.67010486125946,-0.189428716897964,-0.39326798915863,-0.208688199520111,-1.1110475063324,90.25,38,52.25,"High"
"589",0.023765666410327,0.0355893783271313,0.0204450432211161,0.00718487659469247,-0.535718858242035,-0.664056003093719,0.664056003093719,-0.719880819320679,-0.116754047572613,-0.288561284542084,-0.179161101579666,-1.11145329475403,81.3,72.8,0,"High"
"590",0.0212971158325672,0.0306468140333891,0.0202048420906067,0.00695065455511212,-0.507879436016083,-0.630259454250336,0.630259454250336,-0.73212730884552,-0.0640391483902931,-0.387747287750244,-0.319089770317078,-1.11145401000977,30.5,26.5,0,"Medium"
"591",0.0214329492300749,0.0315816476941109,0.0206880867481232,0.00694997562095523,-0.510270655155182,-0.639258623123169,0.639258623123169,-0.74560821056366,-0.0903145596385002,-0.402357518672943,-0.308221489191055,-1.11145031452179,101.2,96.5,2.5,"High"
"592",0.023765666410327,0.0355893783271313,0.0204450432211161,0.00718487659469247,-0.535718858242035,-0.664056003093719,0.664056003093719,-0.719880819320679,-0.116754047572613,-0.288561284542084,-0.179161101579666,-1.11145329475403,90.1,77.2,0,"High"
"593",0.0210239067673683,0.0317175723612309,0.0192373469471931,0.00742257246747613,-0.478137701749802,-0.62071818113327,0.62071818113327,-0.664749264717102,-0.114248029887676,-0.357128351926804,-0.244930863380432,-1.11161530017853,95.7,94.3,0,"High"
"594",0.019580265507102,0.0337694697082043,0.020485233515501,0.00662581948563457,-0.494329690933228,-0.671950876712799,0.671950876712799,-0.766813457012177,-0.253466725349426,-0.484023213386536,-0.233244761824608,-1.15987718105316,96,71.75,24.25,"High"
"595",0.0207395143806934,0.0322454087436199,0.0200791675597429,0.00682936608791351,-0.504559755325317,-0.65044629573822,0.65044629573822,-0.738602221012115,-0.145792558789253,-0.408742964267731,-0.263179838657379,-1.11288332939148,5,5,0,"Low"
"596",0.0197806339710951,0.0318465605378151,0.0200809463858604,0.00859780237078667,-0.394060879945755,-0.5748330950737,0.5748330950737,-0.600609064102173,-0.179612636566162,-0.456158965826035,-0.275698006153107,-1.11159789562225,89.8,77.8,0,"High"
"597",0.0246837381273508,0.0411252118647099,0.0255758948624134,0.00663342839106917,-0.576371073722839,-0.722210347652435,0.722210347652435,-0.882157623767853,-0.235866665840149,-0.449295908212662,-0.216278284788132,-1.112380027771,51,41,0,"High"
"598",0.0261963028460741,0.0447265319526196,0.0248527489602566,0.00639958120882511,-0.607338070869446,-0.749655067920685,0.749655067920685,-0.885686039924622,-0.267562419176102,-0.364377617835999,-0.109058856964111,-1.112380027771,23,17.5,0,"Medium"
"599",0.0261963028460741,0.0447265319526196,0.0248527489602566,0.00639958120882511,-0.607338070869446,-0.749655067920685,0.749655067920685,-0.885686039924622,-0.267562419176102,-0.364377617835999,-0.109058856964111,-1.112380027771,44,28,0,"Medium"
"600",0.0248207338154316,0.0415249988436699,0.025212861597538,0.00627971766516566,-0.596165478229523,-0.737276256084442,0.737276256084442,-0.901790738105774,-0.240838751196861,-0.431078732013702,-0.195003509521484,-1.11236727237701,50,38.5,0,"High"
"601",0.0249536689370871,0.039788581430912,0.0249688290059566,0.00733802653849125,-0.545516192913055,-0.688582420349121,0.688582420349121,-0.81859415769577,-0.189105719327927,-0.417108952999115,-0.229826986789703,-1.1126846075058,75.8,72,0,"High"
"602",0.0244007986038923,0.0393855683505535,0.0231527164578438,0.00509832054376602,-0.654340803623199,-0.770779013633728,0.770779013633728,-0.958605289459229,-0.200454145669937,-0.372521281242371,-0.178730070590973,-1.11357927322388,62.3,55.2,0.1,"High"
"603",0.0255024023354053,0.040455661714077,0.0244855377823114,0.00557162007316947,-0.641396939754486,-0.757899224758148,0.757899224758148,-0.943897485733032,-0.185411348938942,-0.378017693758011,-0.19734014570713,-1.11268556118011,73.2,64.7,0,"High"
"604",0.0201341025531292,0.0343067012727261,0.0208505354821682,0.00580299878492951,-0.552532970905304,-0.710643649101257,0.710643649101257,-0.846840977668762,-0.242715716362,-0.471810728311539,-0.231803804636002,-1.16037750244141,64,57,0,"High"
"605",0.0242595840245485,0.0397831164300442,0.0235136281698942,0.00651050638407469,-0.576828896999359,-0.718729853630066,0.718729853630066,-0.84947270154953,-0.217165648937225,-0.392047584056854,-0.181238457560539,-1.11408960819244,39.1,34.1,0,"Medium"
"606",0.0241347849369049,0.0395245365798473,0.0224314071238041,0.00533720385283232,-0.637811779975891,-0.76205986738205,0.76205986738205,-0.923391699790955,-0.215241134166718,-0.355405271053314,-0.149525493383408,-1.11218190193176,90,88.5,0,"High"
"607",0.0244090519845486,0.0405914038419724,0.0232778415083885,0.00510142277926207,-0.654263615608215,-0.776707947254181,0.776707947254181,-0.960723578929901,-0.232867926359177,-0.376964539289474,-0.152946755290031,-1.11151731014252,74.25,61,13.25,"High"
"608",0.0271471980959177,0.0423218868672848,0.0265400502830744,0.00557088572531939,-0.659461379051208,-0.767360091209412,0.767360091209412,-0.979533791542053,-0.171888783574104,-0.386994659900665,-0.217622622847557,-1.11201977729797,58,31.5,26.5,"High"
"609",0.024949299171567,0.0407191142439842,0.0239989068359137,0.00545135838910937,-0.641365766525269,-0.763859510421753,0.763859510421753,-0.944688379764557,-0.214387863874435,-0.382136017084122,-0.17455980181694,-1.11339497566223,21.1,20.1,0,"Medium"
"610",0.0239891484379768,0.0376509316265583,0.0226687490940094,0.00498033175244927,-0.656166970729828,-0.766353070735931,0.766353070735931,-0.959620535373688,-0.16855064034462,-0.370795071125031,-0.206630125641823,-1.11354172229767,99.7,93.7,0,"High"
"611",0.0249536689370871,0.039788581430912,0.0249688290059566,0.00733802653849125,-0.545516192913055,-0.688582420349121,0.688582420349121,-0.81859415769577,-0.189105719327927,-0.417108952999115,-0.229826986789703,-1.1126846075058,100,92,0,"High"
"612",0.0255147814750671,0.0400638319551945,0.0227989926934242,0.00475186808034778,-0.685999751091003,-0.787937343120575,0.787937343120575,-0.982571363449097,-0.174355909228325,-0.314221143722534,-0.14916267991066,-1.11236643791199,35.3,29.1,0.6,"Medium"
"613",0.0241475291550159,0.0412667617201805,0.0218336880207062,0.005106998141855,-0.65085756778717,-0.779746234416962,0.779746234416962,-0.931306421756744,-0.261560946702957,-0.330917745828629,-0.084474191069603,-1.11222445964813,27,23,0,"Medium"
"614",0.0222264211624861,0.0387327335774899,0.0212286859750748,0.00522460648790002,-0.619350731372833,-0.762287437915802,0.762287437915802,-0.907490789890289,-0.275635540485382,-0.388889074325562,-0.125044211745262,-1.11201667785645,58.2,49.5,5.5,"High"
"615",0.0206871628761292,0.0360450893640518,0.0208525601774454,0.00745350774377584,-0.470267951488495,-0.657298922538757,0.657298922538757,-0.710044860839844,-0.269300937652588,-0.444798529148102,-0.182452663779259,-1.16487765312195,51,44,0,"High"
"616",0.0233241897076368,0.0375318080186844,0.0215913988649845,0.00475323712453246,-0.661419332027435,-0.775181174278259,0.775181174278259,-0.958724319934845,-0.193219602108002,-0.355709254741669,-0.170287773013115,-1.11131858825684,51,40.5,9,"High"
"617",0.0242802184075117,0.0376622453331947,0.0220727566629648,0.00557588646188378,-0.626482665538788,-0.742084741592407,0.742084741592407,-0.89499169588089,-0.156816557049751,-0.335098713636398,-0.184710115194321,-1.11151731014252,97.5,89.9,7.6,"High"
"618",0.0244132652878761,0.0391271077096462,0.0213448628783226,0.00533875124529004,-0.641116678714752,-0.759871900081635,0.759871900081635,-0.899771928787231,-0.192792847752571,-0.299885869026184,-0.119342416524887,-1.11151731014252,32.2,19.2,0,"Medium"
"619",0.0226135663688183,0.0353804714977741,0.0224274694919586,0.00674854964017868,-0.540322661399841,-0.679624676704407,0.679624676704407,-0.80608594417572,-0.160052165389061,-0.420353680849075,-0.260144680738449,-1.16513335704803,104.5,100,0,"High"
"620",0.02248121984303,0.0344491302967072,0.0220671705901623,0.00639710621908307,-0.556961417198181,-0.686771333217621,0.686771333217621,-0.825775265693665,-0.136950016021729,-0.41185587644577,-0.273679137229919,-1.16426753997803,92,85.5,0,"High"
"621",0.0716301500797272,0.103805050253868,0.0394474044442177,0.00286029791459441,-0.923203647136688,-0.946368753910065,0.946368753910065,-1.29717886447906,-0.176065385341644,0.231665819883347,0.357999742031097,-1.74799263477325,13.4,2.3,11.1,"Low"
"622",0.0745646134018898,0.108482524752617,0.0405220203101635,0.00250891246832907,-0.934895634651184,-0.954790890216827,0.954790890216827,-1.32508540153503,-0.183782681822777,0.24797211587429,0.380264669656754,-1.74797296524048,17.3,6.1,11.05,"Low"
"623",0.0768326595425606,0.109781563282013,0.0413587279617786,0.00297680869698524,-0.925402104854584,-0.947200238704681,0.947200238704681,-1.29857182502747,-0.166746765375137,0.259804755449295,0.375583857297897,-1.74799239635468,14.85,9.5,5.35,"Low"
"624",0.0762988701462746,0.110690176486969,0.0417171642184258,0.00250926637090743,-0.936319589614868,-0.955666482448578,0.955666482448578,-1.32978963851929,-0.18267023563385,0.245177865028381,0.376824200153351,-1.74549198150635,23.3,10.25,13.05,"Medium"
"625",0.0748322531580925,0.107963256537914,0.041478518396616,0.00274334289133549,-0.929273068904877,-0.950439393520355,0.950439393520355,-1.31389236450195,-0.174988687038422,0.230858191847801,0.356535345315933,-1.74547231197357,26.55,10.5,16.05,"Medium"
"626",0.0669502392411232,0.101462468504906,0.0394468232989311,0.00286010419949889,-0.918060719966888,-0.945168077945709,0.945168077945709,-1.29718899726868,-0.218841910362244,0.164112463593483,0.335186034440994,-1.74426829814911,31.45,9.5,21.2,"Medium"
"627",0.0725652500987053,0.106794834136963,0.0410015285015106,0.00403002835810184,-0.894770860671997,-0.927272140979767,0.927272140979767,-1.23151969909668,-0.193933740258217,0.210356190800667,0.355039417743683,-1.74538743495941,25.45,4.5,18.7,"Medium"
"628",0.0673498213291168,0.100420668721199,0.0380118899047375,0.00285970559343696,-0.918537974357605,-0.944622457027435,0.944622457027435,-1.29009592533112,-0.201682239770889,0.202935263514519,0.354932963848114,-1.74421429634094,22.95,11.75,11.2,"Medium"
"629",0.0674818977713585,0.0976861342787743,0.0366961993277073,0.00391144491732121,-0.890425503253937,-0.923001229763031,0.923001229763031,-1.21103143692017,-0.169738873839378,0.236144304275513,0.35590848326683,-1.74421429634094,21.9,9.25,12.65,"Medium"
"630",0.0716235041618347,0.104971490800381,0.0384891219437122,0.00344369281083345,-0.908250391483307,-0.936472117900848,0.936472117900848,-1.25362777709961,-0.188293933868408,0.253389894962311,0.389129549264908,-1.74421441555023,16,5.75,10.25,"Low"
"631",0.0745608061552048,0.108869962394238,0.0426716767251492,0.00379464705474675,-0.903142750263214,-0.932638168334961,0.932638168334961,-1.25500667095184,-0.187705591320992,0.202065393328667,0.341886103153229,-1.74421858787537,5.75,3.5,2.25,"Low"
"632",0.0697622075676918,0.103025980293751,0.0392092950642109,0.00344547722488642,-0.905871152877808,-0.935278832912445,0.935278832912445,-1.25767230987549,-0.194307327270508,0.210613220930099,0.355379164218903,-1.74820351600647,31.75,3.75,28,"Medium"
"633",0.0757597908377647,0.110297575592995,0.0414764173328876,0.00367734837345779,-0.90741491317749,-0.935470938682556,0.935470938682556,-1.25567829608917,-0.185901761054993,0.243221819400787,0.377967447042465,-1.74378991127014,20.35,18,2.35,"Medium"
"634",0.0769589692354202,0.113931015133858,0.0419540144503117,0.00297577236779034,-0.92554497718811,-0.949091553688049,0.949091553688049,-1.30130517482758,-0.205397337675095,0.24876968562603,0.401088267564774,-1.74259698390961,16,10.15,5.85,"Low"
"635",0.0797619447112083,0.118082642555237,0.044344712048769,0.00332778762094676,-0.919898927211761,-0.94518119096756,0.94518119096756,-1.29058444499969,-0.208494871854782,0.235379576683044,0.391909927129745,-1.74422705173492,26.35,6.5,19.85,"Medium"
"636",0.0802953243255615,0.115749374032021,0.0449420884251595,0.00356184202246368,-0.91504979133606,-0.940293252468109,0.940293252468109,-1.27969777584076,-0.180155113339424,0.230173528194427,0.361094236373901,-1.74422705173492,15.95,7,8.95,"Low"
"637",0.0735004842281342,0.110302180051804,0.0405242070555687,0.00274470006115735,-0.928003311157227,-0.951441407203674,0.951441407203674,-1.30969941616058,-0.216222792863846,0.233550190925598,0.396855473518372,-1.74427175521851,10.5,4.25,6.25,"Low"
"638",0.0714982599020004,0.104715898633003,0.0401657111942768,0.00379673251882195,-0.899150490760803,-0.930022299289703,0.930022299289703,-1.24091076850891,-0.187396481633186,0.213814198970795,0.352093130350113,-1.74530398845673,48.6,20.5,28.1,"Medium"
"639",0.0769717320799828,0.111991412937641,0.0424366854131222,0.00332967448048294,-0.91707056760788,-0.942253828048706,0.942253828048706,-1.28173875808716,-0.186582952737808,0.238787546753883,0.374635100364685,-1.74817228317261,21.65,8.5,13.15,"Medium"
"640",0.0730976238846779,0.10510440915823,0.040164478123188,0.00379583798348904,-0.90127021074295,-0.930287778377533,0.930287778377533,-1.24095928668976,-0.169295683503151,0.235964193940163,0.355821341276169,-1.744269490242,13.75,5.75,8,"Low"
"641",0.0793642997741699,0.115101806819439,0.0430315323174,0.0023928084410727,-0.941465437412262,-0.959269464015961,0.959269464015961,-1.34196960926056,-0.185724794864655,0.257049143314362,0.39073458313942,-1.74422705173492,15.75,6.25,9.5,"Low"
"642",0.0804305076599121,0.117954418063164,0.0445844419300556,0.00286070886068046,-0.931308269500732,-0.952643215656281,0.952643215656281,-1.31911480426788,-0.198967844247818,0.238943666219711,0.386448532342911,-1.74422705173492,11.35,6.35,5,"Low"
"643",0.073635533452034,0.111471638083458,0.0417189747095108,0.00391332665458322,-0.899074554443359,-0.932169198989868,0.932169198989868,-1.24272656440735,-0.225841164588928,0.209608942270279,0.383824080228806,-1.74846386909485,26.65,20.25,6.4,"Medium"
"644",0.0797619447112083,0.118082642555237,0.044344712048769,0.00332778762094676,-0.919898927211761,-0.94518119096756,0.94518119096756,-1.29058444499969,-0.208494871854782,0.235379576683044,0.391909927129745,-1.74422705173492,20.75,6.75,14,"Medium"
"645",0.0832219421863556,0.116785556077957,0.0443441160023212,0.00473014311864972,-0.892438173294067,-0.922147631645203,0.922147631645203,-1.21083760261536,-0.154034495353699,0.277856022119522,0.380875468254089,-1.74377751350403,14.8,5,9.8,"Low"
"646",0.0769589692354202,0.113931015133858,0.0419540144503117,0.00297577236779034,-0.92554497718811,-0.949091553688049,0.949091553688049,-1.30130517482758,-0.205397337675095,0.24876968562603,0.401088267564774,-1.74259698390961,10.5,8.5,1.5,"Low"
"647",0.0792237222194672,0.117820650339127,0.0431482717394829,0.00414464669302106,-0.900570273399353,-0.932035624980927,0.932035624980927,-1.23708665370941,-0.212853267788887,0.252872854471207,0.411882758140564,-1.7424613237381,65.5,58,7.5,"High"
"648",0.0821546614170074,0.116006210446358,0.0447014756500721,0.003443747991696,-0.919537127017975,-0.942339897155762,0.942339897155762,-1.28541493415833,-0.15967008471489,0.257828027009964,0.367666721343994,-1.7424613237381,8.7,5.7,3,"Low"
"649",0.0781582593917847,0.114449620246887,0.0432680174708366,0.003443498397246,-0.915602326393127,-0.941582679748535,0.941582679748535,-1.27884483337402,-0.194866433739662,0.236874237656593,0.380605101585388,-1.7424613237381,36.75,32.5,4.25,"Medium"
"650",0.0808211117982864,0.118208937346935,0.0462528131902218,0.0028585665859282,-0.931678354740143,-0.952777326107025,0.952777326107025,-1.32538259029388,-0.196464121341705,0.211197510361671,0.358793526887894,-1.7424613237381,9.5,6.25,3.25,"Low"
"651",0.0745523795485497,0.108475744724274,0.0429075844585896,0.00297442823648453,-0.923267126083374,-0.946623146533966,0.946623146533966,-1.30551671981812,-0.183878883719444,0.197061434388161,0.333784848451614,-1.74328255653381,16.1,11.5,4.35,"Low"
"652",0.0709455758333206,0.104706004261971,0.0398001968860626,0.00238921004347503,-0.93484103679657,-0.955381572246552,0.955381572246552,-1.33010828495026,-0.195053920149803,0.21416412293911,0.359416753053665,-1.74388241767883,17.2,7.1,10.1,"Low"
"653",0.0762848630547523,0.111461453139782,0.0407565087080002,0.00414306297898293,-0.896974503993988,-0.92832350730896,0.92832350730896,-1.22317802906036,-0.190395101904869,0.265661865472794,0.402672350406647,-1.74388360977173,21.65,11.85,9.8,"Medium"
"654",0.0761687010526657,0.110042698681355,0.0418378375470638,0.00391292991116643,-0.902276456356049,-0.931325376033783,0.931325376033783,-1.24341869354248,-0.178006246685982,0.240907907485962,0.368613719940186,-1.74846386909485,25.8,15.75,10.05,"Medium"
"655",0.0768134593963623,0.113275818526745,0.041830025613308,0.00273900991305709,-0.931139528751373,-0.952781736850739,0.952781736850739,-1.31563365459442,-0.201026156544685,0.249502822756767,0.397722512483597,-1.74409520626068,14.1,10.8,3.2,"Low"
"656",0.0818789452314377,0.122091524302959,0.0467276833951473,0.0036751686129719,-0.914085507392883,-0.941555798053741,0.941555798053741,-1.28125238418579,-0.218558743596077,0.215139582753181,0.382822245359421,-1.74184095859528,31.75,25.25,6.5,"Medium"
"657",0.0800152495503426,0.119501195847988,0.0441010855138302,0.0040261191315949,-0.904187202453613,-0.934814095497131,0.934814095497131,-1.2490326166153,-0.218293398618698,0.243437573313713,0.408321887254715,-1.7340030670166,12.4,4.25,8.15,"Low"
"658",0.0788168013095856,0.11613142490387,0.0433847829699516,0.00344186136499047,-0.916316151618958,-0.942430913448334,0.942430913448334,-1.27949345111847,-0.202319115400314,0.24287386238575,0.393006026744843,-1.73298740386963,19.25,6.75,12.5,"Low"
"659",0.0748206153512001,0.108736142516136,0.0408775322139263,0.00402740808203816,-0.897843778133392,-0.928568959236145,0.928568959236145,-1.23093771934509,-0.182891353964806,0.243650406599045,0.375511795282364,-1.73079764842987,14.05,2,12.05,"Low"
"660",0.0657366737723351,0.101066738367081,0.0392047986388206,0.00355995749123394,-0.897254526615143,-0.931949317455292,0.931949317455292,-1.2502646446228,-0.232890412211418,0.151279509067535,0.336272090673447,-1.73253846168518,31.5,1.8,29.7,"Medium"
"661",0.0819971039891243,0.12350732088089,0.0455293320119381,0.00367294996976852,-0.91425359249115,-0.942240238189697,0.942240238189697,-1.27604997158051,-0.229638323187828,0.239629298448563,0.415433138608932,-1.7520991563797,4.45,3.25,1.2,"Bare"
"662",0.0841290578246117,0.127519711852074,0.045411117374897,0.00425833789631724,-0.903643786907196,-0.935371041297913,0.935371041297913,-1.24279940128326,-0.238691940903664,0.267603784799576,0.449513286352158,-1.7520991563797,11.3,7,4.3,"Low"
"663",0.0849287137389183,0.129330724477768,0.0485154651105404,0.00355734117329121,-0.919595420360565,-0.946461081504822,0.946461081504822,-1.29505574703217,-0.244547173380852,0.218401879072189,0.409957647323608,-1.74922311306,7.5,5,2,"Low"
"664",0.0850627049803734,0.127003729343414,0.048754446208477,0.00297295837663114,-0.932460129261017,-0.954253971576691,0.954253971576691,-1.32757925987244,-0.223251864314079,0.215619161725044,0.387813925743103,-1.74375450611115,27.35,23.55,3.8,"Medium"
"665",0.0790974795818329,0.113415405154228,0.0429114587605,0.00297666084952652,-0.927464127540588,-0.948851108551025,0.948851108551025,-1.30539667606354,-0.17306250333786,0.256160378456116,0.378242194652557,-1.74523174762726,17.55,14.7,2.85,"Low"
"666",0.0646573603153229,0.0976772457361221,0.0363344363868237,0.00262498762458563,-0.921970963478088,-0.94765841960907,0.94765841960907,-1.2978675365448,-0.212397485971451,0.202175885438919,0.363856703042984,-1.75252068042755,41.65,40.5,0.9,"Medium"
"667",0.0571551397442818,0.089075431227684,0.0304731801152229,0.00379417836666107,-0.875497281551361,-0.918290197849274,0.918290197849274,-1.16783154010773,-0.235612124204636,0.234906420111656,0.414420813322067,-1.7491466999054,64,62,2,"High"
"668",0.0623834654688835,0.0950733870267868,0.0360958874225616,0.002625284017995,-0.919232904911041,-0.946257531642914,0.946257531642914,-1.29660093784332,-0.21885447204113,0.17221774160862,0.342182159423828,-1.74249589443207,11,6,5,"Low"
"669",0.0796126648783684,0.119369253516197,0.0412348806858063,0.00356002803891897,-0.914394319057465,-0.942080080509186,0.942080080509186,-1.26157820224762,-0.222137674689293,0.298008620738983,0.461746424436569,-1.74085223674774,17,5,12,"Low"
"670",0.0765456855297089,0.117165215313435,0.0389637798070908,0.00285820197314024,-0.928008496761322,-0.952372610569,0.952372610569,-1.29497373104095,-0.241182714700699,0.308980941772461,0.489079982042313,-1.74721968173981,10,6,3,"Low"
"671",0.0802744999527931,0.123381823301315,0.0435030870139599,0.00355908600613475,-0.915091633796692,-0.943925321102142,0.943925321102142,-1.27312445640564,-0.249766126275063,0.258783906698227,0.45135760307312,-1.75775182247162,11,5,5,"Low"
"672",0.082536906003952,0.12325181812048,0.0463686436414719,0.00390963675454259,-0.909547865390778,-0.938509106636047,0.938509106636047,-1.2667201757431,-0.220827639102936,0.229985982179642,0.398539811372757,-1.76296484470367,18,9,8,"Low"
"673",0.0808051899075508,0.123251259326935,0.0442190691828728,0.00355879007838666,-0.915632486343384,-0.943872094154358,0.943872094154358,-1.27654147148132,-0.242027059197426,0.250891357660294,0.437052577733994,-1.7696750164032,16,8,9,"Low"
"674",0.0838686972856522,0.122605010867119,0.0446976460516453,0.00309182400815189,-0.92889130115509,-0.950805068016052,0.950805068016052,-1.30590975284576,-0.199106261134148,0.278552889823914,0.423060417175293,-1.76307642459869,23,15,7,"Medium"
"675",0.0671998113393784,0.100541278719902,0.0370521247386932,0.00192374980542809,-0.944338798522949,-0.962450623512268,0.962450623512268,-1.35192763805389,-0.20521567761898,0.223392322659492,0.376884698867798,-1.75256443023682,47,45,1,"Medium"
"676",0.0796282067894936,0.116008467972279,0.0432688891887665,0.00285910186357796,-0.930677771568298,-0.951894342899323,0.951894342899323,-1.31405425071716,-0.190926432609558,0.255489021539688,0.394117206335068,-1.74376893043518,14.55,11.15,3.3,"Low"
"677",0.0646602809429169,0.0992410480976105,0.0362161211669445,0.00414560874924064,-0.879498422145844,-0.9198037981987,0.9198037981987,-1.19186592102051,-0.229602202773094,0.205114513635635,0.382386386394501,-1.74934637546539,39,37,2,"Medium"
"678",0.0737501457333565,0.1074348539114,0.0371735505759716,0.00262653967365623,-0.931221425533295,-0.952271342277527,0.952271342277527,-1.30202007293701,-0.18422619998455,0.313502341508865,0.440546095371246,-1.74293613433838,35.5,31.5,3.5,"Medium"
"679",0.079486146569252,0.117687858641148,0.0415963605046272,0.00356231862679124,-0.914211094379425,-0.941240191459656,0.941240191459656,-1.26334655284882,-0.208321556448936,0.288675159215927,0.440478146076202,-1.73799932003021,5.5,4,1,"Low"
"680",0.0828169733285904,0.12325881421566,0.0452997460961342,0.00449810922145844,-0.896968305110931,-0.929583311080933,0.929583311080933,-1.22901785373688,-0.217501789331436,0.254063159227371,0.417521178722382,-1.73448801040649,26.1,17.25,8.85,"Medium"
"681",0.0833529382944107,0.121966019272804,0.0467338673770428,0.0028626003768295,-0.933594346046448,-0.954135537147522,0.954135537147522,-1.32684648036957,-0.199599757790565,0.232864171266556,0.381686359643936,-1.72722637653351,11.25,7.25,4,"Low"
"682",0.0848183333873749,0.122485011816025,0.0470928698778152,0.00286325020715594,-0.934689819812775,-0.954315304756165,0.954315304756165,-1.32805407047272,-0.186783507466316,0.243503257632256,0.379722952842712,-1.72662436962128,4.95,2.1,2.85,"Bare"
"683",0.0821611285209656,0.123134210705757,0.0472137033939362,0.00298120244406164,-0.92997133731842,-0.952722609043121,0.952722609043121,-1.32182240486145,-0.224354058504105,0.209400504827499,0.382929801940918,-1.72023177146912,9.2,3.6,5.6,"Low"
"684",0.0814961269497871,0.121321797370911,0.04602025821805,0.00379974045790732,-0.910904467105865,-0.939263224601746,0.939263224601746,-1.27119183540344,-0.216376408934593,0.223986461758614,0.388876497745514,-1.72011995315552,32.7,28.75,3.45,"Medium"
"685",0.0771011039614677,0.113804742693901,0.0429161228239536,0.00403402047231793,-0.900560438632965,-0.931533217430115,0.931533217430115,-1.24223589897156,-0.202347785234451,0.230500549077988,0.381580978631973,-1.72514641284943,19.75,4.75,15,"Low"
"686",0.0633439719676971,0.0982114896178246,0.0375402607023716,0.00321665336377919,-0.903346657752991,-0.936572790145874,0.936572790145874,-1.26323127746582,-0.238843649625778,0.15269061923027,0.342819064855576,-1.71981608867645,37.45,0.35,37.1,"Medium"
"687",0.077363133430481,0.11341454833746,0.0430300012230873,0.00239134370349348,-0.940032362937927,-0.958700835704803,0.958700835704803,-1.34205591678619,-0.195224955677986,0.2315424233675,0.375996112823486,-1.74505698680878,20.8,16.7,4.1,"Medium"
"688",0.0720364600419998,0.106666646897793,0.0413653254508972,0.00426933309063315,-0.888099372386932,-0.92303067445755,0.92303067445755,-1.21933615207672,-0.199943125247955,0.195205822587013,0.34667032957077,-1.71596479415894,14.5,5,9.5,"Low"
"689",0.0813712254166603,0.121196337044239,0.0467400662600994,0.00368552911095321,-0.913339555263519,-0.940975725650787,0.940975725650787,-1.28073465824127,-0.216786503791809,0.208684355020523,0.375248104333878,-1.70814454555511,14.75,6.75,8,"Low"
"690",0.0804423466324806,0.118866294622421,0.0469799749553204,0.00356943043880165,-0.915025472640991,-0.941693007946014,0.941693007946014,-1.28816187381744,-0.207184389233589,0.192661538720131,0.351681172847748,-1.69197034835815,6.25,5.5,0.75,"Low"
"691",0.0825750529766083,0.123529724776745,0.0476972907781601,0.00415477436035872,-0.904190421104431,-0.934921264648438,0.934921264648438,-1.25961756706238,-0.222811624407768,0.205385580658913,0.377867698669434,-1.7004132270813,10.85,7.25,2.85,"Low"
"692",0.0718847140669823,0.102887831628323,0.0399212166666985,0.00320854084566236,-0.914545178413391,-0.939516484737396,0.939516484737396,-1.27682173252106,-0.162878826260567,0.224621325731277,0.339436054229736,-1.74244451522827,13.65,7.75,5.4,"Low"
"693",0.0697484239935875,0.103928774595261,0.0388458706438541,0.00274105113931,-0.924373805522919,-0.948606789112091,0.948606789112091,-1.30226588249207,-0.203980326652527,0.218676641583443,0.371660023927689,-1.74243700504303,13.35,5.25,8.1,"Low"
"694",0.0697484239935875,0.103928774595261,0.0388458706438541,0.00274105113931,-0.924373805522919,-0.948606789112091,0.948606789112091,-1.30226588249207,-0.203980326652527,0.218676641583443,0.371660023927689,-1.74243700504303,5.1,1.6,3.5,"Low"
"695",0.0697484239935875,0.103928774595261,0.0388458706438541,0.00274105113931,-0.924373805522919,-0.948606789112091,0.948606789112091,-1.30226588249207,-0.203980326652527,0.218676641583443,0.371660023927689,-1.74243700504303,9.15,3.2,5.95,"Low"
"696",0.0697484239935875,0.103928774595261,0.0388458706438541,0.00274105113931,-0.924373805522919,-0.948606789112091,0.948606789112091,-1.30226588249207,-0.203980326652527,0.218676641583443,0.371660023927689,-1.74243700504303,25.1,19,5.35,"Medium"
"697",0.0697484239935875,0.103928774595261,0.0388458706438541,0.00274105113931,-0.924373805522919,-0.948606789112091,0.948606789112091,-1.30226588249207,-0.203980326652527,0.218676641583443,0.371660023927689,-1.74243700504303,9.7,7.5,2.2,"Low"
"698",0.0785621181130409,0.113025024533272,0.0424324311316013,0.00274183670990169,-0.93255341053009,-0.952631771564484,0.952631771564484,-1.31791603565216,-0.176109194755554,0.25932788848877,0.383903503417969,-1.74507677555084,27.55,24.75,2.55,"Medium"
"699",0.0697484239935875,0.103928774595261,0.0388458706438541,0.00274105113931,-0.924373805522919,-0.948606789112091,0.948606789112091,-1.30226588249207,-0.203980326652527,0.218676641583443,0.371660023927689,-1.74243700504303,12.95,9.5,3.2,"Low"
"700",0.0697484239935875,0.103928774595261,0.0388458706438541,0.00274105113931,-0.924373805522919,-0.948606789112091,0.948606789112091,-1.30226588249207,-0.203980326652527,0.218676641583443,0.371660023927689,-1.74243700504303,18.95,6.1,12.85,"Low"
"701",0.0697484239935875,0.103928774595261,0.0388458706438541,0.00274105113931,-0.924373805522919,-0.948606789112091,0.948606789112091,-1.30226588249207,-0.203980326652527,0.218676641583443,0.371660023927689,-1.74243700504303,22.5,6.75,15.75,"Medium"
"702",0.0697484239935875,0.103928774595261,0.0388458706438541,0.00274105113931,-0.924373805522919,-0.948606789112091,0.948606789112091,-1.30226588249207,-0.203980326652527,0.218676641583443,0.371660023927689,-1.74243700504303,23,5.75,17.25,"Medium"
"703",0.0697484239935875,0.103928774595261,0.0388458706438541,0.00274105113931,-0.924373805522919,-0.948606789112091,0.948606789112091,-1.30226588249207,-0.203980326652527,0.218676641583443,0.371660023927689,-1.74243700504303,26,2,24,"Medium"
"704",0.0697484239935875,0.103928774595261,0.0388458706438541,0.00274105113931,-0.924373805522919,-0.948606789112091,0.948606789112091,-1.30226588249207,-0.203980326652527,0.218676641583443,0.371660023927689,-1.74243700504303,21.35,8.85,12.5,"Medium"
"705",0.0697484239935875,0.103928774595261,0.0388458706438541,0.00274105113931,-0.924373805522919,-0.948606789112091,0.948606789112091,-1.30226588249207,-0.203980326652527,0.218676641583443,0.371660023927689,-1.74243700504303,20.25,15.75,3.25,"Medium"
"706",0.0697484239935875,0.103928774595261,0.0388458706438541,0.00274105113931,-0.924373805522919,-0.948606789112091,0.948606789112091,-1.30226588249207,-0.203980326652527,0.218676641583443,0.371660023927689,-1.74243700504303,15.6,5.6,8.5,"Low"
"707",0.0697484239935875,0.103928774595261,0.0388458706438541,0.00274105113931,-0.924373805522919,-0.948606789112091,0.948606789112091,-1.30226588249207,-0.203980326652527,0.218676641583443,0.371660023927689,-1.74243700504303,8.96,3.36,5.6,"Low"
"708",0.0697484239935875,0.103928774595261,0.0388458706438541,0.00274105113931,-0.924373805522919,-0.948606789112091,0.948606789112091,-1.30226588249207,-0.203980326652527,0.218676641583443,0.371660023927689,-1.74243700504303,7.1,1.85,5.25,"Low"
"709",0.0769663900136948,0.10705403983593,0.0408807806670666,0.0033274267334491,-0.917118728160858,-0.939710438251495,0.939710438251495,-1.27419853210449,-0.137683868408203,0.271855294704437,0.359856814146042,-1.74797296524048,6.85,4.45,2.4,"Low"
"710",0.0697484239935875,0.103928774595261,0.0388458706438541,0.00274105113931,-0.924373805522919,-0.948606789112091,0.948606789112091,-1.30226588249207,-0.203980326652527,0.218676641583443,0.371660023927689,-1.74243700504303,9.95,5,4.7,"Low"
"711",0.0697484239935875,0.103928774595261,0.0388458706438541,0.00274105113931,-0.924373805522919,-0.948606789112091,0.948606789112091,-1.30226588249207,-0.203980326652527,0.218676641583443,0.371660023927689,-1.74243700504303,17.85,14.25,3.5,"Low"
"712",0.0697484239935875,0.103928774595261,0.0388458706438541,0.00274105113931,-0.924373805522919,-0.948606789112091,0.948606789112091,-1.30226588249207,-0.203980326652527,0.218676641583443,0.371660023927689,-1.74243700504303,11.95,5.6,6.35,"Low"
"713",0.0697484239935875,0.103928774595261,0.0388458706438541,0.00274105113931,-0.924373805522919,-0.948606789112091,0.948606789112091,-1.30226588249207,-0.203980326652527,0.218676641583443,0.371660023927689,-1.74243700504303,22.95,17,5.95,"Medium"
"714",0.0697484239935875,0.103928774595261,0.0388458706438541,0.00274105113931,-0.924373805522919,-0.948606789112091,0.948606789112091,-1.30226588249207,-0.203980326652527,0.218676641583443,0.371660023927689,-1.74243700504303,11,6.25,4.75,"Low"
"715",0.0166422855108976,0.028374845162034,0.014292404986918,0.00870757643133402,-0.313007980585098,-0.530366361141205,0.530366361141205,-0.364228248596191,-0.22700996696949,-0.327252805233002,-0.115196838974953,-1.06158411502838,92.25,49,43.25,"High"
"716",0.0168909300118685,0.0251319035887718,0.015734052285552,0.00881417188793421,-0.31420835852623,-0.48069566488266,0.48069566488266,-0.422833859920502,-0.080371081829071,-0.397675186395645,-0.314541161060333,-1.03555309772491,84.75,82.25,2.5,"High"
"717",0.0162018015980721,0.025804566219449,0.0152488760650158,0.00869662687182426,-0.301431655883789,-0.495865166187286,0.495865166187286,-0.41044756770134,-0.15071177482605,-0.411543279886246,-0.262712031602859,-1.03552889823914,100.25,22.75,77.5,"High"
"718",0.0170255582779646,0.0271440651267767,0.0163393020629883,0.00916684977710247,-0.300037652254105,-0.4950912296772,0.4950912296772,-0.421807199716568,-0.156080469489098,-0.423222035169601,-0.268149852752686,-1.03119456768036,92.25,85.5,6.75,"High"
"719",0.0185454674065113,0.0276821460574865,0.0173117332160473,0.00845892727375031,-0.373514771461487,-0.531893968582153,0.531893968582153,-0.51528400182724,-0.0918891057372093,-0.388998299837112,-0.295431345701218,-1.02999007701874,94,38.75,55.25,"High"
"720",0.014673768542707,0.0267386082559824,0.0164586547762156,0.00904723815619946,-0.23719610273838,-0.494367808103561,0.494367808103561,-0.435864955186844,-0.288389652967453,-0.578332841396332,-0.289105534553528,-1.02270328998566,35.5,25.75,9.75,"Medium"
"721",0.0179960839450359,0.0271469987928867,0.0151267740875483,0.00940456986427307,-0.313551425933838,-0.485408127307892,0.485408127307892,-0.349891394376755,-0.10075931251049,-0.29937943816185,-0.205473333597183,-1.02911913394928,98.5,98.5,0,"High"
"722",0.0152403684332967,0.0268829502165318,0.0146444644778967,0.00869874749332666,-0.273260742425919,-0.511054933071136,0.511054933071136,-0.382062911987305,-0.256350427865982,-0.436839401721954,-0.18895348906517,-1.03605759143829,100.25,98,2.25,"High"
"723",0.0171690955758095,0.0259392540901899,0.0151275368407369,0.00834244303405285,-0.345986694097519,-0.513300478458405,0.513300478458405,-0.433645069599152,-0.0983771681785583,-0.346467345952988,-0.251023322343826,-1.02906835079193,88.25,86.5,1.75,"High"
"724",0.0175771396607161,0.0258003659546375,0.0156098296865821,0.00940250791609287,-0.302992522716522,-0.465810209512711,0.465810209512711,-0.372255593538284,-0.0690582469105721,-0.350820988416672,-0.281858682632446,-1.02198672294617,99.75,31.25,68.5,"High"
"725",0.0175771396607161,0.0258003659546375,0.0156098296865821,0.00940250791609287,-0.302992522716522,-0.465810209512711,0.465810209512711,-0.372255593538284,-0.0690582469105721,-0.350820988416672,-0.281858682632446,-1.02198672294617,99.5,60,39.5,"High"
"726",0.0178771894425154,0.0266240406781435,0.0136804366484284,0.00716945854946971,-0.427511543035507,-0.575690090656281,0.575690090656281,-0.468418031930923,-0.0862620994448662,-0.216851890087128,-0.143375098705292,-1.05573236942291,100,100,0,"High"
"727",0.0164662394672632,0.0268703456968069,0.0162135995924473,0.00916377548128366,-0.284918457269669,-0.49138343334198,0.49138343334198,-0.416699379682541,-0.178476616740227,-0.449774175882339,-0.272018164396286,-1.01140093803406,16.25,9.75,6.5,"Low"
"728",0.0164662394672632,0.0268703456968069,0.0162135995924473,0.00916377548128366,-0.284918457269669,-0.49138343334198,0.49138343334198,-0.416699379682541,-0.178476616740227,-0.449774175882339,-0.272018164396286,-1.01140093803406,98.25,3,95.25,"High"
"729",0.0182537268847227,0.0264619030058384,0.0168165825307369,0.00845215562731028,-0.367019176483154,-0.515830814838409,0.515830814838409,-0.496528178453445,-0.0587842129170895,-0.379110753536224,-0.316965490579605,-1.00581669807434,99,48.5,50.5,"High"
"730",0.0194911248981953,0.0268612932413816,0.0181497670710087,0.00915858801454306,-0.360650628805161,-0.491470396518707,0.491470396518707,-0.493869692087173,-0.00946363061666489,-0.381202042102814,-0.363892465829849,-0.998656451702118,80,45.5,34.5,"High"
"731",0.0194911248981953,0.0268612932413816,0.0181497670710087,0.00915858801454306,-0.360650628805161,-0.491470396518707,0.491470396518707,-0.493869692087173,-0.00946363061666489,-0.381202042102814,-0.363892465829849,-0.998656451702118,100,87.25,12.75,"High"
"732",0.0175572857260704,0.0260543581098318,0.0169344432651997,0.00939421821385622,-0.302879840135574,-0.469980508089066,0.469980508089066,-0.429582715034485,-0.0808278098702431,-0.424206882715225,-0.338153779506683,-1.00033295154572,74,53.5,20.5,"High"
"733",0.0194911248981953,0.0268612932413816,0.0181497670710087,0.00915858801454306,-0.360650628805161,-0.491470396518707,0.491470396518707,-0.493869692087173,-0.00946363061666489,-0.381202042102814,-0.363892465829849,-0.998656451702118,99.75,99.5,0.25,"High"
"734",0.0175572857260704,0.0260543581098318,0.0169344432651997,0.00939421821385622,-0.302879840135574,-0.469980508089066,0.469980508089066,-0.429582715034485,-0.0808278098702431,-0.424206882715225,-0.338153779506683,-1.00033295154572,31,18.5,12.5,"Medium"
"735",0.0205908659845591,0.0316908732056618,0.0206973925232887,0.0105738854035735,-0.321420192718506,-0.499635845422745,0.499635845422745,-0.4855976998806,-0.134146049618721,-0.442838311195374,-0.305133849382401,-1.00115692615509,97.75,7.25,90.5,"High"
"736",0.0205908659845591,0.0316908732056618,0.0206973925232887,0.0105738854035735,-0.321420192718506,-0.499635845422745,0.499635845422745,-0.4855976998806,-0.134146049618721,-0.442838311195374,-0.305133849382401,-1.00115692615509,13.35,7.5,5.85,"Low"
"737",0.0167652387171984,0.0242006089538336,0.0140404915437102,0.00881937518715858,-0.31057196855545,-0.465815901756287,0.465815901756287,-0.342594921588898,-0.046830527484417,-0.30411621928215,-0.259892165660858,-1.04678702354431,99.25,90,9.25,"High"
"738",0.0193551853299141,0.0284742675721645,0.0183939859271049,0.00868726521730423,-0.380420386791229,-0.532459259033203,0.532459259033203,-0.537644326686859,-0.0797951444983482,-0.400058329105377,-0.316423892974854,-1.00816679000854,40.25,38.25,2,"Medium"
"739",0.016324020922184,0.0275388695299625,0.0175474472343922,0.008689871057868,-0.305196404457092,-0.520277500152588,0.520277500152588,-0.506391882896423,-0.213841050863266,-0.528583586215973,-0.311594605445862,-1.01566970348358,48.5,19,29.5,"Medium"
"740",0.015501419082284,0.0274090971797705,0.0164579004049301,0.0079839713871479,-0.320090383291245,-0.548839807510376,0.548839807510376,-0.520045816898346,-0.260417222976685,-0.523422062397003,-0.264301896095276,-1.02378189563751,99,98,1,"High"
"741",0.0177063010632992,0.0264654606580734,0.0177910942584276,0.00939886644482613,-0.306488960981369,-0.475865453481674,0.475865453481674,-0.462977558374405,-0.0893789231777191,-0.45953381061554,-0.362542033195496,-1.01548564434052,54.75,32,22.75,"High"
"742",0.0350801050662994,0.0637391060590744,0.0269913896918297,0.00581763498485088,-0.715503334999084,-0.83272260427475,0.83272260427475,-0.968045592308044,-0.360260993242264,-0.145594000816345,0.17818783223629,-1.40439879894257,5.75,0,5.75,"Low"
"743",0.0352160446345806,0.06453637778759,0.0272330082952976,0.00605315435677767,-0.706650257110596,-0.828497111797333,0.828497111797333,-0.954444050788879,-0.369893848896027,-0.14963236451149,0.183387100696564,-1.40923714637756,11.75,6.5,5.25,"Low"
"744",0.0323290154337883,0.0602752827107906,0.0246848482638597,0.00605048518627882,-0.684702217578888,-0.817552506923676,0.817552506923676,-0.909427106380463,-0.381245464086533,-0.148017153143883,0.194796979427338,-1.38823187351227,29.5,2.5,27,"Medium"
"745",0.0310920048505068,0.0568118467926979,0.0241992827504873,0.00593190919607878,-0.679563343524933,-0.810916364192963,0.810916364192963,-0.909391820430756,-0.35599023103714,-0.169407278299332,0.151740491390228,-1.39210569858551,78.5,78.5,0,"High"
"746",0.0316357053816319,0.0576077327132225,0.0256503969430923,0.00522098783403635,-0.716687142848969,-0.83380252122879,0.83380252122879,-0.992638111114502,-0.35376363992691,-0.203734576702118,0.118396855890751,-1.37288916110992,40,15.5,24.5,"Medium"
"747",0.0304008927196264,0.051342885941267,0.0233479905873537,0.00545762199908495,-0.695602476596832,-0.807831943035126,0.807831943035126,-0.931608498096466,-0.26854020357132,-0.160116016864777,0.079581655561924,-1.36859571933746,47.5,33,14.5,"Medium"
"748",0.0167652387171984,0.0242006089538336,0.0140404915437102,0.00881937518715858,-0.31057196855545,-0.465815901756287,0.465815901756287,-0.342594921588898,-0.046830527484417,-0.30411621928215,-0.259892165660858,-1.04678702354431,100,99.9,0.1,"High"
"749",0.0310945231467485,0.0566801726818085,0.0238370429724455,0.00557888904586434,-0.695752918720245,-0.820784687995911,0.820784687995911,-0.931033909320831,-0.353389143943787,-0.155946403741837,0.161658495664597,-1.38497018814087,10.5,5.5,5,"Low"
"750",0.0350801050662994,0.0637391060590744,0.0269913896918297,0.00581763498485088,-0.715503334999084,-0.83272260427475,0.83272260427475,-0.968045592308044,-0.360260993242264,-0.145594000816345,0.17818783223629,-1.40439879894257,10.25,0.5,9.75,"Low"
"751",0.0372791886329651,0.0633433163166046,0.0269946940243244,0.0067644976079464,-0.692827820777893,-0.807025849819183,0.807025849819183,-0.898875057697296,-0.292695015668869,-0.0849015340209007,0.171859622001648,-1.42492389678955,9.75,1.75,8,"Low"
"752",0.031932070851326,0.0532234311103821,0.0203289799392223,0.00593942496925592,-0.686338007450104,-0.799217760562897,0.799217760562897,-0.821684181690216,-0.258469223976135,0.0118580814450979,0.227909982204437,-1.42193186283112,50.25,28,22.25,"High"
"753",0.0327501259744167,0.0560190267860889,0.0216595157980919,0.00452029192820191,-0.757432699203491,-0.850665926933289,0.850665926933289,-0.982010126113892,-0.288771271705627,-0.0190877895802259,0.227658897638321,-1.40151715278625,96.25,7,89.25,"High"
"754",0.0349399335682392,0.05548245459795,0.0246869698166847,0.00534390099346638,-0.734687566757202,-0.824289977550507,0.824289977550507,-0.966159224510193,-0.213594898581505,-0.0704281255602837,0.111871965229511,-1.38404583930969,71.5,27.25,44.25,"High"
"755",0.0328805856406689,0.0561479739844799,0.024686262011528,0.00616960134357214,-0.684016823768616,-0.801994800567627,0.801994800567627,-0.900152802467346,-0.287292778491974,-0.131150707602501,0.12381899356842,-1.38415622711182,16.25,2.5,13.75,"Low"
"756",0.0272507760673761,0.0482805036008358,0.0206865686923265,0.00522640813142061,-0.678148925304413,-0.804645478725433,0.804645478725433,-0.894927680492401,-0.311139404773712,-0.162139847874641,0.116289705038071,-1.38395655155182,76.25,21.75,54.5,"High"
"757",0.0352075845003128,0.0581428594887257,0.0243192464113235,0.00616693729534745,-0.701896846294403,-0.8082115650177,0.8082115650177,-0.893141090869904,-0.256830453872681,-0.049483384937048,0.170886009931564,-1.36783194541931,15.35,3.85,11.5,"Low"
"758",0.0290281902998686,0.0500094182789326,0.0214085914194584,0.00581228686496615,-0.66634863615036,-0.791755318641663,0.791755318641663,-0.859430611133575,-0.286165177822113,-0.129389807581902,0.123634316027164,-1.36770665645599,75.5,52.75,22.75,"High"
"759",0.0185624901205301,0.0259489957243204,0.0137990135699511,0.00752160605043173,-0.423280298709869,-0.55055445432663,0.55055445432663,-0.441643416881561,-0.0207530837506056,-0.186890751123428,-0.176059812307358,-1.04669225215912,99.5,88.5,11,"High"
"760",0.0304008927196264,0.051342885941267,0.0233479905873537,0.00545762199908495,-0.695602476596832,-0.807831943035126,0.807831943035126,-0.931608498096466,-0.26854020357132,-0.160116016864777,0.079581655561924,-1.36859571933746,70.25,55.5,14.75,"High"
"761",0.0342393629252911,0.0594696775078773,0.0262537021189928,0.00521884392946959,-0.73547488451004,-0.8386470079422,0.8386470079422,-1.00253367424011,-0.309221208095551,-0.145269021391869,0.131342083215714,-1.34899806976318,57.35,15.1,42.25,"High"
"762",0.0316357053816319,0.0576077327132225,0.0256503969430923,0.00522098783403635,-0.716687142848969,-0.83380252122879,0.83380252122879,-0.992638111114502,-0.35376363992691,-0.203734576702118,0.118396855890751,-1.37288916110992,40.75,17.25,23.5,"Medium"
"763",0.0342393629252911,0.0594696775078773,0.0262537021189928,0.00521884392946959,-0.73547488451004,-0.8386470079422,0.8386470079422,-1.00253367424011,-0.309221208095551,-0.145269021391869,0.131342083215714,-1.34899806976318,78.5,62.25,16.25,"High"
"764",0.0324564129114151,0.0573393665254116,0.0258908402174711,0.00592765351757407,-0.691139876842499,-0.812614738941193,0.812614738941193,-0.941112458705902,-0.323080778121948,-0.186400040984154,0.10615649074316,-1.34894669055939,17.25,2,15.25,"Low"
"765",0.0350649617612362,0.0659909099340439,0.0278302915394306,0.00569211598485708,-0.720680832862854,-0.8411865234375,0.8411865234375,-0.990598976612091,-0.398399174213409,-0.173178315162659,0.188070446252823,-1.34897077083588,16.6,1.6,15,"Low"
"766",0.0364429876208305,0.0597416497766972,0.0267438311129808,0.00652157049626112,-0.696420907974243,-0.803161680698395,0.803161680698395,-0.911860048770905,-0.251803606748581,-0.0993050113320351,0.120895735919476,-1.36777234077454,23.5,13,10.5,"Medium"
"767",0.0349399335682392,0.05548245459795,0.0246869698166847,0.00534390099346638,-0.734687566757202,-0.824289977550507,0.824289977550507,-0.966159224510193,-0.213594898581505,-0.0704281255602837,0.111871965229511,-1.38404583930969,13,3,10,"Low"
"768",0.0272507760673761,0.0482805036008358,0.0206865686923265,0.00522640813142061,-0.678148925304413,-0.804645478725433,0.804645478725433,-0.894927680492401,-0.311139404773712,-0.162139847874641,0.116289705038071,-1.38395655155182,96.25,49.5,46.75,"High"
"769",0.0320538803935051,0.0609405189752579,0.0261386502534151,0.00593195343390107,-0.687675476074219,-0.822589099407196,0.822589099407196,-0.945103645324707,-0.401713073253632,-0.207330495119095,0.159337654709816,-1.36770594120026,100,76.5,23.5,"High"
"770",0.0177357215434313,0.0251440536230803,0.0128276357427239,0.0078763859346509,-0.384948223829269,-0.522938787937164,0.522938787937164,-0.358716517686844,-0.0320920273661613,-0.167696550488472,-0.148339420557022,-1.04790687561035,100.25,96.25,4,"High"
"771",0.0320482961833477,0.0561425276100636,0.0246809311211109,0.00616535497829318,-0.67732185125351,-0.802100300788879,0.802100300788879,-0.900379538536072,-0.31282576918602,-0.156597480177879,0.123897232115269,-1.34879410266876,8.95,1.45,7.5,"Low"
"772",0.0308922845870256,0.0549067631363869,0.0279189869761467,0.0075543662533164,-0.607020854949951,-0.758109867572784,0.758109867572784,-0.861123323440552,-0.325390964746475,-0.302697032690048,0.00160798279102892,-1.17770826816559,44.25,28.5,15.75,"Medium"
"773",0.0398161895573139,0.0688880831003189,0.0350678861141205,0.00661259796470404,-0.715150952339172,-0.824833393096924,0.824833393096924,-1.02405083179474,-0.317991584539413,-0.251176923513412,0.0434615910053253,-1.18937146663666,76.25,10.75,65.5,"High"
"774",0.0421433709561825,0.0735364705324173,0.0388184003531933,0.00743841612711549,-0.699953675270081,-0.816278457641602,0.816278457641602,-1.01757919788361,-0.332105219364166,-0.284513235092163,0.0263097286224365,-1.18593537807465,39,3.75,35.25,"Medium"
"775",0.0345975309610367,0.0585040189325809,0.030219741165638,0.00719914445653558,-0.655515909194946,-0.780858516693115,0.780858516693115,-0.922819972038269,-0.281034916639328,-0.259671658277512,0.000809591612778604,-1.16922628879547,62.5,8.5,54,"High"
"776",0.0345975309610367,0.0585040189325809,0.030219741165638,0.00719914445653558,-0.655515909194946,-0.780858516693115,0.780858516693115,-0.922819972038269,-0.281034916639328,-0.259671658277512,0.000809591612778604,-1.16922628879547,87.5,0.25,87.25,"High"
"777",0.0345975309610367,0.0585040189325809,0.030219741165638,0.00719914445653558,-0.655515909194946,-0.780858516693115,0.780858516693115,-0.922819972038269,-0.281034916639328,-0.259671658277512,0.000809591612778604,-1.16922628879547,52.25,5,47.25,"High"
"778",0.0267488919198513,0.0389958433806896,0.0212389528751373,0.00790009927004576,-0.543992519378662,-0.663079619407654,0.663079619407654,-0.686648309230804,-0.0977768003940582,-0.204106703400612,-0.11866656690836,-1.13570189476013,96.75,49,47.75,"High"
"779",0.0239970311522484,0.0373901426792145,0.0189340002834797,0.00801868364214897,-0.499078273773193,-0.646822690963745,0.646822690963745,-0.60747104883194,-0.16067336499691,-0.21075813472271,-0.067497231066227,-1.13834702968597,100,94.25,5.75,"High"
"780",0.0250998791307211,0.0356499031186104,0.0177208818495274,0.00813726522028446,-0.510351121425629,-0.62832647562027,0.62832647562027,-0.555934071540833,-0.0639783889055252,-0.107083365321159,-0.0614273920655251,-1.14083278179169,100,99.25,0.75,"High"
"781",0.0177295692265034,0.0260797273367643,0.014282114803791,0.00681097153574228,-0.444920837879181,-0.585842072963715,0.585842072963715,-0.531298041343689,-0.0721199735999107,-0.263326823711395,-0.198957145214081,-1.04034066200256,99.5,93.75,5.75,"High"
"782",0.0239996593445539,0.0340429916977882,0.0172360241413116,0.00778364995494485,-0.510205209255219,-0.627813756465912,0.627813756465912,-0.566696465015411,-0.0587105378508568,-0.127295896410942,-0.0850383564829826,-1.14199042320251,100,98.75,1.25,"High"
"783",0.0220724064856768,0.0380623489618301,0.0168725438416004,0.00707584852352738,-0.514492452144623,-0.686480700969696,0.686480700969696,-0.613612949848175,-0.263627052307129,-0.192099019885063,0.0438582040369511,-1.1439710855484,66.5,43.75,22.75,"High"
"784",0.0220724064856768,0.0380623489618301,0.0168725438416004,0.00707584852352738,-0.514492452144623,-0.686480700969696,0.686480700969696,-0.613612949848175,-0.263627052307129,-0.192099019885063,0.0438582040369511,-1.1439710855484,100.25,83.5,16.75,"High"
"785",0.0220724064856768,0.0380623489618301,0.0168725438416004,0.00707584852352738,-0.514492452144623,-0.686480700969696,0.686480700969696,-0.613612949848175,-0.263627052307129,-0.192099019885063,0.0438582040369511,-1.1439710855484,86.75,0.25,86.5,"High"
"786",0.0220724064856768,0.0380623489618301,0.0168725438416004,0.00707584852352738,-0.514492452144623,-0.686480700969696,0.686480700969696,-0.613612949848175,-0.263627052307129,-0.192099019885063,0.0438582040369511,-1.1439710855484,18.25,1,17.25,"Low"
"787",0.0435231365263462,0.0720822364091873,0.0385825745761395,0.0057910168543458,-0.765137732028961,-0.851270735263824,0.851270735263824,-1.10848224163055,-0.278197288513184,-0.246892094612122,0.0112805562093854,-1.21133434772491,32.25,3.75,28.5,"Medium"
"788",0.0483139790594578,0.0824302807450294,0.0418506562709808,0.00709225051105022,-0.743990838527679,-0.841553866863251,0.841553866863251,-1.06527400016785,-0.319457978010178,-0.214593544602394,0.0794495344161987,-1.22491121292114,8.5,0.25,8.25,"Low"
"789",0.0459942668676376,0.0785890892148018,0.038104023784399,0.00638608634471893,-0.756164848804474,-0.849695265293121,0.849695265293121,-1.0693815946579,-0.316835671663284,-0.180595874786377,0.107833363115788,-1.23456478118896,9.25,0.5,8.75,"Low"
"790",0.0477701053023338,0.0763339027762413,0.0385872460901737,0.00544110359624028,-0.795490324497223,-0.866925001144409,0.866925001144409,-1.12925457954407,-0.247331187129021,-0.153892144560814,0.0684918463230133,-1.23170697689056,20,1.75,18.25,"Medium"
"791",0.0453071184456348,0.0743422731757164,0.039795495569706,0.00803702883422375,-0.698672533035278,-0.804877460002899,0.804877460002899,-0.995926976203918,-0.271554559469223,-0.234179958701134,0.0170358996838331,-1.23249328136444,19.99,4.5,15.49,"Low"
"792",0.0157888103276491,0.0260741878300905,0.0145206656306982,0.00798868481069803,-0.328046560287476,-0.530944764614105,0.530944764614105,-0.435284495353699,-0.187821596860886,-0.393954306840897,-0.212611064314842,-1.03550481796265,99.75,97.75,2,"High"
"793",0.0413310416042805,0.073408879339695,0.0367670021951199,0.00590849062427878,-0.749849736690521,-0.851016461849213,0.851016461849213,-1.08464515209198,-0.349682778120041,-0.255811244249344,0.068629615008831,-1.20922446250916,20.75,0.5,20.25,"Medium"
"794",0.0407791845500469,0.0647685900330544,0.0334966033697128,0.00614248542115092,-0.738181293010712,-0.826755285263062,0.826755285263062,-1.03511905670166,-0.227124661207199,-0.186611115932465,0.0189973693341017,-1.20056486129761,56,2,54,"High"
"795",0.0422866307199001,0.0668972134590149,0.0336183272302151,0.00661525363102555,-0.729447901248932,-0.820023655891418,0.820023655891418,-1.00673639774323,-0.225944697856903,-0.153529822826385,0.0483905263245106,-1.20136952400208,98,0,98,"High"
"796",0.0420087911188602,0.0710146874189377,0.0351895727217197,0.00708534847944975,-0.711356639862061,-0.81855708360672,0.81855708360672,-0.997194886207581,-0.297406136989594,-0.200644642114639,0.0710542351007462,-1.19160234928131,90.75,8.25,82.5,"High"
"797",0.0350129194557667,0.0522398352622986,0.0269501190632582,0.00755490176379681,-0.645041644573212,-0.747305452823639,0.747305452823639,-0.8431476354599,-0.146104365587234,-0.146153554320335,-0.0195234380662441,-1.17905259132385,91.5,70.25,21.25,"High"
"798",0.0308922845870256,0.0549067631363869,0.0279189869761467,0.0075543662533164,-0.607020854949951,-0.758109867572784,0.758109867572784,-0.861123323440552,-0.325390964746475,-0.302697032690048,0.00160798279102892,-1.17770826816559,99.25,88.25,11,"High"
"799",0.0356910824775696,0.0590342693030834,0.0297326054424047,0.00589834153652191,-0.71635377407074,-0.818324208259583,0.818324208259583,-1.00338041782379,-0.259715467691422,-0.214136227965355,0.0230192001909018,-1.15909850597382,80.25,59.5,20.75,"High"
"800",0.0428112298250198,0.0678139701485634,0.0368729196488857,0.0068396795541048,-0.724489271640778,-0.816762328147888,0.816762328147888,-1.03059208393097,-0.228397414088249,-0.223176583647728,-0.0129812993109226,-1.14624869823456,29.25,5,24.25,"Medium"
"801",0.0428112298250198,0.0678139701485634,0.0368729196488857,0.0068396795541048,-0.724489271640778,-0.816762328147888,0.816762328147888,-1.03059208393097,-0.228397414088249,-0.223176583647728,-0.0129812993109226,-1.14624869823456,34.25,19.25,15,"Medium"
"802",0.0219219736754894,0.0333648361265659,0.0169865917414427,0.00648016668856144,-0.543684601783752,-0.674731254577637,0.674731254577637,-0.671572864055634,-0.127407476305962,-0.204914063215256,-0.0933312699198723,-1.12174689769745,100,93.5,6,"High"
"803",0.0163461361080408,0.0243313480168581,0.0130654219537973,0.0091715082526207,-0.281163394451141,-0.452493935823441,0.452493935823441,-0.262665331363678,-0.0779980048537254,-0.265579998493195,-0.196099415421486,-1.04084753990173,100,97.5,2.5,"High"
"804",0.0267488919198513,0.0389958433806896,0.0212389528751373,0.00790009927004576,-0.543992519378662,-0.663079619407654,0.663079619407654,-0.686648309230804,-0.0977768003940582,-0.204106703400612,-0.11866656690836,-1.13570189476013,100,93.75,6.25,"High"
"805",0.0259303096681833,0.0385992638766766,0.0212431587278843,0.00695881946012378,-0.576831638813019,-0.694507777690887,0.694507777690887,-0.759751975536346,-0.117755815386772,-0.235362857580185,-0.129049092531204,-1.15030443668365,100,98.5,1.5,"High"
"806",0.0350129194557667,0.0522398352622986,0.0269501190632582,0.00755490176379681,-0.645041644573212,-0.747305452823639,0.747305452823639,-0.8431476354599,-0.146104365587234,-0.146153554320335,-0.0195234380662441,-1.17905259132385,97.75,76.5,21.25,"High"
"807",0.0307882446795702,0.0477403290569782,0.0189828053116798,0.00672504957765341,-0.641457796096802,-0.753052294254303,0.753052294254303,-0.715214610099792,0.261372268199921,-0.0887835547327995,-0.340070754289627,-2.14237952232361,77.2,7,69.1,"High"
"808",0.0311829186975956,0.0482518002390862,0.0185277704149485,0.00684226118028164,-0.640119433403015,-0.751615285873413,0.751615285873413,-0.690904319286346,0.261000871658325,-0.0552864111959934,-0.312877207994461,-2.13322448730469,74.3,0.5,73.7,"High"
"809",0.0293694976717234,0.0482462719082832,0.0195586159825325,0.00717644533142447,-0.607264459133148,-0.741028726100922,0.741028726100922,-0.694715321063995,0.201227992773056,-0.161527559161186,-0.349895685911179,-2.14344382286072,43.9,2.5,41.3,"Medium"
"810",0.0319525562226772,0.0495135746896267,0.0201370939612389,0.0080812918022275,-0.596277058124542,-0.719374597072601,0.719374597072601,-0.640848278999329,0.253628641366959,-0.102171145379543,-0.343833684921265,-2.13859033584595,70.5,1.7,67.8,"High"
"811",0.030401311814785,0.0498902425169945,0.0195586513727903,0.00649939198046923,-0.647736132144928,-0.769482731819153,0.769482731819153,-0.751740574836731,0.194539681077003,-0.126999989151955,-0.316390037536621,-2.13966798782349,52.2,2.5,47.8,"High"
"812",0.0301473904401064,0.0478696003556252,0.0191007647663355,0.00672722887247801,-0.635129570960999,-0.753567039966583,0.753567039966583,-0.718611896038055,0.237011268734932,-0.115118481218815,-0.341588824987411,-2.11983275413513,67.7,5.8,61.4,"High"
"813",0.0298894196748734,0.0543163307011127,0.0201371535658836,0.00751714967191219,-0.598083972930908,-0.756858289241791,0.756858289241791,-0.684522986412048,0.0729990229010582,-0.168921306729317,-0.251257628202438,-2.11756825447083,72.6,27.5,45.1,"High"
"814",0.0300224237143993,0.0520444996654987,0.0202550105750561,0.00909891538321972,-0.534836173057556,-0.702374637126923,0.702374637126923,-0.570081949234009,0.129996851086617,-0.169474363327026,-0.297960877418518,-2.1052713394165,69.5,7.8,56.7,"High"
"815",0.0296354740858078,0.0474929139018059,0.0193338599056005,0.00751928379759192,-0.595245182514191,-0.726632118225098,0.726632118225098,-0.659954905509949,0.229603096842766,-0.142622977495193,-0.3577561378479,-2.11510467529297,59.5,8.5,47.8,"High"
"816",0.030667170882225,0.04698695987463,0.0185277611017227,0.00729361502453685,-0.615728974342346,-0.731262445449829,0.731262445449829,-0.652607321739197,0.276998817920685,-0.071963720023632,-0.339439868927002,-2.12485575675964,71.1,0.7,68.6,"High"
"817",0.0426380448043346,0.0605959631502628,0.0231893360614777,0.00963781680911779,-0.631270885467529,-0.725550413131714,0.725550413131714,-0.61922150850296,0.293662309646606,0.0655718743801117,-0.238041996955872,-2.9613299369812,13.2,9.7,3.5,"Low"
"818",0.043678056448698,0.0579245314002037,0.0208714064210653,0.01009307987988,-0.624591171741486,-0.703221559524536,0.703221559524536,-0.522130072116852,0.373223930597305,0.179777428507805,-0.211351156234741,-2.93439078330994,32.1,32,0.1,"Medium"
"819",0.0444610081613064,0.0578004792332649,0.0209909584373236,0.0075982054695487,-0.708093702793121,-0.767634332180023,0.767634332180023,-0.702683329582214,0.393627941608429,0.192657187581062,-0.217387989163399,-2.92775702476501,33.4,32.5,0.9,"Medium"
"820",0.0438120178878307,0.0583093538880348,0.021454406902194,0.00691657792776823,-0.727310478687286,-0.787919402122498,0.787919402122498,-0.768628358840942,0.36814096570015,0.159267649054527,-0.223506927490234,-2.91364145278931,8.2,8,0.2,"Low"
"821",0.0401795767247677,0.0571642741560936,0.0204113237559795,0.00691718049347401,-0.706256628036499,-0.784112870693207,0.784112870693207,-0.740663111209869,0.305989056825638,0.115362264215946,-0.209370538592339,-2.91360092163086,7.7,7.5,0.2,"Low"
"822",0.0439502075314522,0.0574240125715733,0.0189090054482222,0.00669451104477048,-0.735628485679626,-0.791183233261108,0.791183233261108,-0.715594708919525,0.390110939741135,0.270473718643188,-0.152729779481888,-2.92070865631104,7.2,7,0.2,"Low"
"823",0.0436892323195934,0.0585686080157757,0.0204156879335642,0.00760179711505771,-0.703581809997559,-0.7702357172966,0.7702357172966,-0.686030030250549,0.359877288341522,0.19892218708992,-0.185246527194977,-2.91580414772034,0.6,0.4,0.2,"Bare"
"824",0.0408562421798706,0.0590007230639458,0.0188827868551016,0.00662777200341225,-0.720841944217682,-0.798021495342255,0.798021495342255,-0.720584869384766,0.283792793750763,0.198663160204887,-0.124696932733059,0,6.1,5.2,0.9,"Low"
"825",0.0420246757566929,0.0587493404746056,0.0187699329108,0.00663004070520401,-0.727465629577637,-0.797182500362396,0.797182500362396,-0.716923534870148,0.317242473363876,0.231989473104477,-0.124881021678448,0,1.3,1.3,0,"Bare"
"826",0.0411151349544525,0.0583658330142498,0.018072385340929,0.00549429608508945,-0.76424103975296,-0.82792717218399,0.82792717218399,-0.800585091114044,0.303418189287186,0.242511868476868,-0.105618298053741,0,8.2,7.7,0.5,"Low"
"827",0.0402088761329651,0.0563336461782455,0.0180724076926708,0.00640111183747649,-0.725333034992218,-0.795930922031403,0.795930922031403,-0.715342283248901,0.324723452329636,0.220222279429436,-0.141057834029198,0,2.5,1.7,0.8,"Bare"
"828",0.0399499051272869,0.0567147620022297,0.0165671780705452,0.00572103727608919,-0.749467074871063,-0.816738545894623,0.816738545894623,-0.729946792125702,0.309967845678329,0.288167297840118,-0.0750437304377556,0,20.2,6,14.2,"Medium"
"829",0.0381328165531158,0.0551876947283745,0.0173749551177025,0.00696573685854673,-0.691088259220123,-0.775853514671326,0.775853514671326,-0.64147013425827,0.296992272138596,0.200883701443672,-0.134785443544388,0,6.6,4.9,1.7,"Low"
"830",0.0369665995240211,0.0517557375133038,0.017838129773736,0.00639902288094163,-0.704880356788635,-0.779931247234344,0.779931247234344,-0.707948684692383,0.344911247491837,0.147313371300697,-0.21692131459713,0,14.7,9.8,4.9,"Low"
"831",0.0403382889926434,0.0568418502807617,0.0181882698088884,0.00560773443430662,-0.755899012088776,-0.820407629013062,0.820407629013062,-0.793024003505707,0.316889256238937,0.217967808246613,-0.136432573199272,0,20.4,20,0.4,"Medium"
"832",0.0425386652350426,0.0578579679131508,0.0181882791221142,0.00504097295925021,-0.788103759288788,-0.839711964130402,0.839711964130402,-0.848970890045166,0.348205924034119,0.271079689264297,-0.118714593350887,0,10.9,9,1.9,"Low"
"833",0.044223990291357,0.0596380904316902,0.0206219702959061,0.00685670552775264,-0.731534361839294,-0.793767154216766,0.793767154216766,-0.751415312290192,0.34978324174881,0.202486112713814,-0.174003049731255,0,14.7,14.2,0.5,"Low"
"834",0.0229243785142899,0.0360185541212559,0.0152176395058632,0.0060621933080256,-0.581724047660828,-0.711878061294556,0.711878061294556,-0.645360767841339,0.313016682863235,-0.194558143615723,-0.471131950616837,-1.98631119728088,70.1,18.7,51.4,"High"
"835",0.0242291036993265,0.0386972352862358,0.0160320773720741,0.00527316937223077,-0.642524540424347,-0.76014918088913,0.76014918088913,-0.757483005523682,0.280129045248032,-0.183812990784645,-0.434932708740234,-1.88531744480133,67.3,0.3,67,"High"
"836",0.0209752563387156,0.0333432294428349,0.0142924068495631,0.0052697560749948,-0.598418474197388,-0.727047443389893,0.727047443389893,-0.691844582557678,0.319099128246307,-0.22974568605423,-0.505558490753174,-1.97092401981354,81.9,10.4,71.5,"High"
"837",0.0225354805588722,0.0364014357328415,0.0133670754730701,0.00413750670850277,-0.689760506153107,-0.795874953269958,0.795874953269958,-0.79089879989624,0.282899469137192,-0.100728787481785,-0.372184693813324,-1.94467639923096,100,100,0,"High"
"838",0.025524040684104,0.0388216599822044,0.0161446947604418,0.00583693105727434,-0.627758264541626,-0.738597631454468,0.738597631454468,-0.703389525413513,0.328246384859085,-0.13773600757122,-0.436493515968323,-1.90490126609802,71.7,11.4,60.3,"High"
"839",0.0237062573432922,0.0411131531000137,0.0161450803279877,0.00504449568688869,-0.649087727069855,-0.781423211097717,0.781423211097717,-0.785805106163025,0.183817625045776,-0.211638182401657,-0.379160016775131,-1.89129042625427,65.5,4.7,60.8,"High"
"840",0.0257846340537071,0.0379311256110668,0.0153356492519379,0.00527130719274282,-0.660528242588043,-0.755971729755402,0.755971729755402,-0.732593059539795,0.366950839757919,-0.0835898295044899,-0.424659192562103,-1.88190925121307,71.3,9.5,61.8,"High"
"841",0.0211086273193359,0.0365310125052929,0.013600873760879,0.00493217492476106,-0.621196389198303,-0.762093782424927,0.762093782424927,-0.701614081859589,0.21311928331852,-0.180973753333092,-0.380449444055557,-1.88384222984314,70.1,7.3,62.8,"High"
"842",0.025526337325573,0.0381868816912174,0.0156838707625866,0.00583847425878048,-0.627705454826355,-0.73476767539978,0.73476767539978,-0.686174988746643,0.348616451025009,-0.112868636846542,-0.433242350816727,-1.88318753242493,78.9,0.3,78.6,"High"
"843",0.0246178116649389,0.0380599088966846,0.0149901164695621,0.00436653103679419,-0.69869726896286,-0.794159889221191,0.794159889221191,-0.823250949382782,0.316472917795181,-0.110399730503559,-0.405737340450287,-1.88134014606476,22.1,1.3,20.8,"Medium"
"844",0.0354680381715298,0.0530688315629959,0.0208397265523672,0.00370325520634651,-0.810919940471649,-0.869539558887482,0.869539558887482,-1.04733431339264,0.272708415985107,-0.0271367579698563,-0.297867029905319,-0.984395384788513,68.1,68,0.1,"High"
"845",0.0354981943964958,0.0478592924773693,0.0206285491585732,0.00428824732080102,-0.784436762332916,-0.835534036159515,0.835534036159515,-0.983691990375519,0.400659650564194,-0.0175723843276501,-0.394249618053436,-1.02757787704468,96,96,0,"High"
"846",0.0353406891226768,0.0512851551175117,0.020029179751873,0.00450008409097791,-0.774096548557281,-0.838663995265961,0.838663995265961,-0.949626684188843,0.311167269945145,0.00320917717181146,-0.305016845464706,-0.983570337295532,94,92,0,"High"
"847",0.0340425223112106,0.0489908345043659,0.0191028770059347,0.0043882830068469,-0.771626770496368,-0.83558052778244,0.83558052778244,-0.939582824707031,0.330042898654938,0.0062989410944283,-0.318511605262756,-0.992930173873901,94,93.5,0,"High"
"848",0.0352169461548328,0.049503467977047,0.0215423312038183,0.00598056707531214,-0.709663689136505,-0.784422039985657,0.784422039985657,-0.848117291927338,0.351154983043671,-0.0626124143600464,-0.390014231204987,-0.999457776546478,68.5,68,0,"High"
"849",0.037171259522438,0.0521844364702702,0.0200359411537647,0.00541435554623604,-0.745719015598297,-0.811997592449188,0.811997592449188,-0.861773014068604,0.340285062789917,0.0534212924540043,-0.287863940000534,-1.00398921966553,82.5,82,0,"High"
"850",0.0425015427172184,0.059577465057373,0.0259545799344778,0.0046206209808588,-0.803887546062469,-0.8560511469841,0.8560511469841,-1.04663050174713,0.311307340860367,-0.034024216234684,-0.331775903701782,-1.00423336029053,76,76,0,"High"
"851",0.0379599444568157,0.0590717568993568,0.0242187567055225,0.0051919249817729,-0.759365022182465,-0.838418066501617,0.838418066501617,-0.970404148101807,0.208784595131874,-0.0878069773316383,-0.29312139749527,-1.01298940181732,79,79,0,"High"
"852",0.0404317751526833,0.0566532835364342,0.0248005054891109,0.0046254200860858,-0.794686734676361,-0.849036633968353,0.849036633968353,-1.02843415737152,0.323291689157486,-0.0450318679213524,-0.351102650165558,-1.01582455635071,76.5,76,0,"High"
"853",0.0354950204491615,0.0518117249011993,0.0249186363071203,0.00428643263876438,-0.784500956535339,-0.847180962562561,0.847180962562561,-1.05968952178955,0.302958875894547,-0.179321259260178,-0.443674892187119,-1.02344810962677,37,37,0,"Medium"
"854",0.0283479299396276,0.0436788201332092,0.0121125001460314,0.00581637537106872,-0.659505724906921,-0.764972150325775,0.764972150325775,-0.52675849199295,0.288167089223862,0.213060557842255,-0.122756019234657,-2.81307172775269,0,0,0,"Bare"
"855",0.0338799618184566,0.0493689142167568,0.0130125377327204,0.00591132696717978,-0.702883362770081,-0.786132395267487,0.786132395267487,-0.562877416610718,0.315799415111542,0.330003947019577,-0.049150388687849,-2.7035493850708,92,14,78,"High"
"856",0.0358259938657284,0.0506418570876122,0.015559840016067,0.00715900771319866,-0.666906714439392,-0.752287149429321,0.752287149429321,-0.554660558700562,0.340333670377731,0.232887551188469,-0.145544528961182,-2.70653939247131,76.8,13.5,63.1,"High"
"857",0.0369924902915955,0.0503899268805981,0.0164864361286163,0.00659469095990062,-0.69740229845047,-0.768544852733612,0.768544852733612,-0.642846345901489,0.378509670495987,0.215436056256294,-0.18995712697506,-2.70909357070923,28,9,19,"Medium"
"858",0.0335025042295456,0.0451859347522259,0.0151010192930698,0.00648269103839993,-0.67574542760849,-0.749066650867462,0.749066650867462,-0.598946690559387,0.413504540920258,0.191443368792534,-0.239136949181557,-2.72970414161682,68.3,9,59.3,"High"
"859",0.0293615814298391,0.0434089377522469,0.0134841976687312,0.00716275628656149,-0.607781708240509,-0.716728627681732,0.716728627681732,-0.45925235748291,0.330924391746521,0.156403079628944,-0.202073499560356,-2.744624376297,0,0,0,"Bare"
"860",0.0340304002165794,0.0488754361867905,0.0137209910899401,0.00694051943719387,-0.661197781562805,-0.75130695104599,0.75130695104599,-0.492253810167313,0.332587718963623,0.289075404405594,-0.0953290164470673,-2.78014183044434,81.4,12.1,69,"High"
"861",0.0314476229250431,0.0472289733588696,0.0132625643163919,0.00796168297529221,-0.595949113368988,-0.711484372615814,0.711484372615814,-0.374633878469467,0.295809835195541,0.239219576120377,-0.106435522437096,-2.79022455215454,0,0,0,"Bare"
"862",0.0304146371781826,0.0407519303262234,0.0122240819036961,0.0060397288762033,-0.668641686439514,-0.741845905780792,0.741845905780792,-0.5079185962677,0.443858236074448,0.275584608316422,-0.198366120457649,-2.79521989822388,63.7,10.4,40.3,"High"
"863",0.0233224667608738,0.0337213948369026,0.0092845568433404,0.00362942786887288,-0.730673611164093,-0.805657386779785,0.805657386779785,-0.656861066818237,0.411299824714661,0.24541874229908,-0.200266346335411,-3.78313302993774,0,0,0,"Bare"
"864",0.0235676970332861,0.0305098481476307,0.00834312662482262,0.00521065061911941,-0.637876987457275,-0.708254337310791,0.708254337310791,-0.346671909093857,0.544873595237732,0.347355961799622,-0.227479293942451,-3.89431238174438,97.5,97.5,0,"High"
"865",0.0229161512106657,0.0296144466847181,0.0083439564332366,0.00464337272569537,-0.663029551506042,-0.728916049003601,0.728916049003601,-0.427407026290894,0.553480386734009,0.319235801696777,-0.257334291934967,-3.85488629341125,33,33,0,"Medium"
"866",0.0242219306528568,0.0311514846980572,0.00927422475069761,0.00543904723599553,-0.633252322673798,-0.702707409858704,0.702707409858704,-0.390991628170013,0.54665333032608,0.284212738275528,-0.278778046369553,-3.82847166061401,47,47,0,"Medium"
"867",0.0212236978113651,0.0323060117661953,0.00811491999775171,0.00521369324997067,-0.605581879615784,-0.722082376480103,0.722082376480103,-0.326503604650497,0.369747519493103,0.266326636075974,-0.15137292444706,-3.81554460525513,40,40,0,"Medium"
"868",0.0230520851910114,0.0307709500193596,0.00741860503330827,0.00441927509382367,-0.678263127803802,-0.74883508682251,0.74883508682251,-0.380050718784332,0.512270331382751,0.42572432756424,-0.138908997178078,-3.80158615112305,41,41,0,"Medium"
"869",0.0218814667314291,0.0307740271091461,0.0090480912476778,0.00430782372131944,-0.671024024486542,-0.754412949085236,0.754412949085236,-0.532378435134888,0.460031121969223,0.203715264797211,-0.274144113063812,-3.7948682308197,49,49,0,"Medium"
"870",0.0244921427220106,0.0342297106981277,0.00846804864704609,0.00487633002921939,-0.667920768260956,-0.750609874725342,0.750609874725342,-0.403733879327774,0.441830635070801,0.37311515212059,-0.122564397752285,-3.79411888122559,29,29,0,"Medium"
"871",0.0225390493869781,0.0329534001648426,0.00870330631732941,0.0039698495529592,-0.700489282608032,-0.784967482089996,0.784967482089996,-0.560253918170929,0.405471563339233,0.26656585931778,-0.17924103140831,-3.78711891174316,9.3,9.3,0,"Low"
"872",0.0244222152978182,0.032604843378067,0.00895553920418024,0.00418523279950023,-0.707402586936951,-0.772480368614197,0.772480368614197,-0.544523537158966,0.498795986175537,0.322365492582321,-0.209346681833267,-3.77505993843079,56,56,0,"High"
"873",0.0243575647473335,0.0336807407438755,0.00923498161137104,0.00364995677955449,-0.739358842372894,-0.804452776908875,0.804452776908875,-0.650180637836456,0.456209063529968,0.293424904346466,-0.197823628783226,-3.77646470069885,0,0,0,"Bare"
"874",0.0254751015454531,0.0315820500254631,0.0091925635933876,0.00430200528353453,-0.71105283498764,-0.760227501392365,0.760227501392365,-0.543614089488983,0.580210626125336,0.342223018407822,-0.259023070335388,-3.77505993843079,19.9,18.5,0.9,"Low"
"875",0.0257424898445606,0.0318431407213211,0.00849760603159666,0.00407724641263485,-0.726540386676788,-0.772984266281128,0.772984266281128,-0.527285635471344,0.580524325370789,0.419924437999725,-0.197211265563965,-3.7753586769104,58.9,58,0.9,"High"
"876",0.0243114847689867,0.0324915573000908,0.00733871711418033,0.00339863891713321,-0.754700541496277,-0.810609042644501,0.810609042644501,-0.55042576789856,0.498533189296722,0.488180696964264,-0.0771203935146332,-3.77539825439453,43,43,0,"Medium"
"877",0.0247127134352922,0.0358340851962566,0.00909223686903715,0.00408607954159379,-0.716232597827911,-0.795287430286407,0.795287430286407,-0.569817543029785,0.394449830055237,0.321228682994843,-0.125232949852943,-3.77569365501404,44.3,44,0.3,"Medium"
"878",0.0236712694168091,0.0313469842076302,0.00816439744085073,0.00408900994807482,-0.705405712127686,-0.769217133522034,0.769217133522034,-0.498888283967972,0.515961170196533,0.370269387960434,-0.185651198029518,-3.77590942382812,40,40,0,"Medium"
"879",0.0253814049065113,0.0317386910319328,0.00723863625898957,0.00500401528552175,-0.670630514621735,-0.72761857509613,0.72761857509613,-0.273791283369064,0.57043981552124,0.542997241020203,-0.0912053659558296,-3.77603030204773,6.6,5.5,1.1,"Low"
"880",0.0289206523448229,0.0345681086182594,0.00689529161900282,0.00341490912251174,-0.788783073425293,-0.820187568664551,0.820187568664551,-0.506350338459015,0.595932900905609,0.715114057064056,0.0273100901395082,-3.77620244026184,20.1,19,1.1,"Medium"
"881",0.0247444026172161,0.0341896712779999,0.00818279571831226,0.00296408915892243,-0.78605192899704,-0.840442061424255,0.840442061424255,-0.702264368534088,0.453517317771912,0.412680715322495,-0.10037986189127,-3.77641558647156,33.2,33.2,0,"Medium"
"882",0.0345227159559727,0.0578501150012016,0.0161584839224815,0.00463332701474428,-0.763340413570404,-0.851694226264954,0.851694226264954,-0.831468462944031,0.139577001333237,0.163530290126801,-0.0381982885301113,-2.42651128768921,16,9,6,"Low"
"883",0.0293695908039808,0.0462149679660797,0.0161666981875896,0.00362314633093774,-0.780367016792297,-0.854603409767151,0.854603409767151,-0.950756728649139,0.25414451956749,0.00143771665170789,-0.263096392154694,-2.14369702339172,100,0,91,"High"
"884",0.0351679436862469,0.0543094240128994,0.0153513848781586,0.00531128887087107,-0.737579584121704,-0.821830749511719,0.821830749511719,-0.728857457637787,0.235785871744156,0.225888937711716,-0.0664324536919594,-2.42089414596558,99,0,93,"High"
"885",0.0334928743541241,0.0510209500789642,0.0158143751323223,0.00305325491353869,-0.832909524440765,-0.887071669101715,0.887071669101715,-1.01452493667603,0.263818562030792,0.151663288474083,-0.149145916104317,-2.38170647621155,28,0,28,"Medium"
"886",0.0274237543344498,0.0445626303553581,0.0129316309466958,0.00361885968595743,-0.766845703125,-0.849782168865204,0.849782168865204,-0.844032824039459,0.230380564928055,0.123926259577274,-0.147324740886688,-2.35524415969849,5.5,5.5,0,"Low"
"887",0.0260028801858425,0.0407604351639748,0.0116634862497449,0.00429739896208048,-0.716345906257629,-0.809249639511108,0.809249639511108,-0.692263066768646,0.286884874105453,0.15903452038765,-0.166161119937897,-2.32713675498962,98,98,0,"High"
"888",0.0353027433156967,0.0584859661757946,0.0185846053063869,0.00429814029484987,-0.7829270362854,-0.863081872463226,0.863081872463226,-0.936500251293182,0.148473232984543,0.0661831796169281,-0.122611060738564,-2.29056906700134,0,0,0,"Bare"
"889",0.0337558425962925,0.0529225096106529,0.0170866325497627,0.00531550217419863,-0.72790789604187,-0.817455947399139,0.817455947399139,-0.788170218467712,0.226626351475716,0.0932792648673058,-0.165291666984558,-2.25259852409363,38,9,29,"Medium"
"890",0.0265237875282764,0.0410166829824448,0.0133967036381364,0.00260493066161871,-0.821143448352814,-0.880566954612732,0.880566954612732,-1.01162540912628,0.299010366201401,0.060327835381031,-0.254323065280914,-2.22347521781921,11.5,0,0,"Low"
"891",0.025619950145483,0.0384809449315071,0.0133976675570011,0.00463904859498143,-0.693377256393433,-0.784830749034882,0.784830749034882,-0.728399157524109,0.342840641736984,0.0255956500768661,-0.318187832832336,-2.18521928787231,22,0,22,"Medium"
"892",0.0619761236011982,0.0753982663154602,0.0189565047621727,0.00560042960569263,-0.834249317646027,-0.86171555519104,0.86171555519104,-0.815823018550873,0.398814797401428,0.612018942832947,0.117881990969181,-3.69973683357239,16.3,3.2,13.1,"Low"
"893",0.0658371299505234,0.0791929736733437,0.0198918357491493,0.00572246313095093,-0.840064406394958,-0.865219712257385,0.865219712257385,-0.829773187637329,0.398846656084061,0.631245493888855,0.134159177541733,-3.70587110519409,1.3,0.2,1.1,"Bare"
"894",0.0640311986207962,0.0752730816602707,0.0193046685308218,0.00560170412063599,-0.839107573032379,-0.861472189426422,0.861472189426422,-0.825268566608429,0.433480083942413,0.629068195819855,0.103815779089928,-3.71603965759277,19.2,0,19.2,"Low"
"895",0.0649299472570419,0.0757787078619003,0.0196518916636705,0.00537595525383949,-0.847069561481476,-0.867513358592987,0.867513358592987,-0.855603158473969,0.439183264970779,0.627754032611847,0.0983603745698929,-3.71910524368286,17,0,10.5,"Low"
"896",0.0654445216059685,0.0747694596648216,0.0186136402189732,0.00447185104712844,-0.872080028057098,-0.887133359909058,0.887133359909058,-0.918875157833099,0.463570326566696,0.682089626789093,0.12194761633873,-3.72624325752258,15,0,10,"Low"
"897",0.0677529945969582,0.0778001695871353,0.0184988174587488,0.00503814546391368,-0.861572563648224,-0.878361940383911,0.878361940383911,-0.857842564582825,0.449358552694321,0.7220498919487,0.165899187326431,-3.72811794281006,22,21,1,"Medium"
"898",0.0653186663985252,0.080072708427906,0.0204640701413155,0.00481313653290272,-0.862740278244019,-0.886597454547882,0.886597454547882,-0.928757727146149,0.377350807189941,0.599073112010956,0.125876367092133,-3.73812770843506,11.7,2,4.7,"Low"
"899",0.0648064017295837,0.0801993384957314,0.0205802507698536,0.00436108838766813,-0.873897731304169,-0.896852731704712,0.896852731704712,-0.97543853521347,0.367533534765244,0.586355805397034,0.123598009347916,-3.73811101913452,11.4,11,0.4,"Low"
"900",0.0636534839868546,0.0798218622803688,0.0200043618679047,0.00515440152958035,-0.85017991065979,-0.8786860704422,0.8786860704422,-0.885375022888184,0.355386704206467,0.592689096927643,0.138224303722382,-3.73805522918701,4.5,1.5,3,"Bare"
"901",0.0651944354176521,0.0785610675811768,0.0196594577282667,0.00572138046845794,-0.838643014431,-0.864233195781708,0.864233195781708,-0.823736250400543,0.398891687393188,0.631489813327789,0.134156912565231,-3.72645449638367,11.9,11.2,0.7,"Low"
"902",0.0221809558570385,0.0339123606681824,0.0136563973501325,0.00704103382304311,-0.518100321292877,-0.656144082546234,0.656144082546234,-0.479433655738831,0.354170203208923,-0.134907320141792,-0.457608193159103,-2.6059238910675,66.7,66.2,0.5,"High"
"903",0.0233636721968651,0.0350686684250832,0.0151694873347878,0.00614107958972454,-0.583722651004791,-0.701959848403931,0.701959848403931,-0.635488092899323,0.364874392747879,-0.172865062952042,-0.495697975158691,-2.46051740646362,33,33,0,"Medium"
"904",0.0234809815883636,0.0321272015571594,0.0142351826652884,0.00862683169543743,-0.462633490562439,-0.576639115810394,0.576639115810394,-0.36796960234642,0.477647423744202,-0.113465771079063,-0.539975762367249,-2.59143686294556,37.1,35.2,1.9,"Medium"
"905",0.0230941995978355,0.0350619070231915,0.0141215436160564,0.00896816980093718,-0.4405797123909,-0.592634379863739,0.592634379863739,-0.334783732891083,0.353510737419128,-0.123217344284058,-0.447100758552551,-2.55251169204712,48.6,48.2,0.4,"Medium"
"906",0.0233541578054428,0.0354442335665226,0.0151632465422153,0.00794875901192427,-0.492139399051666,-0.633638560771942,0.633638560771942,-0.468229860067368,0.351363271474838,-0.172920301556587,-0.48476505279541,-2.53782987594604,68.9,60.5,0.4,"High"
"907",0.0217940658330917,0.0342970378696918,0.0156261622905731,0.00806200690567493,-0.459941893815994,-0.619349002838135,0.619349002838135,-0.478983104228973,0.322698801755905,-0.267787665128708,-0.53816294670105,-2.52898526191711,39.7,36.7,3,"Medium"
"908",0.0215372107923031,0.0325144231319427,0.0135448314249516,0.00579807162284851,-0.575781106948853,-0.697327375411987,0.697327375411987,-0.600744366645813,0.376501113176346,-0.157340586185455,-0.494112998247147,-2.50048875808716,55.1,55,0.1,"High"
"909",0.021540429443121,0.033919233828783,0.0127366399392486,0.00579967722296715,-0.575738489627838,-0.707963943481445,0.707963943481445,-0.561354458332062,0.324618428945541,-0.104552008211613,-0.409882694482803,-2.48371434211731,27.1,26.5,0.6,"Medium"
"910",0.0224505718797445,0.0337917245924473,0.0134311905130744,0.00636605313047767,-0.558168053627014,-0.682947933673859,0.682947933673859,-0.535312175750732,0.370635896921158,-0.108597807586193,-0.44983834028244,-2.49393177032471,22.1,19.7,2.4,"Medium"
"911",0.0237503908574581,0.0328992642462254,0.0135469362139702,0.00568636599928141,-0.613655388355255,-0.705259919166565,0.705259919166565,-0.61304372549057,0.459843695163727,-0.0596567168831825,-0.482452392578125,-2.49951076507568,18.2,18,0.2,"Low"
"912",0.0371632240712643,0.0548515915870667,0.0152595778927207,0.00476014753803611,-0.772911965847015,-0.84029495716095,0.84029495716095,-0.786681413650513,0.278751254081726,0.286205887794495,-0.0524107180535793,-2.7930600643158,27.5,3.5,24,"Medium"
"913",0.0392366088926792,0.0618103668093681,0.0189582332968712,0.00521911447867751,-0.765199422836304,-0.844274044036865,0.844274044036865,-0.852396130561829,0.186116561293602,0.154801964759827,-0.0808933451771736,-2.73440742492676,42.5,16,26.5,"Medium"
"914",0.0366487242281437,0.0539670065045357,0.0145685262978077,0.00656803837046027,-0.696042120456696,-0.783000469207764,0.783000469207764,-0.567771136760712,0.28480988740921,0.311917245388031,-0.0370822846889496,-2.78543186187744,54,1,53,"High"
"915",0.0351034663617611,0.0521972812712193,0.0151468580588698,0.00532691972330213,-0.736489295959473,-0.814793765544891,0.814793765544891,-0.719452321529388,0.282746315002441,0.235529810190201,-0.0969581604003906,-2.77795052528381,33.4,8,25.4,"Medium"
"916",0.036908932030201,0.049792755395174,0.0146857658401132,0.0045364573597908,-0.781087458133698,-0.83300119638443,0.83300119638443,-0.791998028755188,0.390913546085358,0.312134265899658,-0.123048633337021,-2.78117203712463,47.1,12.5,34.6,"Medium"
"917",0.033170685172081,0.0490347035229206,0.0144567741081119,0.00521543947979808,-0.728264331817627,-0.807726263999939,0.807726263999939,-0.704648792743683,0.302997976541519,0.218793675303459,-0.127678513526917,-2.76704096794128,62.3,42,20.3,"High"
"918",0.0330428704619408,0.050428032875061,0.013765693642199,0.00521617429330945,-0.727323353290558,-0.812516868114471,0.812516868114471,-0.675606787204742,0.264670670032501,0.256843954324722,-0.0662736594676971,-2.75701069831848,8,6.5,1.5,"Low"
"919",0.0331721156835556,0.0516937635838985,0.0143426209688187,0.00521636568009853,-0.728232741355896,-0.816680610179901,0.816680610179901,-0.699902474880219,0.238079935312271,0.225619673728943,-0.0694664642214775,-2.75801992416382,100.4,5,95.4,"High"
"920",0.0356243439018726,0.0503024682402611,0.0153815168887377,0.00533004710450768,-0.739708125591278,-0.808383762836456,0.808383762836456,-0.727960705757141,0.342960864305496,0.237105414271355,-0.144412562251091,-2.75489163398743,17.2,15,2.2,"Low"
"921",0.0327874384820461,0.0523280911147594,0.0148058468475938,0.00578254833817482,-0.700152933597565,-0.800981402397156,0.800981402397156,-0.657406628131866,0.211413010954857,0.186758518218994,-0.0789351463317871,-2.7485020160675,66,49,17,"High"
"922",0.0567716397345066,0.077404722571373,0.0209482368081808,0.00627702800557017,-0.800883114337921,-0.849978566169739,0.849978566169739,-0.808323204517365,0.27879524230957,0.438824653625488,0.0760513097047806,-2.72448205947876,3.8,3.5,0.3,"Bare"
"923",0.0561404824256897,0.0729975625872612,0.0215342231094837,0.00696255406364799,-0.77932745218277,-0.82584935426712,0.82584935426712,-0.767016708850861,0.339727193117142,0.404039442539215,-0.00137433514464647,-2.71086740493774,0,0,0,"Bare"
"924",0.0561307780444622,0.0760184824466705,0.0210644863545895,0.00672983843833208,-0.785880625247955,-0.837341964244843,0.837341964244843,-0.773610174655914,0.289672464132309,0.422737061977386,0.0542081668972969,-2.71716952323914,3,0.5,2.5,"Bare"
"925",0.0566461719572544,0.0776585191488266,0.0196818001568317,0.00582690397277474,-0.813458740711212,-0.860409080982208,0.860409080982208,-0.814715802669525,0.272556006908417,0.489968299865723,0.121827773749828,-2.71143937110901,3.7,3,0.7,"Bare"
"926",0.0578021556138992,0.0745069608092308,0.02095159702003,0.0058276429772377,-0.816826581954956,-0.854915738105774,0.854915738105774,-0.847146213054657,0.343719869852066,0.456676602363586,0.0377867519855499,-2.70851588249207,4.8,1.8,0.5,"Bare"
"927",0.0535663217306137,0.0756425261497498,0.0201449282467365,0.00594127690419555,-0.800318717956543,-0.854351580142975,0.854351580142975,-0.816733479499817,0.249007478356361,0.414164394140244,0.0796729847788811,-2.7103259563446,8.9,8.5,0.4,"Low"
"928",0.0571633987128735,0.0747609734535217,0.0198005568236113,0.00594262732192874,-0.811662137508392,-0.852729558944702,0.852729558944702,-0.807471752166748,0.328420966863632,0.493910580873489,0.0797023773193359,-2.70724320411682,9.3,8,1.3,"Low"
"929",0.0590888299047947,0.0753920823335648,0.0218776371330023,0.0056043085642159,-0.826741814613342,-0.861615836620331,0.861615836620331,-0.888219237327576,0.351208359003067,0.441687077283859,0.020118335261941,-2.70779824256897,2,1,1,"Bare"
"930",0.0560101829469204,0.0731224864721298,0.0210712049156427,0.00696121761575341,-0.778908610343933,-0.826151430606842,0.826151430606842,-0.755017876625061,0.335300177335739,0.42031341791153,0.0151502452790737,-2.70939540863037,8.1,4.5,1.1,"Low"
"931",0.0547272376716137,0.075897641479969,0.0208414327353239,0.00718796299770474,-0.767812669277191,-0.826974511146545,0.826974511146545,-0.730668783187866,0.266306698322296,0.406522780656815,0.0598729997873306,-2.7065532207489,4.6,3.7,0.9,"Bare"
"932",0.0360933728516102,0.0483201295137405,0.00939750205725431,0.00291451788507402,-0.850567758083344,-0.886228621006012,0.886228621006012,-0.78983598947525,0.405498951673508,0.671765267848969,0.1512081772089,-3.38372611999512,3.5,1.5,2,"Bare"
"933",0.0334182307124138,0.0455561019480228,0.0101202689111233,0.00361473183147609,-0.80478298664093,-0.852972507476807,0.852972507476807,-0.710469961166382,0.400949746370316,0.531359851360321,0.0418024398386478,-3.38228607177734,48.5,9.5,38,"Medium"
"934",0.0359751209616661,0.0513715408742428,0.00963696930557489,0.0034861967433244,-0.823310673236847,-0.872900426387787,0.872900426387787,-0.703043699264526,0.326889604330063,0.64695405960083,0.19529402256012,-3.38417553901672,7.7,7,0.7,"Low"
"935",0.0341711416840553,0.0495999231934547,0.00987214781343937,0.00303666526451707,-0.836772680282593,-0.884617686271667,0.884617686271667,-0.794280886650085,0.318614572286606,0.574878454208374,0.143765702843666,-3.38455295562744,33.5,1.5,32,"Medium"
"936",0.0361099056899548,0.0499805398285389,0.00987238995730877,0.00371554400771856,-0.813408553600311,-0.861608386039734,0.861608386039734,-0.679666876792908,0.364396750926971,0.630043208599091,0.151393428444862,-3.38434934616089,66.5,0,62.5,"High"
"937",0.0346938520669937,0.0477011539041996,0.00987639464437962,0.00360535643994808,-0.811726868152618,-0.859458148479462,0.859458148479462,-0.697725176811218,0.381811648607254,0.589691460132599,0.104438871145248,-3.38441038131714,14.2,4,4.7,"Low"
"938",0.0339237563312054,0.0459285862743855,0.00988039746880531,0.00372138665989041,-0.80229127407074,-0.850095093250275,0.850095093250275,-0.679213583469391,0.405946671962738,0.566897809505463,0.0662948191165924,-3.38441801071167,21.1,12,8.1,"Medium"
"939",0.0331561975181103,0.0472030714154243,0.0105797750875354,0.0041781784966588,-0.776175260543823,-0.837365627288818,0.837365627288818,-0.650658965110779,0.349390894174576,0.485495328903198,0.0470522902905941,-3.38361883163452,35.1,28,6.1,"Medium"
"940",0.0354838334023952,0.0482187531888485,0.010002963244915,0.00406582606956363,-0.79439389705658,-0.844473242759705,0.844473242759705,-0.633011519908905,0.391050398349762,0.601310908794403,0.106552250683308,-3.38219690322876,33.7,4,29.7,"Medium"
"941",0.0344510599970818,0.0461896695196629,0.00988814793527126,0.00429256539791822,-0.77841180562973,-0.82993757724762,0.82993757724762,-0.591886579990387,0.414398014545441,0.581651091575623,0.0714288353919983,-3.38228607177734,26.3,3.2,23.1,"Medium"
"942",0.0258245915174484,0.0365305431187153,0.0125526404008269,0.00543620670214295,-0.652202963829041,-0.740927934646606,0.740927934646606,-0.593403816223145,0.414780467748642,0.089294321835041,-0.325798064470291,-2.662348985672,26.6,26.5,0.1,"Medium"
"943",0.0238651670515537,0.0340996533632278,0.0128962090238929,0.00690772896632552,-0.551051080226898,-0.663098275661469,0.663098275661469,-0.453582525253296,0.420581012964249,-0.012716487981379,-0.413063645362854,-2.65478610992432,46.3,46,0.3,"Medium"
"944",0.0232170484960079,0.034996010363102,0.0137100899592042,0.00679588411003351,-0.547136306762695,-0.674775004386902,0.674775004386902,-0.505770087242126,0.361130207777023,-0.0926119387149811,-0.428828179836273,-2.66230392456055,31.7,31,0.7,"Medium"
"945",0.0238683428615332,0.0348683185875416,0.0128983864560723,0.00668245786800981,-0.562534689903259,-0.678347408771515,0.678347408771515,-0.476174205541611,0.393292993307114,-0.0127278752624989,-0.390887290239334,-2.66176295280457,86.7,86.7,0,"High"
"946",0.0238651670515537,0.0340996533632278,0.0128962090238929,0.00690772896632552,-0.551051080226898,-0.663098275661469,0.663098275661469,-0.453582525253296,0.420581012964249,-0.012716487981379,-0.413063645362854,-2.65478610992432,67.1,67,0.1,"High"
"947",0.0238651670515537,0.0340996533632278,0.0128962090238929,0.00690772896632552,-0.551051080226898,-0.663098275661469,0.663098275661469,-0.453582525253296,0.420581012964249,-0.012716487981379,-0.413063645362854,-2.65478610992432,70.1,70.1,0,"High"
"948",0.0238651670515537,0.0340996533632278,0.0128962090238929,0.00690772896632552,-0.551051080226898,-0.663098275661469,0.663098275661469,-0.453582525253296,0.420581012964249,-0.012716487981379,-0.413063645362854,-2.65478610992432,86.5,86.5,0,"High"
"949",0.0238651670515537,0.0340996533632278,0.0128962090238929,0.00690772896632552,-0.551051080226898,-0.663098275661469,0.663098275661469,-0.453582525253296,0.420581012964249,-0.012716487981379,-0.413063645362854,-2.65478610992432,92,92,0,"High"
"950",0.0238651670515537,0.0340996533632278,0.0128962090238929,0.00690772896632552,-0.551051080226898,-0.663098275661469,0.663098275661469,-0.453582525253296,0.420581012964249,-0.012716487981379,-0.413063645362854,-2.65478610992432,82,82,0,"High"
"951",0.0238651670515537,0.0340996533632278,0.0128962090238929,0.00690772896632552,-0.551051080226898,-0.663098275661469,0.663098275661469,-0.453582525253296,0.420581012964249,-0.012716487981379,-0.413063645362854,-2.65478610992432,37.2,36,1.2,"Medium"
"952",0.0222382918000221,0.0307898335158825,0.010346139781177,0.00404108082875609,-0.692452251911163,-0.767960131168365,0.767960131168365,-0.657360374927521,0.475575089454651,0.105187751352787,-0.365002125501633,-2.44898080825806,76.5,4.5,67,"High"
"953",0.0217517931014299,0.0309430509805679,0.010253619402647,0.00587179744616151,-0.574870824813843,-0.681009292602539,0.681009292602539,-0.407600820064545,0.447349458932877,0.0907540246844292,-0.353915840387344,-1.68791544437408,55,17,38,"High"
"954",0.023152768611908,0.0315584987401962,0.0104644866660237,0.00449636345729232,-0.674755573272705,-0.750582158565521,0.750582158565521,-0.59837406873703,0.485541075468063,0.135754883289337,-0.348095834255219,-2.37975168228149,86.4,9.5,76.9,"High"
"955",0.0199015233665705,0.0301564130932093,0.00988707598298788,0.0047245817258954,-0.616294860839844,-0.729102790355682,0.729102790355682,-0.529970049858093,0.390126138925552,0.0330003909766674,-0.354855835437775,-2.3392870426178,96.7,7,88.7,"High"
"956",0.0205562058836222,0.0293929483741522,0.0102372169494629,0.00415957812219858,-0.663407146930695,-0.752055764198303,0.752055764198303,-0.633228302001953,0.454036444425583,0.0355905145406723,-0.404218316078186,-2.26280641555786,93,12,81,"High"
"957",0.0229026395827532,0.0302894599735737,0.0093125319108367,0.00404802896082401,-0.699597120285034,-0.764221012592316,0.764221012592316,-0.591049611568451,0.525166809558868,0.224679619073868,-0.309649586677551,-2.18796563148499,91,91,0,"High"
"958",0.0205660108476877,0.0310600195080042,0.00931667163968086,0.00371094909496605,-0.694282233715057,-0.786548972129822,0.786548972129822,-0.64544278383255,0.386651784181595,0.116686947643757,-0.284830868244171,-2.1107451915741,79,20.5,58.5,"High"
"959",0.022521922364831,0.0308073721826077,0.0107097504660487,0.00405284482985735,-0.694985508918762,-0.767480254173279,0.767480254173279,-0.676395893096924,0.48754808306694,0.0883074477314949,-0.387974947690964,-2.02177023887634,88,80,8,"High"
"960",0.0213542245328426,0.032724492251873,0.01071219984442,0.00439472170546651,-0.658648431301117,-0.763210415840149,0.763210415840149,-0.627276539802551,0.360046535730362,0.0348722152411938,-0.327761024236679,-1.91389918327332,49,18.5,30.5,"Medium"
"961",0.0225289855152369,0.0311956610530615,0.0107146482914686,0.00507661700248718,-0.632203876972198,-0.720082819461823,0.720082819461823,-0.535552203655243,0.472454428672791,0.0882298052310944,-0.375761568546295,-1.78495252132416,25.7,9,16.7,"Medium"
"962",0.027244770899415,0.0338406227529049,0.0126656964421272,0.00884336978197098,-0.509901583194733,-0.585635304450989,0.585635304450989,-0.266561537981033,0.562402665615082,0.135157108306885,-0.408395975828171,-2.91815328598022,69,24.5,35.5,"High"
"963",0.0306780338287354,0.036688506603241,0.0149039775133133,0.0071682590059936,-0.621190965175629,-0.673105895519257,0.673105895519257,-0.525709211826324,0.581692397594452,0.114607788622379,-0.438507407903671,-2.58251810073853,50.7,29,21.5,"High"
"964",0.0277687907218933,0.0328210406005383,0.0129000088199973,0.00816462002694607,-0.54556941986084,-0.601586520671844,0.601586520671844,-0.337204277515411,0.619085788726807,0.138524249196053,-0.451481848955154,-2.89060091972351,92,0,92,"High"
"965",0.0259537342935801,0.0338488407433033,0.0136009026318789,0.00873538851737976,-0.496361523866653,-0.589735984802246,0.589735984802246,-0.326744973659515,0.513557851314545,0.0256580971181393,-0.456707686185837,-2.84490036964417,97,2,95,"High"
"966",0.0257016476243734,0.0325774364173412,0.0131426732987165,0.00805896800011396,-0.522581696510315,-0.603362143039703,0.603362143039703,-0.359668284654617,0.550892353057861,0.0452210158109665,-0.471633851528168,-2.85840654373169,34.8,25.2,9.6,"Medium"
"967",0.0289629101753235,0.0371806770563126,0.0151186473667622,0.00738229276612401,-0.593768000602722,-0.668680369853973,0.668680369853973,-0.515735447406769,0.507769405841827,0.0448410212993622,-0.434928774833679,-2.78745007514954,42,34.5,7,"Medium"
"968",0.033646248281002,0.0403734482824802,0.0165118351578712,0.00659018894657493,-0.672426819801331,-0.719349324703217,0.719349324703217,-0.644206285476685,0.556313872337341,0.119305543601513,-0.412625283002853,-2.74798822402954,51,36.5,13,"High"
"969",0.0426060408353806,0.0547740533947945,0.019297743216157,0.0081815654411912,-0.677812516689301,-0.740084648132324,0.740084648132324,-0.606793522834778,0.417167752981186,0.222000792622566,-0.213845655322075,-2.70459961891174,10.3,7.7,2.6,"Low"
"970",0.0335266292095184,0.0444615744054317,0.0184890013188124,0.00761632760986686,-0.629762768745422,-0.707502543926239,0.707502543926239,-0.624738752841949,0.434103757143021,0.0189753789454699,-0.393257349729538,-2.63435745239258,11,3,8,"Low"
"971",0.0306754987686872,0.0378351919353008,0.0168721862137318,0.00784714426845312,-0.592595756053925,-0.656447350978851,0.656447350978851,-0.547650873661041,0.54375147819519,0.00839634705334902,-0.49227249622345,-2.57481670379639,49.5,32.5,16.9,"Medium"
"972",0.0207612309604883,0.0262599606066942,0.0113738365471363,0.00568875577300787,-0.569848120212555,-0.643882036209106,0.643882036209106,-0.499784618616104,0.60260683298111,-0.0445689633488655,-0.588687777519226,-2.13288378715515,78.5,23.5,54,"High"
"973",0.0278586987406015,0.0403695926070213,0.0184881910681725,0.00639660703018308,-0.626533329486847,-0.72644317150116,0.72644317150116,-0.728853642940521,0.367675065994263,-0.166181892156601,-0.489775955677032,-1.80308258533478,0,0,0,"Bare"
"974",0.0185440797358751,0.0239564087241888,0.0117245726287365,0.00648524379357696,-0.481788337230682,-0.573922991752625,0.573922991752625,-0.431580036878586,0.602606654167175,-0.183491706848145,-0.701197504997253,-2.11096262931824,16.4,2.5,11.9,"Low"
"975",0.0192009825259447,0.0258811824023724,0.01161087770015,0.0068275760859251,-0.475378096103668,-0.582523047924042,0.582523047924042,-0.389129817485809,0.542353630065918,-0.140343338251114,-0.617275655269623,-2.08988118171692,49.5,39.5,9.7,"Medium"
"976",0.0257348343729973,0.036764457821846,0.0159107018262148,0.00649080518633127,-0.597165167331696,-0.699883699417114,0.699883699417114,-0.630754232406616,0.403447091579437,-0.117019727826118,-0.480989634990692,-2.04882502555847,39.9,33,6.8,"Medium"
"977",0.0202626287937164,0.0301192551851273,0.0133630018681288,0.00638137990608811,-0.52098947763443,-0.65034145116806,0.65034145116806,-0.530400633811951,0.409624755382538,-0.20678074657917,-0.561420500278473,-2.01040601730347,29.3,20,7.7,"Medium"
"978",0.0210496243089437,0.0261528603732586,0.0113920075818896,0.00774526223540306,-0.462039053440094,-0.54302704334259,0.54302704334259,-0.285835862159729,0.621429443359375,-0.0321394540369511,-0.593862652778625,-1.9801070690155,27.6,14.2,11.7,"Medium"
"979",0.0194906014949083,0.0260308515280485,0.0118615999817848,0.00570586696267128,-0.54708993434906,-0.640424907207489,0.640424907207489,-0.525607883930206,0.550231337547302,-0.143651649355888,-0.626070439815521,-1.92612862586975,19.2,0,18.9,"Low"
"980",0.0226323045790195,0.030901936814189,0.0143044982105494,0.00536945275962353,-0.616491734981537,-0.703929007053375,0.703929007053375,-0.681234180927277,0.488667100667953,-0.154434412717819,-0.582170724868774,-1.88228070735931,7.3,0,0.8,"Low"
"981",0.0240708105266094,0.0339744575321674,0.0150030618533492,0.00559825170785189,-0.622620224952698,-0.717065036296844,0.717065036296844,-0.684772610664368,0.433685630559921,-0.133608624339104,-0.519878149032593,-1.85437023639679,0,0,0,"Bare"
"982",0.0226129349321127,0.0274625513702631,0.0121329864487052,0.00917945336550474,-0.42253765463829,-0.498965561389923,0.498965561389923,-0.20787388086319,0.632959425449371,-0.0144172692671418,-0.587947845458984,-3.46222949028015,79.5,42,37.5,"High"
"983",0.0177010558545589,0.023016469553113,0.00985307153314352,0.00876081548631191,-0.337853670120239,-0.448611468076706,0.448611468076706,-0.0880194455385208,0.605316877365112,-0.0812238305807114,-0.62269526720047,-3.42079305648804,100,0,100,"High"
"984",0.0226228386163712,0.0308169145137072,0.0122561799362302,0.00895617809146643,-0.432776629924774,-0.54963630437851,0.54963630437851,-0.233354672789574,0.491637915372849,-0.0226231403648853,-0.479592949151993,-3.45811939239502,75.1,16,58.1,"High"
"985",0.0240767318755388,0.0317248925566673,0.01214609015733,0.00873292423784733,-0.4676613509655,-0.568294823169708,0.568294823169708,-0.245210275053978,0.518203794956207,0.0473829694092274,-0.444405227899551,-3.44335579872131,71.2,19.5,51.7,"High"
"986",0.0251360610127449,0.0335327424108982,0.0141350831836462,0.00885151699185371,-0.479132235050201,-0.58232057094574,0.58232057094574,-0.344781279563904,0.493087351322174,-0.0393152795732021,-0.492346853017807,-3.42086410522461,75.2,17,58.2,"High"
"987",0.0200258232653141,0.0265915803611279,0.0118092857301235,0.00976761057972908,-0.34431117773056,-0.462715744972229,0.462715744972229,-0.141934812068939,0.55110502243042,-0.11277948319912,-0.601745545864105,-3.39612102508545,74,22.5,50.5,"High"
"988",0.0191162563860416,0.0232506431639194,0.0113493595272303,0.00908866059035063,-0.355526506900787,-0.437918603420258,0.437918603420258,-0.165918633341789,0.669779479503632,-0.125273913145065,-0.708932042121887,-3.38202619552612,100,0.5,99.5,"High"
"989",0.0203034710139036,0.0242850184440613,0.0115858754143119,0.00920490175485611,-0.376115947961807,-0.450288236141205,0.450288236141205,-0.171781003475189,0.676489114761353,-0.0826685130596161,-0.679462909698486,-3.38260507583618,99,28,68.5,"High"
"990",0.0189999211579561,0.0242928303778172,0.012175508774817,0.0084120761603117,-0.386248588562012,-0.48557710647583,0.48557710647583,-0.274201601743698,0.609736442565918,-0.191497936844826,-0.712974429130554,-3.4076521396637,100,0,100,"High"
"991",0.0197930261492729,0.0267430748790503,0.0114791141822934,0.00841441005468369,-0.403390645980835,-0.5213303565979,0.5213303565979,-0.231083050370216,0.532423853874207,-0.100209884345531,-0.576737344264984,-3.4206850528717,100,0,100,"High"
"992",0.0228447653353214,0.0266075320541859,0.0114632798358798,0.00848414469510317,-0.458382397890091,-0.51645827293396,0.51645827293396,-0.224024042487144,0.682066738605499,0.044363509863615,-0.580877721309662,-3.78949737548828,68.5,45,23.5,"High"
"993",0.0230655539780855,0.0275763627141714,0.0110568236559629,0.00898117478936911,-0.439495056867599,-0.508655369281769,0.508655369281769,-0.155378460884094,0.647690296173096,0.0848704129457474,-0.520507514476776,-3.77096605300903,83,64,0,"High"
"994",0.0250826068222523,0.0294436141848564,0.0117028970271349,0.00860263220965862,-0.489234298467636,-0.547780215740204,0.547780215740204,-0.229021221399307,0.650929629802704,0.120115622878075,-0.493695110082626,-3.87535715103149,88.5,13.5,63,"High"
"995",0.0257472191005945,0.0298365987837315,0.0127578545361757,0.0107698580250144,-0.410146772861481,-0.469549477100372,0.469549477100372,-0.126743927598,0.660771787166595,0.0724190548062325,-0.539263427257538,-3.89342045783997,70,30.5,39.5,"High"
"996",0.0218260996043682,0.0259877163916826,0.0105510959401727,0.0106605943292379,-0.343694716691971,-0.418221801519394,0.418221801519394,0.0077432575635612,0.665445566177368,0.0696946606040001,-0.547932624816895,-3.84250235557556,86,37,39,"High"
"997",0.0244569629430771,0.0297230426222086,0.0110237104818225,0.00850276183336973,-0.484051406383514,-0.555129766464233,0.555129766464233,-0.193656221032143,0.614050805568695,0.146011278033257,-0.443499654531479,-3.79183554649353,86,52.5,19,"High"
"998",0.0264311954379082,0.0301159955561161,0.0124280387535691,0.0116938157007098,-0.38655412197113,-0.440618574619293,0.440618574619293,-0.0456571280956268,0.675524592399597,0.121047616004944,-0.512090981006622,-3.80721640586853,59.5,47.5,6,"High"
"999",0.0246076174080372,0.0285815801471472,0.0127839269116521,0.0096500925719738,-0.436617761850357,-0.49517810344696,0.49517810344696,-0.209536746144295,0.668363511562347,0.0254017040133476,-0.583628237247467,-3.84866547584534,72,56,0,"High"
"1000",0.0239624697715044,0.0296169351786375,0.011509426869452,0.00908571481704712,-0.450153470039368,-0.530486166477203,0.530486166477203,-0.176525518298149,0.598023891448975,0.088692881166935,-0.476464003324509,-3.84033894538879,73,62,11,"High"
"1001",0.0222693663090467,0.0274401716887951,0.00976899731904268,0.00783858262002468,-0.479301452636719,-0.555620193481445,0.555620193481445,-0.164453148841858,0.61865222454071,0.155695989727974,-0.441056549549103,-3.78645634651184,75,75,0,"High"
"1002",0.0136559354141355,0.0185700729489326,0.00540110701695085,0.00420733913779259,-0.528939783573151,-0.630569159984589,0.630569159984589,-0.186362266540527,0.609922528266907,0.173702836036682,-0.427606165409088,-3.67360806465149,100,0,100,"High"
"1003",0.0133179007098079,0.0160250999033451,0.00438525946810842,0.00366267911158502,-0.568603754043579,-0.627923607826233,0.627923607826233,-0.134676784276962,0.766170740127563,0.326908946037292,-0.43299189209938,-3.73245048522949,100,3,97,"High"
"1004",0.0120738698169589,0.016630906611681,0.00528743397444487,0.00489575183019042,-0.422998130321503,-0.545145213603973,0.545145213603973,-0.057695422321558,0.622459828853607,0.0687718093395233,-0.523396968841553,-3.65234017372131,100,4,96,"High"
"1005",0.0136665916070342,0.0170238018035889,0.00482226815074682,0.00444087898358703,-0.509497582912445,-0.586215257644653,0.586215257644653,-0.0617591142654419,0.717647671699524,0.271474748849869,-0.437282145023346,-3.6651291847229,100,50,50,"High"
"1006",0.0152584910392761,0.0170279778540134,0.00377122568897903,0.00398601358756423,-0.585750460624695,-0.620632410049438,0.620632410049438,0.0415330566465855,0.827527761459351,0.592004120349884,-0.269475907087326,-3.6771547794342,100,0,100,"High"
"1007",0.0155280968174338,0.0175503399223089,0.00377476145513356,0.0041027870029211,-0.582006871700287,-0.621044397354126,0.621044397354126,0.0624608434736729,0.807874023914337,0.608717262744904,-0.239899069070816,-3.69379925727844,100,0,100,"High"
"1008",0.0139523474499583,0.0157448910176754,0.00507059739902616,0.00422199489548802,-0.535389542579651,-0.577100336551666,0.577100336551666,-0.136980473995209,0.834409117698669,0.249204263091087,-0.549603402614594,-3.70533609390259,100,16,84,"High"
"1009",0.0139523474499583,0.0157448910176754,0.00507059739902616,0.00422199489548802,-0.535389542579651,-0.577100336551666,0.577100336551666,-0.136980473995209,0.834409117698669,0.249204263091087,-0.549603402614594,-3.70533609390259,100,3,97,"High"
"1010",0.0143595766276121,0.015882907435298,0.00414039148017764,0.004112568218261,-0.554727613925934,-0.588650107383728,0.588650107383728,-0.00505696050822735,0.852442502975464,0.451379150152206,-0.402742475271225,-3.66238927841187,100,0,100,"High"
"1011",0.0146292438730597,0.016146233305335,0.00461251614615321,0.0040007010102272,-0.570508539676666,-0.602847635746002,0.602847635746002,-0.106548190116882,0.850820779800415,0.377592831850052,-0.459897667169571,-3.66347050666809,100,82,18,"High"
"1012",0.0142769953235984,0.017220651730895,0.00671394215896726,0.00523910904303193,-0.463098883628845,-0.533467054367065,0.533467054367065,-0.185078233480453,0.7472003698349,0.0320118591189384,-0.651346445083618,-3.19597983360291,100,0,100,"High"
"1013",0.0166159570217133,0.0169170740991831,0.00678256107494235,0.00540107442066073,-0.509373068809509,-0.51599258184433,0.51599258184433,-0.170083060860634,0.920793175697327,0.175025552511215,-0.676062941551208,-3.03522658348083,100,0,100,"High"
"1014",0.0148135460913181,0.0174867976456881,0.00648751761764288,0.00513000600039959,-0.485547423362732,-0.546354472637177,0.546354472637177,-0.175275519490242,0.765226781368256,0.098257303237915,-0.612627327442169,-3.21361351013184,100,12,88,"High"
"1015",0.0152287352830172,0.0181477256119251,0.0069677890278399,0.00445617828518152,-0.547249376773834,-0.605716049671173,0.605716049671173,-0.329781770706177,0.747232615947723,0.0647932291030884,-0.624204874038696,-3.11975693702698,100,0,100,"High"
"1016",0.0172142833471298,0.018159095197916,0.00837656110525131,0.00526019698008895,-0.531895995140076,-0.550780892372131,0.550780892372131,-0.342790126800537,0.869017541408539,0.0297964662313461,-0.749083161354065,-3.04755735397339,100,0,100,"High"
"1017",0.0163036119192839,0.0179084949195385,0.00826581474393606,0.00515045551583171,-0.519862115383148,-0.553279280662537,0.553279280662537,-0.348311334848404,0.831758916378021,-0.0131688416004181,-0.753908395767212,-3.04771709442139,100,0,100,"High"
"1018",0.017100065946579,0.0164973624050617,0.00850441493093967,0.00572378095239401,-0.498438537120819,-0.48483470082283,0.48483470082283,-0.293146848678589,0.980416119098663,0.0101785222068429,-0.8553786277771,-3.01833486557007,100,0,100,"High"
"1019",0.0161940027028322,0.0183123257011175,0.00816343910992146,0.00493279006332159,-0.533029913902283,-0.575584828853607,0.575584828853607,-0.370028167963028,0.797582566738129,-0.00925124436616898,-0.723114907741547,-3.03880286216736,100,0,100,"High"
"1020",0.0165971331298351,0.0193500388413668,0.00910186860710382,0.00527860317379236,-0.517401099205017,-0.571344375610352,0.571344375610352,-0.398797631263733,0.754367351531982,-0.077765055000782,-0.74215966463089,-3.04775905609131,100,0,100,"High"
"1021",0.0166061464697123,0.0157493762671947,0.00794201623648405,0.00494112772867084,-0.541368663311005,-0.522377252578735,0.522377252578735,-0.34939706325531,1.00818383693695,0.0394086316227913,-0.85514634847641,-3.05154347419739,100,0,100,"High"
"1022",0.0424079298973083,0.0629670917987823,0.026956370100379,0.00450785225257277,-0.807832181453705,-0.866384387016296,0.866384387016296,-1.07019257545471,0.241033926606178,-0.0686326026916504,-0.302253305912018,-2.11178517341614,0,0,0,"Bare"
"1023",0.0480912774801254,0.0704273357987404,0.0322689116001129,0.00813585985451937,-0.710607349872589,-0.792883694171906,0.792883694171906,-0.895923316478729,0.229063928127289,-0.0967787578701973,-0.312888652086258,-1.8153440952301,0,0,0,"Bare"
"1024",0.0424108505249023,0.0647370517253876,0.0278798826038837,0.00462259212508798,-0.803433835506439,-0.866706550121307,0.866706550121307,-1.07333171367645,0.207002103328705,-0.0973856896162033,-0.297491133213043,-2.08479642868042,0.2,0,0.2,"Bare"
"1025",0.046532541513443,0.0673899129033089,0.0284577626734972,0.00451142201200128,-0.823233842849731,-0.874510765075684,0.874510765075684,-1.08948743343353,0.250346153974533,-0.0221914499998093,-0.271312385797501,-2.05497550964355,0,0,0,"Bare"
"1026",0.0457627773284912,0.0668863877654076,0.0306472536176443,0.00485176686197519,-0.808285653591156,-0.864736795425415,0.864736795425415,-1.08998024463654,0.242891043424606,-0.102292090654373,-0.329331904649734,-2.01616668701172,1,0,1,"Bare"
"1027",0.0460222624242306,0.0692852959036827,0.0303034726530313,0.00462735816836357,-0.817279636859894,-0.874788463115692,0.874788463115692,-1.10258388519287,0.205199286341667,-0.0869859457015991,-0.286406010389328,-1.97568511962891,0.5,0,0.5,"Bare"
"1028",0.0453811138868332,0.0708002746105194,0.0316866189241409,0.00451590353623033,-0.81899106502533,-0.880081474781036,0.880081474781036,-1.12577986717224,0.16456238925457,-0.139203011989594,-0.295195937156677,-1.94236135482788,0,0,0,"Bare"
"1029",0.0483414568006992,0.0692878812551498,0.0332996807992458,0.00542093999683857,-0.79833710193634,-0.854878187179565,0.854878187179565,-1.07999587059021,0.25431764125824,-0.118493549525738,-0.350631177425385,-1.90020072460175,0.7,0,0.7,"Bare"
"1030",0.0465439110994339,0.0711815059185028,0.0326110310852528,0.00553564541041851,-0.78741580247879,-0.855686902999878,0.855686902999878,-1.06465578079224,0.18325662612915,-0.138506963849068,-0.309425204992294,-1.8765617609024,99,96,0,"High"
"1031",0.0489890389144421,0.0730739906430244,0.034223847091198,0.0073439828120172,-0.739265441894531,-0.817354679107666,0.817354679107666,-0.96997594833374,0.202179357409477,-0.128608778119087,-0.316086679697037,-1.84118068218231,0,0,0,"Bare"
"1032",0.0241727363318205,0.030371030792594,0.0122080966830254,0.00818534195423126,-0.494077384471893,-0.575409114360809,0.575409114360809,-0.29588595032692,0.575831711292267,0.0470056347548962,-0.491488248109818,-3.66432166099548,75.1,72,3.1,"High"
"1033",0.0229254979640245,0.0269388016313314,0.00968212075531483,0.00593480188399553,-0.588722109794617,-0.638932049274445,0.638932049274445,-0.359928667545319,0.670373797416687,0.192376792430878,-0.453408509492874,-3.75569629669189,98,2,7,"High"
"1034",0.0258892010897398,0.0310201123356819,0.0127960573881865,0.00750250555574894,-0.55063658952713,-0.610488295555115,0.610488295555115,-0.391176849603653,0.618419468402863,0.0753600969910622,-0.502401351928711,-3.6466658115387,82.5,30.5,52,"High"
"1035",0.0237924326211214,0.0310273841023445,0.0106977466493845,0.00796399172395468,-0.498432725667953,-0.591499865055084,0.591499865055084,-0.219734743237495,0.53367280960083,0.144145399332047,-0.380094438791275,-3.62878680229187,84.3,22,62.3,"High"
"1036",0.0226123072206974,0.031160194426775,0.0116366157308221,0.00796633772552013,-0.47896072268486,-0.592791020870209,0.592791020870209,-0.280846297740936,0.477545350790024,0.021294979378581,-0.433159500360489,-3.62356686592102,83.5,60,23,"High"
"1037",0.0226222425699234,0.0278119165450335,0.0108246933668852,0.00717174215242267,-0.518577873706818,-0.589994728565216,0.589994728565216,-0.304472893476486,0.617820680141449,0.0836179181933403,-0.497540444135666,-3.69735217094421,88.4,24.2,64.2,"High"
"1038",0.0205244068056345,0.0253660902380943,0.00931110698729753,0.0064913691021502,-0.519438624382019,-0.592474162578583,0.592474162578583,-0.267654687166214,0.63373589515686,0.115173138678074,-0.486931830644608,-3.78587579727173,71.5,25,46.5,"High"
"1039",0.0203976854681969,0.0257574170827866,0.0089636193588376,0.00649375328794122,-0.517039358615875,-0.597301244735718,0.597301244735718,-0.23967844247818,0.60871022939682,0.141522109508514,-0.445699572563171,-3.80037760734558,73,28,42,"High"
"1040",0.0207980144768953,0.0258904211223125,0.00885004829615355,0.00626777019351721,-0.536849200725555,-0.610191345214844,0.610191345214844,-0.256215363740921,0.621810674667358,0.17186826467514,-0.431858271360397,-3.79275178909302,75.5,28.5,42,"High"
"1041",0.0221254974603653,0.0269311498850584,0.0100261969491839,0.00638672476634383,-0.552000939846039,-0.616618692874908,0.616618692874908,-0.332616478204727,0.635204136371613,0.126979380846024,-0.477493405342102,-3.76474070549011,66.5,27,39.5,"High"
"1042",0.0378269627690315,0.0446577519178391,0.0134618543088436,0.00661769928410649,-0.702205002307892,-0.741876482963562,0.741876482963562,-0.511277914047241,0.549370169639587,0.411157101392746,-0.172580644488335,-3.98374509811401,70,70,0,"High"
"1043",0.0444944724440575,0.0459834076464176,0.0159454885870218,0.00665781693533063,-0.73968642950058,-0.747049331665039,0.747049331665039,-0.616348206996918,0.675728678703308,0.428631097078323,-0.258729100227356,-3.95589685440063,106,0,106,"High"
"1044",0.0379650704562664,0.0454273335635662,0.0136997401714325,0.00662242248654366,-0.702947080135345,-0.745534956455231,0.745534956455231,-0.522384166717529,0.531996667385101,0.399813890457153,-0.167433544993401,-3.96444320678711,63.2,42.5,20.5,"High"
"1045",0.0377147682011127,0.0445432588458061,0.0134747009724379,0.00662714475765824,-0.701088905334473,-0.74097740650177,0.74097740650177,-0.510964751243591,0.549557566642761,0.407370567321777,-0.175797834992409,-3.94314169883728,35.5,13,22.5,"Medium"
"1046",0.038888368755579,0.0436591617763042,0.0137125579640269,0.00663186563178897,-0.708618998527527,-0.73626047372818,0.73626047372818,-0.522061407566071,0.604862034320831,0.423042386770248,-0.207771763205528,-3.95456290245056,54.4,40,13.4,"High"
"1047",0.0391559302806854,0.04392009973526,0.013950408436358,0.00607044249773026,-0.731552958488464,-0.757136344909668,0.757136344909668,-0.590381920337677,0.60438859462738,0.415185332298279,-0.21353368461132,-3.9363374710083,65.5,34.5,31,"High"
"1048",0.0411008223891258,0.0444321855902672,0.0141850346699357,0.00573312817141414,-0.75517213344574,-0.771430611610413,0.771430611610413,-0.636497437953949,0.638605237007141,0.449391037225723,-0.213309422135353,-3.92643332481384,72.5,28,42,"High"
"1049",0.0430486463010311,0.0463460274040699,0.0153482928872108,0.00585111323744059,-0.760689496994019,-0.77580714225769,0.77580714225769,-0.6719890832901,0.633031964302063,0.428257077932358,-0.224857345223427,-3.95915126800537,55,8.3,46.7,"High"
"1050",0.0393030010163784,0.0445691235363483,0.0139632737264037,0.00585348904132843,-0.74074649810791,-0.767822861671448,0.767822861671448,-0.613857924938202,0.590092658996582,0.418145626783371,-0.199492707848549,-3.98782157897949,35.5,27,8.5,"Medium"
"1051",0.0413849726319313,0.0468670576810837,0.0145512595772743,0.00574741372838616,-0.756116151809692,-0.781527280807495,0.781527280807495,-0.650573015213013,0.579866945743561,0.434471160173416,-0.177331835031509,-3.99091720581055,77.4,24,53.4,"High"
"1052",0.0253246929496527,0.0344415456056595,0.0163292270153761,0.00644552893936634,-0.594240844249725,-0.684715569019318,0.684715569019318,-0.650964021682739,0.467668890953064,-0.155300959944725,-0.563954412937164,-1.87124037742615,62.7,61.7,1,"High"
"1053",0.0255793947726488,0.0372213907539845,0.0169020183384418,0.00678198458626866,-0.580859363079071,-0.691751599311829,0.691751599311829,-0.640941083431244,0.382194221019745,-0.174792259931564,-0.509832620620728,-1.8713515996933,90.6,89.4,1.2,"High"
"1054",0.0308616496622562,0.0395250245928764,0.0233709737658501,0.00794908683747053,-0.59036660194397,-0.665119111537933,0.665119111537933,-0.738594710826874,0.496052294969559,-0.264336496591568,-0.670654118061066,-1.79893517494202,83,78,5,"High"
"1055",0.033251840621233,0.0408877842128277,0.026419909670949,0.00961452908813953,-0.551418542861938,-0.619244039058685,0.619244039058685,-0.699554979801178,0.528950393199921,-0.294658541679382,-0.720333397388458,-1.69507992267609,96,96,0,"High"
"1056",0.0307343658059835,0.0385320447385311,0.022466454654932,0.00783741753548384,-0.593619108200073,-0.661957800388336,0.661957800388336,-0.72411721944809,0.523218274116516,-0.234697014093399,-0.669195115566254,-1.79999828338623,75,63,0,"High"
"1057",0.0318682119250298,0.0391525588929653,0.022692833095789,0.00772671867161989,-0.609711706638336,-0.670356750488281,0.670356750488281,-0.737984955310822,0.539794087409973,-0.207047685980797,-0.660052955150604,-1.79999935626984,93,93,0,"High"
"1058",0.0317429192364216,0.039277009665966,0.0233710519969463,0.00772707816213369,-0.608458161354065,-0.671216785907745,0.671216785907745,-0.754577875137329,0.531950831413269,-0.236183971166611,-0.676951050758362,-1.79706406593323,96,96,0,"High"
"1059",0.031239228323102,0.0395250022411346,0.0230322070419788,0.00772712798789144,-0.603394865989685,-0.67294055223465,0.67294055223465,-0.746362626552582,0.508213341236115,-0.239683136343956,-0.66070282459259,-1.78764343261719,87,85,2,"High"
"1060",0.0311126206070185,0.0401444472372532,0.0237095765769482,0.00772682018578053,-0.602114737033844,-0.677183389663696,0.677183389663696,-0.762623488903046,0.48502305150032,-0.268544584512711,-0.664907872676849,-1.78261029720306,97,97,0,"High"
"1061",0.0323722362518311,0.040020938962698,0.0246136151254177,0.00806034542620182,-0.60129451751709,-0.664720058441162,0.664720058441162,-0.759929418563843,0.528501093387604,-0.260874599218369,-0.693494200706482,-1.76926720142365,91,91,0,"High"
"1062",0.0323708429932594,0.0407638177275658,0.026419872418046,0.00894819293171167,-0.566873073577881,-0.639998733997345,0.639998733997345,-0.740993857383728,0.505833566188812,-0.321509331464767,-0.723368883132935,-1.72989106178284,71.5,27.5,44,"High"
"1063",0.0333783552050591,0.0408882535994053,0.025855639949441,0.00950378645211458,-0.556748509407043,-0.622806072235107,0.622806072235107,-0.693670213222504,0.532733798027039,-0.272389084100723,-0.705607354640961,-1.70982873439789,92,91,1,"High"
"1064",0.0302132200449705,0.0454516708850861,0.0176837723702192,0.00941859185695648,-0.52469539642334,-0.656695961952209,0.656695961952209,-0.457442402839661,0.302950859069824,-0.0469858050346375,-0.340883553028107,-2.21589136123657,51.4,0,51.4,"High"
"1065",0.0355286151170731,0.0454606562852859,0.0193923059850931,0.00831287354230881,-0.620775938034058,-0.690819144248962,0.690819144248962,-0.599857091903687,0.464766532182693,0.0361607521772385,-0.403546690940857,-2.1930730342865,95,0,95,"High"
"1066",0.0350242294371128,0.0460818968713284,0.0198456980288029,0.00842439942061901,-0.612213313579559,-0.690883457660675,0.690883457660675,-0.606009483337402,0.433771908283234,0.00208845385350287,-0.405725538730621,-2.19300198554993,8.1,0,3.1,"Low"
"1067",0.0355293340981007,0.0468273647129536,0.019166499376297,0.00831349659711123,-0.620759129524231,-0.698463320732117,0.698463320732117,-0.592412889003754,0.428350061178207,0.0462023168802261,-0.365943312644958,-2.18840479850769,62.5,0,62.5,"High"
"1068",0.0351445265114307,0.0453322865068913,0.0175753217190504,0.00830945838242769,-0.617551386356354,-0.690186858177185,0.690186858177185,-0.536948561668396,0.457375466823578,0.109466947615147,-0.339320808649063,-2.19240617752075,39.5,0,39.5,"Medium"
"1069",0.0372915640473366,0.0475695766508579,0.0184836499392986,0.00831097923219204,-0.635503709316254,-0.702544867992401,0.702544867992401,-0.569480001926422,0.457414090633392,0.12565016746521,-0.325491935014725,-2.19175553321838,96,0,96,"High"
"1070",0.0355257652699947,0.0480663329362869,0.0184837989509106,0.00831110402941704,-0.620816707611084,-0.705162048339844,0.705162048339844,-0.569475531578064,0.396126002073288,0.0771343559026718,-0.315108865499496,-2.19149923324585,21.9,9,12.4,"Medium"
"1071",0.0350235030055046,0.0464538596570492,0.019278584048152,0.00853505358099937,-0.608111262321472,-0.689571857452393,0.689571857452393,-0.579402685165405,0.423861771821976,0.0268739927560091,-0.3779256939888,-2.19049263000488,87,0,87,"High"
"1072",0.0668384283781052,0.073980376124382,0.0348078235983849,0.00909329205751419,-0.760487675666809,-0.781078815460205,0.781078815460205,-0.87860631942749,0.497696846723557,0.16759629547596,-0.315291196107864,-1.7145779132843,64,0,64,"High"
"1073",0.0578470155596733,0.0654842704534531,0.0255647022277117,0.00911327078938484,-0.727800726890564,-0.755668342113495,0.755668342113495,-0.711608707904816,0.50328254699707,0.287187397480011,-0.226927384734154,-2.40308904647827,96,2,94,"High"
"1074",0.0581083931028843,0.0639854148030281,0.024197181686759,0.0082196518778801,-0.752151548862457,-0.772324800491333,0.772324800491333,-0.739316344261169,0.536273956298828,0.338734179735184,-0.212611719965935,-2.47897505760193,93.5,0,93.5,"High"
"1075",0.0560907162725925,0.0571008436381817,0.0219222754240036,0.0091293016448617,-0.720046043395996,-0.724315822124481,0.724315822124481,-0.617986679077148,0.640966296195984,0.387871503829956,-0.259154260158539,-2.73333358764648,94.5,2.5,92,"High"
"1076",0.0512639209628105,0.0532173179090023,0.0203274860978127,0.00700207892805338,-0.759651303291321,-0.767447710037231,0.767447710037231,-0.731373190879822,0.637626588344574,0.362512230873108,-0.278110533952713,-2.85610413551331,29,0,29,"Medium"
"1077",0.0610044449567795,0.0714822262525558,0.0285228155553341,0.0089867627248168,-0.743203103542328,-0.776640355587006,0.776640355587006,-0.781242549419403,0.448621243238449,0.246649742126465,-0.213915154337883,-1.86126756668091,97,97,0,"High"
"1078",0.0601250492036343,0.0689847692847252,0.027387049049139,0.00730920443311334,-0.783219814300537,-0.808393657207489,0.808393657207489,-0.868012070655823,0.477847874164581,0.266896605491638,-0.221783146262169,-2.09976315498352,98,98,0,"High"
"1079",0.0370289869606495,0.0423193275928497,0.0172277186065912,0.00842148531228304,-0.629421412944794,-0.668058693408966,0.668058693408966,-0.515000402927399,0.594209790229797,0.178790912032127,-0.394481241703033,-2.06758117675781,32,2,29,"Medium"
"1080",0.033520083874464,0.0430654287338257,0.0172318555414677,0.00665044691413641,-0.668889284133911,-0.732461869716644,0.732461869716644,-0.664597272872925,0.47315514087677,0.0790292173624039,-0.377168238162994,-2.08838176727295,0,0,0,"Bare"
"1081",0.0366531983017921,0.0426908247172832,0.0173410065472126,0.00853272899985313,-0.622328042984009,-0.66684353351593,0.66684353351593,-0.510649740695953,0.57325804233551,0.162982553243637,-0.390208423137665,-2.06377649307251,0,0,0,"Bare"
"1082",0.0364028289914131,0.0430622883141041,0.0173414647579193,0.00786774605512619,-0.644560933113098,-0.691037058830261,0.691037058830261,-0.563705801963806,0.555746555328369,0.156105741858482,-0.381562799215317,-2.06088972091675,32,1,31,"Medium"
"1083",0.0340187437832355,0.0417022220790386,0.0174547545611858,0.00709185656160116,-0.654986500740051,-0.70931488275528,0.70931488275528,-0.63325834274292,0.527490198612213,0.0827994719147682,-0.41809418797493,-2.06077337265015,0,0,0,"Bare"
"1084",0.0322612896561623,0.0428158491849899,0.0172295570373535,0.00687042670324445,-0.648856341838837,-0.723447680473328,0.723447680473328,-0.644759595394135,0.442028135061264,0.0408666208386421,-0.38288950920105,-2.05887818336487,32,0,32,"Medium"
"1085",0.0354006923735142,0.0430636331439018,0.0173428431153297,0.00709257740527391,-0.66617876291275,-0.717180490493774,0.717180490493774,-0.629225850105286,0.527793049812317,0.128122627735138,-0.381585747003555,-2.06068825721741,0,0,0,"Bare"
"1086",0.0359032340347767,0.0431877598166466,0.0173433031886816,0.00720383087173104,-0.665770292282104,-0.71408599615097,0.71408599615097,-0.619592010974884,0.538348436355591,0.142195925116539,-0.378725588321686,-2.06435704231262,51.5,37.5,14,"High"
"1087",0.035401850938797,0.042940866202116,0.0173437613993883,0.00631703250110149,-0.697161972522736,-0.743511915206909,0.743511915206909,-0.699050664901733,0.53133761882782,0.12811005115509,-0.384476721286774,-2.06763863563538,0,0,0,"Bare"
"1088",0.0343983136117458,0.0426939725875854,0.0173442214727402,0.00642829202115536,-0.685092985630035,-0.738273799419403,0.738273799419403,-0.688774228096008,0.509674191474915,0.0993307903409004,-0.390261024236679,-2.0779070854187,55,3,52,"High"
"1089",0.035845872014761,0.0403359904885292,0.0172302592545748,0.00789850950241089,-0.638878881931305,-0.672495424747467,0.672495424747467,-0.557035803794861,0.620782554149628,0.146192118525505,-0.442581504583359,-2.39712858200073,100,5,95,"High"
"1090",0.03684963285923,0.0416974574327469,0.0172293707728386,0.0100064864382148,-0.572884559631348,-0.612931430339813,0.612931430339813,-0.397796422243118,0.607564747333527,0.173853471875191,-0.409350335597992,-2.38227701187134,0,0,0,"Bare"
"1091",0.0372260585427284,0.0394674465060234,0.0155347436666489,0.00922944489866495,-0.60265439748764,-0.620943188667297,0.620943188667297,-0.381920367479324,0.685340285301208,0.272603988647461,-0.393746584653854,-2.38296937942505,0,0,0,"Bare"
"1092",0.0350919142365456,0.0450414381921291,0.0171173829585314,0.00845347624272108,-0.611739575862885,-0.683952152729034,0.683952152729034,-0.508229315280914,0.463795095682144,0.130558043718338,-0.327763020992279,-2.40412473678589,0,0,0,"Bare"
"1093",0.0357203893363476,0.0428131148219109,0.0172303952276707,0.00923038646578789,-0.589311361312866,-0.645281851291656,0.645281851291656,-0.453501850366592,0.543960273265839,0.14267860352993,-0.382986545562744,-2.39991044998169,100,1,99,"High"
"1094",0.0335823856294155,0.0425646863877773,0.0180202703922987,0.00922986399382353,-0.568821370601654,-0.64359712600708,0.64359712600708,-0.483873188495636,0.489399045705795,0.0426081344485283,-0.419355750083923,-2.37360215187073,0,0,0,"Bare"
"1095",0.0362220332026482,0.0420694164931774,0.016552047803998,0.00867501739412546,-0.613559603691101,-0.658089876174927,0.658089876174927,-0.4683678150177,0.579462170600891,0.19099035859108,-0.37313449382782,-2.38457942008972,90,2,88,"High"
"1096",0.0389849059283733,0.0434311777353287,0.0147443367168307,0.00889676995575428,-0.628385186195374,-0.659961044788361,0.659961044788361,-0.371021121740341,0.613781809806824,0.363449603319168,-0.262453466653824,-2.3667209148407,0,0,0,"Bare"
"1097",0.0369755141437054,0.0404590368270874,0.017794243991375,0.00767600815743208,-0.656181573867798,-0.681063652038574,0.681063652038574,-0.595885515213013,0.648063242435455,0.149662092328072,-0.461487680673599,-2.36319255828857,95,0,95,"High"
"1098",0.0354678966104984,0.0366178415715694,0.0174555554986,0.00922986306250095,-0.587010025978088,-0.597368597984314,0.597368597984314,-0.462370067834854,0.729145050048828,0.12447651475668,-0.548144280910492,-2.38013029098511,0,0,0,"Bare"
"1099",0.0358443669974804,0.040954265743494,0.0180198978632689,0.00878568459302187,-0.606288373470306,-0.646735310554504,0.646735310554504,-0.516732633113861,0.60202819108963,0.10781055688858,-0.457910627126694,-2.36978459358215,33,0,33,"Medium"
"1100",0.0400644913315773,0.0466316118836403,0.017332699149847,0.00883160158991814,-0.638760447502136,-0.681532979011536,0.681532979011536,-0.487368136644363,0.553634881973267,0.252382278442383,-0.301587164402008,-1.24441528320312,9,0,1,"Low"
"1101",0.0396874360740185,0.0476181842386723,0.0167681090533733,0.00949566066265106,-0.613864898681641,-0.667483031749725,0.667483031749725,-0.415350615978241,0.518425285816193,0.271261006593704,-0.258080124855042,-1.29047882556915,1,0,1,"Bare"
"1102",0.0395603440701962,0.0486043132841587,0.0166541263461113,0.00949475634843111,-0.612894237041473,-0.673152923583984,0.673152923583984,-0.410688877105713,0.490003407001495,0.273889511823654,-0.232933685183525,-1.30342614650726,0,0,0,"Bare"
"1103",0.0456437207758427,0.0511095635592937,0.0207373388111591,0.0111216586083174,-0.608153462409973,-0.642569839954376,0.642569839954376,-0.452729880809784,0.57121729850769,0.229311406612396,-0.332128286361694,-1.26528811454773,17,0,17,"Low"
"1104",0.0427508130669594,0.0481348633766174,0.0193761009722948,0.00845362804830074,-0.669808804988861,-0.701224505901337,0.701224505901337,-0.588712513446808,0.579503417015076,0.2219258248806,-0.345817446708679,-1.31727468967438,0,0,0,"Bare"
"1105",0.0456431470811367,0.0518509447574615,0.0218658782541752,0.01167615596205,-0.592592537403107,-0.632403969764709,0.632403969764709,-0.455684453248978,0.553489148616791,0.183958664536476,-0.353844344615936,-1.26242923736572,0,0,0,"Bare"
"1106",0.0451401025056839,0.0535802692174911,0.0217518266290426,0.0101217944175005,-0.633679091930389,-0.682214558124542,0.682214558124542,-0.547319293022156,0.502049326896667,0.177350744605064,-0.317472249269485,-1.26128470897675,28,0,28,"Medium"
"1107",0.0450141541659832,0.0520965941250324,0.0220900848507881,0.01001051440835,-0.636144518852234,-0.677637100219727,0.677637100219727,-0.564455389976501,0.533798575401306,0.16135361790657,-0.356070995330811,-1.26260352134705,0,0,0,"Bare"
"1108",0.0435084737837315,0.0494991801679134,0.0218635629862547,0.00923314318060875,-0.649872601032257,-0.685585618019104,0.685585618019104,-0.609248757362366,0.56268984079361,0.136151507496834,-0.400189220905304,-1.26439583301544,37,0,37,"Medium"
"1109",0.0435078740119934,0.048509243875742,0.021072881296277,0.00945477839559317,-0.6429643034935,-0.673770785331726,0.673770785331726,-0.570864379405975,0.587526619434357,0.167653784155846,-0.395285546779633,-1.2702077627182,0,0,0,"Bare"
"1110",0.0427536405622959,0.0481368936598301,0.0210717134177685,0.00856607966125011,-0.666168093681335,-0.69786137342453,0.69786137342453,-0.632923305034637,0.579517662525177,0.150213614106178,-0.402953237295151,-1.28298044204712,62,0,62,"High"
"1111",0.0425016544759274,0.0481361001729965,0.0203935224562883,0.00867648050189018,-0.660930156707764,-0.694557785987854,0.694557785987854,-0.604594469070435,0.573626577854156,0.172292977571487,-0.380672574043274,-1.29428935050964,0,0,0,"Bare"
"1112",0.0421241819858551,0.0476404391229153,0.0193765200674534,0.00923079624772072,-0.640510141849518,-0.6753790974617,0.6753790974617,-0.53198230266571,0.577437818050385,0.207141071557999,-0.356156945228577,-1.30571734905243,35,0,35,"Medium"
"1113",0.036384679377079,0.0444151759147644,0.0200281403958797,0.00836667511612177,-0.626081705093384,-0.68297153711319,0.68297153711319,-0.616034924983978,0.517195880413055,0.0323664024472237,-0.448801606893539,-2.29640746116638,72.5,5,67.5,"High"
"1114",0.0347399339079857,0.0472655333578587,0.0246645417064428,0.00958736520260572,-0.567428410053253,-0.662730813026428,0.662730813026428,-0.660277545452118,0.39442440867424,-0.192054376006126,-0.528524339199066,-2.11976337432861,95,73,22,"High"
"1115",0.0355017445981503,0.0449112355709076,0.0204804930835962,0.0083663696423173,-0.618567168712616,-0.685932993888855,0.685932993888855,-0.629918932914734,0.478967279195786,-0.0113092949613929,-0.452917456626892,-2.29016947746277,59,1,57,"High"
"1116",0.0349961742758751,0.0455309152603149,0.0208192430436611,0.00758724100887775,-0.6436527967453,-0.714325904846191,0.714325904846191,-0.698713839054108,0.447767198085785,-0.0396885648369789,-0.45039501786232,-2.2638726234436,83,83,0,"High"
"1117",0.0351228304207325,0.0449107736349106,0.0214987732470036,0.00758760143071413,-0.644695639610291,-0.710939586162567,0.710939586162567,-0.717406630516052,0.468249440193176,-0.0635566711425781,-0.48599973320961,-2.24267244338989,90,83,7,"High"
"1118",0.0342395827174187,0.044041384011507,0.0208192840218544,0.00758729223161936,-0.637204945087433,-0.706082224845886,0.706082224845886,-0.698711037635803,0.466826796531677,-0.0615466348826885,-0.483658164739609,-2.22681307792664,88,85,3,"High"
"1119",0.0320939719676971,0.0434197336435318,0.0207052864134312,0.00747545529156923,-0.622160017490387,-0.706241190433502,0.706241190433502,-0.704195320606232,0.419599652290344,-0.121562927961349,-0.494131594896317,-2.18993353843689,78.5,59,13,"High"
"1120",0.033354140818119,0.0414319448173046,0.020930852741003,0.00758605822920799,-0.629407823085785,-0.690478682518005,0.690478682518005,-0.701941072940826,0.515758991241455,-0.0923199877142906,-0.548378467559814,-2.1576132774353,83,83,0,"High"
"1121",0.0331012047827244,0.0446598045527935,0.0225149225443602,0.00758574903011322,-0.62711638212204,-0.709611713886261,0.709611713886261,-0.743962168693542,0.415861159563065,-0.16235263645649,-0.523080289363861,-2.14308452606201,97,97,0,"High"
"1122",0.0338566415011883,0.0471410341560841,0.0228536315262318,0.00803001224994659,-0.616583704948425,-0.70890486240387,0.70890486240387,-0.719974279403687,0.371914207935333,-0.152562901377678,-0.479187399148941,-2.12722277641296,84,84,0,"High"
"1123",0.0304446909576654,0.0364987850189209,0.0165558699518442,0.00790069159120321,-0.587919533252716,-0.644108772277832,0.644108772277832,-0.530850052833557,0.580434739589691,0.0170368459075689,-0.515333890914917,-2.65360355377197,67,0,67,"High"
"1124",0.0328338481485844,0.037613607943058,0.0165553353726864,0.00867717992514372,-0.581933736801147,-0.625101208686829,0.625101208686829,-0.468333542346954,0.618972599506378,0.0926127880811691,-0.485224992036819,-2.36510157585144,0,0,0,"Bare"
"1125",0.0308216102421284,0.036870215088129,0.0165555104613304,0.00790042709559202,-0.59194153547287,-0.647071063518524,0.647071063518524,-0.530857801437378,0.580284178256989,0.0293598733842373,-0.505194067955017,-2.66206216812134,0,0,0,"Bare"
"1126",0.0313243977725506,0.0363740772008896,0.0161034055054188,0.00790021568536758,-0.597180724143982,-0.643124043941498,0.643124043941498,-0.512621998786926,0.613130629062653,0.0692314803600311,-0.499870181083679,-2.60969853401184,100,0,100,"High"
"1127",0.0305701568722725,0.0361266545951366,0.0158779248595238,0.00790053233504295,-0.589270055294037,-0.64110666513443,0.64110666513443,-0.503232359886169,0.597153663635254,0.0569234676659107,-0.497084707021713,-2.55598568916321,0,0,0,"Bare"
"1128",0.0317019671201706,0.0367460772395134,0.0157646760344505,0.00790032092481852,-0.601016938686371,-0.646093666553497,0.646093666553497,-0.498480200767517,0.612595498561859,0.0994024351239204,-0.475205451250076,-2.51955938339233,98,0,98,"High"
"1129",0.0320788584649563,0.0364978462457657,0.0163291580975056,0.00790010951459408,-0.604786694049835,-0.644122838973999,0.644122838973999,-0.521830558776855,0.632752001285553,0.0811199247837067,-0.505961835384369,-2.48019433021545,0,0,0,"Bare"
"1130",0.0309468004852533,0.0376133881509304,0.0173457525670528,0.00856604520231485,-0.566417217254639,-0.629010379314423,0.629010379314423,-0.508245766162872,0.559789478778839,-0.00648266403004527,-0.517018914222717,-2.44960451126099,55.4,3.4,52,"High"
"1131",0.033713836222887,0.0381091497838497,0.0172328781336546,0.00867707561701536,-0.590616226196289,-0.629075646400452,0.629075646400452,-0.495319426059723,0.629320561885834,0.0847419872879982,-0.499474823474884,-2.41384124755859,0,0,0,"Bare"
"1132",0.0320791490375996,0.0372417271137238,0.0167811661958694,0.00867712777107954,-0.574194312095642,-0.622066915035248,0.622066915035248,-0.477489084005356,0.607941448688507,0.057766605168581,-0.504395544528961,-2.39005446434021,97,0,97,"High"
"1133",0.0288249962031841,0.0363528877496719,0.014274001121521,0.00818722043186426,-0.557593643665314,-0.632366359233856,0.632366359233856,-0.406485944986343,0.530693113803864,0.0892563387751579,-0.418261259794235,-2.2906346321106,100,0,95,"High"
"1134",0.029822813346982,0.0362233258783817,0.0161879509687424,0.00785101484507322,-0.583211183547974,-0.643737614154816,0.643737614154816,-0.520213901996613,0.569115817546844,0.0156275015324354,-0.507592260837555,-2.30927491188049,0,0,0,"Bare"
"1135",0.028195021674037,0.0364758968353271,0.0144990468397737,0.00785399693995714,-0.564260125160217,-0.645656883716583,0.645656883716583,-0.445915788412094,0.504440188407898,0.0537743605673313,-0.425545185804367,-2.30065727233887,0,0,0,"Bare"
"1136",0.0315881669521332,0.0358558632433414,0.0158528089523315,0.00785349030047655,-0.601766705513,-0.640649437904358,0.640649437904358,-0.506151437759399,0.639167249202728,0.091036282479763,-0.503529608249664,-2.30805563926697,83,83,0,"High"
"1137",0.0300800390541553,0.0361036285758018,0.0151756620034575,0.00796445272862911,-0.581308484077454,-0.638538718223572,0.638538718223572,-0.467448592185974,0.581775486469269,0.0794661939144135,-0.466890066862106,-2.30454158782959,0,0,0,"Bare"
"1138",0.0297016371041536,0.036721907556057,0.01585210300982,0.00785298459231853,-0.581783294677734,-0.647649884223938,0.647649884223938,-0.50616466999054,0.548228323459625,0.0294939614832401,-0.479632824659348,-2.31439614295959,93,93,0,"High"
"1139",0.0305804386734962,0.0377116650342941,0.0155127933248878,0.00796338822692633,-0.58678787946701,-0.651302516460419,0.651302516460419,-0.482365816831589,0.544670522212982,0.0771653354167938,-0.43828958272934,-2.3150372505188,0,0,0,"Bare"
"1140",0.0328423902392387,0.0379593521356583,0.0158514659851789,0.00796344224363565,-0.609690964221954,-0.653181314468384,0.653181314468384,-0.496833145618439,0.607977092266083,0.130046248435974,-0.446463018655777,-2.30487465858459,100,3.5,96.5,"High"
"1141",0.0322130806744099,0.0379585400223732,0.0157378949224949,0.00796293653547764,-0.603597521781921,-0.653193354606628,0.653193354606628,-0.492068707942963,0.588655948638916,0.116851061582565,-0.441583573818207,-2.30538582801819,0,0,0,"Bare"
"1142",0.0318349935114384,0.0410521104931831,0.0164143815636635,0.00796243082731962,-0.599851965904236,-0.67509925365448,0.67509925365448,-0.520081400871277,0.480472475290298,0.0690349191427231,-0.391920804977417,-2.30526876449585,100,28,72,"High"
"1143",0.0367341935634613,0.0425180420279503,0.0135182207450271,0.0075602401047945,-0.65863698720932,-0.698063135147095,0.698063135147095,-0.423985928297043,0.580454111099243,0.378267884254456,-0.224527910351753,-3.60724806785583,95,0,93.5,"High"
"1144",0.0379469208419323,0.0407869257032871,0.0120614040642977,0.00544694345444441,-0.748953282833099,-0.764374315738678,0.764374315738678,-0.56668347120285,0.664066731929779,0.508311927318573,-0.188376486301422,-3.36725783348083,0,0,0,"Bare"
"1145",0.036479476839304,0.0411274284124374,0.0137507794424891,0.00711061572656035,-0.673750817775726,-0.705186426639557,0.705186426639557,-0.477448672056198,0.614401400089264,0.356715470552444,-0.269406795501709,-3.5790741443634,0,0,0,"Bare"
"1146",0.0350706055760384,0.0427790470421314,0.0134107554331422,0.00734027521684766,-0.653849422931671,-0.707087993621826,0.707087993621826,-0.438808113336563,0.526581227779388,0.338752210140228,-0.212968066334724,-3.57081985473633,45.7,0,45.7,"Medium"
"1147",0.0348200984299183,0.0420247502624989,0.0135311055928469,0.00723124481737614,-0.656075417995453,-0.706381142139435,0.706381142139435,-0.455140709877014,0.541296064853668,0.323939502239227,-0.236847013235092,-3.55052590370178,0,0,0,"Bare"
"1148",0.0385570786893368,0.0412677712738514,0.0135336825624108,0.00689474353566766,-0.696613132953644,-0.713688373565674,0.713688373565674,-0.487478017807007,0.665600776672363,0.425721496343613,-0.255153715610504,-3.5310366153717,0,0,0,"Bare"
"1149",0.0349595732986927,0.0401335321366787,0.0118109444156289,0.00734968530014157,-0.65257316827774,-0.690430164337158,0.690430164337158,-0.349252015352249,0.601936340332031,0.444270074367523,-0.190223723649979,-3.50607991218567,0,0,0,"Bare"
"1150",0.0381841771304607,0.0403916239738464,0.0122765433043242,0.00656365742906928,-0.706637978553772,-0.720429420471191,0.720429420471191,-0.454842746257782,0.682279884815216,0.499417722225189,-0.210165709257126,-3.49963593482971,95.8,0,95,"High"
"1151",0.038191094994545,0.0444469526410103,0.0140093974769115,0.00532676046714187,-0.75519198179245,-0.785960912704468,0.785960912704468,-0.673554480075836,0.564770698547363,0.386625498533249,-0.204485297203064,-3.49940490722656,0,0,0,"Bare"
"1152",0.0394843481481075,0.0471080951392651,0.0138993663713336,0.00555618200451136,-0.753280818462372,-0.788996160030365,0.788996160030365,-0.643249750137329,0.526543200016022,0.426674067974091,-0.140962570905685,-3.44008684158325,85.9,0,85.5,"High"
"1153",0.0224242620170116,0.0309933535754681,0.00820937938988209,0.00539145292714238,-0.612344801425934,-0.703642606735229,0.703642606735229,-0.310781687498093,0.475798636674881,0.311449766159058,-0.200741320848465,-3.67142009735107,76.7,50,25.7,"High"
"1154",0.0180582329630852,0.0290576368570328,0.00739892292767763,0.00459766807034612,-0.594130635261536,-0.726778984069824,0.726778984069824,-0.350256353616714,0.338588953018188,0.183842837810516,-0.194388061761856,-3.62962079048157,0,0,0,"Bare"
"1155",0.0229563806205988,0.0287840496748686,0.00773918302729726,0.0041290195658803,-0.695111036300659,-0.749095439910889,0.749095439910889,-0.456281840801239,0.590220034122467,0.38536724448204,-0.234492689371109,-3.66380429267883,99,92,7,"High"
"1156",0.0209668185561895,0.0287861078977585,0.00715249916538596,0.00378601788543165,-0.694094240665436,-0.767530202865601,0.767530202865601,-0.461645931005478,0.49947726726532,0.362164080142975,-0.180689826607704,-3.67385411262512,83.9,73,10.4,"High"
"1157",0.0204380471259356,0.0291782319545746,0.00762541266158223,0.00470598787069321,-0.625677585601807,-0.722231268882751,0.722231268882751,-0.355120837688446,0.457290798425674,0.281840920448303,-0.210797250270844,-3.67806625366211,89.5,63,25.5,"High"
"1158",0.0189772434532642,0.0282688047736883,0.00703747197985649,0.00413244171068072,-0.642362773418427,-0.744920790195465,0.744920790195465,-0.390114516019821,0.422083675861359,0.276335418224335,-0.187773615121841,-3.69587683677673,82.8,69,12.3,"High"
"1159",0.0216365959495306,0.0286604333668947,0.00727436831220984,0.0039038450922817,-0.694300889968872,-0.760237574577332,0.760237574577332,-0.452289164066315,0.536304473876953,0.379153400659561,-0.196580469608307,-3.68738317489624,0,0,0,"Bare"
"1160",0.0179184935986996,0.0274921525269747,0.00774725433439016,0.00436454778537154,-0.608262836933136,-0.725988686084747,0.725988686084747,-0.418935179710388,0.398945480585098,0.136712804436684,-0.2811239361763,-3.66046237945557,91.5,58,30,"High"
"1161",0.0229690633714199,0.0291840769350529,0.00821954105049372,0.00528401369228959,-0.625951290130615,-0.693396806716919,0.693396806716919,-0.326083838939667,0.573794424533844,0.334396064281464,-0.26173397898674,-3.64243030548096,0,0,0,"Bare"
"1162",0.0207140482962132,0.0291861295700073,0.00869233906269073,0.00425222143530846,-0.65936267375946,-0.745667994022369,0.745667994022369,-0.514515459537506,0.470371812582016,0.183207511901855,-0.299782484769821,-3.62893915176392,78.4,74,4.4,"High"
"1163",0.0652037784457207,0.0727071091532707,0.0203951578587294,0.0044461265206337,-0.872329294681549,-0.884745538234711,0.884745538234711,-0.963055968284607,0.49429178237915,0.600198805332184,0.0316795185208321,-4.09565544128418,86,30,55,"High"
"1164",0.0641625002026558,0.0705187991261482,0.0173443704843521,0.00571979954838753,-0.836301922798157,-0.849950015544891,0.849950015544891,-0.756014883518219,0.51578551530838,0.722734808921814,0.111554697155952,-4.12018442153931,0,0,0,"Bare"
"1165",0.0669132396578789,0.0725784078240395,0.0207490287721157,0.00433165347203612,-0.878401041030884,-0.887357950210571,0.887357950210571,-0.981873750686646,0.522350609302521,0.611360013484955,0.0181834418326616,-4.10029888153076,0,0,0,"Bare"
"1166",0.0663887858390808,0.0709000453352928,0.0188661981374025,0.00617234176024795,-0.829871952533722,-0.839829981327057,0.839829981327057,-0.760459065437317,0.543262243270874,0.684883713722229,0.0596234761178493,-4.11206817626953,87.1,82.5,3.6,"High"
"1167",0.0650758445262909,0.071547158062458,0.0206342972815037,0.00674859713762999,-0.81208074092865,-0.827612698078156,0.827612698078156,-0.760640919208527,0.512111067771912,0.5882608294487,0.0076519725844264,-4.11069679260254,0,0,0,"Bare"
"1168",0.0637614354491234,0.0718059539794922,0.0191041510552168,0.0061742733232677,-0.823430001735687,-0.841645181179047,0.841645181179047,-0.7672478556633,0.487264692783356,0.633780002593994,0.0637771040201187,-4.11345291137695,85.1,69,16.1,"High"
"1169",0.0612632222473621,0.0687062069773674,0.0194592047482729,0.00560085149481893,-0.832470536231995,-0.8492511510849,0.8492511510849,-0.829508483409882,0.501578330993652,0.578055441379547,0.00709837628528476,-4.12734222412109,84.2,55,17.2,"High"
"1170",0.0629751533269882,0.0693533197045326,0.0187539216130972,0.00399219151586294,-0.880771994590759,-0.891140103340149,0.891140103340149,-0.973467230796814,0.517607152462006,0.63720291852951,0.0416347123682499,-4.12958669662476,100,0,100,"High"
"1171",0.0616607069969177,0.0694834813475609,0.0187552068382502,0.00652260798960924,-0.808674395084381,-0.828366160392761,0.828366160392761,-0.725889444351196,0.494207292795181,0.616050958633423,0.0434630401432514,-4.13074731826782,0,0,0,"Bare"
"1172",0.0621880926191807,0.0685796141624451,0.0180497411638498,0.00583374779671431,-0.828474283218384,-0.843207001686096,0.843207001686096,-0.767224192619324,0.5188307762146,0.657371819019318,0.0565008819103241,-4.12666845321655,71,61,10,"High"
"1173",0.0487518645823002,0.0569103807210922,0.0167663842439651,0.00696935225278139,-0.749849259853363,-0.781797707080841,0.781797707080841,-0.619131743907928,0.504849374294281,0.477057814598083,-0.0797469541430473,-4.05220031738281,87.5,82,4.5,"High"
"1174",0.0467870309948921,0.0531677976250648,0.0144250802695751,0.00755238812416792,-0.722029089927673,-0.751239597797394,0.751239597797394,-0.469073057174683,0.547390639781952,0.56461101770401,-0.0452580191195011,-4.04617691040039,82.5,59,18.5,"High"
"1175",0.0507309064269066,0.0580755807459354,0.0170029699802399,0.00685552367940545,-0.761904895305634,-0.788837015628815,0.788837015628815,-0.637976944446564,0.519709825515747,0.504860758781433,-0.0690297111868858,-4.04280662536621,75,66,1,"High"
"1176",0.0475679375231266,0.0589818805456161,0.0191214345395565,0.00754550285637379,-0.726182818412781,-0.773160994052887,0.773160994052887,-0.651139557361603,0.436285048723221,0.340016722679138,-0.133576348423958,-4.03188705444336,94,76.5,3,"High"
"1177",0.0462498143315315,0.057430911809206,0.0158290024846792,0.00697226775810122,-0.73799341917038,-0.783480644226074,0.783480644226074,-0.582647442817688,0.440963268280029,0.47359699010849,-0.0314296893775463,-4.03194141387939,95,95,0,"High"
"1178",0.048230204731226,0.0589838586747646,0.0161832664161921,0.00892521534115076,-0.687686145305634,-0.737142205238342,0.737142205238342,-0.433601558208466,0.450070321559906,0.496586978435516,-0.0198344420641661,-4.02014446258545,89.2,88.5,0.7,"High"
"1179",0.0467807464301586,0.0589849352836609,0.0174785573035479,0.00812249723821878,-0.704115927219391,-0.757925570011139,0.757925570011139,-0.548184037208557,0.419534116983414,0.40019354224205,-0.0722953379154205,-3.98822474479675,92.5,58,34.5,"High"
"1180",0.0470461808145046,0.055623184889555,0.0157153122127056,0.00743457395583391,-0.727075219154358,-0.764197945594788,0.764197945594788,-0.536551535129547,0.497377872467041,0.49683678150177,-0.0584992729127407,-3.99112415313721,80.5,76,2.5,"High"
"1181",0.0437481477856636,0.054330337792635,0.0152460336685181,0.00640214374288917,-0.744681715965271,-0.789169013500214,0.789169013500214,-0.612792253494263,0.453626573085785,0.450095236301422,-0.0613539181649685,-4.01993322372437,85.2,72.7,12.5,"High"
"1182",0.0452019460499287,0.0570484176278114,0.0158356036990881,0.00605866219848394,-0.763613343238831,-0.807987868785858,0.807987868785858,-0.66982889175415,0.426266044378281,0.450322955846786,-0.0383962206542492,-4.04296731948853,79.7,38,4.5,"High"
"1183",0.0647325739264488,0.0666664615273476,0.0178975872695446,0.00811521615833044,-0.777200758457184,-0.782962441444397,0.782962441444397,-0.564089775085449,0.593735933303833,0.704715967178345,0.0339773744344711,-4.26716899871826,58,0,58,"High"
"1184",0.0595231801271439,0.0599967874586582,0.0169115867465734,0.00826931186020374,-0.756040453910828,-0.75773298740387,0.75773298740387,-0.514811336994171,0.639505207538605,0.66930216550827,-0.0328109413385391,-4.19870948791504,0,0,0,"Bare"
"1185",0.061654444783926,0.0628705769777298,0.0177881047129631,0.00823307130485773,-0.764390766620636,-0.768420577049255,0.768420577049255,-0.550803303718567,0.617130815982819,0.661246776580811,-0.0204642433673143,-4.28547239303589,0,0,0,"Bare"
"1186",0.0623062700033188,0.0627506002783775,0.0172179583460093,0.00767311453819275,-0.780703544616699,-0.782087206840515,0.782087206840515,-0.575196802616119,0.629997253417969,0.699636816978455,-0.000170741172041744,-4.28444385528564,32.9,0,26.4,"Medium"
"1187",0.0619273893535137,0.0626290217041969,0.0169928874820471,0.00779097899794579,-0.776501417160034,-0.778728246688843,0.778728246688843,-0.556929349899292,0.626283407211304,0.70479553937912,0.0068580717779696,-4.27679300308228,0,0,0,"Bare"
"1188",0.0632182210683823,0.061112392693758,0.0169978830963373,0.00745513988658786,-0.789025485515594,-0.782546043395996,0.782546043395996,-0.585371971130371,0.677068650722504,0.725174009799957,-0.0178563743829727,-4.25803756713867,42.6,0,42.6,"Medium"
"1189",0.0616848990321159,0.0614994913339615,0.0168903674930334,0.00746122980490327,-0.784189522266388,-0.7836092710495,0.7836092710495,-0.580812275409698,0.644748032093048,0.706049740314484,-0.00721733830869198,-4.23285341262817,0,0,0,"Bare"
"1190",0.0593773908913136,0.0603640712797642,0.0168965850025415,0.00735272793099284,-0.779627919197083,-0.782838881015778,0.782838881015778,-0.590358376502991,0.629545450210571,0.667609214782715,-0.0261030085384846,-4.24035406112671,59.5,0,43,"High"
"1191",0.0598975121974945,0.0593543127179146,0.0179420430213213,0.00746965827420354,-0.778240382671356,-0.776437759399414,0.776437759399414,-0.618163168430328,0.659018099308014,0.624963760375977,-0.0838906988501549,-4.21277761459351,0,0,0,"Bare"
"1192",0.0602889396250248,0.0588516034185886,0.0174846053123474,0.00724706286564469,-0.785386681556702,-0.780719816684723,0.780719816684723,-0.620917022228241,0.67599481344223,0.653574466705322,-0.0747941359877586,-4.20858097076416,65.4,0,56.4,"High"
"1193",0.0498884692788124,0.0610397458076477,0.0213841944932938,0.0102568669244647,-0.658930599689484,-0.71227616071701,0.71227616071701,-0.527510464191437,0.441729158163071,0.291954100131989,-0.175510033965111,-4.1648211479187,24.1,5.5,18.6,"Medium"
"1194",0.056851003319025,0.0615915879607201,0.0251585673540831,0.0114309815689921,-0.665183067321777,-0.686919212341309,0.686919212341309,-0.562766671180725,0.561301946640015,0.283521264791489,-0.277297258377075,-4.1164116859436,0,0,0,"Bare"
"1195",0.0506789088249207,0.0614291951060295,0.0226728226989508,0.0106034995988011,-0.653946399688721,-0.705592036247253,0.705592036247253,-0.54405003786087,0.449625551700592,0.257607936859131,-0.209032237529755,-4.13439178466797,0,0,0,"Bare"
"1196",0.0502955913543701,0.0595137476921082,0.0224456153810024,0.0110641019418836,-0.639369070529938,-0.686470985412598,0.686470985412598,-0.509472250938416,0.481000691652298,0.258632987737656,-0.233845517039299,-4.09958028793335,25.9,1,24.9,"Medium"
"1197",0.051994577050209,0.0605409480631351,0.0202331580221653,0.00958421640098095,-0.688717007637024,-0.72665399312973,0.72665399312973,-0.53570818901062,0.493172138929367,0.380644112825394,-0.146004289388657,-4.09905242919922,0,0,0,"Bare"
"1198",0.051350399851799,0.0611864514648914,0.020705658942461,0.00867669843137264,-0.710907280445099,-0.751608729362488,0.751608729362488,-0.614090979099274,0.467659026384354,0.348426163196564,-0.151132121682167,-4.13536882400513,18.2,1.5,16.7,"Low"
"1199",0.0505758076906204,0.0597833842039108,0.022343909367919,0.00890937726944685,-0.700450539588928,-0.740602135658264,0.740602135658264,-0.644789755344391,0.480995953083038,0.268074691295624,-0.226229712367058,-4.1420750617981,0,0,0,"Bare"
"1200",0.0474489890038967,0.0596580244600773,0.0215308498591185,0.00902571063488722,-0.680362701416016,-0.737180531024933,0.737180531024933,-0.613868474960327,0.419759958982468,0.235971540212631,-0.203064948320389,-4.11836338043213,36.9,0,29.9,"Medium"
"1201",0.0490225367248058,0.0613276995718479,0.0208373684436083,0.00994233880192041,-0.662770807743073,-0.720995247364044,0.720995247364044,-0.530951917171478,0.418429970741272,0.296608239412308,-0.15314806997776,-4.09952068328857,0,0,0,"Bare"
"1202",0.0528069548308849,0.0637616813182831,0.0238709542900324,0.012338281609118,-0.621206939220428,-0.675734877586365,0.675734877586365,-0.477751284837723,0.444915562868118,0.254680842161179,-0.206862971186638,-4.10059881210327,18.5,8.5,10,"Low"
"1203",0.0366825126111507,0.0484036430716515,0.0159087758511305,0.00981189124286175,-0.577932357788086,-0.662911593914032,0.662911593914032,-0.355563372373581,0.419565588235855,0.237538501620293,-0.20586359500885,-3.98420381546021,58.5,49.7,8.8,"High"
"1204",0.0353156514465809,0.0443329140543938,0.0140919145196676,0.00779447378590703,-0.638392448425293,-0.700945138931274,0.700945138931274,-0.431599825620651,0.489654779434204,0.303324520587921,-0.211057096719742,-3.96636414527893,0,0,0,"Bare"
"1205",0.0382707267999649,0.0484098307788372,0.0163838304579258,0.00947323907166719,-0.603164970874786,-0.672676682472229,0.672676682472229,-0.400891810655594,0.461793482303619,0.254748076200485,-0.22579038143158,-3.99209547042847,0,0,0,"Bare"
"1206",0.0357787124812603,0.0460939779877663,0.0170931201428175,0.00867691822350025,-0.609636902809143,-0.68315589427948,0.68315589427948,-0.489882975816727,0.45476245880127,0.151154041290283,-0.303696841001511,-3.97789525985718,41.1,20.8,20.3,"Medium"
"1207",0.0376303419470787,0.0477773435413837,0.0169822629541159,0.00959691405296326,-0.593585789203644,-0.665462732315063,0.665462732315063,-0.416793316602707,0.46109664440155,0.207178771495819,-0.263392895460129,-3.97442102432251,0,0,0,"Bare"
"1208",0.0390863679349422,0.0484285093843937,0.0179256703704596,0.00948713254183531,-0.609370052814484,-0.672380983829498,0.672380983829498,-0.461748003959656,0.482407420873642,0.198883697390556,-0.286704570055008,-3.97938466072083,39.1,25.9,13.2,"Medium"
"1209",0.036727249622345,0.0503686256706715,0.0185175202786922,0.00960616022348404,-0.585346281528473,-0.679660022258759,0.679660022258759,-0.475294828414917,0.371833831071854,0.108835577964783,-0.269564688205719,-3.96143054962158,0,0,0,"Bare"
"1210",0.0380563624203205,0.0472836531698704,0.0163015983998775,0.0104138208553195,-0.570299923419952,-0.639019846916199,0.639019846916199,-0.330583095550537,0.485131353139877,0.253436297178268,-0.24589915573597,-3.95426940917969,56.2,31,25.2,"High"
"1211",0.03596006706357,0.0462581850588322,0.0159565415233374,0.00904577225446701,-0.598017811775208,-0.672870695590973,0.672870695590973,-0.414607793092728,0.455443978309631,0.215082317590714,-0.25324359536171,-3.95804953575134,0,0,0,"Bare"
"1212",0.0355697087943554,0.0458744019269943,0.014671185053885,0.00733215734362602,-0.658189356327057,-0.724388957023621,0.724388957023621,-0.500312268733978,0.454777628183365,0.276024997234344,-0.204333826899529,-3.95923233032227,64.1,38.5,25.1,"High"
"1213",0.04685228317976,0.0560224689543247,0.0165751203894615,0.00640223594382405,-0.759560823440552,-0.794881343841553,0.794881343841553,-0.664102792739868,0.484449207782745,0.447130680084229,-0.0876520872116089,-4.16196918487549,73,68,5,"High"
"1214",0.0460888110101223,0.0560413114726543,0.0176534578204155,0.00882653333246708,-0.678540349006653,-0.727861046791077,0.727861046791077,-0.500014781951904,0.467606008052826,0.376772820949554,-0.13027460873127,-4.1235728263855,0,0,0,"Bare"
"1215",0.0443523526191711,0.0558954961597919,0.0151678947731853,0.00674822926521301,-0.735884428024292,-0.784552097320557,0.784552097320557,-0.576265156269073,0.432406395673752,0.468208193778992,-0.029450710862875,-4.15595769882202,53,25.5,27.5,"High"
"1216",0.0469901263713837,0.056156013160944,0.0162277370691299,0.00789697840809822,-0.712246477603912,-0.753423571586609,0.753423571586609,-0.517980754375458,0.484458148479462,0.468191057443619,-0.0708348527550697,-4.16288709640503,67.5,55.5,12,"High"
"1217",0.0467300452291965,0.0575787723064423,0.0168175995349884,0.00721079064533114,-0.732640743255615,-0.77740889787674,0.77740889787674,-0.599716126918793,0.448130160570145,0.432092070579529,-0.0701495483517647,-4.15553045272827,0,0,0,"Bare"
"1218",0.0442302562296391,0.0542229004204273,0.0143531458452344,0.00572176929563284,-0.770909428596497,-0.809098303318024,0.809098303318024,-0.644937455654144,0.467021316289902,0.512691497802734,-0.0222002416849136,-4.14804029464722,45,23.5,21.5,"Medium"
"1219",0.0434410944581032,0.0549991391599178,0.0135319465771317,0.00606680661439896,-0.754915595054626,-0.801303088665009,0.801303088665009,-0.571348071098328,0.431532949209213,0.545097410678864,0.0321694239974022,-4.13989114761353,0,0,0,"Bare"
"1220",0.0448937937617302,0.0571968145668507,0.0169413108378649,0.00927956681698561,-0.657412171363831,-0.720816135406494,0.720816135406494,-0.43830019235611,0.416229784488678,0.385733425617218,-0.0818006470799446,-4.13769435882568,47.5,30.5,17,"Medium"
"1221",0.0464774705469608,0.0531948879361153,0.0192924048751593,0.00870813336223364,-0.684405624866486,-0.718652367591858,0.718652367591858,-0.567003667354584,0.540125668048859,0.309209167957306,-0.242911398410797,-4.14049625396729,0,0,0,"Bare"
"1222",0.0434508584439754,0.0533264763653278,0.016241641715169,0.00756336143240333,-0.703480243682861,-0.75157231092453,0.75157231092453,-0.546835482120514,0.469749391078949,0.389151334762573,-0.123119421303272,-4.13151454925537,60.7,50,10.7,"High"
"1223",0.022060776129365,0.029945919290185,0.0100827841088176,0.00776259042322636,-0.479428976774216,-0.588284432888031,0.588284432888031,-0.19502480328083,0.501747488975525,0.119234457612038,-0.375219881534576,-3.87029600143433,47.2,15,32.2,"Medium"
"1224",0.021547719836235,0.0265820417553186,0.0108003262430429,0.00811528135091066,-0.452834784984589,-0.532224357128143,0.532224357128143,-0.212922975420952,0.624793767929077,0.0368825271725655,-0.541233122348785,-3.8454384803772,0,0,0,"Bare"
"1225",0.0195425320416689,0.0263108126819134,0.00949694123119116,0.00719058746472001,-0.462046504020691,-0.57072913646698,0.57072913646698,-0.207312345504761,0.539732933044434,0.0492431707680225,-0.463834226131439,-3.88444447517395,96.6,0.5,96.1,"High"
"1226",0.0214024242013693,0.0278715323656797,0.0111444238573313,0.0078797684982419,-0.461804747581482,-0.559189856052399,0.559189856052399,-0.257408201694489,0.55975729227066,0.0032821970526129,-0.515239357948303,-3.88460898399353,68.9,0,68.7,"High"
"1227",0.0194131880998611,0.0278725251555443,0.00914642307907343,0.00650396663695574,-0.498095631599426,-0.621603846549988,0.621603846549988,-0.253264278173447,0.462161898612976,0.0747795179486275,-0.380540907382965,-3.8794002532959,93.8,70.5,23.3,"High"
"1228",0.0207423698157072,0.0274843238294125,0.0112642087042332,0.00753726903349161,-0.466947287321091,-0.569564461708069,0.569564461708069,-0.297338843345642,0.54564094543457,-0.0371909439563751,-0.536516070365906,-3.86420011520386,69.1,55.8,13.1,"High"
"1229",0.0202129241079092,0.0268356949090958,0.0104420837014914,0.008226010017097,-0.421496599912643,-0.530769526958466,0.530769526958466,-0.178063735365868,0.549163460731506,0.00179642473813146,-0.508745133876801,-3.84519100189209,97,88,7.5,"High"
"1230",0.0218080617487431,0.0254085902124643,0.0113846687600017,0.00937431305646896,-0.398742854595184,-0.460981577634811,0.460981577634811,-0.14526404440403,0.692341506481171,0.00380891165696084,-0.622294664382935,-3.8549530506134,84,64.5,19.5,"High"
"1231",0.0186251327395439,0.0250202436000109,0.00997526478022337,0.00742566026747227,-0.429909080266953,-0.542274415493011,0.542274415493011,-0.219781801104546,0.553520083427429,-0.0408818908035755,-0.547620594501495,-3.86317753791809,0,0,0,"Bare"
"1232",0.0204853415489197,0.0259315557777882,0.0111523112282157,0.00800010096281767,-0.438302487134933,-0.528457999229431,0.528457999229431,-0.246878325939178,0.60470986366272,-0.0411177538335323,-0.58786678314209,-3.85199618339539,85.5,80,5.3,"High"
"1233",0.0234287288039923,0.0351751632988453,0.0135363806039095,0.00779812270775437,-0.500550150871277,-0.637071132659912,0.637071132659912,-0.40344911813736,0.363925158977509,-0.0726257637143135,-0.415031164884567,-2.84363722801208,54.3,3,46.3,"High"
"1234",0.0233166087418795,0.0346713960170746,0.0141375847160816,0.00769371585920453,-0.503796517848969,-0.636790037155151,0.636790037155151,-0.44274976849556,0.376872807741165,-0.114604271948338,-0.459074765443802,-2.77583003044128,0,0,0,"Bare"
"1235",0.0236966777592897,0.035695880651474,0.0141257541254163,0.00757030816748738,-0.515763461589813,-0.650058925151825,0.650058925151825,-0.453223675489426,0.357220351696014,-0.0977190434932709,-0.429383903741837,-2.82230877876282,48.4,39.5,8.9,"Medium"
"1236",0.0190589725971222,0.0281734559684992,0.0128355538472533,0.00906218215823174,-0.355490028858185,-0.513252198696136,0.513252198696136,-0.258476823568344,0.43053725361824,-0.233564719557762,-0.600757360458374,-2.83018755912781,93.1,5,86.6,"High"
"1237",0.0231709610670805,0.035958256572485,0.0167124290019274,0.0102091478183866,-0.388309508562088,-0.557733535766602,0.557733535766602,-0.362345844507217,0.325776636600494,-0.264027982950211,-0.536669135093689,-2.81653809547424,36.7,0.5,31.5,"Medium"
"1238",0.0262200683355331,0.038681510835886,0.01530497148633,0.00780308758839965,-0.541307270526886,-0.664272129535675,0.664272129535675,-0.486965417861938,0.359599530696869,-0.0651301816105843,-0.403704702854156,-2.71739983558655,13,0,13,"Low"
"1239",0.0241029094904661,0.0364799872040749,0.0167154781520367,0.00768943596631289,-0.516271233558655,-0.651820838451385,0.651820838451385,-0.554767906665802,0.347489386796951,-0.224751323461533,-0.522388339042664,-2.67203569412231,86,81,2,"High"
"1240",0.0238393396139145,0.0379064679145813,0.01401521358639,0.00860721804201603,-0.469452619552612,-0.629905998706818,0.629905998706818,-0.358581840991974,0.289309173822403,-0.0849948599934578,-0.363942861557007,-2.76397895812988,3,0,3,"Bare"
"1241",0.0238422527909279,0.0341496095061302,0.0151917273178697,0.00700369477272034,-0.545892059803009,-0.659629046916962,0.659629046916962,-0.553359568119049,0.41781958937645,-0.153841570019722,-0.523253440856934,-2.7452449798584,45,12.5,31.5,"Medium"
"1242",0.0235796459019184,0.0318168215453625,0.0129616102203727,0.00769272167235613,-0.508017957210541,-0.610589206218719,0.610589206218719,-0.382647722959518,0.493782430887222,-0.0290807075798512,-0.485803484916687,-2.81605243682861,98.7,0,98.2,"High"
"1243",0.0190214905887842,0.0268775522708893,0.0128442300483584,0.00623056339100003,-0.506530165672302,-0.623623192310333,0.623623192310333,-0.520084261894226,0.486493498086929,-0.23611144721508,-0.648306727409363,-2.93281412124634,46,46,0,"Medium"
"1244",0.0174422301352024,0.0259791668504477,0.0114434584975243,0.00635312683880329,-0.466019630432129,-0.607010424137115,0.607010424137115,-0.429042845964432,0.441638082265854,-0.223983466625214,-0.603597581386566,-2.79102754592896,0,0,0,"Bare"
"1245",0.0204840749502182,0.0288285911083221,0.0133157474920154,0.00887055229395628,-0.395628333091736,-0.5294029712677,0.5294029712677,-0.30053648352623,0.474369794130325,-0.192880243062973,-0.602803111076355,-2.92725992202759,0,0,0,"Bare"
"1246",0.0223436392843723,0.0285694319754839,0.0123756369575858,0.00818262621760368,-0.463896006345749,-0.554711937904358,0.554711937904358,-0.3059361577034,0.572372078895569,-0.0433404147624969,-0.561930239200592,-2.91624093055725,72.7,72.5,0.2,"High"
"1247",0.022477900609374,0.0288305785506964,0.0135527234524488,0.00783924851566553,-0.482850551605225,-0.572441458702087,0.572441458702087,-0.400627493858337,0.567169904708862,-0.115088514983654,-0.614757239818573,-2.91584897041321,0,0,0,"Bare"
"1248",0.0203568674623966,0.0271431636065245,0.0108498530462384,0.00784073863178492,-0.443872034549713,-0.551751613616943,0.551751613616943,-0.241494312882423,0.54224568605423,-0.0238837487995625,-0.523462116718292,-2.96482944488525,74.5,74.5,0,"High"
"1249",0.0196940079331398,0.0261040218174458,0.0110860215499997,0.00715298252180219,-0.467129647731781,-0.569836020469666,0.569836020469666,-0.3234583735466,0.557160496711731,-0.0754119530320168,-0.577174603939056,-2.88574647903442,0,0,0,"Bare"
"1250",0.0179690793156624,0.0268856659531593,0.0119106853380799,0.00589175196364522,-0.506157040596008,-0.640499293804169,0.640499293804169,-0.507144033908844,0.429205238819122,-0.228464916348457,-0.596574246883392,-2.8694965839386,74.7,70,4.7,"High"
"1251",0.0189000964164734,0.0261063650250435,0.0103823551908135,0.00658075837418437,-0.483474284410477,-0.597348570823669,0.597348570823669,-0.33616441488266,0.515902698040009,-0.0604506209492683,-0.532389104366302,-2.86471629142761,0,0,0,"Bare"
"1252",0.0183713156729937,0.0259783882647753,0.0115603785961866,0.00623787613585591,-0.493045032024384,-0.612749874591827,0.612749874591827,-0.448569476604462,0.493571192026138,-0.180784851312637,-0.61055600643158,-2.80776214599609,52.7,47,4.2,"High"
