"","Point_code","ID","blue","green","red","vnir","NDAVI","ind24","NDWI","WAVI","DII_blue_green","DII_blue_red","DII_green_red","depth","X","Year.x","Accuracy.m.","UTM.Zone","UTM.Easting","UTM.Northing","Site","Year.y","TOT","T_DR","TSG","Tt","Sf","Hw","TMA"
"1","BB01_C",1,0.0348432809114456,0.041068859398365,0.0193641483783722,0.00685696629807353,-0.671130657196045,-0.713850855827332,0.713850855827332,-0.715483427047729,0.110338196158409,0.14224348962307,0.0081173786893487,-1.10192632675171,1,2023,0.30122748,"17 R",582206,2849076,"BB01",2023,96.8,96.8,71.5,53.5,18,0,25.3
"2","BB01_E",2,0.0353417322039604,0.0372574664652348,0.0179057884961367,0.00685705756768584,-0.67501163482666,-0.689124703407288,0.689124703407288,-0.669272661209106,0.230321630835533,0.225909367203712,-0.0257445611059666,-1.09409463405609,2,2023,0.3005204,"17 R",582191,2849071,"BB01",2023,66.7,66.7,66.1,8.1,58,0,0.6
"3","BB01_L",3,0.0350914746522903,0.0389781966805458,0.0183536857366562,0.00685634324327111,-0.673101305961609,-0.700821995735168,0.700821995735168,-0.684093356132507,0.174179941415787,0.196885317564011,-0.000642446568235755,-1.1381208896637,3,2023,0.3005204,"17 R",582212,2849064,"BB01",2023,100,100,100,81.45,18.55,0,0
"4","BB01_R",4,0.0321029871702194,0.0375049374997616,0.0171217750757933,0.00685812113806605,-0.647950410842896,-0.69081836938858,0.69081836938858,-0.642016172409058,0.127016305923462,0.16951347887516,0.0172066427767277,-1.05035424232483,4,2023,0.3005204,"17 R",582198,2849092,"BB01",2023,100,100,100,9.05,90.95,0,0
"5","BB01_S",5,0.0397008582949638,0.0456154569983482,0.0181305706501007,0.00685731694102287,-0.705430150032043,-0.738633334636688,0.738633334636688,-0.676723062992096,0.126818835735321,0.331150323152542,0.166526511311531,-1.10401546955109,5,2023,0.3019346,"17 R",582221,2849084,"BB01",2023,97.7,97.7,0.1,0,0.1,0,97.6
"6","BB02_C",6,0.0240123644471169,0.0304086972028017,0.0163723491132259,0.00768122635781765,-0.515282034873962,-0.596679329872131,0.596679329872131,-0.541985273361206,0.0644293576478958,-0.0811612606048584,-0.156219154596329,-0.841510534286499,6,2023,0.3233244,"17 R",583871,2848248,"BB02",2023,99.85,99.75,99.5,10.5,0,89,0.25
"7","BB02_E",7,0.0240123644471169,0.0304086972028017,0.0163723491132259,0.00768122635781765,-0.515282034873962,-0.596679329872131,0.596679329872131,-0.541985273361206,0.0644293576478958,-0.0811612606048584,-0.156219154596329,-0.841510534286499,7,2023,0.3233244,"17 R",583871,2848248,"BB02",2023,100,100,99.9,23.1,0,76.8,0.1
"8","BB02_L",8,0.0236359760165215,0.0327489599585533,0.0165961515158415,0.00812242832034826,-0.488486379384995,-0.602537214756012,0.602537214756012,-0.514211773872375,-0.0318923816084862,-0.109004721045494,-0.093093603849411,-0.830358743667603,8,2023,0.3132659,"17 R",583880,2848235,"BB02",2023,100,100,97.8,6.55,0,91.25,2.2
"9","BB02_R",9,0.0236359760165215,0.0327489599585533,0.0165961515158415,0.00812242832034826,-0.488486379384995,-0.602537214756012,0.602537214756012,-0.514211773872375,-0.0318923816084862,-0.109004721045494,-0.093093603849411,-0.830358743667603,9,2023,0.3132659,"17 R",583880,2848235,"BB02",2023,100,100,97,46.25,0,50.75,3
"10","BB02_S",10,0.0248898789286613,0.0320121347904205,0.0178334470838308,0.00668808352202177,-0.57640814781189,-0.654364585876465,0.654364585876465,-0.681770086288452,0.0445133335888386,-0.12110248953104,-0.174196898937225,-0.850339412689209,10,2023,0.3019346,"17 R",583884,2848267,"BB02",2023,100,100,99.5,86,13.5,0,0.5
"11","BB03_C",11,0.0410461574792862,0.0502587221562862,0.0262866765260696,0.00771035812795162,-0.683719873428345,-0.733983755111694,0.733983755111694,-0.819614946842194,0.0548639185726643,0.0349387265741825,-0.0379589013755322,-0.854184210300446,11,2023,0.30122748,"17 R",584620,2848930,"BB03",2023,100,100,100,0,100,0,0
"12","BB03_E",12,0.0407962948083878,0.0538178794085979,0.0279684010893106,0.00793076399713755,-0.67448216676712,-0.743127524852753,0.743127524852753,-0.837246656417847,-0.0255516394972801,-0.0261809900403023,-0.0198577269911766,-0.853355586528778,12,2023,0.3005204,"17 R",584617,2848914,"BB03",2023,100,100,100,30,70,0,0
"13","BB03_L",13,0.0410461574792862,0.0502587221562862,0.0262866765260696,0.00771035812795162,-0.683719873428345,-0.733983755111694,0.733983755111694,-0.819614946842194,0.0548639185726643,0.0349387265741825,-0.0379589013755322,-0.854184210300446,13,2023,0.30122748,"17 R",584628,2848929,"BB03",2023,100,100,100,0,100,0,0
"14","BB03_R",14,0.0405482761561871,0.0536958277225494,0.0292025860399008,0.00837305840104818,-0.657692968845367,-0.730201125144958,0.730201125144958,-0.831503808498383,-0.0291838143020868,-0.0705870017409325,-0.0571680814027786,-0.853125810623169,14,2023,0.30177295,"17 R",584604,2848929,"BB03",2023,100,100,100,50,50,0,0
"15","BB03_S",15,0.0427903048694134,0.0519787520170212,0.0264000929892063,0.00682803289964795,-0.724777817726135,-0.767780780792236,0.767780780792236,-0.883531332015991,0.0599315352737904,0.0727336779236794,-0.00780153227970004,-0.862615883350372,15,2023,0.29930505,"17 R",584624,2848945,"BB03",2023,100,100,100,1,99,0,0
"16","BB05_C",16,0.0474669262766838,0.0573622398078442,0.0326926037669182,0.00715963682159781,-0.737869739532471,-0.778071045875549,0.778071045875549,-0.961036324501038,0.0566212050616741,-0.0131967114284635,-0.0827228650450706,-1.58542251586914,16,2023,1.3152186,"17 R",582687,2854059,"BB05",2023,17.4,17.4,10.5,9.7,0,0.8,6.9
"17","BB05_CE",17,0.0474669262766838,0.0573622398078442,0.0326926037669182,0.00715963682159781,-0.737869739532471,-0.778071045875549,0.778071045875549,-0.961036324501038,0.0566212050616741,-0.0131967114284635,-0.0827228650450706,-1.58542251586914,17,2023,1.2941793,"17 R",582687,2854059,"BB05",2023,22.6,22.6,10.1,9.5,0,0.6,12.5
"18","BB05_CL",18,0.0499427355825901,0.0623721033334732,0.033922117203474,0.00704957498237491,-0.752613127231598,-0.796905636787415,0.796905636787415,-0.983821034431458,0.0165277477353811,0.00489575555548072,-0.0289483461529016,-1.56688809394836,18,2023,1.56205,"17 R",582685,2854068,"BB05",2023,27.5,27.5,15.5,15.5,0,0,12
"19","BB05_CR",19,0.0499427355825901,0.0623721033334732,0.033922117203474,0.00704957498237491,-0.752613127231598,-0.796905636787415,0.796905636787415,-0.983821034431458,0.0165277477353811,0.00489575555548072,-0.0289483461529016,-1.56688809394836,19,2023,1.4142135,"17 R",582687,2854068,"BB05",2023,42.3,42.3,13.2,13.1,0,0.1,29.1
"20","BB05_CS",20,0.0474669262766838,0.0573622398078442,0.0326926037669182,0.00715963682159781,-0.737869739532471,-0.778071045875549,0.778071045875549,-0.961036324501038,0.0566212050616741,-0.0131967114284635,-0.0827228650450706,-1.58542251586914,20,2023,1.4142135,"17 R",582687,2854053,"BB05",2023,80.6,80.6,73.15,72.75,0,0.4,7.45
"21","BB05_E",21,0.0474669262766838,0.0573622398078442,0.0326926037669182,0.00715963682159781,-0.737869739532471,-0.778071045875549,0.778071045875549,-0.961036324501038,0.0566212050616741,-0.0131967114284635,-0.0827228650450706,-1.58542251586914,21,2023,4.031129,"17 R",582688,2854059,"BB05",2023,76.3,76.3,73.2,72.3,0.7,0.2,3.1
"22","BB05_L",22,0.0499427355825901,0.0623721033334732,0.033922117203474,0.00704957498237491,-0.752613127231598,-0.796905636787415,0.796905636787415,-0.983821034431458,0.0165277477353811,0.00489575555548072,-0.0289483461529016,-1.56688809394836,22,2023,1.4469278,"17 R",582686,2854068,"BB05",2023,37.7,37.6,32,28.6,0,3.4,5.6
"23","BB05_R",23,0.0499427355825901,0.0623721033334732,0.033922117203474,0.00704957498237491,-0.752613127231598,-0.796905636787415,0.796905636787415,-0.983821034431458,0.0165277477353811,0.00489575555548072,-0.0289483461529016,-1.56688809394836,23,2023,1.4866068,"17 R",582687,2854068,"BB05",2023,24.4,24.4,7,6,0.3,0.7,17.4
"24","BB05_S",24,0.0474669262766838,0.0573622398078442,0.0326926037669182,0.00715963682159781,-0.737869739532471,-0.778071045875549,0.778071045875549,-0.961036324501038,0.0566212050616741,-0.0131967114284635,-0.0827228650450706,-1.58542251586914,24,2023,1.8384776,"17 R",582688,2854052,"BB05",2023,100,100,97.9,97.8,0.1,0,2.1
"25","BB09_C",25,0.0265394859015942,0.0340105518698692,0.0191957410424948,0.00630697840824723,-0.61597216129303,-0.687134683132172,0.687134683132172,-0.758081674575806,0.0429188869893551,-0.122234165668488,-0.173374027013779,-1.04710638523102,25,2023,0.7262231,"17 R",583942,2857521,"BB09",2023,4.2,4.2,0,0,0,0,4.2
"26","BB09_CE",26,0.0265394859015942,0.0340105518698692,0.0191957410424948,0.00630697840824723,-0.61597216129303,-0.687134683132172,0.687134683132172,-0.758081674575806,0.0429188869893551,-0.122234165668488,-0.173374027013779,-1.04710638523102,26,2023,0.7433034,"17 R",583943,2857529,"BB09",2023,37.6,37.6,37,0,0,37,0.6
"27","BB09_CL",27,0.0240502338856459,0.0292251110076904,0.0155036244541407,0.0055361338891089,-0.625764548778534,-0.681476652622223,0.681476652622223,-0.710618257522583,0.109121926128864,-0.0312190074473619,-0.151679292321205,-1.04781818389893,27,2023,0.718401,"17 R",583935,2857521,"BB09",2023,27.9,27.9,26,0,0,26,1.9
"28","BB09_CR",28,0.0223067943006754,0.0244358777999878,0.0125937387347221,0.0063069467432797,-0.559166550636292,-0.58969634771347,0.58969634771347,-0.498933643102646,0.228245958685875,0.0779390707612038,-0.161976024508476,-1.04468929767609,28,2023,0.75006664,"17 R",583950,2857523,"BB09",2023,49.7,49.7,25.2,0,16.2,9,24.5
"29","BB09_CS",29,0.0240500587970018,0.026032580062747,0.0147201390936971,0.00586638506501913,-0.607815325260162,-0.632189631462097,0.632189631462097,-0.645112812519073,0.234748810529709,0.0147778950631618,-0.225279256701469,-1.05722260475159,29,2023,0.74202424,"17 R",583942,2857514,"BB09",2023,9.1,9.1,3.5,0,3.5,0,5.6
"30","BB09_E",30,0.0276593081653118,0.0359728671610355,0.0180771518498659,0.00608682492747903,-0.639257907867432,-0.710562527179718,0.710562527179718,-0.744310021400452,0.0233262740075588,-0.0276425145566463,-0.0685608237981796,-1.03781294822693,30,2023,0.7340981,"17 R",583943,2857536,"BB09",2023,68,68,21,0,0,21,47
"31","BB09_L",31,0.0233029909431934,0.024435818195343,0.0129295121878386,0.00553607242181897,-0.616071283817291,-0.630582392215729,0.630582392215729,-0.600585341453552,0.271939009428024,0.0982866734266281,-0.183329865336418,-1.05902278423309,31,2023,0.748131,"17 R",583927,2857520,"BB09",2023,97,97,77,0,77,0,20
"32","BB09_R",32,0.0223067943006754,0.0244358777999878,0.0125937387347221,0.0063069467432797,-0.559166550636292,-0.58969634771347,0.58969634771347,-0.498933643102646,0.228245958685875,0.0779390707612038,-0.161976024508476,-1.04468929767609,32,2023,0.7043437,"17 R",583957,2857523,"BB09",2023,28.2,28.2,18,0,0,18,10.2
"33","BB09_S",33,0.0204376596957445,0.0224697515368462,0.0124816009774804,0.00564603926613927,-0.567082941532135,-0.598372340202332,0.598372340202332,-0.565619289875031,0.231834769248962,-0.0016383632319048,-0.238600745797157,-1.0691294670105,33,2023,0.696563,"17 R",583941,2857505,"BB09",2023,94,94,94,0,94,0,0
"34","BB10_C",34,0.0452868528664112,0.050795890390873,0.0253535453230143,0.00840600859373808,-0.686885416507721,-0.716022312641144,0.716022312641144,-0.75301069021225,0.141637235879898,0.165322408080101,0.00200114957988262,-1.04692423343658,34,2023,0.762168,"17 R",582686,2857838,"BB10",2023,94.5,94.5,10,0,10,0,84.5
"35","BB10_CE",35,0.0439247079193592,0.0512852109968662,0.0256890244781971,0.00873641204088926,-0.668202579021454,-0.708891153335571,0.708891153335571,-0.738666534423828,0.100685492157936,0.123121052980423,0.00092141778441146,-1.05185306072235,35,2023,0.76485294,"17 R",582682,2857844,"BB10",2023,95.5,95.5,21,0,18,3,74.5
"36","BB10_CL",36,0.0452868528664112,0.050795890390873,0.0253535453230143,0.00840600859373808,-0.686885416507721,-0.716022312641144,0.716022312641144,-0.75301069021225,0.141637235879898,0.165322408080101,0.00200114957988262,-1.04692423343658,36,2023,0.8772685,"17 R",582682,2857832,"BB10",2023,100,100,0,0,0,0,100
"37","BB10_CS",37,0.0436768606305122,0.0507958866655827,0.0254653096199036,0.00917669851332903,-0.652750015258789,-0.693970203399658,0.693970203399658,-0.705297350883484,0.105439014732838,0.125222012400627,-0.00156811566557735,-1.05614960193634,37,2023,0.7998125,"17 R",582690,2857832,"BB10",2023,26.2,26.2,4.5,0,2,2.5,21.7
"38","BB10_E",38,0.0431815944612026,0.0525081716477871,0.026806989684701,0.00873653404414654,-0.663449585437775,-0.714700758457184,0.714700758457184,-0.762605428695679,0.0580284893512726,0.0682676881551743,-0.0100789554417133,-1.04561805725098,38,2023,0.7856844,"17 R",582676,2857851,"BB10",2023,70.9,70.9,11.7,0,7.5,4.2,59.2
"39","BB10_L",39,0.0433050766587257,0.0520187690854073,0.02658312022686,0.00950697157531977,-0.63996958732605,-0.690959513187408,0.690959513187408,-0.70973002910614,0.0710540488362312,0.078562892973423,-0.0126381749287248,-1.0313047170639,39,2023,0.7516648,"17 R",582678,2857826,"BB10",2023,86.2,86.2,8.4,0,3.2,5.2,77.8
"40","BB10_R",40,0.0403311587870121,0.0509183928370476,0.0243475548923016,0.010167770087719,-0.597307503223419,-0.667100727558136,0.667100727558136,-0.616238653659821,0.0231287758797407,0.0853473767638206,0.0372631438076496,-1.06556820869446,40,2023,0.7427651,"17 R",582694,2857852,"BB10",2023,56.38,56.38,56,0,28,28,0.38
"41","BB10_S",41,0.0413224436342716,0.0509180948138237,0.0256887841969728,0.00895640440285206,-0.643730700016022,-0.700827419757843,0.700827419757843,-0.724446058273315,0.0474165715277195,0.06205815076828,-0.00625506043434143,-1.05046224594116,41,2023,0.7516648,"17 R",582694,2857825,"BB10",2023,97.5,97.5,11.5,0,10,1.5,86
"42","BB13_C",42,0.0517784170806408,0.0642213374376297,0.0346918851137161,0.00563266593962908,-0.803777754306793,-0.838730335235596,0.838730335235596,-1.08095014095306,0.0208924151957035,0.0210861470550299,-0.017938693985343,-1.32552754878998,42,2023,0.5181729,"17 R",583722,2836445,"BB13",2023,100,100,100,100,0,0,0
"43","BB13_E",43,0.0487673282623291,0.0650870352983475,0.0339014418423176,0.00385396648198366,-0.853520631790161,-0.888195216655731,0.888195216655731,-1.19376838207245,-0.0535625219345093,-0.0183798521757126,0.0141536435112357,-1.2895599603653,43,2023,0.5856304,"17 R",583709,2836455,"BB13",2023,100,100,99.25,99.25,0,0,0.75
"44","BB13_L",44,0.0547868721187115,0.0657043308019638,0.0348044037818909,0.00385302514769137,-0.868586897850037,-0.889213025569916,0.889213025569916,-1.20098698139191,0.05257573351264,0.0746907070279121,0.00226306193508208,-1.32906603813171,44,2023,0.5108124,"17 R",583718,2836433,"BB13",2023,100,100,100,100,0,0,0
"45","BB13_R",45,0.0493958741426468,0.0591509453952312,0.0320939049124718,0.00429915450513363,-0.8398677110672,-0.864487051963806,0.864487051963806,-1.14560651779175,0.0631061941385269,0.0430336147546768,-0.0370187498629093,-1.25266480445862,45,2023,0.52859795,"17 R",583731,2836462,"BB13",2023,100,100,98.75,98.75,0,0,1.25
"46","BB13_S",46,0.0516530945897102,0.0610059201717377,0.032883994281292,0.00518785137683153,-0.817460775375366,-0.843252599239349,0.843252599239349,-1.09120571613312,0.0742538571357727,0.0661418810486794,-0.0258747674524784,-1.29261004924774,46,2023,0.62084436,"17 R",583738,2836442,"BB13",2023,100,100,97.25,97.25,0,0,2.75
"47","BB14_C",47,0.045483872294426,0.0524567700922489,0.0224860310554504,0.00374945835210383,-0.847686171531677,-0.866582095623016,0.866582095623016,-1.07125341892242,0.111035637557507,0.276140689849854,0.131568640470505,-0.656381726264954,47,2023,0.5348403,"17 R",581746,2836481,"BB14",2023,100,100,100,100,0,0,0
"48","BB14_E",48,0.0462376922369003,0.0540669411420822,0.0224860161542892,0.00308223278261721,-0.875010669231415,-0.892133772373199,0.892133772373199,-1.13835227489471,0.0946379005908966,0.292578786611557,0.161802709102631,-0.791793465614319,48,2023,0.5340505,"17 R",581760,2836482,"BB14",2023,100,100,100,100,0,0,0
"49","BB14_L",49,0.042971421033144,0.0528288558125496,0.0223734620958567,0.0041946810670197,-0.822131514549255,-0.852878987789154,0.852878987789154,-1.02634835243225,0.0465367026627064,0.223770439624786,0.142709255218506,-0.697441339492798,49,2023,0.51546395,"17 R",581746,2836495,"BB14",2023,100,100,98,98,0,0,2
"50","BB14_S",50,0.0439753979444504,0.053447101265192,0.0219199676066637,0.00352663919329643,-0.851516306400299,-0.876201212406158,0.876201212406158,-1.08423066139221,0.0569956973195076,0.265031784772873,0.170960575342178,-0.645732641220093,50,2023,0.5176543,"17 R",581730,2836475,"BB14",2023,100,100,98,98,0,0,2
"51","BB16_C",51,0.0478719435632229,0.0565082654356956,0.0272127110511065,0.00471741938963532,-0.820594131946564,-0.845900654792786,0.845900654792786,-1.0567741394043,0.0814077034592628,0.158056885004044,0.0511499643325806,-1.06320977210999,51,2023,0.5903736,"17 R",582727,2838278,"BB16",2023,100,100,100,100,0,0,0
"52","BB16_E",52,0.047244306653738,0.0574968829751015,0.0265345256775618,0.00438367109745741,-0.830182313919067,-0.858318269252777,0.858318269252777,-1.07465136051178,0.0493739321827888,0.167248353362083,0.0889726653695107,-1.16314375400543,52,2023,0.58897954,"17 R",582728,2838263,"BB16",2023,100,100,100,100,0,0,0
"53","BB16_L",53,0.050754901021719,0.0636754781007767,0.0259702634066343,0.00338415801525116,-0.87498277425766,-0.899070203304291,0.899070203304291,-1.15414154529572,0.0101977372542024,0.257992893457413,0.208483204245567,-1.30983150005341,53,2023,0.59972084,"17 R",582742,2838279,"BB16",2023,99.75,99.75,99.75,99.75,0,0,0
"54","BB16_R",54,0.048122588545084,0.0557662770152092,0.0268738828599453,0.00371754914522171,-0.856576442718506,-0.875006377696991,0.875006377696991,-1.13543236255646,0.100984796881676,0.174394071102142,0.0480992309749126,-1.17388832569122,54,2023,0.534133,"17 R",582711,2838277,"BB16",2023,100,100,99.5,99.5,0,0,0.5
"55","BB16_S",55,0.0457411669194698,0.0562619008123875,0.0254065170884132,0.00538488943129778,-0.789348542690277,-0.825298607349396,0.825298607349396,-0.975351393222809,0.0406221300363541,0.173452764749527,0.102509677410126,-1.08410561084747,55,2023,0.6307865,"17 R",582728,2838294,"BB16",2023,100,100,100,100,0,0,0
"56","BB17_C",56,0.0519237406551838,0.0612331330776215,0.0310805402696133,0.00329900486394763,-0.880520045757294,-0.897756218910217,0.897756218910217,-1.21212494373322,0.0754424333572388,0.121405735611916,0.0236118100583553,-0.758297979831696,56,2023,0.4817654,"17 R",583167,2838866,"BB17",2023,100,100,100,100,0,0,0
"57","BB17_E",57,0.053675439208746,0.0635787472128868,0.0337884537875652,0.00463143875822425,-0.841135740280151,-0.864200949668884,0.864200949668884,-1.13835620880127,0.0677961856126785,0.0804766938090324,-0.00658353930339217,-0.706510066986084,57,2023,0.50213474,"17 R",583155,2838856,"BB17",2023,100,100,100,100,0,0,0
"58","BB17_L",58,0.0556774884462357,0.061356246471405,0.0320957824587822,0.0049645877443254,-0.836265921592712,-0.850285708904266,0.850285708904266,-1.09812152385712,0.143060833215714,0.162690728902817,-0.000461809191619977,-0.734119355678558,58,2023,0.5073055,"17 R",583175,2838852,"BB17",2023,100,100,100,100,0,0,0
"59","BB17_R",59,0.0500457808375359,0.0618509948253632,0.0282590575516224,0.004299137275666,-0.841783285140991,-0.870018780231476,0.870018780231476,-1.1038658618927,0.0277008078992367,0.168994188308716,0.110875397920609,-0.75714647769928,59,2023,0.5006046,"17 R",583159,2838880,"BB17",2023,100,100,100,100,0,0,0
"60","BB17_S",60,0.0521749705076218,0.0576510094106197,0.0273558460175991,0.0040769181214273,-0.855047762393951,-0.867906868457794,0.867906868457794,-1.11089158058167,0.145737275481224,0.239476218819618,0.0669138804078102,-0.798962116241455,60,2023,0.48842365,"17 R",583180,2838877,"BB17",2023,100,100,100,95.75,4.25,0,0
"61","BB18_C",61,0.0518466010689735,0.0583032257854939,0.0214101262390614,0.00455448357388377,-0.838496625423431,-0.855085909366608,0.855085909366608,-0.973766386508942,0.127206027507782,0.450568556785583,0.277022212743759,-1.20543575286865,61,2023,0.49038953,"17 R",583279,2839615,"BB18",2023,100,100,100,100,0,0,0
"62","BB18_E",62,0.0508452504873276,0.0600320026278496,0.0243457034230232,0.00477656722068787,-0.82824844121933,-0.852594554424286,0.852594554424286,-1.00794696807861,0.0759684517979622,0.317077219486237,0.201978430151939,-1.23570775985718,62,2023,0.48856652,"17 R",583265,2839619,"BB18",2023,100,100,100,91.5,8.5,0,0
"63","BB18_L",63,0.0529714450240135,0.0597842149436474,0.0235543716698885,0.00444254651665688,-0.845245182514191,-0.861660599708557,0.861660599708557,-1.02396047115326,0.121426798403263,0.387357801198959,0.224655762314796,-1.20787954330444,63,2023,0.49221256,"17 R",583276,2839600,"BB18",2023,100,100,100,98,2,0,0
"64","BB18_R",64,0.0465879775583744,0.0557095408439636,0.0206201709806919,0.00444388063624501,-0.825838983058929,-0.852248430252075,0.852248430252075,-0.96809709072113,0.0696811378002167,0.376972675323486,0.262021988630295,-1.20586609840393,64,2023,0.48564968,"17 R",583284,2839630,"BB18",2023,100,100,100,91.25,8.75,0,0
"65","BB18_S",65,0.0509701035916805,0.0566970631480217,0.0212966445833445,0.0039988225325942,-0.854506075382233,-0.868234157562256,0.868234157562256,-1.02574634552002,0.140494838356972,0.43823304772377,0.253399610519409,-1.18523418903351,65,2023,0.49378014,"17 R",583295,2839609,"BB18",2023,100,100,100,99,1,0,0
"66","BB22_C",66,0.026863370090723,0.0313572846353054,0.0179496183991432,0.0130540933459997,-0.345945745706558,-0.412128418684006,0.412128418684006,-0.236851885914803,0.143262773752213,-0.0505603291094303,-0.20013415813446,-1.46982526779175,66,2023,0.75477517,"17 R",578175,2846507,"BB22",2023,95.5,95.5,65,36.5,28.5,0,30.5
"67","BB22_E",67,0.0258619729429483,0.0338273793458939,0.0197501108050346,0.0161512605845928,-0.231134608387947,-0.353673458099365,0.353673458099365,-0.15036404132843,0.0229239221662283,-0.173351377248764,-0.201876819133759,-1.43283808231354,67,2023,0.8001396,"17 R",578178,2846520,"BB22",2023,92.4,92.4,83.7,62.5,21.2,0,8.7
"68","BB22_L",68,0.0258602239191532,0.0286393854767084,0.0153614906594157,0.0105098113417625,-0.422062069177628,-0.463089287281036,0.463089287281036,-0.281296968460083,0.203670859336853,0.0495128333568573,-0.164451211690903,-1.48081135749817,68,2023,0.7404109,"17 R",578163,2846508,"BB22",2023,100,100,100,0,100,0,0
"69","BB22_R",69,0.0259851813316345,0.0282683856785297,0.0176114309579134,0.0139384111389518,-0.301745653152466,-0.339518159627914,0.339518159627914,-0.174629390239716,0.222652107477188,-0.0669237226247787,-0.288402408361435,-1.47719991207123,69,2023,0.72158045,"17 R",578177,2846491,"BB22",2023,76.2,76.2,66,59,7,0,10.2
"70","BB22_S",70,0.0258602239191532,0.0286393854767084,0.0153614906594157,0.0105098113417625,-0.422062069177628,-0.463089287281036,0.463089287281036,-0.281296968460083,0.203670859336853,0.0495128333568573,-0.164451211690903,-1.48081135749817,70,2023,0.7057778,"17 R",578160,2846503,"BB22",2023,51.7,51.7,39.7,13.5,0.2,26,12
"71","BB23_C",71,0.0225998386740685,0.0287659280002117,0.0167529657483101,0.0109628150239587,-0.34672537446022,-0.448116689920425,0.448116689920425,-0.313367545604706,0.0641194581985474,-0.162174910306931,-0.230404421687126,-1.13278317451477,71,2023,0.9636619,"17 R",575493,2844163,"BB23",2023,78.3,78.3,77,0,77,0,1.3
"72","BB23_E",72,0.0251171458512545,0.0291382912546396,0.0167534798383713,0.01107407361269,-0.388024300336838,-0.449220478534698,0.449220478534698,-0.306139349937439,0.155759081244469,-0.0565941818058491,-0.217567786574364,-1.13279902935028,72,2023,0.7367048,"17 R",575481,2844175,"BB23",2023,100,100,100,0,100,0,0
"73","BB23_L",73,0.023982098326087,0.0277727972716093,0.016300430521369,0.00996408704668283,-0.412948042154312,-0.471917867660522,0.471917867660522,-0.361876636743546,0.161642417311668,-0.0785170271992683,-0.243318498134613,-1.13924169540405,73,2023,0.9140688,"17 R",575481,2844151,"BB23",2023,100,100,64.3,0,64.3,0,35.7
"74","BB23_R",74,0.0237346012145281,0.0277759060263634,0.0170926600694656,0.0105202328413725,-0.385766535997391,-0.450585186481476,0.450585186481476,-0.357030361890793,0.151147156953812,-0.130991831421852,-0.281715989112854,-1.13343107700348,74,2023,0.81407857,"17 R",575503,2844173,"BB23",2023,100,100,99.7,0,99.7,0,0.3
"75","BB23_S",75,0.0236060004681349,0.027897734194994,0.0160755068063736,0.0104080783203244,-0.388013511896133,-0.456579685211182,0.456579685211182,-0.320996671915054,0.14096100628376,-0.0819972977042198,-0.227555185556412,-1.13351857662201,75,2023,0.6950376,"17 R",575504,2844151,"BB23",2023,100,100,99,0,99,0,1
"76","BB24_C",76,0.0356564857065678,0.0431123152375221,0.0204226262867451,0.0201556645333767,-0.277732014656067,-0.362847864627838,0.362847864627838,-0.00986839551478624,0.0806717425584793,0.118101052939892,0.0134905548766255,-0.519168376922607,76,2023,0.55838954,"17 R",583470,2843232,"BB24",2023,43.75,43.75,43.65,15.95,0,27.7,0.1
"77","BB24_E",77,0.0354070067405701,0.043606873601675,0.0208738893270493,0.0323302485048771,-0.0454219505190849,-0.148499503731728,0.148499503731728,0.322992533445358,0.0612627789378166,0.0916909128427505,0.0071619194932282,-0.520868182182312,77,2023,0.5381793,"17 R",583477,2843246,"BB24",2023,69.25,69.25,69.25,0,69.25,0,0
"78","BB24_L",78,0.0404127202928066,0.0500218011438847,0.0198594350367785,0.0148412026464939,-0.462800025939941,-0.542383134365082,0.542383134365082,-0.216922491788864,0.0444430820643902,0.268122494220734,0.18483230471611,-0.611611068248749,78,2023,0.53106934,"17 R",583456,2843240,"BB24",2023,10.75,10.75,10.75,0,10.75,0,0
"79","BB24_R",79,0.0362817458808422,0.0449631959199905,0.0212103482335806,0.0499146617949009,0.158161073923111,0.0521877929568291,-0.0521877929568291,0.605363309383392,0.0524025037884712,0.101910598576069,0.0248162541538477,-0.415438562631607,79,2023,0.5338041,"17 R",583482,2843224,"BB24",2023,58.75,58.75,58.75,0,58.75,0,0
"80","BB24_S",80,0.0415365621447563,0.0496505051851273,0.0197453368455172,0.0156152583658695,-0.453551679849625,-0.52148699760437,0.52148699760437,-0.175198346376419,0.0799640417098999,0.300663471221924,0.182057395577431,-0.537277519702911,80,2023,0.5327104,"17 R",583462,2843218,"BB24",2023,48.25,48.25,48.25,27.75,20.5,0,0
"81","BB25_C",81,0.0388281792402267,0.0510395392775536,0.0272139720618725,0.00656704185530543,-0.710672557353973,-0.772003769874573,0.772003769874573,-0.916798889636993,-0.0174302142113447,-0.0513675697147846,-0.0506739430129528,-0.388156473636627,81,2023,0.7150982,"17 R",582492,2843755,"BB25",2023,100,100,100,100,0,0,0
"82","BB25_E",82,0.0380766578018665,0.0480805560946465,0.0258630029857159,0.00656646769493818,-0.705824017524719,-0.759677052497864,0.759677052497864,-0.892546236515045,0.0278871152549982,-0.0257423166185617,-0.069080151617527,-0.396255671977997,82,2023,0.6336742,"17 R",582493,2843742,"BB25",2023,100,100,100,13,87,0,0
"83","BB25_L",83,0.0402038507163525,0.052887748926878,0.0287890937179327,0.00656701577827334,-0.719183504581451,-0.779092013835907,0.779092013835907,-0.942782402038574,-0.0212458353489637,-0.066466435790062,-0.0607598833739758,-0.37900698184967,83,2023,0.7643496,"17 R",582507,2843752,"BB25",2023,100,100,100,100,0,0,0
"84","BB25_R",84,0.0394532978534698,0.0469714440405369,0.0236128270626068,0.00656709307804704,-0.714600741863251,-0.754677891731262,0.754677891731262,-0.847205698490143,0.0887496620416641,0.0905235558748245,-0.0185573473572731,-0.396818935871124,84,2023,0.66997135,"17 R",582476,2843759,"BB25",2023,100,100,98.75,91.5,7.25,0,1.25
"85","BB25_S",85,0.0398296117782593,0.0521491840481758,0.0289022531360388,0.00656761648133397,-0.716896176338196,-0.776295125484467,0.776295125484467,-0.944518685340881,-0.0153245823457837,-0.0792987197637558,-0.0780063271522522,-0.378806591033936,85,2023,0.61876005,"17 R",582493,2843761,"BB25",2023,100,100,100,82,18,0,0
"86","BB26_C",86,0.031804732978344,0.0389055199921131,0.0218752268701792,0.0176806263625622,-0.285419911146164,-0.375089943408966,0.375089943408966,-0.159063711762428,0.0778637379407883,-0.0571708753705025,-0.144937753677368,-0.692212164402008,86,2023,0.30122748,"17 R",584371,2844836,"BB26",2023,97.25,97.25,97.25,88.75,8.5,0,0
"87","BB26_E",87,0.0316787324845791,0.04137247428298,0.0220998227596283,0.0157996565103531,-0.334448486566544,-0.447295159101486,0.447295159101486,-0.249350368976593,0.00712396251037717,-0.0702022835612297,-0.0917468816041946,-0.691567718982697,87,2023,0.3005204,"17 R",584358,2844826,"BB26",2023,99.75,99.75,99.75,96.75,3,0,0
"88","BB26_L",88,0.0274191200733185,0.0342137701809406,0.0198492594063282,0.021994112059474,-0.109788566827774,-0.217401146888733,0.217401146888733,0.0768886208534241,0.0690557807683945,-0.11932684481144,-0.194582536816597,-0.668336093425751,88,2023,0.30193457,"17 R",584379,2844825,"BB26",2023,100,100,100,100,0,0,0
"89","BB26_R",89,0.0338084362447262,0.0426070615649223,0.0231134444475174,0.0138090010732412,-0.420002341270447,-0.510458528995514,0.510458528995514,-0.377999484539032,0.0402542017400265,-0.0449207425117493,-0.0987319648265839,-0.667256474494934,89,2023,0.3019346,"17 R",584360,2844849,"BB26",2023,100,100,100,14.75,85.25,0,0
"90","BB26_S",90,0.0326819010078907,0.038782712072134,0.021650729700923,0.0162428375333548,-0.336007177829742,-0.409625619649887,0.409625619649887,-0.214069008827209,0.108503691852093,-0.020813224837184,-0.13972869515419,-0.683840334415436,90,2023,0.30122748,"17 R",584384,2844845,"BB26",2023,100,100,100,2,98,0,0
"91","BB28_C",91,0.0363794192671776,0.0586426854133606,0.034026350826025,0.00830862205475569,-0.628150105476379,-0.751801073551178,0.751801073551178,-0.911222815513611,-0.233385160565376,-0.314699828624725,-0.0930931493639946,-0.767020523548126,91,2023,0.51160496,"17 R",569617,2808367,"BB28",2023,48,48,41.25,41.25,0,0,6.75
"92","BB28_CE",92,0.0357520841062069,0.055925689637661,0.0327859409153461,0.00886405818164349,-0.602652430534363,-0.726374685764313,0.726374685764313,-0.861532390117645,-0.199258461594582,-0.299150466918945,-0.110398650169373,-0.826860010623932,92,2023,0.59662396,"17 R",569625,2808365,"BB28",2023,36.9,36.9,24.9,24.9,0,0,12
"93","BB28_CL",93,0.0366309769451618,0.0566666945815086,0.0357183665037155,0.00864195171743631,-0.618228733539581,-0.735350430011749,0.735350430011749,-0.915562033653259,-0.189268305897713,-0.350861042737961,-0.166748777031898,-0.777032554149628,93,2023,0.45419574,"17 R",569609,2808374,"BB28",2023,44.05,44.05,32.8,32.8,0,0,11.25
"94","BB28_CR",94,0.0376342311501503,0.0585184991359711,0.0349280089139938,0.00919623114168644,-0.607254326343536,-0.728383123874664,0.728383123874664,-0.874749720096588,-0.197171971201897,-0.303990840911865,-0.116435542702675,-0.630682468414307,94,2023,0.501318,"17 R",569615,2808360,"BB28",2023,50.45,50.45,40.25,40.25,0,0,10.2
"95","BB28_CS",95,0.0363794192671776,0.0586426854133606,0.034026350826025,0.00830862205475569,-0.628150105476379,-0.751801073551178,0.751801073551178,-0.911222815513611,-0.233385160565376,-0.314699828624725,-0.0930931493639946,-0.767020523548126,95,2023,0.454755,"17 R",569615,2808363,"BB28",2023,43,43,22.5,22.5,0,0,20.5
"96","BB28_E",96,0.0338679142296314,0.0517240054905415,0.0306427963078022,0.0080872131511569,-0.614482700824738,-0.729575395584106,0.729575395584106,-0.873570024967194,-0.168576121330261,-0.293318957090378,-0.133644789457321,-0.867926120758057,96,2023,0.48896298,"17 R",569631,2808363,"BB28",2023,29.5,29.5,24,24,0,0,5.5
"97","BB28_L",97,0.0312289819121361,0.0472723916172981,0.025678088888526,0.00797702837735415,-0.593071162700653,-0.711235761642456,0.711235761642456,-0.788931727409363,-0.151957601308823,-0.217631638050079,-0.0802090689539909,-0.910924851894379,97,2023,0.63662225,"17 R",569622,2808381,"BB28",2023,72.7,72.7,59.5,59.5,0,0,13.2
"98","BB28_R",98,0.0376342311501503,0.0585184991359711,0.0349280089139938,0.00919623114168644,-0.607254326343536,-0.728383123874664,0.728383123874664,-0.874749720096588,-0.197171971201897,-0.303990840911865,-0.116435542702675,-0.630682468414307,98,2023,0.48282537,"17 R",569613,2808353,"BB28",2023,71.5,71.5,62,62,0,0,9.5
"99","BB28_S",99,0.0366309769451618,0.0566666945815086,0.0357183665037155,0.00864195171743631,-0.618228733539581,-0.735350430011749,0.735350430011749,-0.915562033653259,-0.189268305897713,-0.350861042737961,-0.166748777031898,-0.777032554149628,99,2023,0.4553104,"17 R",569602,2808371,"BB28",2023,21.25,21.25,17.75,17.75,0,0,3.5
"100","BB29_C",100,0.0298518892377615,0.0426187925040722,0.0208593923598528,0.00376361468806863,-0.776078641414642,-0.837713718414307,0.837713718414307,-1.0414514541626,-0.0845070108771324,-0.0783543586730957,-0.0151938265189528,-1.15911543369293,100,2023,0.40175825,"17 R",571734,2809374,"BB29",2023,94.75,94.75,80,80,0,0,14.75
"101","BB29_CE",101,0.0323625542223454,0.0457084737718105,0.0223250724375248,0.00387420505285263,-0.78617262840271,-0.843727469444275,0.843727469444275,-1.05637645721436,-0.0797643139958382,-0.0578420236706734,-0.000307686830637977,-1.12313830852509,101,2023,0.39781392,"17 R",571733,2809366,"BB29",2023,98.25,98.25,66.25,66.25,0,0,32
"102","BB29_CL",102,0.0351244024932384,0.0505266673862934,0.0249191951006651,0.00420762551948428,-0.786045849323273,-0.846252679824829,0.846252679824829,-1.06662356853485,-0.106711909174919,-0.0734684616327286,0.0107089383527637,-1.13776385784149,102,2023,0.42620116,"17 R",571742,2809375,"BB29",2023,76,76,68.75,68.75,0,0,7.25
"103","BB29_CR",103,0.0303534530103207,0.0395265407860279,0.0191670693457127,0.00509428791701794,-0.71257472038269,-0.771663248538971,0.771663248538971,-0.870073854923248,0.0139599153771996,0.0133685097098351,-0.0218595638871193,-1.17546856403351,103,2023,0.41190088,"17 R",571727,2809373,"BB29",2023,100,100,70,70,0,0,30
"104","BB29_CS",104,0.0307315867394209,0.0433609634637833,0.0202958602458239,0.00442945351824164,-0.748047649860382,-0.814630031585693,0.814630031585693,-0.962560474872589,-0.0742140784859657,-0.0250152889639139,0.0242939088493586,-1.19397163391113,104,2023,0.41866252,"17 R",571734,2809382,"BB29",2023,98.25,98.25,48,48,0,0,50.25
"105","BB29_E",105,0.0301019288599491,0.0407631248235703,0.0223246850073338,0.00465030781924725,-0.732373595237732,-0.795201241970062,0.795201241970062,-0.982820153236389,-0.0278175603598356,-0.130239397287369,-0.114799439907074,-1.08617198467255,105,2023,0.39556006,"17 R",571732,2809359,"BB29",2023,99.7,99.7,69.25,69.25,0,0,30.45
"106","BB29_L",106,0.0333687625825405,0.047933753579855,0.0242431703954935,0.0043188757263124,-0.770806789398193,-0.834692478179932,0.834692478179932,-1.04636907577515,-0.10077303647995,-0.100345209240913,-0.019654767587781,-1.12243461608887,106,2023,0.42733914,"17 R",571750,2809376,"BB29",2023,66.75,66.75,61.5,61.5,0,0,5.25
"107","BB29_R",107,0.0303534530103207,0.0395265407860279,0.0191670693457127,0.00509428791701794,-0.71257472038269,-0.771663248538971,0.771663248538971,-0.870073854923248,0.0139599153771996,0.0133685097098351,-0.0218595638871193,-1.17546856403351,107,2023,0.41471827,"17 R",571720,2809373,"BB29",2023,100,100,86.31,86.31,0,0,13.69
"108","BB29_S",108,0.0307315867394209,0.0433609634637833,0.0202958602458239,0.00442945351824164,-0.748047649860382,-0.814630031585693,0.814630031585693,-0.962560474872589,-0.0742140784859657,-0.0250152889639139,0.0242939088493586,-1.19397163391113,108,2023,0.4175356,"17 R",571734,2809390,"BB29",2023,93,93,80.5,80.5,0,0,12.5
"109","BB30_C",109,0.0355478748679161,0.0485020317137241,0.0251089446246624,0.00640089623630047,-0.694823205471039,-0.766828596591949,0.766828596591949,-0.890581250190735,-0.0503128468990326,-0.0682137534022331,-0.0363420806825161,-0.681963741779327,109,2023,0.5936895,"17 R",570135,2810233,"BB30",2023,100,100,34.25,34.25,0,0,65.75
"110","BB30_CE",110,0.0431936085224152,0.0547997280955315,0.0326614789664745,0.00784294120967388,-0.692653954029083,-0.749597489833832,0.749597489833832,-0.919104814529419,0.0119143277406693,-0.106692366302013,-0.12765097618103,-0.61441969871521,110,2023,0.8853388,"17 R",570140,2810227,"BB30",2023,100,100,44,44,0,0,56
"111","BB30_CL",111,0.0385585129261017,0.0573912411928177,0.0291680861264467,0.00773233408108354,-0.665923833847046,-0.762533485889435,0.762533485889435,-0.871362090110779,-0.151784017682076,-0.11985469609499,0.0103475265204906,-0.66716331243515,111,2023,0.5644739,"17 R",570141,2810238,"BB30",2023,100,100,53.75,53.75,0,0,46.25
"112","BB30_CR",112,0.0365501046180725,0.044917106628418,0.0240932051092386,0.00684396782889962,-0.684566676616669,-0.735555410385132,0.735555410385132,-0.836335480213165,0.0608856305480003,-0.00377664784900844,-0.079620860517025,-0.648739099502563,112,2023,0.56245804,"17 R",570129,2810228,"BB30",2023,100.3,100.3,59.3,59.3,0,0,41
"113","BB30_CS",113,0.0355478748679161,0.0485020317137241,0.0251089446246624,0.00640089623630047,-0.694823205471039,-0.766828596591949,0.766828596591949,-0.890581250190735,-0.0503128468990326,-0.0682137534022331,-0.0363420806825161,-0.681963741779327,113,2023,0.7442675,"17 R",570130,2810239,"BB30",2023,100,100,72.45,72.45,0,0,27.55
"114","BB30_E",114,0.0431936085224152,0.0547997280955315,0.0326614789664745,0.00784294120967388,-0.692653954029083,-0.749597489833832,0.749597489833832,-0.919104814529419,0.0119143277406693,-0.106692366302013,-0.12765097618103,-0.61441969871521,114,2023,0.5394378,"17 R",570145,2810223,"BB30",2023,9.6,9.6,0,0,0,0,9.6
"115","BB30_L",115,0.0435702428221703,0.061954140663147,0.0319860577583313,0.00695618102326989,-0.724651753902435,-0.798109173774719,0.798109173774719,-0.964115500450134,-0.112672634422779,-0.0794727727770805,0.0120144756510854,-0.703812420368195,115,2023,0.55366266,"17 R",570147,2810243,"BB30",2023,68.5,68.5,23.25,23.25,0,0,45.25
"116","BB30_R",116,0.0365501046180725,0.044917106628418,0.0240932051092386,0.00684396782889962,-0.684566676616669,-0.735555410385132,0.735555410385132,-0.836335480213165,0.0608856305480003,-0.00377664784900844,-0.079620860517025,-0.648739099502563,116,2023,0.61991394,"17 R",570123,2810224,"BB30",2023,99.5,99.5,58,58,0,0,41.5
"117","BB30_S",117,0.0351712480187416,0.0475134365260601,0.0227405726909637,0.00495875487104058,-0.752865433692932,-0.810994923114777,0.810994923114777,-0.962937712669373,-0.0385990217328072,0.00902592856436968,0.0234578009694815,-0.737038195133209,117,2023,0.5758333,"17 R",570124,2810244,"BB30",2023,100,100,97,97,0,0,3
"118","BB31_C",118,0.0271327886730433,0.0304793324321508,0.0150946080684662,0.00415506027638912,-0.734397828578949,-0.760061621665955,0.760061621665955,-0.852446973323822,0.184083551168442,0.113097719848156,-0.0879636853933334,-1.58628380298615,118,2023,0.38837805,"17 R",571069,2813995,"BB31",2023,97.19,97.19,97.19,97.19,0,0,0
"119","BB31_CE",119,0.0252530723810196,0.0318393744528294,0.0143070314079523,0.00426630023866892,-0.710949122905731,-0.763677000999451,0.763677000999451,-0.810899019241333,0.0648769065737724,0.0888408496975899,-0.000826131028588861,-1.53639352321625,119,2023,0.3894277,"17 R",571066,2814002,"BB31",2023,100,99.75,99.75,99.75,0,0,0
"120","BB31_CS",120,0.0306405760347843,0.0360377468168736,0.0179088972508907,0.00415469612926245,-0.76119190454483,-0.793259859085083,0.793259859085083,-0.935083508491516,0.123732089996338,0.0830160304903984,-0.0591708831489086,-1.59791874885559,120,2023,0.3988751,"17 R",571073,2813988,"BB31",2023,100.75,99.75,99.65,99.65,0,0,0.1
"121","BB31_E",121,0.0252530723810196,0.0318393744528294,0.0143070314079523,0.00426630023866892,-0.710949122905731,-0.763677000999451,0.763677000999451,-0.810899019241333,0.0648769065737724,0.0888408496975899,-0.000826131028588861,-1.53639352321625,121,2023,0.3894279,"17 R",571063,2814009,"BB31",2023,99.75,99.75,99.75,99.75,0,0,0
"122","BB31_S",122,0.0306405760347843,0.0360377468168736,0.0179088972508907,0.00415469612926245,-0.76119190454483,-0.793259859085083,0.793259859085083,-0.935083508491516,0.123732089996338,0.0830160304903984,-0.0591708831489086,-1.59791874885559,122,2023,0.40044925,"17 R",571076,2813981,"BB31",2023,100,98.15,98.15,98.15,0,0,0
"123","BB33_C",123,0.0267535634338856,0.0339597724378109,0.0224542692303658,0.0164836142212152,-0.237525895237923,-0.346450924873352,0.346450924873352,-0.230006918311119,0.0525756478309631,-0.253295451402664,-0.302097111940384,-0.392502516508102,123,2023,2.3024526,"17 R",566321,2817321,"BB33",2023,95.75,95.75,95.75,0,0,95.75,0
"124","BB33_E",124,0.0229948982596397,0.0328493192791939,0.0211052056401968,0.0170367304235697,-0.148836508393288,-0.31697416305542,0.31697416305542,-0.160000085830688,-0.0627130940556526,-0.349723219871521,-0.285064548254013,-0.38518100976944,124,2023,2.3133903,"17 R",566320,2817333,"BB33",2023,37.75,37.75,36.25,0,0,36.25,1.5
"125","BB33_L",125,0.0383830368518829,0.0544096417725086,0.0379590727388859,0.0631007477641106,0.243563160300255,0.0739603191614151,-0.0739603191614151,0.37317019701004,-0.0984039828181267,-0.35811585187912,-0.256765425205231,-0.284061312675476,125,2023,2.2823946,"17 R",566309,2817319,"BB33",2023,2.25,2.25,2.25,0,0,2.25,0
"126","BB33_R",126,0.0247493609786034,0.0327256955206394,0.0194180849939585,0.0133871044963598,-0.297936797142029,-0.419375777244568,0.419375777244568,-0.275763392448425,0.014909123070538,-0.202284723520279,-0.221229270100594,-0.461429506540298,126,2023,2.2921224,"17 R",566336,2817323,"BB33",2023,39.5,39.5,39.5,0,0,39.5,0
"127","BB33_S",127,0.0278798341751099,0.0351931117475033,0.0225661676377058,0.0161514542996883,-0.26636466383934,-0.37086021900177,0.37086021900177,-0.248519137501717,0.055068027228117,-0.216469436883926,-0.270457118749619,-0.411761820316315,127,2023,2.2811673,"17 R",566324,2817302,"BB33",2023,24.5,24.5,24.5,0,0,24.5,0
"128","BB34_C",128,0.0263431165367365,0.0330431498587132,0.0192568525671959,0.00503246299922466,-0.679211497306824,-0.735659539699554,0.735659539699554,-0.878434956073761,0.0668320059776306,-0.132480606436729,-0.204809799790382,-1.05043530464172,128,2023,0.50118464,"17 R",566759,2819517,"BB34",2023,98,98,81.75,81.75,0,0,16.25
"129","BB34_E",129,0.0238396245986223,0.0329200327396393,0.0191445890814066,0.00481137959286571,-0.664138853549957,-0.744966924190521,0.744966924190521,-0.897472143173218,-0.0289717651903629,-0.227151587605476,-0.203798279166222,-1.0787250995636,129,2023,0.49305227,"17 R",566770,2819512,"BB34",2023,100,100,80.75,80.75,0,0,19.25
"130","BB34_L",130,0.0255925077944994,0.0346465557813644,0.0184703171253204,0.00580673199146986,-0.630135476589203,-0.712916672229767,0.712916672229767,-0.782441794872284,-0.0135369887575507,-0.124392822384834,-0.123586721718311,-1.05713045597076,130,2023,0.50213414,"17 R",566755,2819529,"BB34",2023,93.25,93.25,93.25,93.25,0,0,0
"131","BB34_R",131,0.0245899949222803,0.0316858254373074,0.0188067592680454,0.00580607960000634,-0.617971777915955,-0.690275549888611,0.690275549888611,-0.792310833930969,0.0435190163552761,-0.18036675453186,-0.227563366293907,-1.05521273612976,131,2023,0.4982843,"17 R",566764,2819500,"BB34",2023,98.75,98.75,72.5,77,0,0,26.25
"132","BB34_S",132,0.0247156210243702,0.0335363559424877,0.0189195871353149,0.00591703876852989,-0.613677740097046,-0.700049221515656,0.700049221515656,-0.785284698009491,-0.0130303129553795,-0.180577218532562,-0.17565630376339,-1.03208839893341,132,2023,0.49246672,"17 R",566744,2819512,"BB34",2023,97.5,97.5,77,77,0,0,20.5
"133","BB35_C",133,0.0443273708224297,0.0678483173251152,0.0365596190094948,0.00559435039758682,-0.775875091552734,-0.847653925418854,0.847653925418854,-1.10186314582825,-0.194145455956459,-0.180804744362831,-0.00555078824982047,-1.10981452465057,133,2023,2.3164377,"17 R",567685,2821956,"BB35",2023,12.75,12.75,11.75,10.75,0,1,1
"134","BB35_E",134,0.0427065677940845,0.0628187283873558,0.0335290767252445,0.00692062778398395,-0.721095323562622,-0.801528751850128,0.801528751850128,-0.986723482608795,-0.147745743393898,-0.141289785504341,-0.0123564219102263,-1.11303234100342,134,2023,2.3310215,"17 R",567675,2821967,"BB35",2023,74.5,74.5,35,33.75,0,1.25,39.5
"135","BB35_L",135,0.0455738045275211,0.0658868849277496,0.0362236313521862,0.00559496367350221,-0.781313359737396,-0.843457758426666,0.843457758426666,-1.09862613677979,-0.134555116295815,-0.144883453845978,-0.0273941718041897,-1.10979795455933,135,2023,2.3268235,"17 R",567678,2821942,"BB35",2023,88.25,88.25,19.75,19.75,0,0,68.5
"136","BB35_R",136,0.0438281074166298,0.062327928841114,0.03274330124259,0.00636768434196711,-0.746286153793335,-0.814611613750458,0.814611613750458,-1.01156806945801,-0.113304518163204,-0.0943291932344437,-0.000956853793468326,-1.11011254787445,136,2023,2.3298063,"17 R",567695,2821968,"BB35",2023,36,36,16.75,15.75,0,1,19.25
"137","BB35_S",137,0.0450757928192616,0.0688297003507614,0.0351014137268066,0.00559482257813215,-0.779168963432312,-0.849651098251343,0.849651098251343,-1.08756709098816,-0.192998990416527,-0.127952918410301,0.0418382920324802,-1.10992133617401,137,2023,2.3524783,"17 R",567697,2821946,"BB35",2023,37.25,37.25,12.75,12.25,0,0.5,24.5
"138","BB42_C",138,0.0206262972205877,0.0261183436959982,0.0166531875729561,0.0104217883199453,-0.328667908906937,-0.429570287466049,0.429570287466049,-0.34523019194603,0.0776060968637466,-0.248251423239708,-0.322110831737518,-1.95503985881805,138,2023,0.5279937,"17 R",573147,2835843,"BB42",2023,100,100,100,100,0,0,0
"139","BB42_E",139,0.0211326759308577,0.0257444493472576,0.0151801127940416,0.00942033156752586,-0.383345067501068,-0.464217811822891,0.464217811822891,-0.351199835538864,0.117519378662109,-0.141835778951645,-0.26137700676918,-1.95743405818939,139,2023,0.5262082,"17 R",573141,2835831,"BB42",2023,100,100,100,100,0,0,0
"140","BB42_L",140,0.0231577455997467,0.0268657337874174,0.0174460913985968,0.0113117406144738,-0.343666434288025,-0.407412827014923,0.407412827014923,-0.319965928792953,0.162726923823357,-0.173752948641777,-0.331640809774399,-1.95817410945892,140,2023,0.6125261,"17 R",573141,2835828,"BB42",2023,81.5,81.5,81,77,0,4,0.5
"141","BB42_R",141,0.0231577455997467,0.0268657337874174,0.0174460913985968,0.0113117406144738,-0.343666434288025,-0.407412827014923,0.407412827014923,-0.319965928792953,0.162726923823357,-0.173752948641777,-0.331640809774399,-1.95817410945892,141,2023,0.6125261,"17 R",573141,2835828,"BB42",2023,100,100,100,34,66,0,0
"142","BB42_S",142,0.0239172615110874,0.0297307278960943,0.0192588083446026,0.0100880526006222,-0.40667787194252,-0.493301779031754,0.493301779031754,-0.468742936849594,0.084948755800724,-0.229177266359329,-0.310525357723236,-1.9618467092514,142,2023,0.55214506,"17 R",573153,2835858,"BB42",2023,100,100,100,99.2,0,0.8,0
"143","BB43_C",143,0.0248311292380095,0.037591677159071,0.0259591843932867,0.0175570119172335,-0.171607360243797,-0.363284528255463,0.363284528255463,-0.289622247219086,-0.132343575358391,-0.456538677215576,-0.318187415599823,-0.70817756652832,143,2023,0.511205,"17 R",573793,2838538,"BB43",2023,100,100,100,0,0,100,0
"144","BB43_E",144,0.0259687695652246,0.0409472696483135,0.0303717870265245,0.0917013436555862,0.558617413043976,0.382620453834534,-0.382620453834534,0.753600180149078,-0.180407300591469,-0.551011562347412,-0.360073179006577,-0.714564025402069,144,2023,0.5106193,"17 R",573778,2838541,"BB43",2023,66.6,66.6,63.6,1.6,0,62,3
"145","BB43_L",145,0.0253368075937033,0.0415684916079044,0.0286747682839632,0.01633370667696,-0.216054469347,-0.435817390680313,0.435817390680313,-0.411291271448135,-0.221396833658218,-0.524641096591949,-0.298360347747803,-0.709476113319397,145,2023,0.5006647,"17 R",573790,2838523,"BB43",2023,100,100,100,0,0,100,0
"146","BB43_R",146,0.0211625657975674,0.0344829931855202,0.0221109073609114,0.0366744622588158,0.268200099468231,0.0307974629104137,-0.0307974629104137,0.371611714363098,-0.198463499546051,-0.474058836698532,-0.274303317070007,-0.707379698753357,146,2023,0.5030069,"17 R",573798,2838553,"BB43",2023,77.2,75.8,75.8,0.1,0,75.7,0
"147","BB43_S",147,0.0306435655802488,0.04504619166255,0.0301455371081829,0.0118849538266659,-0.44108310341835,-0.58247971534729,0.58247971534729,-0.651690602302551,-0.118492387235165,-0.378850251436234,-0.258602470159531,-0.812272191047668,147,2023,0.5159227,"17 R",573810,2838536,"BB43",2023,97.2,97.2,96.3,96.3,0,0,0.9
"148","BB45_C",148,0.0270108729600906,0.0407712422311306,0.0237568542361259,0.00835384987294674,-0.527560293674469,-0.65989476442337,0.65989476442337,-0.719526648521423,-0.136383578181267,-0.293749243021011,-0.165054634213448,-1.11879312992096,148,2023,0.60021186,"17 R",569666,2830253,"BB45",2023,99.25,99.25,95,90.5,0,4.5,4.25
"149","BB45_E",149,0.0236043967306614,0.0323333628475666,0.0195749308913946,0.00813123770058155,-0.487564206123352,-0.598106145858765,0.598106145858765,-0.619556605815887,-0.0193586926907301,-0.25678825378418,-0.239818215370178,-1.11413335800171,149,2023,0.57620347,"17 R",569652,2830261,"BB45",2023,99.25,99.25,91.75,91.75,0,0,7.5
"150","BB45_L",150,0.0223447624593973,0.0308448914438486,0.0185589715838432,0.00857659336179495,-0.44526407122612,-0.564877212047577,0.564877212047577,-0.551805973052979,-0.02301568351686,-0.264348417520523,-0.24369940161705,-1.10602986812592,150,2023,0.5441186,"17 R",569657,2830241,"BB45",2023,100,100,83.75,83.75,0,0,16.25
"151","BB45_R",151,0.029656270518899,0.0467187538743019,0.025789687409997,0.00868651643395424,-0.546902179718018,-0.68643718957901,0.68643718957901,-0.744129359722137,-0.190836027264595,-0.273151785135269,-0.0955088064074516,-1.12934565544128,151,2023,0.68283176,"17 R",569677,2830261,"BB45",2023,99,99,72.75,72.75,0,0,26.25
"152","BB45_S",152,0.0261294916272163,0.0371753573417664,0.0211584828794003,0.00768778892233968,-0.545333683490753,-0.657278180122375,0.657278180122375,-0.700473248958588,-0.0692821145057678,-0.224167585372925,-0.163395270705223,-1.12637102603912,152,2023,0.7877609,"17 R",569679,2830244,"BB45",2023,99.75,99.75,29.25,29.25,0,0,70.5
"153","BB46_C",153,0.0196409709751606,0.0274852178990841,0.0152882160618901,0.0099461218342185,-0.327671557664871,-0.468567132949829,0.468567132949829,-0.317549109458923,-0.026743084192276,-0.22133369743824,-0.201705887913704,-0.726613581180573,153,2023,0.5609786,"17 R",569568,2831734,"BB46",2023,100,100,100,100,0,0,0
"154","BB46_E",154,0.0222958102822304,0.0288535542786121,0.0160805620253086,0.0110577829182148,-0.3369360268116,-0.445882618427277,0.445882618427277,-0.277620792388916,0.0472721792757511,-0.139378383755684,-0.194122612476349,-0.718334555625916,154,2023,0.54053766,"17 R",569554,2831740,"BB46",2023,24.5,24.5,14.25,1.5,0,12.75,10.25
"155","BB46_L",155,0.0214134529232979,0.027735773473978,0.015402820892632,0.00972480699419975,-0.375378906726837,-0.480797857046127,0.480797857046127,-0.338950455188751,0.0498029142618179,-0.141557469964027,-0.198691338300705,-0.73354560136795,155,2023,0.59480417,"17 R",569566,2831719,"BB46",2023,100,100,100,100,0,0,0
"156","BB46_R",156,0.0222958102822304,0.0288535542786121,0.0160805620253086,0.0110577829182148,-0.3369360268116,-0.445882618427277,0.445882618427277,-0.277620792388916,0.0472721792757511,-0.139378383755684,-0.194122612476349,-0.718334555625916,156,2023,0.54053766,"17 R",569554,2831740,"BB46",2023,100,100,99,99,0,0,1
"157","BB46_S",157,0.0236869882792234,0.0359394997358322,0.0204940587282181,0.00916834268718958,-0.441896200180054,-0.593492269515991,0.593492269515991,-0.572730898857117,-0.130702301859856,-0.294001638889313,-0.171314433217049,-0.753988087177277,157,2023,0.6237683,"17 R",569583,2831728,"BB46",2023,21.5,21.5,21.5,20,0,1.5,0
"158","BB47_C",158,0.023249315097928,0.032322596758604,0.0195836629718542,0.00440260721370578,-0.681569516658783,-0.76024055480957,0.76024055480957,-0.949359118938446,-0.0341543294489384,-0.272341221570969,-0.240513145923615,-1.94027328491211,158,2023,0.5910876,"17 R",571320,2833679,"BB47",2023,93.7,93.7,65.75,20.25,0,45.5,27.95
"159","BB47_E",159,0.0272975172847509,0.0410301312804222,0.0266049206256866,0.00596132222563028,-0.641519546508789,-0.746280550956726,0.746280550956726,-0.950843393802643,-0.132701724767685,-0.383638441562653,-0.250601261854172,-1.936079621315,159,2023,0.6409462,"17 R",571306,2833668,"BB47",2023,5.75,5.75,2.75,2.75,0,0,3
"160","BB47_L",160,0.0262863393872976,0.0364296622574329,0.0228687431663275,0.00507090054452419,-0.676572263240814,-0.755622565746307,0.755622565746307,-0.955515563488007,-0.0412908867001534,-0.287139624357224,-0.2467320561409,-1.94646894931793,160,2023,0.7166373,"17 R",571328,2833665,"BB47",2023,84,84,74.75,31.5,0,43.25,9.25
"161","BB47_R",161,0.0259046219289303,0.0341886095702648,0.0211687944829464,0.00562649918720126,-0.643114566802979,-0.71736866235733,0.71736866235733,-0.87005740404129,0.0130355749279261,-0.233243033289909,-0.247544214129448,-1.92790389060974,161,2023,0.5557995,"17 R",571309,2833688,"BB47",2023,31.5,31.5,22,3.75,0,18.25,9.5
"162","BB47_S",162,0.0241341535001993,0.031574971973896,0.018223637714982,0.00484734121710062,-0.665487170219421,-0.733825743198395,0.733825743198395,-0.869683265686035,0.0286136046051979,-0.171136617660522,-0.205509975552559,-1.93925821781158,162,2023,0.8083883,"17 R",571330,2833688,"BB47",2023,51.75,51.75,51.75,23.75,0,28,0
"163","BB48_C",163,0.0312188882380724,0.0469581559300423,0.0292745810002089,0.00632320111617446,-0.663140714168549,-0.762648642063141,0.762648642063141,-0.96711277961731,-0.145037397742271,-0.334241390228271,-0.193244531750679,-0.999883592128754,163,2023,0.3005204,"17 R",570127,2828663,"BB48",2023,98,98,68.25,68.25,0,0,29.75
"164","BB48_E",164,0.0339859016239643,0.0536355078220367,0.032320611178875,0.00743357790634036,-0.64105886220932,-0.756551861763,0.756551861763,-0.939034342765808,-0.20451058447361,-0.337132036685944,-0.140611812472343,-1.00113558769226,164,2023,0.30122748,"17 R",570147,2828658,"BB48",2023,13.5,13.5,6.75,6.75,0,0,6.75
"165","BB48_L",165,0.0331049896776676,0.0533876940608025,0.0310793519020081,0.00676706805825233,-0.66056090593338,-0.775011420249939,0.775011420249939,-0.96358984708786,-0.225742787122726,-0.328652441501617,-0.113465324044228,-0.999800622463226,165,2023,0.30122748,"17 R",570142,2828669,"BB48",2023,59,59,35,35,0,0,24
"166","BB48_R",166,0.0303394868969917,0.0493089146912098,0.0305161122232676,0.00765577517449856,-0.597014248371124,-0.731209814548492,0.731209814548492,-0.898318290710449,-0.226662188768387,-0.399661779403687,-0.178100243210793,-0.999903976917267,166,2023,0.3019346,"17 R",570114,2828656,"BB48",2023,99.5,99.5,89.75,89.75,0,0,9.75
"167","BB48_S",167,0.0315950736403465,0.0475759692490101,0.0294995903968811,0.00820964761078358,-0.587503850460052,-0.705671548843384,0.705671548843384,-0.846872448921204,-0.147255167365074,-0.329056024551392,-0.186386734247208,-0.999556243419647,167,2023,0.30122748,"17 R",570122,2828679,"BB48",2023,58.5,58.5,21.75,21.75,0,0,36.75
"168","BB49_C",168,0.0227604154497385,0.0264073498547077,0.0145934373140335,0.00559963751584291,-0.605103850364685,-0.650099039077759,0.650099039077759,-0.66808545589447,0.164110660552979,-0.032667763531208,-0.203971028327942,-1.19893431663513,168,2023,0.3005204,"17 R",569329,2825717,"BB49",2023,70.4,70.4,44,44,0,0,26.4
"169","BB49_E",169,0.0197398792952299,0.0252907518297434,0.0141409728676081,0.00692831678315997,-0.480406045913696,-0.569924473762512,0.569924473762512,-0.513495445251465,0.0686501562595367,-0.147109106183052,-0.221617668867111,-1.20035254955292,169,2023,0.3005204,"17 R",569322,2825731,"BB49",2023,87.5,87.5,20,20,0,0,67.5
"170","BB49_L",170,0.0207486432045698,0.0239299014210701,0.0141425272449851,0.00648621749132872,-0.523682713508606,-0.573501288890839,0.573501288890839,-0.556721448898315,0.178559750318527,-0.09736667573452,-0.277016878128052,-1.19894206523895,170,2023,0.3005204,"17 R",569315,2825711,"BB49",2023,95,95,50,50,0,0,45
"171","BB49_R",171,0.0218792222440243,0.0262825321406126,0.0140288360416889,0.00637465668842196,-0.548758804798126,-0.609601616859436,0.609601616859436,-0.56271094083786,0.129770785570145,-0.0371496751904488,-0.176691547036171,-1.20035254955292,171,2023,0.3005204,"17 R",569345,2825721,"BB49",2023,92,92,88,88,0,0,4
"172","BB49_S",172,0.0202468689531088,0.025417398661375,0.0150450645014644,0.00593255646526814,-0.546777188777924,-0.621526956558228,0.621526956558228,-0.651587784290314,0.0885844081640244,-0.176728501915932,-0.266910880804062,-1.1902482509613,172,2023,0.30122748,"17 R",569337,2825703,"BB49",2023,98.3,98.3,9.3,9,0.3,0,89
"173","BB50_C",173,0.0351097732782364,0.0507026724517345,0.0233240909874439,0.00410628970712423,-0.790581226348877,-0.85015994310379,0.85015994310379,-1.05090415477753,-0.110905088484287,-0.0151999071240425,0.0678649321198463,-1.1473149061203,173,2023,0.3005204,"17 R",570953,2826457,"BB50",2023,67.15,67.15,31.5,31.5,0,0,35.65
"174","BB50_E",174,0.0349821113049984,0.0500839725136757,0.0228718109428883,0.00432696100324392,-0.779849231243134,-0.840952515602112,0.840952515602112,-1.02274012565613,-0.101213693618774,-0.00147118628956378,0.0714768096804619,-1.13757061958313,174,2023,0.3005204,"17 R",570958,2826472,"BB50",2023,80.3,80.3,42,42,0,0,38.3
"175","BB50_L",175,0.0343571342527866,0.0474923886358738,0.0202801879495382,0.00399554567411542,-0.791641891002655,-0.84479683637619,0.84479683637619,-1.00622963905334,-0.0615370497107506,0.0871886909008026,0.115930624306202,-1.14402616024017,175,2023,0.3005204,"17 R",570938,2826458,"BB50",2023,75,75,54,54,0,0,21
"176","BB50_R",176,0.0348589941859245,0.0511964149773121,0.0225349329411983,0.00466065015643835,-0.764135003089905,-0.833122253417969,0.833122253417969,-0.985874235630035,-0.128598272800446,0.00816687382757664,0.105485953390598,-1.14745461940765,176,2023,0.3005204,"17 R",570969,2826453,"BB50",2023,86.1,86.1,59.5,59.5,0,0,26.6
"177","BB50_S",177,0.0352362729609013,0.0524312667548656,0.0236629974097013,0.00399602763354778,-0.796288907527924,-0.858365416526794,0.858365416526794,-1.06657612323761,-0.143717989325523,-0.024400943890214,0.0896836519241333,-1.15256631374359,177,2023,0.3005204,"17 R",570947,2826442,"BB50",2023,62.6,62.6,52.5,52.5,0,0,10.1
"178","BB51_C",178,0.0445350371301174,0.0693821832537651,0.0279936734586954,0.00393954245373607,-0.837459444999695,-0.89254093170166,0.89254093170166,-1.12989544868469,-0.213750869035721,0.0607027225196362,0.233433738350868,-1.2167055606842,178,2023,0.3005204,"17 R",571474,2827395,"BB51",2023,77,77,15,14.5,0,0.5,62
"179","BB51_S",179,0.0445350371301174,0.0693821832537651,0.0279936734586954,0.00393954245373607,-0.837459444999695,-0.89254093170166,0.89254093170166,-1.12989544868469,-0.213750869035721,0.0607027225196362,0.233433738350868,-1.2167055606842,179,2023,0.3005204,"17 R",571474,2827394,"BB51",2023,58.95,58.95,9.75,9.5,0,0.25,49.2
"180","BB53_C",180,0.0411670356988907,0.0591072961688042,0.0278798323124647,0.00434399722144008,-0.809101343154907,-0.863076150417328,0.863076150417328,-1.09557902812958,-0.118321150541306,-0.0143206482753158,0.0764646306633949,-1.24394452571869,180,2023,2.343111,"17 R",568758,2822440,"BB53",2023,63.75,63.75,47.75,47.75,0,0,16
"181","BB53_E",181,0.0414176285266876,0.0613188035786152,0.0299024526029825,0.00522935716435313,-0.775790154933929,-0.842839896678925,0.842839896678925,-1.05345106124878,-0.152145504951477,-0.0703838020563126,0.056365430355072,-1.23090243339539,181,2023,2.3990517,"17 R",568763,2822423,"BB53",2023,28.5,28.5,21.5,20.75,0,0.75,7
"182","BB53_L",182,0.0365479774773121,0.0505011081695557,0.024732917547226,0.00500697502866387,-0.759019076824188,-0.819594740867615,0.819594740867615,-0.99492335319519,-0.0664326548576355,-0.027082284912467,0.016291530802846,-1.25212287902832,182,2023,2.4466228,"17 R",568773,2822444,"BB53",2023,60.5,60.5,58.5,58.5,0,0,2
"183","BB53_R",183,0.0386714152991772,0.0589844211935997,0.0275428388267756,0.00500773591920733,-0.770703613758087,-0.843489050865173,0.843489050865173,-1.03846561908722,-0.178598195314407,-0.0660693719983101,0.0842516496777534,-1.24678730964661,183,2023,2.3614073,"17 R",568744,2822438,"BB53",2023,52.75,52.75,31.25,31.25,0,0,21.5
"184","BB53_S",184,0.0367965213954449,0.052468441426754,0.0264179222285748,0.00401104986667633,-0.80341637134552,-0.857964396476746,0.857964396476746,-1.10454952716827,-0.101160474121571,-0.0787734836339951,0.00102749606594443,-1.26645886898041,184,2023,2.4941943,"17 R",568758,2822455,"BB53",2023,59.75,59.75,30.5,30.5,0,0,29.25
"185","BB54_C",185,0.0249613337218761,0.033532977104187,0.0179050769656897,0.00724174408242106,-0.550245225429535,-0.644792437553406,0.644792437553406,-0.636064469814301,-0.00302838371135294,-0.121791876852512,-0.131035342812538,-0.848147034645081,185,2023,2.4631114,"17 R",566654,2819439,"BB54",2023,100,100,100,100,0,0,0
"186","BB54_E",186,0.0248367190361023,0.0294623337686062,0.0180179886519909,0.00657872995361686,-0.581178665161133,-0.634931445121765,0.634931445121765,-0.697608828544617,0.132520362734795,-0.132373481988907,-0.265553086996078,-0.817830562591553,186,2023,2.4449015,"17 R",566642,2819451,"BB54",2023,88.5,88.5,88.5,87.5,0,1,0
"187","BB54_L",187,0.0232075601816177,0.0302018076181412,0.0182419698685408,0.00746261980384588,-0.513363182544708,-0.603731155395508,0.603731155395508,-0.629032611846924,0.0377529300749302,-0.211178481578827,-0.25078883767128,-0.831113576889038,187,2023,2.4502459,"17 R",566640,2819429,"BB54",2023,100,100,100,99,0,1,0
"188","BB54_R",188,0.0247114896774292,0.0324233435094357,0.0185798890888691,0.00569397211074829,-0.625463843345642,-0.701239585876465,0.701239585876465,-0.796283483505249,0.0234584286808968,-0.164671361446381,-0.194705948233604,-0.874303877353668,188,2023,2.4853725,"17 R",566666,2819449,"BB54",2023,97.25,97.25,97.25,95.75,0,1.5,0
"189","BB54_S",189,0.0258374437689781,0.0311891119927168,0.0183545146137476,0.00602524215355515,-0.621799468994141,-0.676187217235565,0.676187217235565,-0.758576452732086,0.110164180397987,-0.109288208186626,-0.223612457513809,-0.884225070476532,189,2023,2.4501224,"17 R",566663,2819427,"BB54",2023,100,100,100,90.25,0,9.75,0
"190","BB55_C",190,0.0272130779922009,0.0340264178812504,0.0261094104498625,0.0223860833793879,-0.0973200872540474,-0.206343173980713,0.206343173980713,-0.115165144205093,0.067476361989975,-0.37005814909935,-0.42251518368721,-0.303294599056244,190,2023,2.3344147,"17 R",566317,2819563,"BB55",2023,51,51,27.25,26.25,0,1,23.75
"191","BB55_E",191,0.0300904363393784,0.0382179580628872,0.0289175026118755,0.0178556386381388,-0.255178302526474,-0.363135606050491,0.363135606050491,-0.354750514030457,0.0418210439383984,-0.360169917345047,-0.389237374067307,-0.305072605609894,191,2023,2.325139,"17 R",566321,2819574,"BB55",2023,14.25,14.25,14.25,10.5,0,3.75,0
"192","BB55_L",192,0.027087951079011,0.0378478094935417,0.0266708992421627,0.0163080003112555,-0.248409137129784,-0.397737741470337,0.397737741470337,-0.361673951148987,-0.0527274087071419,-0.393542498350143,-0.333344697952271,-0.304566860198975,192,2023,2.3387542,"17 R",566331,2819560,"BB55",2023,39.25,39.25,19.75,19.25,0,0.5,19.5
"193","BB55_R",193,0.026962649077177,0.0369850769639015,0.0247613545507193,0.116329610347748,0.623669147491455,0.517527282238007,-0.517527282238007,0.973502337932587,-0.0323210023343563,-0.332275003194809,-0.296121686697006,-0.278847903013229,193,2023,2.340602,"17 R",566301,2819562,"BB55",2023,6.5,6.5,6.5,5.75,0,0.75,0
"194","BB55_S",194,0.0252098068594933,0.0342724435031414,0.0257719121873379,0.0176339689642191,-0.176824703812599,-0.320547580718994,0.320547580718994,-0.281227201223373,-0.0168126057833433,-0.434980630874634,-0.404753357172012,-0.307709991931915,194,2023,2.3356607,"17 R",566314,2819544,"BB55",2023,0,0,0,NA,NA,NA,0
"195","BB56_E",195,0.049206156283617,0.0606308914721012,0.0240334123373032,0.00372876157052815,-0.85911899805069,-0.884127378463745,0.884127378463745,-1.09706735610962,0.0324195213615894,0.2957623898983,0.222381234169006,-1.46347761154175,195,2023,0.72506654,"17 R",582789,2833635,"BB56",2023,96.25,96.25,96.25,96.25,0,0,0
"196","BB56_L",196,0.0490804947912693,0.0595154203474522,0.0260719787329435,0.003394465893507,-0.87062531709671,-0.892084836959839,0.892084836959839,-1.15440702438354,0.0500295013189316,0.220978647470474,0.137747198343277,-1.38571238517761,196,2023,0.71147,"17 R",582811,2833639,"BB56",2023,100,100,99,99,0,0,1
"197","BB56_R",197,0.0451782681047916,0.0586467534303665,0.0217666830867529,0.0037280002143234,-0.847545087337494,-0.880464434623718,0.880464434623718,-1.06132030487061,-0.0168475247919559,0.298243045806885,0.269494712352753,-1.76731359958649,197,2023,0.69185483,"17 R",582783,2833653,"BB56",2023,99.25,99.25,99.25,99.25,0,0,0
"198","BB56_S",198,0.0493306070566177,0.0602581836283207,0.0242588948458433,0.00317107327282429,-0.879201054573059,-0.900012254714966,0.900012254714966,-1.15318155288696,0.041642252355814,0.290004074573517,0.208637550473213,-1.7428365945816,198,2023,0.6984113,"17 R",582807,2833659,"BB56",2023,100,100,100,100,0,0,0
"199","BB57_C",199,0.0486227758228779,0.0607841946184635,0.0314214080572128,0.00397565960884094,-0.848829746246338,-0.87721836566925,0.87721836566925,-1.1630517244339,0.0177502520382404,0.0460452623665333,0.00740226916968822,-1.32410931587219,199,2023,0.58324164,"17 R",582842,2832984,"BB57",2023,100,100,100,100,0,0,0
"200","BB57_E",200,0.0538991428911686,0.0673459321260452,0.030063021928072,0.00430932501330972,-0.851934790611267,-0.879720628261566,0.879720628261566,-1.12388443946838,0.00943842995911837,0.18827323615551,0.145775750279427,-1.37814879417419,200,2023,0.57395554,"17 R",582836,2833000,"BB57",2023,100,100,100,100,0,0,0
"201","BB57_L",201,0.0564101077616215,0.0703154131770134,0.0326661989092827,0.00353051978163421,-0.882199466228485,-0.904381453990936,0.904381453990936,-1.20738899707794,0.00811058469116688,0.160135269165039,0.121537558734417,-1.3637787103653,201,2023,0.5798112,"17 R",582826,2832983,"BB57",2023,100,100,100,100,0,0,0
"202","BB57_R",202,0.0508853048086166,0.0642519220709801,0.0332317426800728,0.00419822474941611,-0.847568809986115,-0.877334833145142,0.877334833145142,-1.16351366043091,0.00297608831897378,0.0418337881565094,0.0174299441277981,-1.32103765010834,202,2023,0.5843983,"17 R",582856,2832988,"BB57",2023,100,100,100,100,0,0,0
"203","BB57_S",203,0.0541522838175297,0.0647479966282845,0.0334589220583439,0.00508960662409663,-0.82817542552948,-0.854244530200958,0.854244530200958,-1.10390651226044,0.0568490885198116,0.0980157777667046,0.0195927023887634,-1.30286049842834,203,2023,0.5633342,"17 R",582843,2832970,"BB57",2023,100,100,100,100,0,0,0
"204","BB58_C",204,0.0530711710453033,0.0618086531758308,0.0286251734942198,0.00456024194136262,-0.841744601726532,-0.862578928470612,0.862578928470612,-1.08774888515472,0.0871402099728584,0.216270253062248,0.0997452214360237,-1.72705137729645,204,2023,0.73204994,"17 R",582885,2832237,"BB58",2023,100,100,96.75,96.75,0,0,3.25
"205","BB58_E",205,0.0543269589543343,0.0703459605574608,0.0350731909275055,0.00378151144832373,-0.86984646320343,-0.897972762584686,0.897972762584686,-1.20802676677704,-0.0299889035522938,0.05943588539958,0.0642810091376305,-1.58832192420959,205,2023,0.66425276,"17 R",582898,2832227,"BB58",2023,98.75,98.75,97.5,97.5,0,0,1.25
"206","BB58_L",206,0.0523172728717327,0.0682430267333984,0.0204742960631847,0.0036694563459605,-0.868916928768158,-0.89794659614563,0.89794659614563,-1.04404890537262,-0.0347210504114628,0.499254941940308,0.470706731081009,-2.94529247283936,206,2023,0.6154617,"17 R",582892,2832249,"BB58",2023,100,100,100,100,0,0,0
"207","BB58_R",207,0.0542013868689537,0.0702222883701324,0.0334900580346584,0.00411554193124175,-0.858856022357941,-0.889274656772614,0.889274656772614,-1.17168116569519,-0.0303919687867165,0.0980969741940498,0.100000940263271,-1.42222416400909,207,2023,0.57994294,"17 R",582877,2832222,"BB58",2023,98.75,98.75,96.25,96.25,0,0,2.5
"208","BB58_S",208,0.0482973456382751,0.0624272488057613,0.0246636383235455,0.00333573273383081,-0.870790839195251,-0.898552894592285,0.898552894592285,-1.14259207248688,-0.0179325044155121,0.254156887531281,0.230574250221252,-2.3028302192688,208,2023,0.76598203,"17 R",582874,2832245,"BB58",2023,99.75,99.75,99,99,0,0,0.75
"209","BB59_C",209,0.0471900850534439,0.0614905431866646,0.0266650598496199,0.00327735091559589,-0.870120167732239,-0.898797035217285,0.898797035217285,-1.17163455486298,-0.0247058290988207,0.161746546626091,0.152143269777298,-1.28179442882538,209,2023,0.6216247,"17 R",581371,2828255,"BB59",2023,89.5,89.5,86.25,86.25,0,0,3.25
"210","BB59_E",210,0.0540813729166985,0.0664304122328758,0.0299404617398977,0.00294432998634875,-0.896736741065979,-0.915118098258972,0.915118098258972,-1.23139584064484,0.0276790745556355,0.195272490382195,0.135403081774712,-1.24233424663544,210,2023,0.65429634,"17 R",581385,2828249,"BB59",2023,97,97,95.5,95.5,0,0,1.5
"211","BB59_L",211,0.0481924042105675,0.0572883039712906,0.0256480071693659,0.00383250741288066,-0.852666437625885,-0.874592363834381,0.874592363834381,-1.10999584197998,0.0731901898980141,0.217263087630272,0.112912140786648,-1.30648899078369,211,2023,0.64869684,"17 R",581379,2828268,"BB59",2023,85,85,77.25,77.25,0,0,7.75
"212","BB59_R",212,0.0488204583525658,0.0612438730895519,0.0271173398941755,0.00394444493576884,-0.850489854812622,-0.878983080387115,0.878983080387115,-1.11903882026672,0.0136252976953983,0.180791288614273,0.134475708007812,-1.30116546154022,212,2023,0.5465722,"17 R",581363,2828242,"BB59",2023,86,86,83.75,83.75,0,0,2.25
"213","BB59_S",213,0.0438020303845406,0.0556808598339558,0.0237275864928961,0.00338822533376515,-0.85640150308609,-0.88527923822403,0.88527923822403,-1.12513840198517,0.00857807230204344,0.19078503549099,0.147605136036873,-1.37015008926392,213,2023,0.51190126,"17 R",581357,2828265,"BB59",2023,84.25,84.25,71.25,71.25,0,0,13
"214","BB60_E",214,0.0473273098468781,0.060467354953289,0.0302242189645767,0.00490470696240664,-0.812195360660553,-0.849944829940796,0.849944829940796,-1.08113944530487,-0.00357840466313064,0.0535020940005779,0.0336975455284119,-1.29068064689636,214,2023,0.7930504,"17 R",583748,2831771,"BB60",2023,100,100,97.5,97.5,0,0,2.5
"215","BB60_L",215,0.0470752120018005,0.0613336376845837,0.0305630881339312,0.00512680597603321,-0.80357825756073,-0.845718562602997,0.845718562602997,-1.06905400753021,-0.0243682321161032,0.0382701456546783,0.0388751327991486,-1.26482260227203,215,2023,0.5729985,"17 R",583758,2831789,"BB60",2023,100,100,100,100,0,0,0
"216","BB60_R",216,0.0508452206850052,0.065913200378418,0.0322603397071362,0.00434847408905625,-0.84242856502533,-0.87622058391571,0.87622058391571,-1.14365351200104,-0.0255357585847378,0.0673641860485077,0.0670302137732506,-1.25303673744202,216,2023,0.50401706,"17 R",583728,2831780,"BB60",2023,100,100,100,100,0,0,0
"217","BB60_S",217,0.0459422133862972,0.0605898201465607,0.0288653206080198,0.00445846421644092,-0.823079168796539,-0.862918317317963,0.862918317317963,-1.09862327575684,-0.0354789048433304,0.0646093487739563,0.0730495974421501,-1.28330683708191,217,2023,0.5153957,"17 R",583740,2831803,"BB60",2023,100,100,100,100,0,0,0
"218","BB61_C",218,0.0425738207995892,0.0533371977508068,0.0256332010030746,0.0032917563803494,-0.856460690498352,-0.883742988109589,0.883742988109589,-1.15859007835388,0.0268404427915812,0.0938134714961052,0.0419182069599628,-1.43837189674377,218,2023,0.5320422,"17 R",584087,2833143,"BB61",2023,100,100,100,100,0,0,0
"219","BB61_E",219,0.0447139106690884,0.0535848662257195,0.0258593074977398,0.00440490245819092,-0.820642948150635,-0.848080039024353,0.848080039024353,-1.06335532665253,0.0708542093634605,0.135067671537399,0.0394246317446232,-1.44951665401459,219,2023,0.55202526,"17 R",584076,2833155,"BB61",2023,100,100,100,100,0,0,0
"220","BB61_L",220,0.0429524183273315,0.053089551627636,0.0245011691004038,0.00440565729513764,-0.813942730426788,-0.846746981143951,0.846746981143951,-1.04277336597443,0.0407481901347637,0.142736464738846,0.0739155411720276,-1.45064604282379,220,2023,0.5387427,"17 R",584077,2833132,"BB61",2023,100,100,99.5,99.5,0,0,0.5
"221","BB61_R",221,0.043958492577076,0.052468080073595,0.024386839941144,0.00384802790358663,-0.839016616344452,-0.863341808319092,0.863341808319092,-1.0911408662796,0.0766895264387131,0.170038625597954,0.0659356936812401,-1.44876861572266,221,2023,0.5745057,"17 R",584096,2833156,"BB61",2023,99.5,99.5,98,98,0,0,1.5
"222","BB61_S",222,0.0439599715173244,0.0509797409176826,0.0232549980282784,0.00373736442998052,-0.843288362026215,-0.863393187522888,0.863393187522888,-1.08461976051331,0.107976190745831,0.212231889367104,0.075721949338913,-1.44943463802338,222,2023,0.6204797,"17 R",584100,2833135,"BB61",2023,100,100,100,100,0,0,0
"223","BB62_C",223,0.0538117252290249,0.0679327920079231,0.0351773165166378,0.00486781867220998,-0.834088027477264,-0.866269826889038,0.866269826889038,-1.13532507419586,-0.0016077597392723,0.0472768619656563,0.0269690435379744,-1.18227601051331,223,2023,2.287878,"17 R",574671,2807476,"BB62",2023,77.5,77.5,76.5,76.5,0,0,1
"224","BB62_E",224,0.0583029016852379,0.0767905861139297,0.0392311178147793,0.00553279975429177,-0.826655030250549,-0.865583777427673,0.865583777427673,-1.12920141220093,-0.0545575320720673,0.0306790508329868,0.0610285177826881,-1.15267610549927,224,2023,2.2842324,"17 R",574687,2807464,"BB62",2023,71.5,71.5,68,68,0,0,3.5
"225","BB62_L",225,0.0549340918660164,0.0663312524557114,0.0346133969724178,0.00597646599635482,-0.803762555122375,-0.834693551063538,0.834693551063538,-1.0582789182663,0.0449457429349422,0.0822562277317047,0.0162248872220516,-1.24184465408325,225,2023,2.2836242,"17 R",574662,2807464,"BB62",2023,73,73,68.5,68.5,0,0,4.5
"226","BB62_R",226,0.056059442460537,0.070395439863205,0.0381062962114811,0.00398099329322577,-0.867389619350433,-0.892950117588043,0.892950117588043,-1.21623313426971,0.000639480538666248,0.0172470714896917,-0.00231941975653172,-1.14250588417053,226,2023,2.28727,"17 R",574682,2807486,"BB62",2023,47.5,47.5,39.5,39.5,0,0,8
"227","BB62_S",227,0.0571818947792053,0.0713797360658646,0.0359663851559162,0.00531211029738188,-0.829996168613434,-0.861468732357025,0.861468732357025,-1.11393141746521,0.00538376299664378,0.0883433148264885,0.0584635958075523,-1.24598300457001,227,2023,2.2830164,"17 R",574660,2807485,"BB62",2023,64.25,64.25,60.5,60.5,0,0,3.75
"228","BB63_E",228,0.0555464588105679,0.07132488489151,0.0364882908761501,0.00493461079895496,-0.836821317672729,-0.870583713054657,0.870583713054657,-1.14261722564697,-0.0227989032864571,0.0465451702475548,0.0460045970976353,-1.63823115825653,228,2023,2.3084385,"17 R",575229,2808572,"BB63",2023,89,89,49.25,49.25,0,0,39.75
"229","BB63_L",229,0.0534286238253117,0.0665295124053955,0.0342385806143284,0.00748526677489281,-0.754234492778778,-0.797735869884491,0.797735869884491,-0.961799383163452,0.0139169292524457,0.064127542078495,0.0280441790819168,-1.5963282585144,229,2023,2.2954464,"17 R",575239,2808598,"BB63",2023,98,98,63.5,63.5,0,0,34.5
"230","BB63_R",230,0.0555464588105679,0.07132488489151,0.0364882908761501,0.00493461079895496,-0.836821317672729,-0.870583713054657,0.870583713054657,-1.14261722564697,-0.0227989032864571,0.0465451702475548,0.0460045970976353,-1.63823115825653,230,2023,2.3146265,"17 R",575220,2808576,"BB63",2023,92.25,92.25,51.25,51.25,0,0,41
"231","BB63_S",231,0.0552988089621067,0.0709571018815041,0.0337882339954376,0.00515749491751194,-0.829381048679352,-0.864480793476105,0.864480793476105,-1.10271680355072,-0.0216526314616203,0.110278308391571,0.103217981755733,-1.60391235351562,231,2023,2.3492744,"17 R",575217,2808599,"BB63",2023,89.75,89.75,45.5,45.5,0,0,44.25
"232","BB64_C",232,0.0819358974695206,0.102495729923248,0.057647205889225,0.0081704156473279,-0.818649411201477,-0.852341175079346,0.852341175079346,-1.12758839130402,-0.0278584472835064,0.0295329969376326,0.037464153021574,-0.956436097621918,232,2023,2.410519,"17 R",576862,2808915,"BB64",2023,91.75,91.75,90.75,90.75,0,0,1
"233","BB64_E",233,0.0892320051789284,0.112878791987896,0.0605660825967789,0.00805930327624083,-0.834326326847076,-0.866720199584961,0.866720199584961,-1.14768266677856,-0.0473529957234859,0.071017287671566,0.0938775241374969,-0.88014817237854,233,2023,2.3938138,"17 R",576870,2808905,"BB64",2023,65,65,65,65,0,0,0
"234","BB64_L",234,0.0694142356514931,0.0908696800470352,0.0510204620659351,0.00850318651646376,-0.781738519668579,-0.828863024711609,0.828863024711609,-1.07143819332123,-0.0629484802484512,-0.0279802456498146,0.0161594580858946,-0.966500461101532,234,2023,2.404941,"17 R",576876,2808924,"BB64",2023,100,100,100,100,0,0,0
"235","BB64_R",235,0.0926892831921577,0.118977643549442,0.0618006996810436,0.00828088633716106,-0.835973620414734,-0.869857251644135,0.869857251644135,-1.1455180644989,-0.0664891675114632,0.0911283791065216,0.130123779177666,-0.971208333969116,235,2023,2.3932,"17 R",576847,2808908,"BB64",2023,69,69,61,61,0,0,8
"236","BB64_S",236,0.0728898048400879,0.09160465747118,0.0504588335752487,0.00916833337396383,-0.776540517807007,-0.818039894104004,0.818039894104004,-1.03871703147888,-0.0228406209498644,0.0306961610913277,0.0331970565021038,-1.09582626819611,236,2023,2.4030898,"17 R",576850,2808931,"BB64",2023,100,100,100,100,0,0,0
"237","BB65_C",237,0.0450501702725887,0.0562565140426159,0.0311436373740435,0.0156162986531854,-0.485175281763077,-0.565446317195892,0.565446317195892,-0.498097509145737,0.025504183024168,-0.0223927721381187,-0.0628004521131516,-0.535285294055939,237,2023,2.3480155,"17 R",577836,2809642,"BB65",2023,41.25,41.25,38.75,36.25,0,2.5,2.5
"238","BB65_E",238,0.0405500531196594,0.0552707202732563,0.0333938784897327,0.0287912152707577,-0.169579207897186,-0.314999938011169,0.314999938011169,-0.111023306846619,-0.0605356357991695,-0.18952102959156,-0.137087777256966,-0.328801721334457,238,2023,2.3528976,"17 R",577848,2809633,"BB65",2023,95.1,95.1,95,4.5,90.5,0,0.1
"239","BB65_L",239,0.0454255864024162,0.0616745166480541,0.0344071462750435,0.0178314689546824,-0.436221987009048,-0.551443338394165,0.551443338394165,-0.475960463285446,-0.0660586282610893,-0.102500431239605,-0.0517158173024654,-0.490813434123993,239,2023,2.3535051,"17 R",577847,2809655,"BB65",2023,64.75,64.75,64.25,64.25,0,0,0.5
"240","BB65_R",240,0.0379218868911266,0.0479966104030609,0.0285541564226151,0.0153942061588168,-0.422530591487885,-0.514307975769043,0.514307975769043,-0.449161797761917,0.0257119536399841,-0.117631524801254,-0.151152104139328,-0.541173577308655,240,2023,2.3651862,"17 R",577826,2809628,"BB65",2023,83.25,83.25,76.75,71.5,0,5.25,6.5
"241","BB65_S",241,0.0443008989095688,0.061551246792078,0.034744568169117,0.0132907181978226,-0.538449585437775,-0.644832491874695,0.644832491874695,-0.669940292835236,-0.0889562964439392,-0.136228457093239,-0.0616354309022427,-0.639224290847778,241,2023,2.401865,"17 R",577825,2809653,"BB65",2023,91.75,91.75,87.75,87.75,0,0,4
"242","BB67_C",242,0.039949145168066,0.0530285649001598,0.0272959694266319,0.0111479144543409,-0.563657283782959,-0.652585685253143,0.652585685253143,-0.630063354969025,-0.0304891653358936,-0.0255755074322224,-0.014885094948113,-0.522587656974792,242,2023,2.3717053,"17 R",579300,2812569,"BB67",2023,56.25,56.25,54.75,24.5,22.5,7.75,1.5
"243","BB67_E",243,0.0341974198818207,0.0430472828447819,0.0242585446685553,0.023430373519659,-0.186837732791901,-0.29509025812149,0.29509025812149,-0.0260491706430912,0.0405303686857224,-0.0763776376843452,-0.127690017223358,-0.242972135543823,243,2023,2.4071786,"17 R",579291,2812553,"BB67",2023,93.5,93.5,90.75,10.25,80.25,0.25,2.75
"244","BB67_L",244,0.0411983132362366,0.0548750571906567,0.0297700669616461,0.0126973669975996,-0.528816878795624,-0.624184966087341,0.624184966087341,-0.603027939796448,-0.0368727818131447,-0.0717568174004555,-0.0510617345571518,-0.502939641475677,244,2023,2.3439953,"17 R",579313,2812561,"BB67",2023,84,84,83,27.25,52.5,3.25,1
"245","BB67_R",245,0.0491837970912457,0.0636076331138611,0.034379880875349,0.0126977972686291,-0.589609861373901,-0.667184948921204,0.667184948921204,-0.690839648246765,-0.0200884193181992,-0.0223084390163422,-0.0202098861336708,-0.634036660194397,245,2023,2.4440086,"17 R",579286,2812574,"BB67",2023,94,94,94,2.25,0,91.75,0
"246","BB67_S",246,0.0516761615872383,0.0710999816656113,0.0337055549025536,0.00970936100929976,-0.683659553527832,-0.759697079658508,0.759697079658508,-0.829076588153839,-0.0915921032428741,0.044696968048811,0.107217594981194,-0.672767698764801,246,2023,2.4614868,"17 R",579309,2812581,"BB67",2023,26,26,24.5,15.25,5.5,3.75,1.5
"247","TPBB00_1",1,0.0406127944588661,0.0506087206304073,0.0135212009772658,0.0126038640737534,-0.526318848133087,-0.601222932338715,0.601222932338715,-0.0526699312031269,0.0367128476500511,0.614092171192169,0.508434593677521,-2.39732241630554,1,2024,0.57035035,"17 R",583820,2847443,"TPBB00",2024,100,100,0,0,0,0,100
"248","TPBB00_2",2,0.0428540669381618,0.0539661571383476,0.0175344776362181,0.0101812500506639,-0.616057753562927,-0.682567059993744,0.682567059993744,-0.397963255643845,0.0206694919615984,0.437235236167908,0.361764073371887,-2.41484475135803,2,2024,0.5669318,"17 R",583803,2847446,"TPBB00",2024,70.5,70.5,30.25,0,0,30.25,40.25
"249","TPBB00_3",3,0.0420621372759342,0.055128887295723,0.0162350386381149,0.0113337589427829,-0.57548201084137,-0.658943474292755,0.658943474292755,-0.266675382852554,-0.0211341846734285,0.486889332532883,0.445560127496719,-2.42873096466064,3,2024,0.5304287,"17 R",583817,2847427,"TPBB00",2024,44.25,44.25,23.75,0,0,23.75,20.5
"250","TPBB00_4",4,0.0408793166279793,0.0482823960483074,0.014467217028141,0.0141031481325626,-0.486994683742523,-0.547871291637421,0.547871291637421,-0.0191143285483122,0.0943602472543716,0.56063985824585,0.406502455472946,-2.39172554016113,4,2024,0.692366,"17 R",583832,2847441,"TPBB00",2024,100,100,0,0,0,0,100
"251","TPBB00_5",5,0.0423311106860638,0.0542279928922653,0.0155299603939056,0.0121432971209288,-0.554165065288544,-0.634079813957214,0.634079813957214,-0.183570548892021,0.00313460361212492,0.532652854919434,0.465112417936325,-2.38296723365784,5,2024,0.64152306,"17 R",583821,2847458,"TPBB00",2024,33.4,33.4,5.75,0,0,5.75,27.65
"252","TPBB02_1",6,0.0583348833024502,0.0694596618413925,0.0250372588634491,0.00554962502792478,-0.826260685920715,-0.85202831029892,0.85202831029892,-0.955685794353485,0.0549610443413258,0.429642498493195,0.325118392705917,-2.8513503074646,6,2024,0.8432953,"17 R",582569,2848448,"TPBB02",2024,55.25,55.25,9.25,2,0,7.25,46
"253","TPBB02_2",7,0.0608403980731964,0.0707529708743095,0.0239817164838314,0.0062460545450449,-0.813790857791901,-0.837762773036957,0.837762773036957,-0.880101025104523,0.076978899538517,0.509907960891724,0.378518551588058,-2.89183235168457,7,2024,0.668227,"17 R",582592,2848461,"TPBB02",2024,36.95,36.95,5.6,0.1,0,5.5,31.35
"254","TPBB02_3",8,0.0524271316826344,0.0634123086929321,0.0204433165490627,0.00601561414077878,-0.794136524200439,-0.826709091663361,0.826709091663361,-0.817930042743683,0.0471117310225964,0.502695918083191,0.398518174886703,-2.99662733078003,8,2024,0.722919,"17 R",582601,2848447,"TPBB02",2024,28.8,28.8,0.2,0,0.2,0,28.6
"255","TPBB02_4",9,0.0547917895019054,0.0662447437644005,0.0222110357135534,0.00693701440468431,-0.775242209434509,-0.8104168176651,0.8104168176651,-0.786022782325745,0.0437693111598492,0.47323939204216,0.374920248985291,-2.907799243927,9,2024,0.770631,"17 R",582585,2848446,"TPBB02",2024,74.25,67,15.1,0,0,15.1,51.9
"256","TPBB02_5",10,0.054133165627718,0.0631512477993965,0.0205585360527039,0.00705170864239335,-0.769495010375977,-0.799105107784271,0.799105107784271,-0.733794331550598,0.0836149156093597,0.529732882976532,0.38983228802681,-2.89764857292175,10,2024,0.8160568,"17 R",582587,2848435,"TPBB02",2024,13.5,13.5,3,2,0,1,10.5
"257","TPBB03_1",11,0.0364249274134636,0.0419561080634594,0.0189426206052303,0.0076327221468091,-0.653512060642242,-0.692159593105316,0.692159593105316,-0.63836795091629,0.131518065929413,0.206161305308342,0.0473503321409225,-1.84492480754852,11,2024,0.65229106,"17 R",581242,2848283,"TPBB03",2024,51.95,49.95,25,0,25,0,24.95
"258","TPBB03_2",12,0.0369598306715488,0.0418293140828609,0.0185902323573828,0.00751893781125546,-0.66190892457962,-0.695270359516144,0.695270359516144,-0.636057794094086,0.149383455514908,0.237398266792297,0.0595611892640591,-1.83267056941986,12,2024,0.6338198,"17 R",581257,2848282,"TPBB03",2024,69.5,65.5,64.5,1.5,63,0,1
"259","TPBB03_3",13,0.0368358045816422,0.0435228943824768,0.0190682876855135,0.00694475183263421,-0.682747185230255,-0.724784016609192,0.724784016609192,-0.699084162712097,0.102916933596134,0.211512386798859,0.0786479711532593,-1.81227898597717,13,2024,0.6845375,"17 R",581274,2848282,"TPBB03",2024,75.35,75.35,75.35,1.6,73.75,0,0
"260","TPBB03_4",14,0.03682941198349,0.0435184799134731,0.0188281182199717,0.00717327138409019,-0.673962116241455,-0.716984689235687,0.716984689235687,-0.672359049320221,0.102853544056416,0.222583413124084,0.088831827044487,-1.80943536758423,14,2024,0.8286909,"17 R",581259,2848266,"TPBB03",2024,89.6,89.6,89.1,5,84.1,0,0.5
"261","TPBB03_5",15,0.0365607813000679,0.0437756255269051,0.0185895711183548,0.00763399992138147,-0.654529333114624,-0.703012824058533,0.703012824058533,-0.626663565635681,0.0891344100236893,0.226574286818504,0.10506983101368,-1.84618318080902,15,2024,0.63982284,"17 R",581254,2848294,"TPBB03",2024,72,66,66,2,0,64,0
"262","TPBB104_1",16,0.0200204085558653,0.0294232871383429,0.00679722102358937,0.00406746426597238,-0.662281155586243,-0.757099270820618,0.757099270820618,-0.376875638961792,-0.0816103145480156,0.516881048679352,0.524166882038116,-3.03865432739258,16,2023,0.58828306,"17 R",575143,2838973,"TPBB104",2024,66,66,26.25,5.75,0,20.5,39.75
"263","TPBB104_2",17,0.0205657109618187,0.0262607093900442,0.00679982826113701,0.0041858796030283,-0.661768853664398,-0.725034594535828,0.725034594535828,-0.356911271810532,0.0687606632709503,0.543413817882538,0.410143107175827,-3.06493592262268,17,2023,0.6052813,"17 R",575155,2838990,"TPBB104",2024,79.5,79.5,24,2,0,22,55.5
"264","TPBB104_3",18,0.0211059097200632,0.0290303323417902,0.00727855367586017,0.00371892820112407,-0.700386524200439,-0.772884726524353,0.772884726524353,-0.485514611005783,-0.0142071843147278,0.508985936641693,0.455203711986542,-3.05044937133789,18,2023,0.6358719,"17 R",575157,2838974,"TPBB104",2024,71.25,71.25,17.25,16.75,0,0.5,54
"265","TPBB104_4",19,0.0189498253166676,0.0271891187876463,0.00740255601704121,0.00453823572024703,-0.613570868968964,-0.71392285823822,0.71392285823822,-0.359815388917923,-0.0508025363087654,0.386241108179092,0.375971376895905,-3.07464551925659,19,2023,0.625758,"17 R",575172,2838973,"TPBB104",2024,66.5,66.5,39,38.5,0,0.5,27.5
"266","TPBB104_5",20,0.0186748206615448,0.0294280853122473,0.00692075816914439,0.00383661617524922,-0.659140706062317,-0.769328057765961,0.769328057765961,-0.430050373077393,-0.151363462209702,0.431326448917389,0.509714543819427,-3.05037212371826,20,2023,0.69490355,"17 R",575162,2838961,"TPBB104",2024,54.25,54.25,12,9.5,0,2.5,42.25
"267","TPBB111_1",21,0.0261020194739103,0.0324975028634071,0.00834506098181009,0.00436417805030942,-0.713506877422333,-0.763213276863098,0.763213276863098,-0.469841212034225,0.0757215991616249,0.600141286849976,0.457070112228394,-3.96314358711243,21,2023,1.0781184,"17 R",576294,2836305,"TPBB111",2024,78.25,78.25,40,33.5,6.5,0,38.25
"268","TPBB111_2",22,0.0260952021926641,0.0315705388784409,0.00750303221866488,0.00447835866361856,-0.707043707370758,-0.751539766788483,0.751539766788483,-0.378671437501907,0.106889575719833,0.694237649440765,0.514439046382904,-3.96738600730896,22,2023,0.6328151,"17 R",576271,2836318,"TPBB111",2024,79.75,79.75,75.75,71.25,4.5,0,4
"269","TPBB111_3",23,0.0278538782149553,0.0340768173336983,0.00714681064710021,0.00424725748598576,-0.735382735729218,-0.778350412845612,0.778350412845612,-0.381718784570694,0.0891434550285339,0.802609384059906,0.630301713943481,-3.99155211448669,23,2023,0.62518567,"17 R",576282,2836336,"TPBB111",2024,79.5,79.5,42.5,42.5,0,0,37
"270","TPBB111_4",24,0.0261031687259674,0.0319714620709419,0.00810653157532215,0.00448152469471097,-0.706943273544312,-0.754120290279388,0.754120290279388,-0.431957900524139,0.0934895500540733,0.625911891460419,0.464282363653183,-3.98496294021606,24,2023,0.63749045,"17 R",576299,2836329,"TPBB111",2024,98.25,98.25,77.75,73.5,0,4.25,20.5
"271","TPBB111_5",25,0.0277226697653532,0.0343427397310734,0.00798726454377174,0.00459850300103426,-0.715449512004852,-0.763823509216309,0.763823509216309,-0.403880208730698,0.075979471206665,0.699254512786865,0.547856390476227,-3.99030780792236,25,2023,0.68542504,"17 R",576297,2836331,"TPBB111",2024,72.25,72.25,30.25,29.25,0,1,42
"272","TPBB112_1",26,0.0296237152069807,0.0371453389525414,0.00765135930851102,0.00534527935087681,-0.694284617900848,-0.748401880264282,0.748401880264282,-0.26615497469902,0.0571058169007301,0.803694844245911,0.661167979240417,-3.91741967201233,26,2023,0.71223855,"17 R",576178,2835243,"TPBB112",2024,84,84,73,71.5,0,1.5,11
"273","TPBB12_1",27,0.0656236186623573,0.064548671245575,0.0130024515092373,0.0104733081534505,-0.724737703800201,-0.720793604850769,0.720793604850769,-0.161601379513741,0.252333164215088,1.12865006923676,0.783474862575531,-3.82328343391418,27,2024,0.5482583,"17 R",585640,2851478,"TPBB12",2024,47.15,41.15,1,0,0,1,40.15
"274","TPBB130_1",28,0.037925124168396,0.0452177338302135,0.0110239675268531,0.00523357512429357,-0.757472991943359,-0.79252964258194,0.79252964258194,-0.534249782562256,0.0905707105994225,0.726763486862183,0.561487376689911,-3.88527822494507,28,2023,0.6335266,"17 R",576617,2834383,"TPBB130",2024,63,63,60.25,58.5,0,1.75,2.75
"275","TPBB130_2",29,0.0383361764252186,0.0446966663002968,0.0105490302667022,0.00652009202167392,-0.709289610385895,-0.745392262935638,0.745392262935638,-0.35405495762825,0.113938748836517,0.776611030101776,0.585631370544434,-3.89005017280579,29,2023,0.69141304,"17 R",576630,2834397,"TPBB130",2024,72,72,66.25,65.75,0,0.5,5.75
"276","TPBB130_3",30,0.0371270440518856,0.0457502156496048,0.00983115658164024,0.00477038230746984,-0.772282779216766,-0.811150968074799,0.811150968074799,-0.519887745380402,0.0565879642963409,0.807085335254669,0.6661177277565,-3.88660740852356,30,2023,0.57444257,"17 R",576647,2834386,"TPBB130",2024,58.5,58.5,46.25,44.75,0,1.5,12.25
"277","TPBB130_4",31,0.0371270440518856,0.0457502156496048,0.00983115658164024,0.00477038230746984,-0.772282779216766,-0.811150968074799,0.811150968074799,-0.519887745380402,0.0565879642963409,0.807085335254669,0.6661177277565,-3.88660740852356,31,2023,0.58815336,"17 R",576647,2834388,"TPBB130",2024,62.75,62.75,57.75,57.75,0,0,5
"278","TPBB130_5",32,0.0373916104435921,0.0423269905149937,0.0105468528345227,0.0051181623712182,-0.759200692176819,-0.784249305725098,0.784249305725098,-0.519823014736176,0.148152768611908,0.751846492290497,0.531324923038483,-3.86917614936829,32,2023,0.63621885,"17 R",576639,2834369,"TPBB130",2024,79.25,79.25,78.5,77.75,0,0.75,0.75
"279","TPBB14_1",33,0.0557133108377457,0.0664565339684486,0.0186497326940298,0.00878341868519783,-0.727632105350494,-0.766522467136383,0.766522467136383,-0.539473950862885,0.05698137357831,0.644950866699219,0.519918918609619,-3.4874324798584,33,2024,0.6802532,"17 R",584729,2851497,"TPBB14",2024,47.75,47.75,0,0,0,0,47.75
"280","TPBB14_2",34,0.0536256842315197,0.0599074587225914,0.0194807853549719,0.00867324694991112,-0.721560299396515,-0.747064530849457,0.747064530849457,-0.575807690620422,0.131465375423431,0.568083822727203,0.380795270204544,-3.487797498703,34,2024,0.7235474,"17 R",584750,2851501,"TPBB14",2024,95.25,95.25,0,0,0,0,95.25
"281","TPBB14_3",35,0.053357932716608,0.0596465617418289,0.0190065875649452,0.00878600496798754,-0.717236936092377,-0.743221521377563,0.743221521377563,-0.55161726474762,0.131199985742569,0.584939897060394,0.396427273750305,-3.52218079566956,35,2024,0.7424288,"17 R",584744,2851524,"TPBB14",2024,64.15,64.15,0,0,0,0,64.15
"282","TPBB14_4",36,0.055452786386013,0.0605443902313709,0.0187686663120985,0.00878427270799875,-0.726504504680634,-0.746590435504913,0.746590435504913,-0.543556928634644,0.153483301401138,0.634624242782593,0.421589255332947,-3.53074860572815,36,2024,0.7646509,"17 R",584730,2851525,"TPBB14",2024,83,83,0,0,0,0,83
"283","TPBB14_5",37,0.0554534941911697,0.062473937869072,0.0190045554190874,0.00878456514328718,-0.726499676704407,-0.753445148468018,0.753445148468018,-0.55165421962738,0.119423665106297,0.623556852340698,0.442826986312866,-3.51893663406372,37,2024,0.76480407,"17 R",584738,2851512,"TPBB14",2024,54.2,54.2,0,0,0,0,54.2
"284","TPBB141_1",38,0.0274016242474318,0.0308818742632866,0.0091331098228693,0.00388207635842264,-0.751814782619476,-0.776660799980164,0.776660799980164,-0.605181515216827,0.179693266749382,0.568679451942444,0.332854092121124,-4.02188968658447,38,2023,0.61214435,"17 R",577504,2839651,"TPBB141",2024,57.75,57.75,35.25,1,34.25,0,22.5
"285","TPBB141_2",39,0.023771008476615,0.0299631543457508,0.00793942715972662,0.00411538267508149,-0.704846501350403,-0.758476555347443,0.758476555347443,-0.47583219408989,0.0703575760126114,0.550799965858459,0.416308760643005,-4.02753257751465,39,2023,0.58023477,"17 R",577514,2839663,"TPBB141",2024,72.1,72.1,35.6,0.25,35.35,0,36.5
"286","TPBB141_3",40,0.0263202711939812,0.0335053354501724,0.00805471185594797,0.00399619480594993,-0.736368060112,-0.786878287792206,0.786878287792206,-0.505171597003937,0.0508786663413048,0.639883637428284,0.516347110271454,-4.03322887420654,40,2023,0.5910884,"17 R",577498,2839669,"TPBB141",2024,47,47,19.5,0,19.5,0,27.5
"287","TPBB141_4",41,0.0252532940357924,0.0319354571402073,0.00853758864104748,0.0039995382539928,-0.726553797721863,-0.777401506900787,0.777401506900787,-0.542953372001648,0.0616131983697414,0.546850860118866,0.421115636825562,-4.00856447219849,41,2023,0.77537084,"17 R",577524,2839674,"TPBB141",2024,88.5,88.5,2.75,0,2.75,0,85.75
"288","TPBB141_5",42,0.0226995162665844,0.0300985835492611,0.00782326702028513,0.00423402898013592,-0.685594379901886,-0.753352344036102,0.753352344036102,-0.446522772312164,0.019336735829711,0.517752170562744,0.432778298854828,-4.00225687026978,42,2023,0.6850276,"17 R",577524,2839653,"TPBB141",2024,40,40,38.25,2,36.25,0,1.75
"289","TPBB142_1",43,0.0154127487912774,0.0203882250934839,0.00635495688766241,0.00385134690441191,-0.600152850151062,-0.682226479053497,0.682226479053497,-0.367950528860092,0.0552285388112068,0.315008878707886,0.211931183934212,-3.11876702308655,43,2023,0.5565477,"17 R",576323,2840789,"TPBB142",2024,99.5,99.5,0,0,0,0,99.5
"290","TPBB142_2",44,0.0167627334594727,0.0206494703888893,0.00623267143964767,0.00373296905308962,-0.635731518268585,-0.693798542022705,0.693798542022705,-0.376248121261597,0.125363916158676,0.416209071874619,0.24042983353138,-3.13653898239136,44,2023,0.55054104,"17 R",576329,2840808,"TPBB142",2024,99.75,99.75,0,0,0,0,99.75
"291","TPBB142_3",45,0.0173002500087023,0.0197218134999275,0.00467278342694044,0.00384820438921452,-0.636076986789703,-0.673466145992279,0.673466145992279,-0.145155534148216,0.206846475601196,0.703310012817383,0.428203344345093,-3.09633374214172,45,2023,0.59915066,"17 R",576314,2840808,"TPBB142",2024,100.25,100.25,0,0,0,0,100.25
"292","TPBB142_4",46,0.0177120640873909,0.0201223026961088,0.00635335827246308,0.00373350968584418,-0.651815354824066,-0.686993718147278,0.686993718147278,-0.389592975378036,0.208538055419922,0.454283058643341,0.199006587266922,-3.16060471534729,46,2023,0.58335954,"17 R",576331,2840818,"TPBB142",2024,100,100,0,0,0,0,100
"293","TPBB142_5",47,0.0148750264197588,0.0203908178955317,0.006356714759022,0.0038524258416146,-0.588579833507538,-0.682185590267181,0.682185590267181,-0.367948055267334,0.0195791497826576,0.279252260923386,0.211833924055099,-3.20295166969299,47,2023,0.58774436,"17 R",576342,2840802,"TPBB142",2024,100,100,0,0,0,0,100
"294","TPBB17_1",48,0.0583354011178017,0.0691573321819305,0.0252311434596777,0.00773590663447976,-0.765831589698792,-0.798788368701935,0.798788368701935,-0.796032845973969,0.0597073920071125,0.422808021306992,0.314496785402298,-2.39039468765259,48,2024,0.70400614,"17 R",582987,2853286,"TPBB17",2024,18.5,18.5,0,0,0,0,18.5
"295","TPBB17_2",49,0.0579360015690327,0.0678650289773941,0.025228388607502,0.00692576542496681,-0.786445379257202,-0.814796328544617,0.814796328544617,-0.853822350502014,0.0733237192034721,0.416034758090973,0.295722156763077,-2.38380908966064,49,2024,1.1629158,"17 R",582973,2853294,"TPBB17",2024,4.5,4.5,0,0,0,0,4.5
"296","TPBB17_3",50,0.0556897297501564,0.066828191280365,0.0252236817032099,0.00703768571838737,-0.775610506534576,-0.809446930885315,0.809446930885315,-0.845562219619751,0.0505012050271034,0.376657038927078,0.280477732419968,-2.3837263584137,50,2024,0.7275848,"17 R",582959,2853297,"TPBB17",2024,2.75,2.75,0,0,0,0,2.75
"297","TPBB200_1",51,0.0427596233785152,0.0717409774661064,0.0268685910850763,0.00453544547781348,-0.80820643901825,-0.881078720092773,0.881078720092773,-1.06673288345337,-0.290741771459579,0.0564113669097424,0.300151795148849,-1.6031619310379,51,2024,0.6645906,"17 R",571342,2829791,"TPBB200",2024,8,8,3.5,3.5,0,0,4.5
"298","TPBB200_2",52,0.0426276661455631,0.0702912136912346,0.0271122697740793,0.00500773172825575,-0.789747476577759,-0.866990625858307,0.866990625858307,-1.03227913379669,-0.271660447120667,0.045311201363802,0.272410422563553,-1.59979546070099,52,2024,0.6970885,"17 R",571358,2829804,"TPBB200",2024,24.25,24.25,20.25,20.25,0,0,4
"299","TPBB200_3",53,0.0386966280639172,0.0713545903563499,0.0233827885240316,0.00383885647170246,-0.819498658180237,-0.897893846035004,0.897893846035004,-1.07693338394165,-0.384718418121338,0.0798432752490044,0.407508462667465,-1.62717533111572,53,2024,0.73705673,"17 R",571371,2829785,"TPBB200",2024,9.75,9.75,3,2,0,1,6.75
"300","TPBB200_4",54,0.0403186269104481,0.0731961503624916,0.0240995865315199,0.00524388300254941,-0.769815862178802,-0.866295754909515,0.866295754909515,-0.96387904882431,-0.371331244707108,0.0941179320216179,0.408488363027573,-1.61882591247559,54,2024,0.70008886,"17 R",571358,2829786,"TPBB200",2024,3,3,0,0,0,0,3
"301","TPBB200_5",55,0.0401837900280952,0.0720092356204987,0.0249443724751472,0.00453923363238573,-0.797006845474243,-0.881402373313904,0.881402373313904,-1.03812634944916,-0.356925815343857,0.0602032318711281,0.364182621240616,-1.62804746627808,55,2024,0.6874775,"17 R",571355,2829775,"TPBB200",2024,11,11,0,0,0,0,11
"302","TPBB201_1",56,0.0218647457659245,0.0365447290241718,0.0111181931570172,0.00464369030669332,-0.649644315242767,-0.774514734745026,0.774514734745026,-0.616154432296753,-0.228889718651772,0.16847488284111,0.341628760099411,-2.15804839134216,56,2024,0.7569789,"17 R",571349,2832120,"TPBB201",2024,98.75,98.75,58.5,58.5,0,0,40.25
"303","TPBB201_2",57,0.0251563545316458,0.0408101975917816,0.0114841610193253,0.0049988217651844,-0.668460130691528,-0.781753838062286,0.781753838062286,-0.590184986591339,-0.208549723029137,0.279979228973389,0.425744205713272,-2.16710209846497,57,2024,0.79245603,"17 R",571356,2832125,"TPBB201",2024,44.1,44.1,2.85,2.85,0,0,41.25
"304","TPBB204_1",58,0.0370645560324192,0.0638899505138397,0.0237186960875988,0.00340033741667867,-0.831936419010162,-0.898935258388519,0.898935258388519,-1.12384307384491,-0.307801216840744,0.0240984708070755,0.285434871912003,-1.68785309791565,58,2024,0.62469494,"17 R",571946,2827623,"TPBB204",2024,13.25,13.25,8.5,8.5,0,0,4.75
"305","TPBB204_2",59,0.037476409226656,0.0675814673304558,0.0239623207598925,0.00328557263128459,-0.838792324066162,-0.907275021076202,0.907275021076202,-1.13825762271881,-0.357756227254868,0.0260833539068699,0.33331435918808,-1.69728863239288,59,2024,0.5796233,"17 R",571950,2827635,"TPBB204",2024,25.75,25.75,20.75,20.75,0,0,5
"306","TPBB204_3",60,0.0377533547580242,0.0629738420248032,0.023364657536149,0.00352299748919904,-0.829297065734863,-0.894040167331696,0.894040167331696,-1.10692024230957,-0.273702532052994,0.0558532923460007,0.283195644617081,-1.6986358165741,60,2024,0.5965235,"17 R",571960,2827636,"TPBB204",2024,73.75,73.75,67.5,67.5,0,0,6.25
"307","TPBB204_4",61,0.0378817096352577,0.0677122473716736,0.0234803427010775,0.003284813137725,-0.840413391590118,-0.907466232776642,0.907466232776642,-1.13181829452515,-0.3490991294384,0.0548657514154911,0.351735502481461,-1.70377993583679,61,2024,0.7059748,"17 R",571953,2827651,"TPBB204",2024,19.5,19.5,7.25,1.5,0,5.75,12.25
"308","TPBB204_5",62,0.0382786951959133,0.0682331696152687,0.0246766302734613,0.00468701589852571,-0.781825304031372,-0.871448040008545,0.871448040008545,-1.0211409330368,-0.346997261047363,0.021206583827734,0.319075852632523,-1.68760287761688,62,2024,0.64702,"17 R",571930,2827640,"TPBB204",2024,10,10,7.5,4.25,0,3.25,2.5
"309","TPBB217_1",63,0.0923885554075241,0.109159633517265,0.0519150495529175,0.0411392338573933,-0.38381016254425,-0.452567607164383,0.452567607164383,-0.173702090978622,0.0237966980785131,0.242510825395584,0.185439839959145,-2.51316714286804,63,2024,0.78040767,"17 R",573798,2830687,"TPBB217",2024,19.95,19.95,0.5,0.5,0,0,19.45
"310","TPBB217_2",64,0.0560422502458096,0.0774464681744576,0.023672865703702,0.009733104147017,-0.704050123691559,-0.776711344718933,0.776711344718933,-0.625925302505493,-0.103340312838554,0.439259022474289,0.479429185390472,-2.52776098251343,64,2024,0.735491,"17 R",573814,2830701,"TPBB217",2024,25.8,25.8,9.25,9.25,0,0,16.55
"311","TPBB217_3",65,0.0470306985080242,0.0699769854545593,0.0177963189780712,0.0059926831163466,-0.773960709571838,-0.84223484992981,0.84223484992981,-0.74427056312561,-0.168497428297997,0.517085671424866,0.609545588493347,-2.52608609199524,65,2024,0.65079254,"17 R",573827,2830688,"TPBB217",2024,20.55,20.55,19.25,19.25,0,0,1.3
"312","TPBB217_4",66,0.0512026511132717,0.079804852604866,0.025113383308053,0.0116049544885755,-0.630460202693939,-0.746089518070221,0.746089518070221,-0.551839888095856,-0.226233616471291,0.296540379524231,0.461493104696274,-2.52217245101929,66,2024,0.6827748,"17 R",573812,2830686,"TPBB217",2024,21.5,21.5,18,17.5,0,0.5,3.5
"313","TPBB217_5",67,0.0518766269087791,0.0794127210974693,0.0224754884839058,0.0140603603795171,-0.573521316051483,-0.699156999588013,0.699156999588013,-0.345487862825394,-0.207806974649429,0.408067256212234,0.546618342399597,-2.51806855201721,67,2024,0.8340694,"17 R",573811,2830672,"TPBB217",2024,23.75,23.75,15.75,15.75,0,0,8
"314","TPBB218_1",68,0.0421032309532166,0.0563472732901573,0.014221808873117,0.00383874564431608,-0.832887232303619,-0.872437298297882,0.872437298297882,-0.862354159355164,-0.0438988283276558,0.605317652225494,0.574851989746094,-2.78890752792358,68,2024,0.50424224,"17 R",575022,2829959,"TPBB218",2024,86,86,75.5,75.5,0,0,10.5
"315","TPBB218_2",69,0.0434492863714695,0.0600232481956482,0.0151804396882653,0.00372148538008332,-0.84221225976944,-0.883237898349762,0.883237898349762,-0.90934818983078,-0.081065446138382,0.578919053077698,0.585118412971497,-2.82265710830688,69,2024,0.5886897,"17 R",575038,2829984,"TPBB218",2024,80,80,62.25,62.25,0,0,17.75
"316","TPBB218_3",70,0.0413036048412323,0.0579284355044365,0.0125475851818919,0.0044259587302804,-0.806428968906403,-0.858038604259491,0.858038604259491,-0.717731058597565,-0.0931295603513718,0.697254657745361,0.704159140586853,-2.78722167015076,70,2024,0.6622166,"17 R",575050,2829966,"TPBB218",2024,68.05,68.05,54.5,54.5,0,0,13.55
"317","TPBB218_4",71,0.044393677264452,0.065271183848381,0.015421699732542,0.00442354241386056,-0.818771243095398,-0.873059451580048,0.873059451580048,-0.831294238567352,-0.150594443082809,0.586433529853821,0.656142294406891,-2.79907846450806,71,2024,0.5906635,"17 R",575038,2829962,"TPBB218",2024,26.75,26,25.25,25.25,0,0,0.75
"318","TPBB218_5",72,0.0427828095853329,0.0579271912574768,0.0133860101923347,0.00372434291057289,-0.839837849140167,-0.87918084859848,0.87918084859848,-0.847001850605011,-0.0579196400940418,0.675059974193573,0.651651620864868,-2.77710580825806,72,2024,0.5093612,"17 R",575042,2829954,"TPBB218",2024,90.35,90.1,88.75,88.75,0,0,1.35
"319","TPBB219_1",73,0.0504312738776207,0.0786808431148529,0.0216400921344757,0.00394102279096842,-0.855035603046417,-0.904600977897644,0.904600977897644,-1.03782045841217,-0.22600819170475,0.413412809371948,0.568095207214355,-1.95871150493622,73,2024,0.69126683,"17 R",572683,2830102,"TPBB219",2024,11.75,11.75,6.5,3.5,0,3,5.25
"320","TPBB219_2",74,0.0512492842972279,0.0782919898629189,0.0226076915860176,0.00523475324735045,-0.814646661281586,-0.874656856060028,0.874656856060028,-0.935959756374359,-0.204537272453308,0.390697658061981,0.527646064758301,-1.97248065471649,74,2024,0.6238712,"17 R",572701,2830115,"TPBB219",2024,18.75,18.75,14.5,10.5,0,4,4.25
"321","TPBB219_3",75,0.0496371127665043,0.0771148428320885,0.0209299623966217,0.00348096527159214,-0.868934810161591,-0.913619220256805,0.913619220256805,-1.07220411300659,-0.220046922564507,0.427140086889267,0.575066030025482,-1.96805143356323,75,2024,0.625418,"17 R",572711,2830094,"TPBB219",2024,20.2,20.2,16,14.5,0,1.5,4.2
"322","TPBB219_4",76,0.0532695986330509,0.0778968334197998,0.0216442458331585,0.00417863065376878,-0.854525327682495,-0.898175895214081,0.898175895214081,-1.01454317569733,-0.160377711057663,0.467996835708618,0.557925045490265,-1.95880532264709,76,2024,0.69158626,"17 R",572696,2830097,"TPBB219",2024,15,15,3.5,3.5,0,0,11.5
"323","TPBB219_5",77,0.051922220736742,0.0773724839091301,0.0216449666768312,0.00371045968495309,-0.866608619689941,-0.908477425575256,0.908477425575256,-1.06098628044128,-0.178661346435547,0.44234836101532,0.551143944263458,-1.95582723617554,77,2024,0.6347102,"17 R",572694,2830087,"TPBB219",2024,19.5,19.5,16.75,16.5,0,0.25,2.75
"324","TPBB220_1",78,0.0470260046422482,0.0693507865071297,0.0164021700620651,0.0030718594789505,-0.87736564874649,-0.915168523788452,0.915168523788452,-1.02677595615387,-0.158834785223007,0.589356243610382,0.666753053665161,-2.57959485054016,78,2024,0.6516998,"17 R",574126,2829154,"TPBB220",2024,28.75,28.75,28.75,28.75,0,0,0
"325","TPBB220_2",79,0.0502546727657318,0.0718405097723007,0.0162824913859367,0.00365644437260926,-0.864352881908417,-0.903136610984802,0.903136610984802,-0.949853658676147,-0.130738243460655,0.662255704402924,0.707966506481171,-2.59017539024353,79,2024,0.6775823,"17 R",574139,2829175,"TPBB220",2024,17.75,17.75,14.75,14.75,0,0,3
"326","TPBB220_3",80,0.0448817797005177,0.0683078765869141,0.0156878065317869,0.00424438854679465,-0.827204585075378,-0.882997751235962,0.882997751235962,-0.861175954341888,-0.189047276973724,0.582191228866577,0.687734365463257,-2.57204818725586,80,2024,0.7103459,"17 R",574154,2829158,"TPBB220",2024,49.25,49.25,43.25,43.25,0,0,6
"327","TPBB220_4",81,0.0450132749974728,0.0677816644310951,0.016045868396759,0.00365875707939267,-0.849656701087952,-0.897571802139282,0.897571802139282,-0.942959666252136,-0.177722901105881,0.565096318721771,0.661688506603241,-2.57130265235901,81,2024,0.66914994,"17 R",574142,2829154,"TPBB220",2024,41.75,41.75,40.75,40.75,0,0,1
"328","TPBB220_5",82,0.0432636588811874,0.0676512643694878,0.0165263321250677,0.00319174723699689,-0.862588763237,-0.909892380237579,0.909892380237579,-1.01439273357391,-0.215275958180428,0.49927830696106,0.635822176933289,-2.56958270072937,82,2024,0.69021493,"17 R",574145,2829147,"TPBB220",2024,26.5,26.5,23.75,23.75,0,0,2.75
"329","TPBB221_1",83,0.0559541396796703,0.0796206444501877,0.0185304898768663,0.00229125726036727,-0.921324014663696,-0.944055557250977,0.944055557250977,-1.16987538337708,-0.134982749819756,0.654954552650452,0.70584911108017,-2.55882930755615,83,2024,0.6939588,"17 R",574512,2827040,"TPBB221",2024,6.15,6.15,1.25,1.25,0,0,4.9
"330","TPBB221_2",84,0.0595719367265701,0.0819715335965157,0.0175747256726027,0.00252611609175801,-0.918641030788422,-0.940208613872528,0.940208613872528,-1.12298357486725,-0.103933244943619,0.764585316181183,0.777918517589569,-2.54449677467346,84,2024,0.6963574,"17 R",574531,2827057,"TPBB221",2024,4.3,4.3,1,1,0,0,3.3
"331","TPBB221_3",85,0.0597103908658028,0.0817133262753487,0.0181761756539345,0.00322864786721766,-0.897403955459595,-0.923979938030243,0.923979938030243,-1.04748785495758,-0.0981853604316711,0.737054944038391,0.747458457946777,-2.54596614837646,85,2024,0.82117534,"17 R",574541,2827036,"TPBB221",2024,12.35,12.35,8.25,8.25,0,0,4.1
"332","TPBB221_4",86,0.0586372427642345,0.0783185586333275,0.0170970559120178,0.00334426830522716,-0.892088174819946,-0.918095707893372,0.918095707893372,-1.00919008255005,-0.0702373832464218,0.773216128349304,0.754691004753113,-2.54974985122681,86,2024,0.6512754,"17 R",574530,2827034,"TPBB221",2024,13.3,13.3,2,2,0,0,11.3
"333","TPBB221_5",87,0.0598394572734833,0.0830149948596954,0.0180538669228554,0.00229284935630858,-0.926194608211517,-0.946245312690735,0.946245312690735,-1.16193330287933,-0.113190315663815,0.745203852653503,0.768741369247437,-2.55701351165771,87,2024,0.67932534,"17 R",574529,2827028,"TPBB221",2024,10.55,10.55,4.75,4.75,0,0,5.8
"334","TPBB222_1",88,0.028478592634201,0.0456574857234955,0.013978105969727,0.00323397270403802,-0.796044707298279,-0.867708086967468,0.867708086967468,-0.936330854892731,-0.206401497125626,0.229679360985756,0.378511101007462,-2.08018159866333,88,2024,0.60073394,"17 R",572779,2828494,"TPBB222",2024,94,94,36.75,36.75,0,0,57.25
"335","TPBB222_2",89,0.0234669707715511,0.0356190800666809,0.0130237862467766,0.00312232808209956,-0.765143990516663,-0.838811814785004,0.838811814785004,-0.919861376285553,-0.130308076739311,0.0988539457321167,0.187606453895569,-2.08059477806091,89,2024,0.67566663,"17 R",572799,2828499,"TPBB222",2024,100,100,97.25,97.25,0,0,2.75
"336","TPBB222_3",90,0.0248323548585176,0.037608664482832,0.0118260318413377,0.00289145205169916,-0.791410148143768,-0.857212662696838,0.857212662696838,-0.910608768463135,-0.132784888148308,0.240992695093155,0.320243328809738,-2.07863664627075,90,2024,0.6822704,"17 R",572805,2828482,"TPBB222",2024,30,30,9.75,9.25,0.25,0.25,20.25
"337","TPBB222_4",91,0.0238758232444525,0.0357523150742054,0.012423456646502,0.0024204112123698,-0.815911948680878,-0.873186349868774,0.873186349868774,-1.01082599163055,-0.117090500891209,0.157991006970406,0.229633137583733,-2.07598614692688,91,2024,0.5971532,"17 R",572791,2828487,"TPBB222",2024,100,100,97.5,97.5,0,0,2.5
"338","TPBB222_5",92,0.0248220656067133,0.0370722040534019,0.0114586409181356,0.00241823098622262,-0.822451949119568,-0.877528250217438,0.877528250217438,-0.977209806442261,-0.117595992982388,0.26857528090477,0.331484884023666,-2.07924842834473,92,2024,0.59107846,"17 R",572786,2828473,"TPBB222",2024,100,100,94.75,94.75,0,0,5.25
"339","TPBB227_1",93,0.0547588281333447,0.0682535320520401,0.0136054651811719,0.00204233848489821,-0.928088128566742,-0.941893100738525,0.941893100738525,-1.10844242572784,0.0107237929478288,0.907436192035675,0.802498638629913,-2.90930199623108,93,2024,0.689194,"17 R",573911,2823217,"TPBB227",2024,37.25,36.75,1.5,1,0,0.5,35.25
"340","TPBB227_2",94,0.0510067008435726,0.0653744786977768,0.0144453663378954,0.00402820389717817,-0.853612780570984,-0.883917927742004,0.883917927742004,-0.845843195915222,-0.0134518658742309,0.783313572406769,0.710793852806091,-2.89981913566589,94,2024,0.71158206,"17 R",573929,2823214,"TPBB227",2024,88.75,88.75,86.25,86.25,0,0,2.5
"341","TPBB227_3",95,0.0578436963260174,0.0712653622031212,0.0148056661710143,0.00367848481982946,-0.880417585372925,-0.901833593845367,0.901833593845367,-0.902977466583252,0.0186325330287218,0.887245416641235,0.777081251144409,-2.89191389083862,95,2024,0.67702395,"17 R",573930,2823229,"TPBB227",2024,30.25,30.25,22.75,22.75,0,0,7.5
"342","TPBB227_4",96,0.0499385073781013,0.0655086562037468,0.0148074217140675,0.00262872199527919,-0.899986267089844,-0.922840535640717,0.922840535640717,-1.04771161079407,-0.0368432626128197,0.740188181400299,0.692756950855255,-2.89305901527405,96,2024,0.6625832,"17 R",573941,2823210,"TPBB227",2024,48,48,43.5,43.5,0,0,4.5
"343","TPBB227_5",97,0.0530191175639629,0.063933901488781,0.0145654724910855,0.00426191138103604,-0.851192891597748,-0.875009596347809,0.875009596347809,-0.820896923542023,0.0494433380663395,0.814663529396057,0.681792795658112,-2.90876817703247,97,2024,0.6549171,"17 R",573926,2823201,"TPBB227",2024,43.5,43.5,4.5,4.25,0,0.25,39
"344","TPBB243_1",98,0.0264163687825203,0.0463333651423454,0.0180743020027876,0.00242901686578989,-0.831583678722382,-0.900373339653015,0.900373339653015,-1.1445916891098,-0.297529608011246,-0.0734811127185822,0.184664472937584,-1.77332615852356,98,2024,0.5418695,"17 R",570059,2824959,"TPBB243",2024,16.5,16.5,11.35,11.35,0,0,5.15
"345","TPBB243_2",99,0.024767929688096,0.0436715669929981,0.0164994522929192,0.00371783506125212,-0.738968908786774,-0.843094229698181,0.843094229698181,-0.948318421840668,-0.297707319259644,-0.0570409409701824,0.199474260210991,-1.75440585613251,99,2024,0.5463991,"17 R",570048,2824962,"TPBB243",2024,64.25,64.25,62.5,62.5,0,0,1.75
"346","TPBB243_3",100,0.0268137324601412,0.0451301708817482,0.0171010047197342,0.00418645050376654,-0.729907989501953,-0.83022153377533,0.83022153377533,-0.91001158952713,-0.254023760557175,-0.00944461952894926,0.203270018100739,-1.75395464897156,100,2024,0.5656946,"17 R",570033,2824955,"TPBB243",2024,77.75,77.75,74.25,74.25,0,0,3.5
"347","TPBB243_4",101,0.0268137324601412,0.0451301708817482,0.0171010047197342,0.00418645050376654,-0.729907989501953,-0.83022153377533,0.83022153377533,-0.91001158952713,-0.254023760557175,-0.00944461952894926,0.203270018100739,-1.75395464897156,101,2024,0.580423,"17 R",570034,2824956,"TPBB243",2024,72,72,65.75,65.75,0,0,6.25
"348","TPBB243_5",102,0.0277784783393145,0.0434096083045006,0.0173479877412319,0.00278010778129101,-0.818047344684601,-0.879622220993042,0.879622220993042,-1.08563768863678,-0.176461234688759,0.0131819425150752,0.152764216065407,-1.77398860454559,102,2024,0.5386634,"17 R",570042,2824942,"TPBB243",2024,85.75,85.75,76.5,76.5,0,0,9.25
"349","TPBB244_1",103,0.070078581571579,0.0872627273201942,0.0205641146749258,0.00374121079221368,-0.898639380931854,-0.917779147624969,0.917779147624969,-1.03822326660156,-0.00943482667207718,0.787662327289581,0.713002920150757,-2.61719703674316,103,2024,0.6824581,"17 R",572305,2821225,"TPBB244",2024,10.45,10.45,0.2,0.2,0,0,10.25
"350","TPBB244_2",104,0.0691483616828918,0.0887020900845528,0.0200888141989708,0.00245821964927018,-0.931340932846069,-0.946068227291107,0.946068227291107,-1.17292106151581,-0.0405655428767204,0.795044541358948,0.748338222503662,-2.63307952880859,104,2024,0.6124219,"17 R",572321,2821233,"TPBB244",2024,6.5,6.5,3.75,3.5,0,0.25,2.75
"351","TPBB244_3",105,0.0639313086867332,0.0787716582417488,0.0186506174504757,0.00292656081728637,-0.91245424747467,-0.928356826305389,0.928356826305389,-1.09310328960419,0.00993669778108597,0.782498896121979,0.689885556697845,-2.64064979553223,105,2024,0.6920102,"17 R",572320,2821206,"TPBB244",2024,7.25,7.25,5.5,5.25,0,0.25,1.75
"352","TPBB244_4",106,0.069416306912899,0.0903989374637604,0.0197293609380722,0.00339390803128481,-0.906773865222931,-0.927629709243774,0.927629709243774,-1.05967628955841,-0.0572778061032295,0.814929306507111,0.781938135623932,-2.63433265686035,106,2024,0.6490218,"17 R",572323,2821230,"TPBB244",2024,3.5,3.5,1.25,0.25,0,1,2.25
"353","TPBB244_5",107,0.0658077150583267,0.0871375948190689,0.0173329785466194,0.00281099206767976,-0.918069243431091,-0.937497794628143,0.937497794628143,-1.08136475086212,-0.0707564577460289,0.876425325870514,0.850274205207825,-2.64158821105957,107,2024,0.6486478,"17 R",572333,2821229,"TPBB244",2024,2.75,2.75,2.25,0.75,0,1.5,0.5
"354","TPBB247_1",108,0.0313828028738499,0.0537915527820587,0.0241269059479237,0.004441122058779,-0.752058327198029,-0.847469747066498,0.847469747066498,-1.03362667560577,-0.287351429462433,-0.157440662384033,0.0995426252484322,-1.1792665719986,108,2024,0.6525364,"17 R",571193,2828542,"TPBB247",2024,91.25,91.25,79.75,79.75,0,0,11.5
"355","TPBB247_2",109,0.0343922190368176,0.0575069412589073,0.0267854332923889,0.00432896288111806,-0.776403367519379,-0.85998547077179,0.85998547077179,-1.08260834217072,-0.268317848443985,-0.158602654933929,0.0815106704831123,-1.19515252113342,109,2024,0.6330473,"17 R",571210,2828555,"TPBB247",2024,55.75,55.75,44.5,44.5,0,0,11.25
"356","TPBB247_3",110,0.0324921309947968,0.0568497255444527,0.0254641771316528,0.00386252463795245,-0.78750866651535,-0.872759640216827,0.872759640216827,-1.10487973690033,-0.312666863203049,-0.170559048652649,0.111063987016678,-1.19343626499176,110,2024,0.6550687,"17 R",571222,2828537,"TPBB247",2024,97.75,97.75,81.75,81.75,0,0,16
"357","TPBB247_4",111,0.0293436739593744,0.0516754351556301,0.0240104179829359,0.00362170883454382,-0.780272006988525,-0.86900919675827,0.86900919675827,-1.10679364204407,-0.31094691157341,-0.22033017873764,0.0633359849452972,-1.18323802947998,111,2024,0.61652666,"17 R",571206,2828538,"TPBB247",2024,85.5,85.5,73.25,73.25,0,0,12.25
"358","TPBB247_5",112,0.0302994418889284,0.0556509867310524,0.023890333250165,0.00350456172600389,-0.792654037475586,-0.881513655185699,0.881513655185699,-1.11621737480164,-0.359389990568161,-0.183829873800278,0.141521796584129,-1.18097841739655,112,2024,0.60938054,"17 R",571205,2828525,"TPBB247",2024,52.75,52.75,30.25,30.25,0,0,22.5
"359","TPBB51_1",113,0.0536615177989006,0.0600522607564926,0.0184327028691769,0.00575084472075105,-0.806409180164337,-0.825210511684418,0.825210511684418,-0.786600351333618,0.129511430859566,0.617812097072601,0.428084343671799,-3.1692521572113,113,2024,0.5752833,"17 R",583324,2849465,"TPBB51",2024,13.75,13.75,0,0,0,0,13.75
"360","TPBB51_2",114,0.0540587827563286,0.0613427832722664,0.0190241280943155,0.00632843188941479,-0.790404915809631,-0.812965333461761,0.812965333461761,-0.751148760318756,0.113795280456543,0.597170948982239,0.423719763755798,-3.35195994377136,114,2024,0.5433489,"17 R",583336,2849477,"TPBB51",2024,18.75,18.75,0,0,0,0,18.75
"361","TPBB51_3",115,0.0541990324854851,0.063409686088562,0.019147602841258,0.00575617933645844,-0.807983994483948,-0.833554327487946,0.833554327487946,-0.806589722633362,0.0803954675793648,0.594022750854492,0.451609253883362,-3.17708253860474,115,2024,0.5963957,"17 R",583355,2849468,"TPBB51",2024,69.5,69.5,0.75,0.75,0,0,68.75
"362","TPBB52_1",116,0.113131709396839,0.137773647904396,0.0334012545645237,0.00404460355639458,-0.930965483188629,-0.942960739135742,0.942960739135742,-1.17596387863159,-0.026487922295928,0.836298644542694,0.77610182762146,-2.28376841545105,116,2024,0.5455327,"17 R",578196,2812187,"TPBB52",2024,18.5,18.5,1,0.75,0,0.25,17.5
"363","TPBB52_2",117,0.118788003921509,0.149481311440468,0.0353140160441399,0.00334543897770345,-0.945216655731201,-0.95621919631958,0.95621919631958,-1.24039161205292,-0.066277988255024,0.835685193538666,0.812474370002747,-2.27800822257996,117,2024,0.5563744,"17 R",578213,2812197,"TPBB52",2024,11.25,11.25,1.25,1.25,0,0,10
"364","TPBB52_3",118,0.106543645262718,0.134422063827515,0.0328034088015556,0.00404436141252518,-0.926857113838196,-0.941583514213562,0.941583514213562,-1.17072403430939,-0.0597390905022621,0.792323172092438,0.766129851341248,-2.28872323036194,118,2024,0.5581091,"17 R",578181,2812203,"TPBB52",2024,31.25,31.25,0,0,0,0,31.25
"365","TPBB52_4",119,0.106940738856792,0.133391365408897,0.0319681465625763,0.00427863374352455,-0.923059582710266,-0.937842190265656,0.937842190265656,-1.14587473869324,-0.0476594194769859,0.81892454624176,0.779361963272095,-2.29166483879089,119,2024,0.5618529,"17 R",578198,2812218,"TPBB52",2024,16.25,16.25,0,0,0,0,16.25
"366","TPBB52_5",120,0.112078465521336,0.138674914836884,0.0330431908369064,0.00427845772355795,-0.926459789276123,-0.940141916275024,0.940141916275024,-1.15608775615692,-0.0429228693246841,0.836506605148315,0.791367888450623,-2.28849291801453,120,2024,0.60622346,"17 R",578197,2812202,"TPBB52",2024,13.5,13.5,2.25,2.25,0,0,11.25
"367","TPBB55_1",121,0.0803094953298569,0.104668401181698,0.0234392359852791,0.00356703530997038,-0.914945542812347,-0.934087455272675,0.934087455272675,-1.10375475883484,-0.0706890001893044,0.807839691638947,0.788687527179718,-2.60905075073242,121,2023,0.7407135,"17 R",573107,2814052,"TPBB55",2024,4.6,4.6,2.5,2.5,0,0,2.1
"368","TPBB55_2",122,0.0884239673614502,0.112462520599365,0.0241571366786957,0.00391704030334949,-0.915161430835724,-0.932685077190399,0.932685077190399,-1.08142602443695,-0.0524371936917305,0.877331495285034,0.836030125617981,-2.61421775817871,122,2023,1.1973879,"17 R",573108,2814082,"TPBB55",2024,9.65,9.65,3,3,0,0,6.65
"369","TPBB55_3",123,0.0868331715464592,0.109218589961529,0.0243987701833248,0.00356758083216846,-0.921071887016296,-0.936737239360809,0.936737239360809,-1.1172993183136,-0.038804117590189,0.850347638130188,0.798685133457184,-2.60081267356873,123,2023,0.77677417,"17 R",573123,2814069,"TPBB55",2024,3.45,3.45,0.3,0.3,0,0,3.15
"370","TPBB55_4",124,0.088823139667511,0.111554116010666,0.0243971198797226,0.00298192468471825,-0.935037910938263,-0.94793039560318,0.94793039560318,-1.17326200008392,-0.0391249395906925,0.873066127300262,0.819898545742035,-2.61330413818359,124,2023,0.792836,"17 R",573105,2814074,"TPBB55",2024,18.1,18.1,14.65,14.65,0,0,3.45
"371","TPBB55_5",125,0.0885558575391769,0.111942745745182,0.0241568349301815,0.00251381145790219,-0.94479364156723,-0.956073939800262,0.956073939800262,-1.2172384262085,-0.0459156185388565,0.878832995891571,0.831407785415649,-2.61804437637329,125,2023,1.4579016,"17 R",573093,2814077,"TPBB55",2024,4.3,4.3,1.5,1.5,0,0,2.8
"372","TPBB56_1",126,0.0495901294052601,0.0703753456473351,0.0257045533508062,0.00328636728227139,-0.8756964802742,-0.910771369934082,0.910771369934082,-1.15992450714111,-0.121671251952648,0.243899777531624,0.316871613264084,-2.00247192382812,126,2024,0.80685794,"17 R",569141,2811895,"TPBB56",2024,62.05,62.05,3.25,3.25,0,0,58.8
"373","TPBB56_2",127,0.0454086996614933,0.0687985196709633,0.0254637766629457,0.00433922512456775,-0.825551509857178,-0.88134104013443,0.88134104013443,-1.06320929527283,-0.185148537158966,0.164160668849945,0.301847577095032,-1.94785928726196,127,2024,0.61494356,"17 R",569119,2811867,"TPBB56",2024,71.55,71.55,2.25,1.25,0,1,69.3
"374","TPBB56_3",128,0.0418959744274616,0.0617009997367859,0.0217419061809778,0.00433709006756544,-0.812381446361542,-0.868648827075958,0.868648827075958,-1.00108242034912,-0.147410660982132,0.223827004432678,0.321186810731888,-1.98736369609833,128,2024,0.62750477,"17 R",569117,2811895,"TPBB56",2024,89.7,89.7,3.25,2.75,0,0.5,86.45
"375","TPBB56_4",129,0.0483765937387943,0.0722116455435753,0.0252245012670755,0.00410546408966184,-0.843547880649567,-0.892410397529602,0.892410397529602,-1.08007478713989,-0.174421906471252,0.23584857583046,0.357927680015564,-1.98693954944611,129,2024,0.62232995,"17 R",569130,2811883,"TPBB56",2024,53.8,53.8,2,1.5,0,0.5,51.8
"376","TPBB56_5",130,0.04824548214674,0.0710330680012703,0.0245068967342377,0.00399000896140933,-0.847229957580566,-0.893632471561432,0.893632471561432,-1.07995343208313,-0.159263908863068,0.258738338947296,0.36489126086235,-1.97724413871765,130,2024,0.6041883,"17 R",569142,2811873,"TPBB56",2024,54.25,54.25,1.75,1.5,0,0.25,52.5
"377","TPBB58_1",131,0.0658264458179474,0.0951111614704132,0.0318311266601086,0.00280348444357514,-0.918301403522491,-0.942736148834229,0.942736148834229,-1.25716626644135,-0.165564492344856,0.337481915950775,0.444606333971024,-1.95890951156616,131,2024,0.7845982,"17 R",570251,2811820,"TPBB58",2024,21.7,21.7,9.25,9.25,0,0,12.45
"378","TPBB58_2",132,0.0596684329211712,0.0853267014026642,0.0284816138446331,0.00374151510186493,-0.881989657878876,-0.915985405445099,0.915985405445099,-1.15166187286377,-0.145882219076157,0.337899804115295,0.426269054412842,-1.98959791660309,132,2024,0.8824448,"17 R",570274,2811806,"TPBB58",2024,22,22,3.75,3.75,0,0,18.25
"379","TPBB58_3",133,0.0612720213830471,0.0851929783821106,0.029676578938961,0.00467513687908649,-0.858215689659119,-0.895955622196198,0.895955622196198,-1.09171152114868,-0.117658630013466,0.327959448099136,0.391350597143173,-1.98270511627197,133,2024,0.63412994,"17 R",570247,2811791,"TPBB58",2024,84.5,84.5,0,0,0,0,84.5
"380","TPBB58_4",134,0.0620772317051888,0.0898944512009621,0.0306347794830799,0.00280420552007854,-0.913559079170227,-0.939498484134674,0.939498484134674,-1.24841892719269,-0.162942454218864,0.312824368476868,0.419281750917435,-1.97846496105194,134,2024,0.6762868,"17 R",570257,2811806,"TPBB58",2024,15.35,15.35,3,2.75,0,0.25,12.35
"381","TPBB58_5",135,0.0604720041155815,0.0876770839095116,0.0305170398205519,0.00350748165510595,-0.890356063842773,-0.923068523406982,0.923068523406982,-1.19073939323425,-0.162016302347183,0.29004168510437,0.397430777549744,-1.98992002010345,135,2024,0.70181847,"17 R",570265,2811793,"TPBB58",2024,23.2,23.2,1,1,0,0,22.2
"382","TPBB59_1",136,0.0372588373720646,0.0582121089100838,0.0264939181506634,0.00428458908572793,-0.793729603290558,-0.862885892391205,0.862885892391205,-1.08237850666046,-0.201495572924614,-0.0688359662890434,0.102578088641167,-1.61482763290405,136,2024,0.65064627,"17 R",568617,2810384,"TPBB59",2024,71.8,71.8,6,5.5,0,0.5,65.8
"383","TPBB59_2",137,0.0361839309334755,0.0562429614365101,0.0252981651574373,0.00323380250483751,-0.835921466350555,-0.891258299350739,0.891258299350739,-1.15998113155365,-0.193395793437958,-0.0571393445134163,0.10564099997282,-1.64361095428467,137,2024,0.6794576,"17 R",568644,2810400,"TPBB59",2024,60.25,60.25,8.5,8.5,0,0,51.75
"384","TPBB59_3",138,0.0353627726435661,0.0554471760988235,0.0242140404880047,0.00486723054200411,-0.758029818534851,-0.838604688644409,0.838604688644409,-0.997900485992432,-0.200874865055084,-0.041239183396101,0.126931697130203,-1.6410551071167,138,2024,0.61818343,"17 R",568618,2810411,"TPBB59",2024,50.45,50.45,5.75,5.75,0,0,44.7
"385","TPBB59_5",139,0.0372651591897011,0.059793546795845,0.0262574814260006,0.00417006341740489,-0.798718929290771,-0.869611382484436,0.869611382484436,-1.08885312080383,-0.230436891317368,-0.0607138462364674,0.13665646314621,-1.6184333562851,139,2024,0.67230207,"17 R",568631,2810380,"TPBB59",2024,53.4,53.4,8.25,8.25,0,0,45.15
"386","TPBB62_1",140,0.106232948601246,0.134535849094391,0.0407541766762733,0.00470000598579645,-0.915264010429382,-0.932488560676575,0.932488560676575,-1.18979716300964,-0.0635784268379211,0.596872389316559,0.59087061882019,-1.73885011672974,140,2024,0.6340464,"17 R",577796,2810965,"TPBB62",2024,16.75,16.75,0,0,0,0,16.75
"387","TPBB62_2",141,0.106894202530384,0.139692559838295,0.0418293885886669,0.00458398042246699,-0.917760014533997,-0.936455607414246,0.936455607414246,-1.20370733737946,-0.0982232391834259,0.5799760222435,0.607353150844574,-1.72880685329437,141,2024,0.64780366,"17 R",577809,2810980,"TPBB62",2024,15.85,15.85,1.25,1.25,0,0,14.6
"388","TPBB62_3",142,0.0973783284425735,0.12304075807333,0.0374101810157299,0.00329797202721238,-0.934483647346497,-0.947791576385498,0.947791576385498,-1.25695490837097,-0.053608100861311,0.585793852806091,0.571028113365173,-1.7362117767334,142,2024,0.6443728,"17 R",577780,2810977,"TPBB62",2024,13.8,13.8,0.75,0.5,0,0.25,13.05
"389","TPBB62_4",143,0.119400218129158,0.153068587183952,0.047197412699461,0.00458373920992017,-0.926059126853943,-0.941850006580353,0.941850006580353,-1.23443579673767,-0.0868928581476212,0.583505392074585,0.600821018218994,-1.72735011577606,143,2024,0.6761282,"17 R",577793,2810997,"TPBB62",2024,48.1,48.1,0,0,0,0,48.1
"390","TPBB62_5",144,0.104912869632244,0.134148612618446,0.0415899828076363,0.00353236217051744,-0.934854447841644,-0.948687732219696,0.948687732219696,-1.26514768600464,-0.0729520320892334,0.566358625888824,0.571514964103699,-1.73146843910217,144,2024,0.64143246,"17 R",577794,2810981,"TPBB62",2024,63.15,63.15,1.75,1.75,0,0,61.4
"391","TPBB63_1",145,0.066357210278511,0.0790647566318512,0.0198460631072521,0.0051130373030901,-0.856918454170227,-0.878518164157867,0.878518164157867,-0.885430097579956,0.0431463606655598,0.764627873897552,0.643187165260315,-2.90813803672791,145,2024,0.6147977,"17 R",575531,2809992,"TPBB63",2024,43,43,35.5,35.5,0,0,7.5
"392","TPBB63_2",146,0.0728950425982475,0.0879381448030472,0.0218806192278862,0.00464488193392754,-0.880193769931793,-0.899660170078278,0.899660170078278,-0.974669814109802,0.0215948577970266,0.772015988826752,0.670359790325165,-2.89117097854614,146,2024,0.6453082,"17 R",575529,2810021,"TPBB63",2024,44.5,44.5,35.75,35.75,0,0,8.75
"393","TPBB63_3",147,0.0714269801974297,0.0885895937681198,0.0215213317424059,0.00429450953379273,-0.886570930480957,-0.907529711723328,0.907529711723328,-1.00094485282898,-0.00676597701385617,0.766358971595764,0.691175401210785,-2.92359709739685,147,2024,0.6264216,"17 R",575517,2810012,"TPBB63",2024,32.75,32.75,24.25,24.25,0,0,8.5
"394","TPBB63_4",148,0.0656884014606476,0.0790643766522408,0.0200852695852518,0.00487917196005583,-0.861716330051422,-0.883751094341278,0.883751094341278,-0.913665413856506,0.0330215282738209,0.743869066238403,0.633460342884064,-2.89708518981934,148,2024,0.66898495,"17 R",575531,2810008,"TPBB63",2024,27.25,26.5,18.75,18.75,0,0,7.75
"395","TPBB63_5",149,0.065155141055584,0.0782812088727951,0.0209240633994341,0.00429526902735233,-0.876306891441345,-0.895968675613403,0.895968675613403,-0.989050447940826,0.03568185120821,0.699422597885132,0.590306580066681,-2.8796923160553,149,2024,0.65654,"17 R",575546,2810006,"TPBB63",2024,61,60.5,51.25,51.25,0,0,9.25
"396","TPBB65_1",150,0.0604282096028328,0.0854914486408234,0.021732997149229,0.00324176345020533,-0.898169815540314,-0.926932334899902,0.926932334899902,-1.11059522628784,-0.135324209928513,0.590456902980804,0.647635638713837,-2.61726927757263,150,2024,0.59319395,"17 R",573762,2808876,"TPBB65",2024,18.95,18.95,14.25,14.25,0,0,4.7
"397","TPBB65_2",151,0.0614965669810772,0.0847076997160912,0.0193374902009964,0.00359174609184265,-0.889634668827057,-0.918646216392517,0.918646216392517,-1.03006553649902,-0.107796497642994,0.711586654186249,0.733191609382629,-2.61600303649902,151,2024,0.6152426,"17 R",573754,2808882,"TPBB65",2024,20.55,20.55,19,19,0,0,1.55
"398","TPBB65_3",152,0.0614965669810772,0.0847076997160912,0.0193374902009964,0.00359174609184265,-0.889634668827057,-0.918646216392517,0.918646216392517,-1.03006553649902,-0.107796497642994,0.711586654186249,0.733191609382629,-2.61600303649902,152,2024,0.6152426,"17 R",573754,2808882,"TPBB65",2024,10.3,10.3,4.5,4.5,0,0,5.8
"399","TPBB65_4",153,0.0581488162279129,0.0831412523984909,0.019936203956604,0.0038254982791841,-0.876545667648315,-0.912023901939392,0.912023901939392,-1.01701712608337,-0.143500581383705,0.628560721874237,0.689783692359924,-2.60388040542603,153,2024,0.63931346,"17 R",573739,2808869,"TPBB65",2024,17.4,17.4,12.25,12.25,0,0,5.15
"400","TPBB65_5",154,0.0593547262251377,0.0874457880854607,0.0207740981131792,0.00405868561938405,-0.871992826461792,-0.911289870738983,0.911289870738983,-1.00967812538147,-0.177796229720116,0.612564206123352,0.70685476064682,-2.61697125434875,154,2024,0.6027886,"17 R",573754,2808893,"TPBB65",2024,16.8,16.55,12.75,12.75,0,0,3.8
"401","TPBB66_1",155,0.065357506275177,0.0862087085843086,0.0444723516702652,0.00442522298544645,-0.873171389102936,-0.902349531650543,0.902349531650543,-1.22850048542023,-0.0659817680716515,0.0336555577814579,0.0749640986323357,-1.06574034690857,155,2024,0.6742776,"17 R",573959,2806280,"TPBB66",2024,83.95,81.95,3,3,0,0,78.95
"402","TPBB66_2",156,0.0609448440372944,0.0860781073570251,0.0428020507097244,0.00500925304368138,-0.848098814487457,-0.890012145042419,0.890012145042419,-1.1856861114502,-0.134238243103027,-0.00228663091547787,0.104511611163616,-1.03740167617798,156,2024,0.6354472,"17 R",573953,2806293,"TPBB66",2024,53,51.25,10,10,0,0,41.25
"403","TPBB66_3",157,0.0634840652346611,0.0837292447686195,0.0413693971931934,0.00430821627378464,-0.872899532318115,-0.902127683162689,0.902127683162689,-1.21704626083374,-0.063370943069458,0.0687350630760193,0.104470267891884,-1.02958917617798,157,2024,0.6333601,"17 R",573949,2806308,"TPBB66",2024,67,64.9,16.5,16.5,0,0,48.4
"404","TPBB66_4",158,0.0628189891576767,0.0845139250159264,0.041967336088419,0.00477612484246492,-0.858684301376343,-0.89301997423172,0.89301997423172,-1.19346785545349,-0.0840331763029099,0.0454730316996574,0.102153815329075,-1.0278924703598,158,2024,0.6357374,"17 R",573964,2806302,"TPBB66",2024,74.7,72.7,53.75,53.75,0,0,18.95
"405","TPBB66_5",159,0.063885323703289,0.084772951900959,0.0432787202298641,0.0044249496422708,-0.870445549488068,-0.900783538818359,0.900783538818359,-1.22172272205353,-0.0705244839191437,0.0350087508559227,0.0802461951971054,-1.04936933517456,159,2024,0.6334382,"17 R",573948,2806291,"TPBB66",2024,53.05,52.25,20.75,20.75,0,0,31.5
"406","TPBB67_1",160,0.110784150660038,0.138092562556267,0.0337689928710461,0.00333353504538536,-0.941577255725861,-0.95285826921463,0.95285826921463,-1.23046028614044,-0.0499679744243622,0.805615961551666,0.769528925418854,-2.11864972114563,160,2024,0.6902395,"17 R",579394,2814638,"TPBB67",2024,26.4,26.4,1.15,1.15,0,0,25.25
"407","TPBB67_2",161,0.106836728751659,0.136162146925926,0.0349630229175091,0.00415108352899551,-0.92519748210907,-0.940831184387207,0.940831184387207,-1.18161737918854,-0.070960707962513,0.738507986068726,0.727254927158356,-2.13605761528015,161,2024,0.6696855,"17 R",579392,2814657,"TPBB67",2024,24.85,24.85,9.75,9.75,0,0,15.1
"408","TPBB67_3",162,0.109862454235554,0.139892354607582,0.0354401730000973,0.00461783166974783,-0.919325292110443,-0.936089873313904,0.936089873313904,-1.15416407585144,-0.0723858699202538,0.75441038608551,0.743282556533813,-2.15802574157715,162,2024,0.682467,"17 R",579380,2814654,"TPBB67",2024,5.4,5.4,2.5,2.5,0,0,2.9
"409","TPBB67_4",163,0.113806381821632,0.142591923475266,0.0367528572678566,0.00438525062054396,-0.925794243812561,-0.94032746553421,0.94032746553421,-1.18020522594452,-0.0578748844563961,0.757414877414703,0.732883810997009,-2.16222548484802,163,2024,0.6315081,"17 R",579381,2814661,"TPBB67",2024,21,21,4,3.8,0,0.2,17
"410","TPBB67_5",164,0.109338499605656,0.136420279741287,0.0343665331602097,0.00403425376862288,-0.928832054138184,-0.942554295063019,0.942554295063019,-1.1848304271698,-0.0498708710074425,0.77692037820816,0.743112146854401,-2.11589312553406,164,2024,0.7280497,"17 R",579409,2814657,"TPBB67",2024,15.75,15.75,4.5,4.5,0,0,11.25
"411","TPBB68_1",165,0.0899295434355736,0.108252100646496,0.0204792562872171,0.00346522405743599,-0.925794064998627,-0.93796443939209,0.93796443939209,-1.065842628479,0.00588709395378828,1.04074001312256,0.931897699832916,-3.0321581363678,165,2024,0.64348614,"17 R",577794,2813772,"TPBB68",2024,11.55,11.55,10.65,10.65,0,0,0.9
"412","TPBB68_2",166,0.0939020812511444,0.111880846321583,0.0202401038259268,0.00299843889661133,-0.938113033771515,-0.947798430919647,0.947798430919647,-1.11291396617889,0.0133041255176067,1.09438669681549,0.97440105676651,-3.03206896781921,166,2024,0.63357204,"17 R",577792,2813789,"TPBB68",2024,10.1,10.1,9.8,9.8,0,0,0.3
"413","TPBB68_3",167,0.0939020812511444,0.111880846321583,0.0202401038259268,0.00299843889661133,-0.938113033771515,-0.947798430919647,0.947798430919647,-1.11291396617889,0.0133041255176067,1.09438669681549,0.97440105676651,-3.03206896781921,167,2024,0.63357204,"17 R",577792,2813789,"TPBB68",2024,1.95,1.95,1.45,1.35,0,0.1,0.5
"414","TPBB68_4",168,0.0936390683054924,0.114601373672485,0.0201215445995331,0.00416657933965325,-0.91479879617691,-0.929836630821228,0.929836630821228,-0.985355973243713,-0.0155935697257519,1.09679365158081,1.00319349765778,-3.01779723167419,168,2024,0.6702382,"17 R",577806,2813795,"TPBB68",2024,2.7,2.7,1.7,1.6,0.1,0,1
"415","TPBB68_5",169,0.0875397920608521,0.107082940638065,0.0199989061802626,0.00346420682035387,-0.923866927623749,-0.937326192855835,0.937326192855835,-1.05706560611725,-0.00925240200012922,1.03486287593842,0.94029825925827,-3.08636689186096,169,2024,0.65906477,"17 R",577776,2813784,"TPBB68",2024,41.25,41.25,30.75,30.75,0,0,10.5
"416","TPBB70_1",170,0.0929296463727951,0.116555608808994,0.0209149494767189,0.00255886418744922,-0.946404755115509,-0.957035183906555,0.957035183906555,-1.17297208309174,-0.041562307626009,1.05488061904907,0.988721013069153,-2.75446057319641,170,2023,0.89465517,"17 R",575403,2815750,"TPBB70",2024,3.1,3.1,2,2,0,0,1.1
"417","TPBB70_2",171,0.0961088538169861,0.114743664860725,0.020436255261302,0.00209159031510353,-0.957401633262634,-0.964195907115936,0.964195907115936,-1.22146594524384,0.00909255165606737,1.10905957221985,0.99184113740921,-2.71400332450867,171,2023,0.80995256,"17 R",575413,2815721,"TPBB70",2024,3.45,3.45,2.5,2.5,0,0,0.95
"418","TPBB70_3",172,0.0953165888786316,0.115910194814205,0.0210361145436764,0.0023261324968189,-0.952354192733765,-0.960652828216553,0.960652828216553,-1.20129597187042,-0.0101705379784107,1.07511723041534,0.978480875492096,-2.71919775009155,172,2023,0.655432,"17 R",575421,2815738,"TPBB70",2024,4.85,3.85,2.85,2.75,0,0.1,1
"419","TPBB70_4",173,0.0929296314716339,0.115390256047249,0.0205554310232401,0.00302566471509635,-0.93693596124649,-0.948897659778595,0.948897659778595,-1.11507332324982,-0.030649172142148,1.07026243209839,0.99274218082428,-2.74627590179443,173,2023,0.6678364,"17 R",575408,2815733,"TPBB70",2024,7.45,6.45,3.6,3.6,0,0,2.85
"420","TPBB70_5",174,0.0888189747929573,0.110076189041138,0.0187581405043602,0.00337506574578583,-0.926783442497253,-0.940501928329468,0.940501928329468,-1.04253363609314,-0.0246870554983616,1.10619020462036,1.01984035968781,-2.76121163368225,174,2023,0.653836,"17 R",575392,2815726,"TPBB70",2024,5.2,5.2,0.9,0.9,0,0,4.3
"421","TPBB74_1",175,0.0624373778700829,0.0838857144117355,0.01801772788167,0.00343442894518375,-0.895723879337311,-0.921337068080902,0.921337068080902,-1.01970863342285,-0.082023449242115,0.789480268955231,0.780801355838776,-2.30953240394592,175,2024,1.4818932,"17 R",570897,2817018,"TPBB74",2024,10.1,10.1,5.55,5.05,0,0.5,4.55
"422","TPBB74_2",176,0.062309343367815,0.0836271643638611,0.0194664020091295,0.00320320692844689,-0.902210891246796,-0.92621922492981,0.92621922492981,-1.0761011838913,-0.0807235911488533,0.718822360038757,0.714962005615234,-2.32096385955811,176,2024,0.90306437,"17 R",570916,2817004,"TPBB74",2024,16.6,16.1,5.15,5.15,0,0,10.95
"423","TPBB74_3",177,0.063523456454277,0.0825794413685799,0.0194691009819508,0.00484696915373206,-0.858214437961578,-0.889118909835815,0.889118909835815,-0.902004241943359,-0.0477331653237343,0.737997174263,0.702241837978363,-2.32530522346497,177,2024,0.77380705,"17 R",570926,2817027,"TPBB74",2024,9,9,3.1,3.1,0,0,5.9
"424","TPBB74_4",178,0.0631166100502014,0.0828399360179901,0.0193464420735836,0.00261721247807145,-0.920369386672974,-0.938747942447662,0.938747942447662,-1.14251685142517,-0.0575789622962475,0.737178683280945,0.710519790649414,-2.31882500648499,178,2024,0.8735974,"17 R",570910,2817024,"TPBB74",2024,14.15,13.4,0.8,0.8,0,0,12.6
"425","TPBB74_5",179,0.0617676116526127,0.0841499119997025,0.0193443018943071,0.00355382682755589,-0.891189575195312,-0.918958365917206,0.918958365917206,-1.03439509868622,-0.0962235555052757,0.715672016143799,0.726299166679382,-2.31474661827087,179,2024,0.8585089,"17 R",570909,2817031,"TPBB74",2024,28.65,28.4,23.5,23.5,0,0,4.9
"426","TPBB76_1",180,0.087582916021347,0.110260970890522,0.0182734578847885,0.00370881729759276,-0.918748021125793,-0.934915781021118,0.934915781021118,-0.993844389915466,-0.0405230075120926,1.11539936065674,1.04275989532471,-3.20128345489502,180,2023,0.9557495,"17 R",575886,2814185,"TPBB76",2024,11.5,11.5,8.25,8.25,0,0,3.25
"427","TPBB76_2",181,0.0873228758573532,0.108707085251808,0.0175576191395521,0.00371078471653163,-0.918474435806274,-0.933982312679291,0.933982312679291,-0.976577818393707,-0.0280820820480585,1.14787709712982,1.06099367141724,-3.20847344398499,181,2023,0.8605385,"17 R",575915,2814193,"TPBB76",2024,14,14,3.75,3.75,0,0,10.25
"428","TPBB76_3",182,0.0855929031968117,0.10987263917923,0.0186341553926468,0.00312568736262619,-0.929537057876587,-0.944677293300629,0.944677293300629,-1.06906569004059,-0.0596748292446136,1.07507538795471,1.02337074279785,-3.20516777038574,182,2023,0.94083494,"17 R",575899,2814210,"TPBB76",2024,7,7,1.25,1.25,0,0,5.75
"429","TPBB76_4",183,0.0841336399316788,0.105720721185207,0.018035726621747,0.00394363654777408,-0.910450518131256,-0.928078055381775,0.928078055381775,-0.961726486682892,-0.0350348725914955,1.08683693408966,1.01133680343628,-3.20353293418884,183,2023,0.80851614,"17 R",575901,2814189,"TPBB76",2024,25.5,25.5,22.25,22.25,0,0,3.25
"430","TPBB76_5",184,0.0821399316191673,0.105720803141594,0.0180355403572321,0.00265845889225602,-0.937299311161041,-0.950941562652588,0.950941562652588,-1.11460435390472,-0.0590179264545441,1.06286382675171,1.01134586334229,-3.20513963699341,184,2023,0.81519437,"17 R",575905,2814180,"TPBB76",2024,10.25,10.25,4.25,4.25,0,0,6
"431","TPBB77_1",185,0.0820868313312531,0.108943268656731,0.0213246904313564,0.002838866552338,-0.933144688606262,-0.949207127094269,0.949207127094269,-1.14754366874695,-0.092274010181427,0.913603901863098,0.90543657541275,-2.90607285499573,185,2023,0.71609,"17 R",575465,2812125,"TPBB77",2024,0,0,0,0,0,0,0
"432","TPBB77_2",186,0.0840810462832451,0.110111065208912,0.0206050351262093,0.00353964255191386,-0.91920530796051,-0.937710165977478,0.937710165977478,-1.06019592285156,-0.0798502415418625,0.96806275844574,0.943955957889557,-2.8951358795166,186,2023,0.70695484,"17 R",575460,2812147,"TPBB77",2024,0.5,0.5,0.5,0.5,0,0,0
"433","TPBB77_3",187,0.0827523469924927,0.108164377510548,0.0207252558320761,0.00353981251828372,-0.917957484722137,-0.93662166595459,0.93662166595459,-1.06235694885254,-0.0764065906405449,0.946973025798798,0.921397864818573,-2.90042924880981,187,2023,1.0036609,"17 R",575476,2812142,"TPBB77",2024,4.5,4.25,4.25,4.25,0,0,0
"434","TPBB77_4",188,0.0843475684523582,0.110241167247295,0.0216837786138058,0.00365676684305072,-0.916895747184753,-0.935788691043854,0.935788691043854,-1.0670850276947,-0.0779678970575333,0.925958156585693,0.903729438781738,-2.90266084671021,188,2023,0.8940706,"17 R",575464,2812137,"TPBB77",2024,15.65,15.65,15.65,15.65,0,0,0
"435","TPBB77_5",189,0.0840788036584854,0.113872438669205,0.0232403371483088,0.00377329881303012,-0.914098858833313,-0.935853183269501,0.935853183269501,-1.08095622062683,-0.116356730461121,0.861266374588013,0.879884243011475,-2.89179515838623,189,2023,1.3911884,"17 R",575448,2812134,"TPBB77",2024,0.7,0.7,0.7,0.7,0,0,0
"436","TPBB78_1",190,0.102011024951935,0.127494558691978,0.0293587744235992,0.00455881934612989,-0.914444506168365,-0.930954873561859,0.930954873561859,-1.09677398204803,-0.0457488223910332,0.847268521785736,0.803241908550262,-2.62237048149109,190,2024,0.5642269,"17 R",577133,2811802,"TPBB78",2024,6.55,2.3,1,1,0,0,1.3
"437","TPBB78_2",191,0.0972519442439079,0.119736365973949,0.0263694226741791,0.00304120150394738,-0.939353764057159,-0.950459957122803,0.950459957122803,-1.18978536128998,-0.0253408458083868,0.894758343696594,0.827599048614502,-2.6214063167572,191,2024,0.61375934,"17 R",577146,2811827,"TPBB78",2024,2.3,1.9,1.2,1.2,0,0,0.7
"438","TPBB78_3",192,0.0975130200386047,0.123615652322769,0.0268462132662535,0.00479218503460288,-0.906315922737122,-0.925359904766083,0.925359904766083,-1.04559791088104,-0.0572885274887085,0.881542146205902,0.844942986965179,-2.64606404304504,192,2024,0.58858144,"17 R",577128,2811821,"TPBB78",2024,25.2,13.2,12.2,12.2,0,0,1
"439","TPBB78_5",193,0.0975130200386047,0.123615652322769,0.0268462132662535,0.00479218503460288,-0.906315922737122,-0.925359904766083,0.925359904766083,-1.04559791088104,-0.0572885274887085,0.881542146205902,0.844942986965179,-2.64606404304504,193,2024,0.5776017,"17 R",577124,2811822,"TPBB78",2024,13.62,5.12,3.92,3.5,0,0.42,1.2
"440","TPBB80_1",194,0.074219323694706,0.105408161878586,0.0279721263796091,0.00294008408673108,-0.923791944980621,-0.94572901725769,0.94572901725769,-1.21466767787933,-0.157201185822487,0.572134137153625,0.652268528938293,-2.45374131202698,194,2023,0.671855,"17 R",573065,2811016,"TPBB80",2024,19.9,19.9,18,18,0,0,1.9
"441","TPBB80_2",195,0.0686120092868805,0.0989070311188698,0.0260562002658844,0.00293933250941336,-0.917839884757996,-0.942279100418091,0.942279100418091,-1.19588422775269,-0.166620224714279,0.556521594524384,0.64618331193924,-2.42024374008179,195,2023,0.66426605,"17 R",573069,2811046,"TPBB80",2024,32.5,32.5,31.75,31.75,0,0,0.75
"442","TPBB80_3",196,0.0728881806135178,0.103590540587902,0.0264172647148371,0.00387544534169137,-0.899029135704041,-0.927875876426697,0.927875876426697,-1.11620020866394,-0.156408354640007,0.604771792888641,0.681281864643097,-2.43696451187134,196,2023,0.6530371,"17 R",573081,2811029,"TPBB80",2024,6.55,6.55,3.1,3.1,0,0,3.45
"443","TPBB80_4",197,0.0718169510364532,0.104628033936024,0.0261762421578169,0.00352385453879833,-0.906455636024475,-0.934835076332092,0.934835076332092,-1.14405620098114,-0.182037383317947,0.59809684753418,0.698684692382812,-2.43308472633362,197,2023,0.72335297,"17 R",573065,2811031,"TPBB80",2024,16.95,16.95,14.9,14.9,0,0,2.05
"444","TPBB80_5",198,0.0738164484500885,0.107354864478111,0.0289280526340008,0.00165366404689848,-0.956176996231079,-0.969659924507141,0.969659924507141,-1.33777916431427,-0.182518675923347,0.536880671977997,0.643300950527191,-2.43387413024902,198,2023,0.70448273,"17 R",573052,2811037,"TPBB80",2024,3.7,3.7,3.4,3.4,0,0,0.3
"445","TPBB81_1",199,0.0484248846769333,0.0665518864989281,0.0206994563341141,0.00284699117764831,-0.888945281505585,-0.917952835559845,0.917952835559845,-1.13727128505707,-0.0847810581326485,0.412239491939545,0.436738401651382,-2.06203317642212,199,2024,0.6759413,"17 R",572236,2807632,"TPBB81",2024,0,0,0,NA,NA,NA,0
"446","TPBB81_2",200,0.0480196997523308,0.0685155838727951,0.0238120183348656,0.00319719640538096,-0.875150740146637,-0.910833299160004,0.910833299160004,-1.14487719535828,-0.124765269458294,0.279565066099167,0.352147579193115,-2.05932831764221,200,2024,0.6750725,"17 R",572224,2807654,"TPBB81",2024,20.85,20.85,20.5,20.5,0,0,0.35
"447","TPBB81_3",201,0.0490964576601982,0.0694333016872406,0.0203401781618595,0.00308070937171578,-0.881913483142853,-0.915031313896179,0.915031313896179,-1.10538947582245,-0.117040082812309,0.441545575857162,0.493330985307693,-2.06278133392334,201,2024,0.6875853,"17 R",572238,2807646,"TPBB81",2024,40.5,40.5,39.25,39.25,0,0,1.25
"448","TPBB81_4",202,0.0474874377250671,0.067601814866066,0.0218983441591263,0.00284784380346537,-0.886845052242279,-0.91915237903595,0.91915237903595,-1.15475368499756,-0.121329613029957,0.342742204666138,0.406703859567642,-2.07037258148193,202,2024,0.7096405,"17 R",572252,2807643,"TPBB81",2024,56.25,56.25,55.25,55.25,0,0,1
"449","TPBB81_5",203,0.0457376763224602,0.0672076642513275,0.0221372209489346,0.00354852667078376,-0.856003224849701,-0.899697065353394,0.899697065353394,-1.08554530143738,-0.152521699666977,0.295574575662613,0.392052620649338,-2.07712006568909,203,2024,0.73051065,"17 R",572243,2807661,"TPBB81",2024,41.25,41.25,39.5,39.5,0,0,1.75
"450","TPBB82_1",204,0.0588526763021946,0.0813185125589371,0.0212938468903303,0.00269049382768571,-0.912565648555756,-0.935947477817535,0.935947477817535,-1.16346871852875,-0.107393905520439,0.582147657871246,0.614157497882843,-1.99233853816986,204,2024,1.4981521,"17 R",569658,2817606,"TPBB82",2024,28.05,28.05,4.05,1.6,0,2.45,24
"451","TPBB82_2",205,0.0588526763021946,0.0813185125589371,0.0212938468903303,0.00269049382768571,-0.912565648555756,-0.935947477817535,0.935947477817535,-1.16346871852875,-0.107393905520439,0.582147657871246,0.614157497882843,-1.99233853816986,205,2024,0.76475406,"17 R",569659,2817606,"TPBB82",2024,25.65,25.65,0.5,0,0,0.5,25.15
"452","TPBB82_3",206,0.0588526763021946,0.0813185125589371,0.0212938468903303,0.00269049382768571,-0.912565648555756,-0.935947477817535,0.935947477817535,-1.16346871852875,-0.107393905520439,0.582147657871246,0.614157497882843,-1.99233853816986,206,2024,0.76475406,"17 R",569659,2817606,"TPBB82",2024,30.8,30.8,0,0,0,0,30.8
"453","TPBB82_4",207,0.0553455725312233,0.0802691057324409,0.0229828041046858,0.0032793590798974,-0.888124108314514,-0.92149806022644,0.92149806022644,-1.12538969516754,-0.154727920889854,0.452993959188461,0.53923225402832,-1.99211609363556,207,2024,0.6879606,"17 R",569675,2817610,"TPBB82",2024,29.95,29.95,0.9,0.9,0,0,29.05
"454","TPBB82_5",208,0.0560223571956158,0.0788229256868362,0.0235858950763941,0.00292779412120581,-0.900668799877167,-0.928372621536255,0.928372621536255,-1.16872274875641,-0.122828274965286,0.442169159650803,0.500032722949982,-1.99314141273499,208,2024,1.0946711,"17 R",569677,2817593,"TPBB82",2024,27.8,27.8,0,0,0,0,27.8
"455","TPBB84_1",209,0.0430679321289062,0.0643231123685837,0.0244479198008776,0.00356349069625139,-0.847163558006287,-0.895016372203827,0.895016372203827,-1.11835300922394,-0.165022075176239,0.147352322936058,0.267619878053665,-1.50151705741882,209,2024,0.9216442,"17 R",568371,2816969,"TPBB84",2024,51.25,51.25,2.2,0.5,0,1.7,49.05
"456","TPBB84_2",210,0.04211251065135,0.064320020377636,0.0239630173891783,0.00379616743884981,-0.834620893001556,-0.888538479804993,0.888538479804993,-1.08973932266235,-0.187403678894043,0.142690777778625,0.283827930688858,-1.51172697544098,210,2024,0.91633546,"17 R",568360,2816985,"TPBB84",2024,8.1,8.1,0.1,0.1,0,0,8
"457","TPBB84_3",211,0.0449593812227249,0.0680147409439087,0.026370994746685,0.00379513087682426,-0.844316720962524,-0.894300580024719,0.894300580024719,-1.12257695198059,-0.182649046182632,0.123159900307655,0.261982768774033,-1.49495959281921,211,2024,0.98072225,"17 R",568340,2816972,"TPBB84",2024,4.4,4.4,0,0,0,0,4.4
"458","TPBB84_4",212,0.0431975536048412,0.0666962489485741,0.0248061083257198,0.00356105668470263,-0.847683370113373,-0.898628115653992,0.898628115653992,-1.12339663505554,-0.201364308595657,0.137454375624657,0.29204723238945,-1.50163960456848,212,2024,0.6886435,"17 R",568356,2816972,"TPBB84",2024,61.85,61.85,0,0,0,0,61.85
"459","TPBB84_5",213,0.0453713163733482,0.0693372413516045,0.0272169783711433,0.00367992278188467,-0.849955976009369,-0.899203896522522,0.899203896522522,-1.14269006252289,-0.194443270564079,0.104268290102482,0.25561797618866,-1.48958051204681,213,2024,0.81088454,"17 R",568352,2816954,"TPBB84",2024,8.65,8.65,0,0,0,0,8.65
"460","WQ_BB37_1",214,0.0969798415899277,0.121226713061333,0.0380493998527527,0.00284052896313369,-0.943087160587311,-0.954209864139557,0.954209864139557,-1.29159688949585,-0.0415772572159767,0.566663146018982,0.542427003383636,-1.81301116943359,214,2024,0.8404476,"17 R",576600,2822753,"WQ_BB37",2024,100,100,100,100,0,0,0
"461","WQ_BB37_10",215,0.0918246880173683,0.113086201250553,0.0343520976603031,0.00377152371220291,-0.921094715595245,-0.935451030731201,0.935451030731201,-1.20321357250214,-0.0207053199410439,0.602725744247437,0.55586302280426,-1.98168659210205,215,2024,0.80046296,"17 R",576582,2822764,"WQ_BB37",2024,100,100,100,100,0,0,0
"462","WQ_BB37_100",216,0.0885301679372787,0.110893808305264,0.0366231873631477,0.00470875902101398,-0.898995876312256,-0.91853541135788,0.91853541135788,-1.15822374820709,-0.0359811224043369,0.509395122528076,0.484337985515594,-2.01913905143738,216,2024,0.94175833,"17 R",576577,2822482,"WQ_BB37",2024,100,100,100,100,0,0,0
"463","WQ_BB37_11",217,0.0992205291986465,0.125482618808746,0.0374525636434555,0.00482166931033134,-0.907313227653503,-0.925993680953979,0.925993680953979,-1.15782916545868,-0.0562095306813717,0.603530645370483,0.589760959148407,-1.87674343585968,217,2024,0.8971952,"17 R",576590,2822755,"WQ_BB37",2024,98,98,98,98,0,0,0
"464","WQ_BB37_12",218,0.0931471288204193,0.115801118314266,0.0353063642978668,0.00435481173917651,-0.910672307014465,-0.927514016628265,0.927514016628265,-1.17059886455536,-0.0321716256439686,0.592717289924622,0.557353079319,-1.9164799451828,218,2024,0.79675126,"17 R",576587,2822746,"WQ_BB37",2024,100,100,100,100,0,0,0
"465","WQ_BB37_13",219,0.102913700044155,0.131925985217094,0.039360523223877,0.00389019632712007,-0.927152514457703,-0.942713797092438,0.942713797092438,-1.23016428947449,-0.0740465447306633,0.595996558666229,0.599515318870544,-1.75141191482544,219,2024,0.7245007,"17 R",576600,2822738,"WQ_BB37",2024,99,99,99,98.5,0,0,0
"466","WQ_BB37_14",220,0.0905040949583054,0.115542940795422,0.035545039921999,0.00377210136502981,-0.91997766494751,-0.936770737171173,0.936770737171173,-1.21217882633209,-0.0585327483713627,0.557955145835876,0.549654006958008,-1.88528752326965,220,2024,0.74413186,"17 R",576589,2822736,"WQ_BB37",2024,98,98,98,98,0,0,0
"467","WQ_BB37_15",221,0.0905040949583054,0.115542940795422,0.035545039921999,0.00377210136502981,-0.91997766494751,-0.936770737171173,0.936770737171173,-1.21217882633209,-0.0585327483713627,0.557955145835876,0.549654006958008,-1.88528752326965,221,2024,0.70028365,"17 R",576586,2822733,"WQ_BB37",2024,100,100,100,100,0,0,0
"468","WQ_BB37_16",222,0.0910309553146362,0.116058759391308,0.0357824191451073,0.00388792739249766,-0.91807895898819,-0.935172379016876,0.935172379016876,-1.20598232746124,-0.057565912604332,0.557854890823364,0.548707365989685,-1.96356201171875,222,2024,0.74988604,"17 R",576576,2822739,"WQ_BB37",2024,100,100,100,100,0,0,0
"469","WQ_BB37_17",223,0.0957865491509438,0.120191365480423,0.0368549004197121,0.00435405736789107,-0.913041114807129,-0.930080831050873,0.930080831050873,-1.18302595615387,-0.0446427464485168,0.582578837871552,0.5597323179245,-1.9937207698822,223,2024,0.76121086,"17 R",576571,2822745,"WQ_BB37",2024,100,100,100,100,0,0,0
"470","WQ_BB37_18",224,0.0963126346468925,0.122900448739529,0.0372114256024361,0.00342063466086984,-0.93140435218811,-0.945842206478119,0.945842206478119,-1.24744319915771,-0.0633730888366699,0.57951545715332,0.574209749698639,-2.07210183143616,224,2024,0.8567916,"17 R",576565,2822742,"WQ_BB37",2024,100,100,100,100,0,0,0
"471","WQ_BB37_19",225,0.0911602079868317,0.117736682295799,0.0349464081227779,0.00377020123414695,-0.920569181442261,-0.937942564487457,0.937942564487457,-1.20786166191101,-0.0717362836003304,0.580246388912201,0.58224481344223,-2.10020041465759,225,2024,0.86420345,"17 R",576567,2822754,"WQ_BB37",2024,98,98,98,98,0,0,0
"472","WQ_BB37_2",226,0.0996185094118118,0.121485069394112,0.0381688103079796,0.00319049530662596,-0.937933564186096,-0.948819220066071,0.948819220066071,-1.26857721805573,-0.0170445255935192,0.590728282928467,0.542013347148895,-1.78078317642212,226,2024,0.8150754,"17 R",576603,2822744,"WQ_BB37",2024,100,100,100,100,0,0,0
"473","WQ_BB37_20",227,0.0879867747426033,0.113731309771538,0.0331583991646767,0.00412032334133983,-0.910531878471375,-0.930076122283936,0.930076122283936,-1.16841757297516,-0.0695778653025627,0.591406226158142,0.5902498960495,-2.08306193351746,227,2024,0.9522146,"17 R",576573,2822771,"WQ_BB37",2024,99,99,96,95.5,0,0,3
"474","WQ_BB37_21",228,0.0899707153439522,0.115152932703495,0.0318462438881397,0.00377038097940385,-0.919557571411133,-0.936591386795044,0.936591386795044,-1.18241953849792,-0.060771506279707,0.649523258209229,0.635435819625854,-2.11498093605042,228,2024,0.8267276,"17 R",576572,2822783,"WQ_BB37",2024,100,100,96,96,0,0,4
"475","WQ_BB37_22",229,0.0953925028443336,0.119417771697044,0.0337564386427402,0.00388847757130861,-0.921667218208313,-0.936929762363434,0.936929762363434,-1.19011926651001,-0.0417522080242634,0.656362116336823,0.624534487724304,-1.97889471054077,229,2024,0.9551879,"17 R",576591,2822786,"WQ_BB37",2024,100,100,100,100,0,0,0
"476","WQ_BB37_23",230,0.0948663055896759,0.118902318179607,0.0345920920372009,0.00435555214062333,-0.912205815315247,-0.929326176643372,0.929326176643372,-1.16450715065002,-0.0425856299698353,0.629136919975281,0.60036563873291,-1.91845881938934,230,2024,0.9153444,"17 R",576604,2822783,"WQ_BB37",2024,100,100,100,99.75,0,0,0
"477","WQ_BB37_24",231,0.0918246880173683,0.113086201250553,0.0343520976603031,0.00377152371220291,-0.921094715595245,-0.935451030731201,0.935451030731201,-1.20321357250214,-0.0207053199410439,0.602725744247437,0.55586302280426,-1.98168659210205,231,2024,0.7070918,"17 R",576588,2822765,"WQ_BB37",2024,100,100,95,95,0,0,5
"478","WQ_BB37_25",232,0.0871438607573509,0.109695762395859,0.0291962921619415,0.00305280438624322,-0.932307839393616,-0.945847570896149,0.945847570896149,-1.21601021289825,-0.0399671010673046,0.694671273231506,0.657382249832153,-2.47763800621033,232,2024,0.8771844,"17 R",576310,2822691,"WQ_BB37",2024,100,100,100,100,0,0,0
"479","WQ_BB37_26",233,0.0896588861942291,0.114223435521126,0.0284804757684469,0.00281977956183255,-0.939017713069916,-0.951816439628601,0.951816439628601,-1.22973585128784,-0.0554413832724094,0.745144426822662,0.717970550060272,-2.48872184753418,233,2024,0.9447947,"17 R",576314,2822684,"WQ_BB37",2024,100,100,51,50.75,0,0,49
"480","WQ_BB37_27",234,0.0871438607573509,0.109695762395859,0.0291962921619415,0.00305280438624322,-0.932307839393616,-0.945847570896149,0.945847570896149,-1.21601021289825,-0.0399671010673046,0.694671273231506,0.657382249832153,-2.47763800621033,234,2024,0.8204125,"17 R",576315,2822694,"WQ_BB37",2024,100,100,58,58,0,0,42
"481","WQ_BB37_28",235,0.0846268758177757,0.105681598186493,0.0270475223660469,0.00375223672017455,-0.915087699890137,-0.931424558162689,0.931424558162689,-1.13451957702637,-0.0287874825298786,0.733180701732635,0.682134568691254,-2.46525287628174,235,2024,0.92802966,"17 R",576319,2822705,"WQ_BB37",2024,100,100,51,51.25,0,0,49
"482","WQ_BB37_29",236,0.088068000972271,0.112282104790211,0.0289562661200762,0.00351827428676188,-0.923170268535614,-0.939235508441925,0.939235508441925,-1.17498159408569,-0.05472731590271,0.712543547153473,0.687384605407715,-2.42708921432495,236,2024,1.0125815,"17 R",576309,2822703,"WQ_BB37",2024,100,100,42,42,0,0,58
"483","WQ_BB37_3",237,0.0939451903104782,0.116837598383427,0.0375737622380257,0.00330765009857714,-0.931978344917297,-0.944939136505127,0.944939136505127,-1.25727474689484,-0.0333178713917732,0.546031057834625,0.515756964683533,-1.75037217140198,237,2024,0.8015397,"17 R",576610,2822760,"WQ_BB37",2024,100,100,100,100,0,0,0
"484","WQ_BB37_30",238,0.088068000972271,0.112282104790211,0.0289562661200762,0.00351827428676188,-0.923170268535614,-0.939235508441925,0.939235508441925,-1.17498159408569,-0.05472731590271,0.712543547153473,0.687384605407715,-2.42708921432495,238,2024,1.1804861,"17 R",576306,2822701,"WQ_BB37",2024,100,100,60,59.85,0,0,40
"485","WQ_BB37_31",239,0.0885958671569824,0.112798653542995,0.0299101769924164,0.00421731220558286,-0.909122586250305,-0.927919030189514,0.927919030189514,-1.12927436828613,-0.0537362433969975,0.689765691757202,0.665673732757568,-2.37916398048401,239,2024,0.87719566,"17 R",576296,2822700,"WQ_BB37",2024,100,100,58,57.5,0,0,43
"486","WQ_BB37_32",240,0.0885958671569824,0.112798653542995,0.0299101769924164,0.00421731220558286,-0.909122586250305,-0.927919030189514,0.927919030189514,-1.12927436828613,-0.0537362433969975,0.689765691757202,0.665673732757568,-2.37916398048401,240,2024,0.9452668,"17 R",576294,2822692,"WQ_BB37",2024,100,100,59,58.5,0,0,42
"487","WQ_BB37_33",241,0.0919031202793121,0.115901790559292,0.0309843271970749,0.00340129784308374,-0.928622424602509,-0.942980527877808,0.942980527877808,-1.20325124263763,-0.0465606711804867,0.695115089416504,0.664182424545288,-2.38836717605591,241,2024,0.8426294,"17 R",576295,2822681,"WQ_BB37",2024,100,100,51,51.25,0,0,49
"488","WQ_BB37_34",242,0.0905788317322731,0.115254506468773,0.0314604975283146,0.00293410383164883,-0.937247097492218,-0.950348794460297,0.950348794460297,-1.24407863616943,-0.0549927577376366,0.667070806026459,0.646206378936768,-2.34813141822815,242,2024,0.816543,"17 R",576287,2822681,"WQ_BB37",2024,100,100,71,70.85,0,0,29
"489","WQ_BB37_35",243,0.0933531001210213,0.115899726748466,0.0322945155203342,0.00386619428172708,-0.92046445608139,-0.935437500476837,0.935437500476837,-1.17924904823303,-0.0308872368186712,0.674027800559998,0.630557715892792,-2.29285168647766,243,2024,0.81882864,"17 R",576279,2822685,"WQ_BB37",2024,97,97,67,67.4,0,0,30
"490","WQ_BB37_36",244,0.0900492668151855,0.109821923077106,0.0301477741450071,0.00409995997324586,-0.912905097007751,-0.928021550178528,0.928021550178528,-1.14085566997528,-0.008418845012784,0.699018120765686,0.632509052753448,-2.33918952941895,244,2024,0.97693515,"17 R",576288,2822692,"WQ_BB37",2024,100,100,53,53,0,0,47
"491","WQ_BB37_37",245,0.0900492668151855,0.109821923077106,0.0301477741450071,0.00409995997324586,-0.912905097007751,-0.928021550178528,0.928021550178528,-1.14085566997528,-0.008418845012784,0.699018120765686,0.632509052753448,-2.33918952941895,245,2024,0.82849556,"17 R",576280,2822692,"WQ_BB37",2024,98,98,63,63.25,0,0,35
"492","WQ_BB37_38",246,0.0864752382040024,0.104771345853806,0.0284767132252455,0.00363336154259741,-0.919355928897858,-0.932966709136963,0.932966709136963,-1.16053998470306,0.00221360335126519,0.709107458591461,0.631701588630676,-2.33256769180298,246,2024,0.8047013,"17 R",576287,2822706,"WQ_BB37",2024,100,100,62,61.5,0,0,39
"493","WQ_BB37_39",247,0.0862119048833847,0.108010210096836,0.0278807058930397,0.00386712979525328,-0.914139211177826,-0.93086838722229,0.93086838722229,-1.13457703590393,-0.0339016281068325,0.724821984767914,0.679310619831085,-2.36113739013672,247,2024,1.052484,"17 R",576296,2822716,"WQ_BB37",2024,96,96,66,66,0,0,30
"494","WQ_BB37_4",248,0.0943385139107704,0.121226236224174,0.0367380045354366,0.00342309079132974,-0.929970622062683,-0.945076465606689,0.945076465606689,-1.24429798126221,-0.0691865980625153,0.570164382457733,0.570883452892303,-1.88340735435486,248,2024,0.81891876,"17 R",576607,2822773,"WQ_BB37",2024,97,97,97,97,0,0,0
"495","WQ_BB37_40",249,0.0862119048833847,0.108010210096836,0.0278807058930397,0.00386712979525328,-0.914139211177826,-0.93086838722229,0.93086838722229,-1.13457703590393,-0.0339016281068325,0.724821984767914,0.679310619831085,-2.36113739013672,249,2024,0.8257714,"17 R",576294,2822719,"WQ_BB37",2024,100,100,57,57.25,0,0,43
"496","WQ_BB37_41",250,0.0842226892709732,0.105418890714645,0.0282377228140831,0.00386637402698398,-0.91221672296524,-0.929242551326752,0.929242551326752,-1.13870275020599,-0.0308719091117382,0.690190315246582,0.644701898097992,-2.32761311531067,250,2024,0.90187156,"17 R",576288,2822714,"WQ_BB37",2024,100,100,74,74.25,0,0,26
"497","WQ_BB37_42",251,0.0842226892709732,0.105418890714645,0.0282377228140831,0.00386637402698398,-0.91221672296524,-0.929242551326752,0.929242551326752,-1.13870275020599,-0.0308719091117382,0.690190315246582,0.644701898097992,-2.32761311531067,251,2024,0.7938019,"17 R",576284,2822712,"WQ_BB37",2024,96,96,75,75,0,0,21
"498","WQ_BB37_43",252,0.0870028734207153,0.110079407691956,0.027640076354146,0.00293295411393046,-0.934776723384857,-0.948094964027405,0.948094964027405,-1.21220183372498,-0.0453779734671116,0.741644620895386,0.705320596694946,-2.28067970275879,252,2024,0.8390546,"17 R",576278,2822705,"WQ_BB37",2024,100,100,69,68.75,0,0,31
"499","WQ_BB37_44",253,0.0870028734207153,0.110079407691956,0.027640076354146,0.00293295411393046,-0.934776723384857,-0.948094964027405,0.948094964027405,-1.21220183372498,-0.0453779734671116,0.741644620895386,0.705320596694946,-2.28067970275879,253,2024,0.83607376,"17 R",576276,2822703,"WQ_BB37",2024,99,99,54,54.25,0,0,44
"500","WQ_BB37_45",254,0.0848841518163681,0.110079668462276,0.0294307004660368,0.00293314782902598,-0.933198869228363,-0.948091745376587,0.948091745376587,-1.22810888290405,-0.0700342878699303,0.661304295063019,0.6543869972229,-2.28503441810608,254,2024,0.8530307,"17 R",576271,2822697,"WQ_BB37",2024,100,100,59,59.25,0,0,41
"501","WQ_BB37_46",255,0.0915000587701797,0.112666115164757,0.0305036194622517,0.00339882681146264,-0.928369522094727,-0.941432297229767,0.941432297229767,-1.19924056529999,-0.0202049762010574,0.704591035842896,0.648555815219879,-2.24586987495422,255,2024,0.8394794,"17 R",576267,2822691,"WQ_BB37",2024,100,100,61,60.75,0,0,39
"502","WQ_BB37_47",256,0.0900492668151855,0.109821923077106,0.0301477741450071,0.00409995997324586,-0.912905097007751,-0.928021550178528,0.928021550178528,-1.14085566997528,-0.008418845012784,0.699018120765686,0.632509052753448,-2.33918952941895,256,2024,0.88822377,"17 R",576286,2822697,"WQ_BB37",2024,100,100,34,33.75,0,0,66
"503","WQ_BB37_48",257,0.0855501517653465,0.106974564492702,0.0285971444100142,0.0043337163515389,-0.903570771217346,-0.922131299972534,0.922131299972534,-1.10519862174988,-0.0311433579772711,0.694608271121979,0.649087905883789,-2.37040042877197,257,2024,1.0140623,"17 R",576296,2822709,"WQ_BB37",2024,100,100,48,47.5,0,0,53
"504","WQ_BB37_49",258,0.0828987956047058,0.105549268424511,0.0284772459417582,0.0037503361236304,-0.91343629360199,-0.93137514591217,0.93137514591217,-1.15088880062103,-0.0480580851435661,0.666853249073029,0.639083921909332,-2.35512852668762,258,2024,0.8560338,"17 R",576297,2822721,"WQ_BB37",2024,100,100,64,64.25,0,0,36
"505","WQ_BB37_5",259,0.0992205291986465,0.125482618808746,0.0374525636434555,0.00482166931033134,-0.907313227653503,-0.925993680953979,0.925993680953979,-1.15782916545868,-0.0562095306813717,0.603530645370483,0.589760959148407,-1.87674343585968,259,2024,0.8569898,"17 R",576599,2822754,"WQ_BB37",2024,100,100,100,100,0,0,0
"506","WQ_BB37_50",260,0.084223747253418,0.105678543448448,0.0276414230465889,0.00305050681345165,-0.930093765258789,-0.943887889385223,0.943887889385223,-1.20182645320892,-0.0335310697555542,0.709137201309204,0.664480924606323,-2.35470795631409,260,2024,0.95928895,"17 R",576292,2822731,"WQ_BB37",2024,97,97,48,48.25,0,0,48
"507","WQ_BB37_51",261,0.0858120396733284,0.10774989426136,0.0274018626660109,0.00386618147604167,-0.913776576519012,-0.930723547935486,0.930723547935486,-1.12906074523926,-0.0359299220144749,0.735541641712189,0.69095504283905,-2.32328987121582,261,2024,0.8990349,"17 R",576288,2822721,"WQ_BB37",2024,100,100,95.5,95.5,0,0,4.5
"508","WQ_BB37_52",262,0.0873995646834373,0.10969090461731,0.0284753702580929,0.00374901434406638,-0.917738378047943,-0.933903098106384,0.933903098106384,-1.15097725391388,-0.0369890294969082,0.719781458377838,0.677625954151154,-2.27688026428223,262,2024,0.9871712,"17 R",576279,2822711,"WQ_BB37",2024,100,100,100,100,0,0,0
"509","WQ_BB37_53",263,0.0771986246109009,0.096994012594223,0.0256147682666779,0.00305256876163185,-0.923924624919891,-0.938977062702179,0.938977062702179,-1.18055260181427,-0.0274943578988314,0.689593732357025,0.640517175197601,-2.54595398902893,263,2024,0.7141065,"17 R",576349,2822830,"WQ_BB37",2024,100,100,100,100,0,0,0
"510","WQ_BB37_54",264,0.0774647444486618,0.0949170887470245,0.0233459193259478,0.0032859758939594,-0.918614327907562,-0.933077931404114,0.933077931404114,-1.12984502315521,-0.000544902926776558,0.77531361579895,0.694131016731262,-2.54205131530762,264,2024,0.75565916,"17 R",576340,2822818,"WQ_BB37",2024,98.25,98.25,95.25,95.25,0,0,3
"511","WQ_BB37_55",265,0.079186350107193,0.0984194576740265,0.0259710717946291,0.00316784926690161,-0.923067688941956,-0.937632977962494,0.937632977962494,-1.17385387420654,-0.0179168023169041,0.702760994434357,0.6438969373703,-2.46971940994263,265,2024,0.7706451,"17 R",576328,2822813,"WQ_BB37",2024,100,100,100,100,0,0,0
"512","WQ_BB37_56",266,0.0750671997666359,0.0950433686375618,0.0262087844312191,0.00316708907485008,-0.919035792350769,-0.935504019260406,0.935504019260406,-1.17656219005585,-0.0334280654788017,0.64125782251358,0.60159832239151,-2.43396902084351,266,2024,0.69165283,"17 R",576317,2822811,"WQ_BB37",2024,100,100,100,100,0,0,0
"513","WQ_BB37_57",267,0.079186350107193,0.0984194576740265,0.0259710717946291,0.00316784926690161,-0.923067688941956,-0.937632977962494,0.937632977962494,-1.17385387420654,-0.0179168023169041,0.702760994434357,0.6438969373703,-2.46971940994263,267,2024,0.66644484,"17 R",576324,2822819,"WQ_BB37",2024,100,100,100,100,0,0,0
"514","WQ_BB37_58",268,0.0777276828885078,0.0980310589075089,0.0252554416656494,0.00305180833674967,-0.924441039562225,-0.939617693424225,0.939617693424225,-1.1765695810318,-0.0322148241102695,0.708956480026245,0.662615954875946,-2.51086091995239,268,2024,0.76848227,"17 R",576332,2822830,"WQ_BB37",2024,100,100,89.5,89.5,0,0,10.5
"515","WQ_BB37_59",269,0.076929859817028,0.0940059199929237,0.0242995005100965,0.003751051845029,-0.907015144824982,-0.92325758934021,0.92325758934021,-1.09882593154907,0.00300234905444086,0.732869803905487,0.651999831199646,-2.53139209747314,269,2024,0.7480344,"17 R",576331,2822841,"WQ_BB37",2024,100,100,94.75,94.75,0,0,5.25
"516","WQ_BB37_6",270,0.099749431014061,0.123677916824818,0.0375724881887436,0.00353986979462206,-0.931457161903381,-0.944349467754364,0.944349467754364,-1.24169301986694,-0.0351599827408791,0.606010973453522,0.572680294513702,-1.84812557697296,270,2024,0.7643507,"17 R",576601,2822768,"WQ_BB37",2024,100,100,100,99.9,0,0,0
"517","WQ_BB37_60",271,0.076929859817028,0.0940059199929237,0.0242995005100965,0.003751051845029,-0.907015144824982,-0.92325758934021,0.92325758934021,-1.09882593154907,0.00300234905444086,0.732869803905487,0.651999831199646,-2.53139209747314,271,2024,0.8314946,"17 R",576334,2822849,"WQ_BB37",2024,100,100,85.75,85.75,0,0,14.25
"518","WQ_BB37_61",272,0.0762662291526794,0.0936165750026703,0.0244192108511925,0.00316822319291532,-0.920230507850647,-0.934530556201935,0.934530556201935,-1.15547108650208,-0.00115405349060893,0.719846248626709,0.643861770629883,-2.52027583122253,272,2024,0.73560417,"17 R",576330,2822840,"WQ_BB37",2024,100,100,84.75,84.75,0,0,15.25
"519","WQ_BB37_62",273,0.0763969346880913,0.0915365368127823,0.0240598041564226,0.00340067641809583,-0.914767444133759,-0.92835944890976,0.92835944890976,-1.12848317623138,0.0249611046165228,0.734712600708008,0.633424341678619,-2.4894278049469,273,2024,0.79176295,"17 R",576327,2822833,"WQ_BB37",2024,100,100,98,98,0,0,2
"520","WQ_BB37_63",274,0.079186350107193,0.0984194576740265,0.0259710717946291,0.00316784926690161,-0.923067688941956,-0.937632977962494,0.937632977962494,-1.17385387420654,-0.0179168023169041,0.702760994434357,0.6438969373703,-2.46971940994263,274,2024,0.7565906,"17 R",576326,2822818,"WQ_BB37",2024,100,100,93.75,93.75,0,0,6.25
"521","WQ_BB37_64",275,0.0749359130859375,0.0941352024674416,0.0260901991277933,0.00340086943469942,-0.913173139095306,-0.930264353752136,0.930264353752136,-1.15404415130615,-0.0247510690242052,0.643530428409576,0.595676958560944,-2.47957110404968,275,2024,0.81526786,"17 R",576321,2822822,"WQ_BB37",2024,100,100,69,69,0,0,31
"522","WQ_BB37_65",276,0.0763953328132629,0.0947833657264709,0.0252532493323088,0.00374992401339114,-0.906421840190887,-0.923885107040405,0.923885107040405,-1.11211931705475,-0.0129150645807385,0.691743612289429,0.628996014595032,-2.44441914558411,276,2024,0.6785771,"17 R",576316,2822829,"WQ_BB37",2024,100,100,81,81,0,0,19
"523","WQ_BB37_66",277,0.0786539018154144,0.0946541056036949,0.0244178306311369,0.00340048316866159,-0.917116343975067,-0.930640995502472,0.930640995502472,-1.13328301906586,0.0177026782184839,0.750723361968994,0.654929399490356,-2.50007152557373,277,2024,0.7781969,"17 R",576323,2822841,"WQ_BB37",2024,100,100,81.25,81.25,0,0,18.75
"524","WQ_BB37_67",278,0.0786539018154144,0.0946541056036949,0.0244178306311369,0.00340048316866159,-0.917116343975067,-0.930640995502472,0.930640995502472,-1.13328301906586,0.0177026782184839,0.750723361968994,0.654929399490356,-2.50007152557373,278,2024,0.7886326,"17 R",576322,2822849,"WQ_BB37",2024,100,100,91.5,91.5,0,0,8.5
"525","WQ_BB37_68",279,0.0761286169290543,0.0943931564688683,0.0238195434212685,0.0040993420407176,-0.897807657718658,-0.916758298873901,0.916758298873901,-1.0595086812973,-0.0119320768862963,0.740097641944885,0.672298550605774,-2.47175478935242,279,2024,0.7212842,"17 R",576316,2822843,"WQ_BB37",2024,98.5,98.5,92.75,92.75,0,0,5.75
"526","WQ_BB37_69",280,0.0751980170607567,0.091144822537899,0.023102568462491,0.00328292301855981,-0.916338324546814,-0.930467009544373,0.930467009544373,-1.12673544883728,0.0138009404763579,0.754911303520203,0.662079632282257,-2.48765516281128,280,2024,0.6999177,"17 R",576313,2822851,"WQ_BB37",2024,100,100,92.25,92.25,0,0,7.75
"527","WQ_BB37_7",281,0.0964495241641998,0.12058012932539,0.0368564240634441,0.00388886244036257,-0.922485053539276,-0.937512755393982,0.937512755393982,-1.21367025375366,-0.041252426803112,0.589439749717712,0.562928080558777,-1.91168224811554,281,2024,0.87262815,"17 R",576595,2822764,"WQ_BB37",2024,100,100,100,100,0,0,0
"528","WQ_BB37_70",282,0.0746642723679543,0.0928328931331635,0.0245347805321217,0.00421499367803335,-0.893127977848053,-0.913135826587677,0.913135826587677,-1.06017112731934,-0.0132527621462941,0.694429039955139,0.631624042987823,-2.47128987312317,282,2024,0.80593085,"17 R",576305,2822854,"WQ_BB37",2024,100,100,97.25,97.25,0,0,2.75
"529","WQ_BB37_71",283,0.0777176916599274,0.092571847140789,0.0234587118029594,0.00328140333294868,-0.918976783752441,-0.931532740592957,0.931532740592957,-1.13185608386993,0.0298867505043745,0.774297893047333,0.665201365947723,-2.44437861442566,283,2024,0.660528,"17 R",576298,2822851,"WQ_BB37",2024,100,100,86,86,0,0,14
"530","WQ_BB37_72",284,0.076124869287014,0.0989343672990799,0.0247730929404497,0.00374821596778929,-0.906145691871643,-0.926994144916534,0.926994144916534,-1.10574567317963,-0.063012920320034,0.705227017402649,0.687435925006866,-2.41205978393555,284,2024,0.87205356,"17 R",576296,2822838,"WQ_BB37",2024,100,100,98.5,98.5,0,0,1.5
"531","WQ_BB37_73",285,0.0777192339301109,0.0962092354893684,0.0244150832295418,0.00386501220054924,-0.905251026153564,-0.922757089138031,0.922757089138031,-1.08999300003052,-0.0119502414017916,0.738868713378906,0.671316862106323,-2.39785528182983,285,2024,0.7212915,"17 R",576299,2822827,"WQ_BB37",2024,100,100,95,95,0,0,5
"532","WQ_BB37_74",286,0.0758623108267784,0.093353733420372,0.0242970269173384,0.00386596121825278,-0.903021574020386,-0.920469582080841,0.920469582080841,-1.08818697929382,-0.00341075332835317,0.718985974788666,0.64512050151825,-2.41527366638184,286,2024,0.6823299,"17 R",576308,2822819,"WQ_BB37",2024,100,100,98,98,0,0,2
"533","WQ_BB37_75",287,0.0750671997666359,0.0950433686375618,0.0262087844312191,0.00316708907485008,-0.919035792350769,-0.935504019260406,0.935504019260406,-1.17656219005585,-0.0334280654788017,0.64125782251358,0.60159832239151,-2.43396902084351,287,2024,0.6976668,"17 R",576313,2822811,"WQ_BB37",2024,100,100,97.75,97.75,0,0,2.25
"534","WQ_BB37_76",288,0.0749359130859375,0.0941352024674416,0.0260901991277933,0.00340086943469942,-0.913173139095306,-0.930264353752136,0.930264353752136,-1.15404415130615,-0.0247510690242052,0.643530428409576,0.595676958560944,-2.47957110404968,288,2024,0.72614396,"17 R",576325,2822821,"WQ_BB37",2024,100,100,100,100,0,0,0
"535","WQ_BB37_77",289,0.0763953328132629,0.0947833657264709,0.0252532493323088,0.00374992401339114,-0.906421840190887,-0.923885107040405,0.923885107040405,-1.11211931705475,-0.0129150645807385,0.691743612289429,0.628996014595032,-2.44441914558411,289,2024,0.7316593,"17 R",576318,2822828,"WQ_BB37",2024,100,100,100,100,0,0,0
"536","WQ_BB37_78",290,0.0794470980763435,0.099454753100872,0.0239384341984987,0.00386576866731048,-0.907198786735535,-0.925169408321381,0.925169408321381,-1.0828937292099,-0.025994136929512,0.778347849845886,0.720492660999298,-2.42578029632568,290,2024,0.7897895,"17 R",576307,2822830,"WQ_BB37",2024,100,100,100,100,0,0,0
"537","WQ_BB37_79",291,0.0750671997666359,0.0950433686375618,0.0262087844312191,0.00316708907485008,-0.919035792350769,-0.935504019260406,0.935504019260406,-1.17656219005585,-0.0334280654788017,0.64125782251358,0.60159832239151,-2.43396902084351,291,2024,0.70939445,"17 R",576310,2822814,"WQ_BB37",2024,98.5,98.5,98.5,98.5,0,0,0
"538","WQ_BB37_8",292,0.0949968546628952,0.119159795343876,0.0347105376422405,0.00447156559675932,-0.910090744495392,-0.927662909030914,0.927662909030914,-1.15763199329376,-0.043559692800045,0.627479672431946,0.599755048751831,-1.94461703300476,292,2024,0.78491586,"17 R",576599,2822777,"WQ_BB37",2024,100,100,100,100,0,0,0
"539","WQ_BB37_80",293,0.0938254371285439,0.118393942713737,0.0403205193579197,0.00412872480228543,-0.915700852870941,-0.932604730129242,0.932604730129242,-1.22134113311768,-0.0489647574722767,0.482164442539215,0.471738249063492,-1.77519154548645,293,2024,0.8034235,"17 R",576610,2822500,"WQ_BB37",2024,100,100,100,100,0,0,0
"540","WQ_BB37_81",294,0.0948795005679131,0.120974645018578,0.0398428104817867,0.00610935036092997,-0.879009425640106,-0.903853356838226,0.903853356838226,-1.10114932060242,-0.0612121261656284,0.503909409046173,0.502972960472107,-1.77437376976013,294,2024,0.745608,"17 R",576608,2822509,"WQ_BB37",2024,100,100,100,100,0,0,0
"541","WQ_BB37_82",295,0.0987040996551514,0.122908867895603,0.0424617305397987,0.00389367598108947,-0.924098253250122,-0.93858677148819,0.93858677148819,-1.24801158905029,-0.0389205142855644,0.486952394247055,0.467177301645279,-1.77934968471527,295,2024,0.6774621,"17 R",576598,2822516,"WQ_BB37",2024,100,100,100,100,0,0,0
"542","WQ_BB37_83",296,0.0987040996551514,0.122908867895603,0.0424617305397987,0.00389367598108947,-0.924098253250122,-0.93858677148819,0.93858677148819,-1.24801158905029,-0.0389205142855644,0.486952394247055,0.467177301645279,-1.77934968471527,296,2024,0.70074695,"17 R",576592,2822514,"WQ_BB37",2024,100,100,100,100,0,0,0
"543","WQ_BB37_84",297,0.0954056605696678,0.120457358658314,0.0415093153715134,0.00599205354228616,-0.881810903549194,-0.905226051807404,0.905226051807404,-1.12156546115875,-0.0510279722511768,0.473088681697845,0.465437948703766,-1.82153713703156,297,2024,0.69958144,"17 R",576592,2822504,"WQ_BB37",2024,100,100,100,100,0,0,0
"544","WQ_BB37_85",298,0.0894601866602898,0.110507868230343,0.0376977659761906,0.00401082960888743,-0.914180278778076,-0.929953277111053,0.929953277111053,-1.21151053905487,-0.0217444617301226,0.494190275669098,0.457385182380676,-1.90959930419922,298,2024,0.69303066,"17 R",576595,2822490,"WQ_BB37",2024,98.5,98.5,98.5,98.5,0,0,0
"545","WQ_BB37_86",299,0.0756781026721001,0.0987213402986526,0.031619057059288,0.00471120700240135,-0.882790207862854,-0.908902823925018,0.908902823925018,-1.11096835136414,-0.0665580481290817,0.482879251241684,0.487285375595093,-1.91650891304016,299,2024,0.8684206,"17 R",576605,2822480,"WQ_BB37",2024,100,100,100,100,0,0,0
"546","WQ_BB37_87",300,0.0910509452223778,0.111156813800335,0.0354353748261929,0.0047117667272687,-0.901594936847687,-0.918670475482941,0.918670475482941,-1.14791262149811,-0.0104780411347747,0.566720485687256,0.513461112976074,-1.82540953159332,300,2024,0.9091264,"17 R",576613,2822485,"WQ_BB37",2024,100,100,100,100,0,0,0
"547","WQ_BB37_88",301,0.0928987413644791,0.115938685834408,0.038532592356205,0.00471082329750061,-0.903476178646088,-0.921908974647522,0.921908974647522,-1.17318797111511,-0.0361312292516232,0.512475311756134,0.487586289644241,-1.81886529922485,301,2024,0.6877498,"17 R",576605,2822491,"WQ_BB37",2024,100,100,100,100,0,0,0
"548","WQ_BB37_89",302,0.0910464823246002,0.114645391702652,0.0387698747217655,0.00575913256034255,-0.881016552448273,-0.904336929321289,0.904336929321289,-1.11199676990509,-0.0440881624817848,0.486889213323593,0.471387058496475,-1.86346650123596,302,2024,0.63530827,"17 R",576598,2822495,"WQ_BB37",2024,100,100,100,100,0,0,0
"549","WQ_BB37_9",303,0.0915598422288895,0.116446428000927,0.0331594385206699,0.00423765834420919,-0.911528825759888,-0.929772734642029,0.929772734642029,-1.16005444526672,-0.0553944371640682,0.631184697151184,0.613817036151886,-2.01411247253418,303,2024,0.6901226,"17 R",576585,2822776,"WQ_BB37",2024,100,100,100,100,0,0,0
"550","WQ_BB37_90",304,0.0939516127109528,0.117357693612576,0.0393645577132702,0.00482588820159435,-0.902287721633911,-0.921005964279175,0.921005964279175,-1.17238020896912,-0.0380732826888561,0.504794716835022,0.482417583465576,-1.91551446914673,304,2024,0.9316597,"17 R",576586,2822495,"WQ_BB37",2024,100,99,99,99,0,0,0
"551","WQ_BB37_91",305,0.0939516127109528,0.117357693612576,0.0393645577132702,0.00482588820159435,-0.902287721633911,-0.921005964279175,0.921005964279175,-1.17238020896912,-0.0380732826888561,0.504794716835022,0.482417583465576,-1.91551446914673,305,2024,0.92675,"17 R",576582,2822496,"WQ_BB37",2024,100,100,100,100,0,0,0
"552","WQ_BB37_92",306,0.0948736220598221,0.120713502168655,0.0409118458628654,0.00307627045549452,-0.93718683719635,-0.950298488140106,0.950298488140106,-1.2901976108551,-0.05892713367939,0.480358302593231,0.479326665401459,-1.94130802154541,306,2024,0.74265057,"17 R",576572,2822505,"WQ_BB37",2024,100,100,100,100,0,0,0
"553","WQ_BB37_93",307,0.0838915854692459,0.106102541089058,0.0349521115422249,0.00330811832100153,-0.924125492572784,-0.939528405666351,0.939528405666351,-1.24060916900635,-0.0418313592672348,0.497008472681046,0.478067755699158,-2.12432956695557,307,2024,0.6884777,"17 R",576558,2822495,"WQ_BB37",2024,100,100,100,100,0,0,0
"554","WQ_BB37_94",308,0.0821717530488968,0.107528425753117,0.032926719635725,0.00459162890911102,-0.894157469272614,-0.918094396591187,0.918094396591187,-1.13284933567047,-0.0770430713891983,0.529251515865326,0.53985595703125,-2.11965751647949,308,2024,0.78168416,"17 R",576563,2822480,"WQ_BB37",2024,100,100,100,100,0,0,0
"555","WQ_BB37_95",309,0.0866778716444969,0.108694463968277,0.0344778224825859,0.00424266420304775,-0.90667313337326,-0.924866795539856,0.924866795539856,-1.17128527164459,-0.0353698246181011,0.541802287101746,0.513289153575897,-2.06193900108337,309,2024,0.7686578,"17 R",576579,2822471,"WQ_BB37",2024,100,100,100,100,0,0,0
"556","WQ_BB37_97",310,0.0756781026721001,0.0987213402986526,0.031619057059288,0.00471120700240135,-0.882790207862854,-0.908902823925018,0.908902823925018,-1.11096835136414,-0.0665580481290817,0.482879251241684,0.487285375595093,-1.91650891304016,310,2024,0.7405596,"17 R",576601,2822477,"WQ_BB37",2024,100,100,100,100,0,0,0
"557","WQ_BB37_99",311,0.0846936330199242,0.105976909399033,0.0330480597913265,0.00377711118198931,-0.914613306522369,-0.931171357631683,0.931171357631683,-1.19229376316071,-0.0310295335948467,0.556217133998871,0.522337138652802,-2.0060076713562,311,2024,0.7528672,"17 R",576589,2822478,"WQ_BB37",2024,100,100,100,100,0,0,0
"558","WQ_BB38_1",312,0.0515572689473629,0.0564655140042305,0.0167435556650162,0.00530585180968046,-0.813381612300873,-0.82820999622345,0.82820999622345,-0.77809602022171,0.156393274664879,0.6630739569664,0.4444899559021,-2.38131904602051,312,2024,0.61415774,"17 R",581185,2828509,"WQ_BB38",2024,21.5,21.5,11.85,11.85,0,0,9.65
"559","WQ_BB38_10",313,0.0508885905146599,0.0597239099442959,0.0185294188559055,0.00437548523768783,-0.841651737689972,-0.863478124141693,0.863478124141693,-0.926915049552917,0.0824086144566536,0.560112118721008,0.418355047702789,-2.43054151535034,313,2024,0.62188596,"17 R",581171,2828527,"WQ_BB38",2024,17,17,14.25,14.25,0,0,2.75
"560","WQ_BB38_100",314,0.0500606223940849,0.0555345304310322,0.0162574704736471,0.00297633023001254,-0.887763917446136,-0.898263990879059,0.898263990879059,-1.03576564788818,0.144990533590317,0.659751176834106,0.451770901679993,-2.77636432647705,314,2024,0.7185546,"17 R",580969,2828434,"WQ_BB38",2024,39.2,39.2,35.25,34.75,0,0.5,3.95
"561","WQ_BB38_11",315,0.0514220371842384,0.0575077459216118,0.0172193702310324,0.00460808584466577,-0.835514008998871,-0.851629257202148,0.851629257202148,-0.866657435894012,0.133903428912163,0.635588884353638,0.440041542053223,-2.42120909690857,315,2024,0.6200717,"17 R",581178,2828517,"WQ_BB38",2024,42.55,40.55,21.5,21.5,0,0,19.05
"562","WQ_BB38_12",316,0.0502237901091576,0.0602461621165276,0.0182917043566704,0.00495691504329443,-0.820338845252991,-0.847954571247101,0.847954571247101,-0.860360085964203,0.0598030388355255,0.558416903018951,0.437538951635361,-2.40398097038269,316,2024,0.6117926,"17 R",581186,2828525,"WQ_BB38",2024,16.55,16.55,13.25,13.25,0,0,3.3
"563","WQ_BB38_13",317,0.0508885905146599,0.0597239099442959,0.0185294188559055,0.00437548523768783,-0.841651737689972,-0.863478124141693,0.863478124141693,-0.926915049552917,0.0824086144566536,0.560112118721008,0.418355047702789,-2.43054151535034,317,2024,0.63630295,"17 R",581178,2828529,"WQ_BB38",2024,10.5,10.5,5.25,4.75,0,0.5,5.25
"564","WQ_BB38_14",318,0.0531527251005173,0.0605056509375572,0.0187674146145582,0.0050727678462863,-0.825754404067993,-0.845291554927826,0.845291554927826,-0.861653208732605,0.111815847456455,0.59232085943222,0.421003341674805,-2.43977499008179,318,2024,0.64851683,"17 R",581179,2828539,"WQ_BB38",2024,8,8,1.35,1.35,0,0,6.65
"565","WQ_BB38_15",319,0.0508896857500076,0.0584208555519581,0.017338590696454,0.00472432421520352,-0.830103099346161,-0.850366294384003,0.850366294384003,-0.857611060142517,0.106387950479984,0.619061291217804,0.450196027755737,-2.41257357597351,319,2024,0.64962107,"17 R",581186,2828533,"WQ_BB38",2024,18.2,18.2,11.5,11.5,0,0,6.7
"566","WQ_BB38_16",320,0.0508896857500076,0.0584208555519581,0.017338590696454,0.00472432421520352,-0.830103099346161,-0.850366294384003,0.850366294384003,-0.857611060142517,0.106387950479984,0.619061291217804,0.450196027755737,-2.41257357597351,320,2024,0.6589287,"17 R",581186,2828539,"WQ_BB38",2024,18.3,17.8,14.5,14.5,0,0,3.3
"567","WQ_BB38_17",321,0.0544836409389973,0.0590715631842613,0.0170996431261301,0.00495641166344285,-0.833229899406433,-0.845179796218872,0.845179796218872,-0.825843393802643,0.16259828209877,0.699612319469452,0.472533255815506,-2.44956707954407,321,2024,0.6133242,"17 R",581178,2828544,"WQ_BB38",2024,73.4,73.4,68.75,68.75,0,0,4.65
"568","WQ_BB38_18",322,0.0536879636347294,0.0589429773390293,0.01793447509408,0.00484068645164371,-0.834587454795837,-0.848215460777283,0.848215460777283,-0.862372934818268,0.150253295898438,0.642613589763641,0.431674599647522,-2.39461255073547,322,2024,0.621765,"17 R",581196,2828548,"WQ_BB38",2024,13.25,13.25,5.25,5.25,0,0,8
"569","WQ_BB38_19",323,0.0531562678515911,0.0594649948179722,0.017339289188385,0.00518962787464261,-0.822108209133148,-0.839466154575348,0.839466154575348,-0.808937788009644,0.130724400281906,0.662601351737976,0.467878192663193,-2.37661480903625,323,2024,0.6287371,"17 R",581192,2828530,"WQ_BB38",2024,11.3,11.3,5.75,5.25,0,0.5,5.55
"570","WQ_BB38_2",324,0.0504928044974804,0.0564664117991924,0.0159100666642189,0.00449248170480132,-0.836593329906464,-0.852606177330017,0.852606177330017,-0.839423418045044,0.13551364839077,0.687509775161743,0.485939562320709,-2.34978842735291,324,2024,0.6821415,"17 R",581195,2828506,"WQ_BB38",2024,9.15,9.15,2.75,2.75,0,0,6.4
"571","WQ_BB38_20",325,0.0516906641423702,0.0579001866281033,0.0174582097679377,0.00518950307741761,-0.817528545856476,-0.835488080978394,0.835488080978394,-0.812579154968262,0.13172759115696,0.628578960895538,0.435664713382721,-2.38616490364075,325,2024,0.624431,"17 R",581199,2828531,"WQ_BB38",2024,26.5,26.5,22.25,22.25,0,0,4.25
"572","WQ_BB38_21",326,0.0522250607609749,0.0588137954473495,0.0171013362705708,0.00402740156278014,-0.856809794902802,-0.871822893619537,0.871822893619537,-0.928162515163422,0.125009790062904,0.657186508178711,0.468079715967178,-2.35582947731018,326,2024,0.6330616,"17 R",581205,2828538,"WQ_BB38",2024,14.9,14.9,7.75,7.75,0,0,7.15
"573","WQ_BB38_22",327,0.0516906641423702,0.0579001866281033,0.0174582097679377,0.00518950307741761,-0.817528545856476,-0.835488080978394,0.835488080978394,-0.812579154968262,0.13172759115696,0.628578960895538,0.435664713382721,-2.38616490364075,327,2024,0.64380693,"17 R",581195,2828540,"WQ_BB38",2024,25.55,25.55,21.5,21.5,0,0,4.05
"574","WQ_BB38_23",328,0.0528905540704727,0.0594653263688087,0.0181731898337603,0.00425975769758224,-0.850927948951721,-0.866308271884918,0.866308271884918,-0.930334627628326,0.125707074999809,0.615919351577759,0.429768055677414,-2.36579632759094,328,2024,0.6265862,"17 R",581201,2828549,"WQ_BB38",2024,16.15,16.15,9.5,9.5,0,0,6.65
"575","WQ_BB38_24",329,0.0542235672473907,0.0605089403688908,0.0175781231373549,0.00426001055166125,-0.854317724704742,-0.868455171585083,0.868455171585083,-0.914783716201782,0.131703063845634,0.670344889163971,0.474180787801743,-2.33695149421692,329,2024,0.6733531,"17 R",581211,2828543,"WQ_BB38",2024,34.95,34.95,31.25,31.25,0,0,3.7
"576","WQ_BB38_25",330,0.0523587092757225,0.058944433927536,0.0179353710263968,0.0041437684558332,-0.853324353694916,-0.868635714054108,0.868635714054108,-0.936966061592102,0.125155910849571,0.617498755455017,0.431658774614334,-2.34302258491516,330,2024,0.6526476,"17 R",581209,2828525,"WQ_BB38",2024,7.1,7.1,0.35,0.35,0,0,6.75
"577","WQ_BB38_26",331,0.0547797307372093,0.0662533715367317,0.0225875861942768,0.00507830502465367,-0.830321669578552,-0.85761433839798,0.85761433839798,-0.94932496547699,0.0434077605605125,0.458105564117432,0.361409038305283,-1.67362987995148,331,2024,0.6635284,"17 R",581326,2828394,"WQ_BB38",2024,19.8,19.8,11.75,11.75,0,0,8.05
"578","WQ_BB38_27",332,0.0551805198192596,0.0675556063652039,0.0228261239826679,0.00565967988222837,-0.813949346542358,-0.845396220684052,0.845396220684052,-0.903947293758392,0.0295577850192785,0.456075817346573,0.372349321842194,-1.62647902965546,332,2024,0.6672512,"17 R",581336,2828395,"WQ_BB38",2024,5.1,5.1,0.6,0.1,0,0.5,4.5
"579","WQ_BB38_28",333,0.0571771711111069,0.0670357272028923,0.0253254137933254,0.00507868640124798,-0.836844682693481,-0.859149217605591,0.859149217605591,-0.998881459236145,0.0734926387667656,0.399445235729218,0.280312269926071,-1.60965180397034,333,2024,0.8234343,"17 R",581346,2828406,"WQ_BB38",2024,36.15,36.15,30.25,30.25,0,0,5.9
"580","WQ_BB38_29",334,0.0561114884912968,0.0678155720233917,0.0244920253753662,0.00554333347827196,-0.820181667804718,-0.848870873451233,0.848870873451233,-0.946319222450256,0.0421170704066753,0.410315215587616,0.31903013586998,-1.64361894130707,334,2024,0.66927713,"17 R",581335,2828402,"WQ_BB38",2024,7.9,7.9,0.85,0.35,0,0.5,7.05
"581","WQ_BB38_3",335,0.0524923726916313,0.0581624396145344,0.018054686486721,0.00507377600297332,-0.823723614215851,-0.839529395103455,0.839529395103455,-0.841878950595856,0.142210215330124,0.61416620016098,0.412923038005829,-2.32603716850281,335,2024,0.63257825,"17 R",581209,2828511,"WQ_BB38",2024,36.2,36.2,31.25,31.25,0,0,4.95
"582","WQ_BB38_30",336,0.0583708547055721,0.0687253400683403,0.0249674916267395,0.00496195210143924,-0.843305468559265,-0.865324079990387,0.865324079990387,-1.00263500213623,0.0671202912926674,0.432734400033951,0.3167544901371,-1.68620276451111,336,2024,0.6700334,"17 R",581329,2828402,"WQ_BB38",2024,10.45,10.45,4,3.75,0,0.25,6.45
"583","WQ_BB38_31",337,0.0561114884912968,0.0678155720233917,0.0244920253753662,0.00554333347827196,-0.820181667804718,-0.848870873451233,0.848870873451233,-0.946319222450256,0.0421170704066753,0.410315215587616,0.31903013586998,-1.64361894130707,337,2024,0.7097825,"17 R",581334,2828407,"WQ_BB38",2024,10.25,10.25,2.5,2.5,0,0,7.75
"584","WQ_BB38_32",338,0.0586362965404987,0.0685949921607971,0.0247293189167976,0.00577540276572108,-0.820672214031219,-0.844685435295105,0.844685435295105,-0.932015538215637,0.0737193077802658,0.445774853229523,0.322633862495422,-1.69431781768799,338,2024,0.68269855,"17 R",581327,2828415,"WQ_BB38",2024,5.9,5.9,2.25,2.25,0,0,3.65
"585","WQ_BB38_33",339,0.055842325091362,0.0684642940759659,0.0248480159789324,0.00565905077382922,-0.815969944000244,-0.847307205200195,0.847307205200195,-0.943500995635986,0.0269687995314598,0.392705142498016,0.316841155290604,-1.72428643703461,339,2024,0.7618686,"17 R",581318,2828407,"WQ_BB38",2024,7.1,7.1,1.6,1.35,0,0.25,5.5
"586","WQ_BB38_34",340,0.0547797307372093,0.0662533715367317,0.0225875861942768,0.00507830502465367,-0.830321669578552,-0.85761433839798,0.85761433839798,-0.94932496547699,0.0434077605605125,0.458105564117432,0.361409038305283,-1.67362987995148,340,2024,0.76598316,"17 R",581322,2828399,"WQ_BB38",2024,5.35,5.35,0,0,0,0,5.35
"587","WQ_BB38_35",341,0.055842325091362,0.0684642940759659,0.0248480159789324,0.00565905077382922,-0.815969944000244,-0.847307205200195,0.847307205200195,-0.943500995635986,0.0269687995314598,0.392705142498016,0.316841155290604,-1.72428643703461,341,2024,0.6563836,"17 R",581311,2828402,"WQ_BB38",2024,84.75,82.75,82.75,82.75,0,0,0
"588","WQ_BB38_36",342,0.057970006018877,0.0696346834301949,0.024490850046277,0.00542648090049624,-0.828808128833771,-0.855411767959595,0.855411767959595,-0.955852448940277,0.0459533780813217,0.442942947149277,0.34553998708725,-1.73268806934357,342,2024,0.8139701,"17 R",581310,2828411,"WQ_BB38",2024,20.1,20.1,12,12,0,0,8.1
"589","WQ_BB38_37",343,0.0586362965404987,0.0685949921607971,0.0247293189167976,0.00577540276572108,-0.820672214031219,-0.844685435295105,0.844685435295105,-0.932015538215637,0.0737193077802658,0.445774853229523,0.322633862495422,-1.69431781768799,343,2024,0.72056687,"17 R",581326,2828411,"WQ_BB38",2024,6.35,5.6,0.35,0.1,0,0.25,5.25
"590","WQ_BB38_38",344,0.0517135933041573,0.0640381500124931,0.0231815073639154,0.00519390217959881,-0.817461550235748,-0.849956691265106,0.849956691265106,-0.950872898101807,0.0227420125156641,0.377481043338776,0.306341052055359,-1.77814161777496,344,2024,0.81454116,"17 R",581304,2828403,"WQ_BB38",2024,7.45,7.45,2.95,2.95,0,0,4.5
"591","WQ_BB38_39",345,0.0557072758674622,0.0666415095329285,0.0235383547842503,0.00496132113039494,-0.836445152759552,-0.86142110824585,0.86142110824585,-0.977749705314636,0.0538543164730072,0.438319027423859,0.333793729543686,-1.78374195098877,345,2024,0.8690854,"17 R",581306,2828420,"WQ_BB38",2024,5.1,5.1,0.25,0.25,0,0,4.85
"592","WQ_BB38_4",346,0.0503621585667133,0.0592063553631306,0.0188889000564814,0.00449286354705691,-0.836191356182098,-0.858935058116913,0.858935058116913,-0.923542618751526,0.0814624726772308,0.532667458057404,0.394059717655182,-2.29680275917053,346,2024,0.6191904,"17 R",581214,2828520,"WQ_BB38",2024,7.65,7.65,2.75,2.75,0,0,4.9
"593","WQ_BB38_40",347,0.0547748394310474,0.0622139014303684,0.0231809206306934,0.00554220378398895,-0.816230893135071,-0.836407244205475,0.836407244205475,-0.921141982078552,0.111639827489853,0.435013771057129,0.277461051940918,-1.81136119365692,347,2024,0.7946481,"17 R",581305,2828435,"WQ_BB38",2024,6.25,6.25,1.8,1.8,0,0,4.45
"594","WQ_BB38_41",348,0.053176861256361,0.0624741613864899,0.0218714158982038,0.00542585644870996,-0.814825773239136,-0.840180993080139,0.840180993080139,-0.903692483901978,0.0774984136223793,0.456991940736771,0.328820526599884,-1.82873833179474,348,2024,0.8890586,"17 R",581306,2828445,"WQ_BB38",2024,13.3,13.3,4.5,4.5,0,0,8.8
"595","WQ_BB38_42",349,0.0573042221367359,0.0676828771829605,0.0259182266891003,0.00507755344733596,-0.837210357189178,-0.860430896282196,0.860430896282196,-1.00855696201324,0.0652779638767242,0.381138324737549,0.271144419908524,-1.7614027261734,349,2024,0.9051527,"17 R",581317,2828434,"WQ_BB38",2024,96.25,96.25,94.75,94.75,0,0,1.5
"596","WQ_BB38_43",350,0.0606288723647594,0.0745744630694389,0.026156647130847,0.00577515410259366,-0.826060116291046,-0.856249392032623,0.856249392032623,-0.957422971725464,0.0163657497614622,0.429411888122559,0.360678970813751,-1.72217512130737,350,2024,0.89122456,"17 R",581327,2828433,"WQ_BB38",2024,10.65,10.65,2.6,2.35,0,0.25,8.05
"597","WQ_BB38_44",351,0.0606308467686176,0.0732762664556503,0.026395246386528,0.00519441114738584,-0.842175722122192,-0.867608845233917,0.867608845233917,-1.00669825077057,0.0354709029197693,0.421388775110245,0.335749208927155,-1.66702938079834,351,2024,0.7768781,"17 R",581336,2828425,"WQ_BB38",2024,5.55,5.55,1.6,1.6,0,0,3.95
"598","WQ_BB38_45",352,0.0591695345938206,0.0680755004286766,0.0242538414895535,0.00507830921560526,-0.841915011405945,-0.861160755157471,0.861160755157471,-0.980606555938721,0.0910285338759422,0.472050964832306,0.330785602331161,-1.65261781215668,352,2024,0.86780816,"17 R",581336,2828415,"WQ_BB38",2024,36,36,34.75,34.75,0,0,1.25
"599","WQ_BB38_47",353,0.0547797307372093,0.0662533715367317,0.0225875861942768,0.00507830502465367,-0.830321669578552,-0.85761433839798,0.85761433839798,-0.94932496547699,0.0434077605605125,0.458105564117432,0.361409038305283,-1.67362987995148,353,2024,0.93190503,"17 R",581325,2828397,"WQ_BB38",2024,12,12,4.5,4.5,0,0,7.5
"600","WQ_BB38_48",354,0.0583708547055721,0.0687253400683403,0.0249674916267395,0.00496195210143924,-0.843305468559265,-0.865324079990387,0.865324079990387,-1.00263500213623,0.0671202912926674,0.432734400033951,0.3167544901371,-1.68620276451111,354,2024,0.76521176,"17 R",581322,2828410,"WQ_BB38",2024,13,13,1.25,1.25,0,0,11.75
"601","WQ_BB38_49",355,0.0595662854611874,0.0728855356574059,0.0259189084172249,0.0053103850223124,-0.836292922496796,-0.864177465438843,0.864177465438843,-0.989865005016327,0.0235635079443455,0.419830441474915,0.345180064439774,-1.71113634109497,355,2024,0.6789584,"17 R",581324,2828424,"WQ_BB38",2024,9,9,5.25,4.25,0,1,3.75
"602","WQ_BB38_5",356,0.0534230284392834,0.0582919307053089,0.0171012431383133,0.00472482666373253,-0.837489247322083,-0.850045382976532,0.850045382976532,-0.850571095943451,0.157368957996368,0.67987072467804,0.459171384572983,-2.35935759544373,356,2024,0.6200302,"17 R",581199,2828519,"WQ_BB38",2024,20.65,20.65,18.25,18.25,0,0,2.4
"603","WQ_BB38_50",357,0.0594318546354771,0.0685938373208046,0.0244906581938267,0.00531013263389468,-0.835960149765015,-0.856296420097351,0.856296420097351,-0.965437054634094,0.0872140452265739,0.467854529619217,0.330486267805099,-1.75023508071899,357,2024,0.7452224,"17 R",581315,2828422,"WQ_BB38",2024,14.75,14.75,11.5,11.25,0,0.25,3.25
"604","WQ_BB38_51",358,0.056227795779705,0.0628592073917389,0.0186542272567749,0.00391404004767537,-0.869839668273926,-0.882766246795654,0.882766246795654,-0.979706645011902,0.126613155007362,0.653929233551025,0.464072704315186,-2.16549062728882,358,2024,0.6311919,"17 R",581186,2828264,"WQ_BB38",2024,93.25,93.25,91.75,91.75,0,0,1.5
"605","WQ_BB38_52",359,0.0528997704386711,0.0614259317517281,0.0192494764924049,0.00275144423358142,-0.901118278503418,-0.914255023002625,0.914255023002625,-1.12481880187988,0.0906511396169662,0.565051257610321,0.415518879890442,-2.17724394798279,359,2024,0.6750087,"17 R",581182,2828277,"WQ_BB38",2024,10.6,10.6,0.25,0.25,0,0,10.35
"606","WQ_BB38_53",360,0.0546285435557365,0.0610338598489761,0.0196060333400965,0.00368105177767575,-0.873741149902344,-0.886237919330597,0.886237919330597,-1.0257819890976,0.12976299226284,0.580926835536957,0.394222676753998,-2.23369407653809,360,2024,0.6404787,"17 R",581177,2828288,"WQ_BB38",2024,22.2,22.2,14.25,14.25,0,0,7.95
"607","WQ_BB38_54",361,0.0528997704386711,0.0614259317517281,0.0192494764924049,0.00275144423358142,-0.901118278503418,-0.914255023002625,0.914255023002625,-1.12481880187988,0.0906511396169662,0.565051257610321,0.415518879890442,-2.17724394798279,361,2024,0.74051684,"17 R",581188,2828279,"WQ_BB38",2024,15.35,15.35,11.75,11.75,0,0,3.6
"608","WQ_BB38_55",362,0.0547627210617065,0.0618162341415882,0.0194872487336397,0.00472731981426477,-0.841071903705597,-0.85791802406311,0.85791802406311,-0.914321184158325,0.118382833898067,0.588771104812622,0.41189107298851,-2.19952011108398,362,2024,0.6199614,"17 R",581184,2828291,"WQ_BB38",2024,32.3,32.3,29.25,29.25,0,0,3.05
"609","WQ_BB38_56",363,0.0552946031093597,0.0612947940826416,0.0199633613228798,0.00426225503906608,-0.856867671012878,-0.869968056678772,0.869968056678772,-0.972180008888245,0.137248530983925,0.577022910118103,0.383832991123199,-2.21701407432556,363,2024,0.7308487,"17 R",581189,2828307,"WQ_BB38",2024,11.4,9.9,6.25,6.25,0,0,3.65
"610","WQ_BB38_57",364,0.0552946031093597,0.0612947940826416,0.0199633613228798,0.00426225503906608,-0.856867671012878,-0.869968056678772,0.869968056678772,-0.972180008888245,0.137248530983925,0.577022910118103,0.383832991123199,-2.21701407432556,364,2024,0.71762884,"17 R",581182,2828308,"WQ_BB38",2024,29.35,29.35,25.5,25.5,0,0,3.85
"611","WQ_BB38_58",365,0.0552946031093597,0.0612947940826416,0.0199633613228798,0.00426225503906608,-0.856867671012878,-0.869968056678772,0.869968056678772,-0.972180008888245,0.137248530983925,0.577022910118103,0.383832991123199,-2.21701407432556,365,2024,0.6881752,"17 R",581180,2828310,"WQ_BB38",2024,24,24,22.75,22.75,0,0,1.25
"612","WQ_BB38_59",366,0.0552946031093597,0.0612947940826416,0.0199633613228798,0.00426225503906608,-0.856867671012878,-0.869968056678772,0.869968056678772,-0.972180008888245,0.137248530983925,0.577022910118103,0.383832991123199,-2.21701407432556,366,2024,0.6881752,"17 R",581180,2828310,"WQ_BB38",2024,23.9,23.9,21.75,21.75,0,0,2.15
"613","WQ_BB38_6",367,0.0502237901091576,0.0602461621165276,0.0182917043566704,0.00495691504329443,-0.820338845252991,-0.847954571247101,0.847954571247101,-0.860360085964203,0.0598030388355255,0.558416903018951,0.437538951635361,-2.40398097038269,367,2024,0.62383896,"17 R",581188,2828521,"WQ_BB38",2024,13.95,13.95,7.75,7.75,0,0,6.2
"614","WQ_BB38_60",368,0.0542261302471161,0.0611623786389828,0.0188905298709869,0.00333180860616267,-0.884227633476257,-0.896678805351257,0.896678805351257,-1.05020821094513,0.120084866881371,0.606513738632202,0.42649307847023,-2.3118748664856,368,2024,0.6570876,"17 R",581157,2828281,"WQ_BB38",2024,33.15,33.15,29.75,29.75,0,0,3.4
"615","WQ_BB38_61",369,0.0543612465262413,0.0611635483801365,0.0196057390421629,0.0049595246091485,-0.832789599895477,-0.849991083145142,0.849991083145142,-0.894324660301208,0.122552715241909,0.576035141944885,0.396357476711273,-2.26062154769897,369,2024,0.83869547,"17 R",581160,2828274,"WQ_BB38",2024,20.1,20.1,14.5,14.5,0,0,5.6
"616","WQ_BB38_62",370,0.0551602616906166,0.0611638203263283,0.0186532344669104,0.00391353294253349,-0.867503583431244,-0.879726707935333,0.879726707935333,-0.979739427566528,0.137139171361923,0.634808003902435,0.43677431344986,-2.24992084503174,370,2024,0.664535,"17 R",581160,2828262,"WQ_BB38",2024,29.75,29.75,26.75,26.75,0,0,3
"617","WQ_BB38_63",371,0.0543612465262413,0.0611635483801365,0.0196057390421629,0.0049595246091485,-0.832789599895477,-0.849991083145142,0.849991083145142,-0.894324660301208,0.122552715241909,0.576035141944885,0.396357476711273,-2.26062154769897,371,2024,0.6945111,"17 R",581165,2828273,"WQ_BB38",2024,22.25,22.25,18.25,18.25,0,0,4
"618","WQ_BB38_64",372,0.0552924424409866,0.0612935684621334,0.0194864571094513,0.00437823496758938,-0.853253364562988,-0.866663157939911,0.866663157939911,-0.949617683887482,0.137231171131134,0.598433673381805,0.403432965278625,-2.27290320396423,372,2024,0.74766594,"17 R",581168,2828282,"WQ_BB38",2024,13.55,13.55,3.5,3.5,0,0,10.05
"619","WQ_BB38_65",373,0.0546285435557365,0.0610338598489761,0.0196060333400965,0.00368105177767575,-0.873741149902344,-0.886237919330597,0.886237919330597,-1.0257819890976,0.12976299226284,0.580926835536957,0.394222676753998,-2.23369407653809,373,2024,0.7605552,"17 R",581170,2828281,"WQ_BB38",2024,95,92.5,87.25,87.25,0,0,5.25
"620","WQ_BB38_66",374,0.0552924424409866,0.0612935684621334,0.0194864571094513,0.00437823496758938,-0.853253364562988,-0.866663157939911,0.866663157939911,-0.949617683887482,0.137231171131134,0.598433673381805,0.403432965278625,-2.27290320396423,374,2024,0.9099771,"17 R",581166,2828288,"WQ_BB38",2024,40.35,40.1,34.75,34.75,0,0,5.35
"621","WQ_BB38_67",375,0.0548907518386841,0.0592068694531918,0.018890131264925,0.00402901833876967,-0.863237142562866,-0.872571766376495,0.872571766376495,-0.972622036933899,0.16755785048008,0.618714451789856,0.394015491008759,-2.332688331604,375,2024,0.6574793,"17 R",581157,2828308,"WQ_BB38",2024,30.35,30.35,25.75,25.75,0,0,4.6
"622","WQ_BB38_68",376,0.0536942519247532,0.0609021112322807,0.0191288031637669,0.00414551049470901,-0.856655359268188,-0.872539222240448,0.872539222240448,-0.965654194355011,0.114859327673912,0.585537075996399,0.412057548761368,-2.2957022190094,376,2024,0.76851845,"17 R",581165,2828304,"WQ_BB38",2024,17.95,17.95,13.25,13.25,0,0,4.7
"623","WQ_BB38_69",377,0.0567515008151531,0.0635054856538773,0.0178175047039986,0.00484228925779462,-0.842766940593719,-0.858304381370544,0.858304381370544,-0.858914375305176,0.124774932861328,0.703911781311035,0.511540055274963,-2.37607669830322,377,2024,0.7300098,"17 R",581142,2828311,"WQ_BB38",2024,31.8,31.8,29.25,29.25,0,0,2.55
"624","WQ_BB38_7",378,0.0502237901091576,0.0602461621165276,0.0182917043566704,0.00495691504329443,-0.820338845252991,-0.847954571247101,0.847954571247101,-0.860360085964203,0.0598030388355255,0.558416903018951,0.437538951635361,-2.40398097038269,378,2024,0.60271657,"17 R",581182,2828526,"WQ_BB38",2024,30.05,29.55,21.25,21.25,0,0,8.3
"625","WQ_BB38_70",379,0.0556880980730057,0.0615520998835564,0.0185325425118208,0.00414512865245342,-0.861443936824799,-0.873811185359955,0.873811185359955,-0.951646268367767,0.139790132641792,0.650090336799622,0.448369801044464,-2.35822796821594,379,2024,0.7086872,"17 R",581142,2828300,"WQ_BB38",2024,23.3,22.55,18.5,18.5,0,0,4.05
"626","WQ_BB38_71",380,0.0542261302471161,0.0611623786389828,0.0188905298709869,0.00333180860616267,-0.884227633476257,-0.896678805351257,0.896678805351257,-1.05020821094513,0.120084866881371,0.606513738632202,0.42649307847023,-2.3118748664856,380,2024,0.6884727,"17 R",581151,2828281,"WQ_BB38",2024,24.75,24.75,20.75,20.75,0,0,4
"627","WQ_BB38_72",381,0.0531614869832993,0.0611626543104649,0.019724328070879,0.00449434341862798,-0.844097495079041,-0.863096296787262,0.863096296787262,-0.943279504776001,0.100251279771328,0.548368036746979,0.391449451446533,-2.29819583892822,381,2024,0.7467644,"17 R",581154,2828275,"WQ_BB38",2024,22.15,22.15,19,19,0,0,3.15
"628","WQ_BB38_73",382,0.0559575445950031,0.0601206719875336,0.0192483924329281,0.00414588395506144,-0.862041652202606,-0.870978474617004,0.870978474617004,-0.968346357345581,0.170172050595284,0.621295511722565,0.394086241722107,-2.2759222984314,382,2024,0.7322837,"17 R",581157,2828260,"WQ_BB38",2024,33.55,33.55,31.25,31.25,0,0,2.3
"629","WQ_BB38_74",383,0.0547625347971916,0.0616859011352062,0.0186537336558104,0.00368130300194025,-0.874022543430328,-0.887365460395813,0.887365460395813,-1.0055342912674,0.120671682059765,0.627547740936279,0.445252150297165,-2.20820379257202,383,2024,0.7794629,"17 R",581172,2828267,"WQ_BB38",2024,72.9,72.9,62.5,62.5,0,0,10.4
"630","WQ_BB38_75",384,0.0543603412806988,0.0609023869037628,0.0190099123865366,0.00391315622255206,-0.865696907043457,-0.879252552986145,0.879252552986145,-0.98787534236908,0.127183318138123,0.603396952152252,0.417121201753616,-2.28013157844543,384,2024,0.7123202,"17 R",581163,2828292,"WQ_BB38",2024,32,32,25.25,25.25,0,0,6.75
"631","WQ_BB38_76",385,0.0498000495135784,0.0567121505737305,0.01614042930305,0.00437242584303021,-0.83857387304306,-0.856840252876282,0.856840252876282,-0.860533773899078,0.116982586681843,0.660942196846008,0.478617310523987,-2.72190403938293,385,2024,0.6332683,"17 R",580999,2828406,"WQ_BB38",2024,20.5,20.5,12.5,12.5,0,0,8
"632","WQ_BB38_77",386,0.0492678955197334,0.0542338192462921,0.0149491699412465,0.00448879273608327,-0.83299595117569,-0.847118735313416,0.847118735313416,-0.807212471961975,0.154768288135529,0.71821653842926,0.496148467063904,-2.70337581634521,386,2024,0.6012642,"17 R",581006,2828414,"WQ_BB38",2024,87.75,87.75,85.25,85.25,0,0,2.5
"633","WQ_BB38_78",387,0.0499350614845753,0.0572348088026047,0.0153067484498024,0.00367510435171425,-0.862895250320435,-0.879326581954956,0.879326581954956,-0.91916561126709,0.109726786613464,0.71069723367691,0.530825018882751,-2.68802118301392,387,2024,0.61713296,"17 R",581011,2828431,"WQ_BB38",2024,15.25,15.25,9,8.5,0,0.5,6.25
"634","WQ_BB38_79",388,0.0513979010283947,0.0572330132126808,0.0156632233411074,0.00413957051932812,-0.85092693567276,-0.8651003241539,0.8651003241539,-0.872880816459656,0.13863480091095,0.719147920608521,0.512112677097321,-2.71872901916504,388,2024,0.678378,"17 R",580994,2828432,"WQ_BB38",2024,14.7,14.7,9.5,9.25,0,0.25,5.2
"635","WQ_BB38_8",389,0.0514220371842384,0.0575077459216118,0.0172193702310324,0.00460808584466577,-0.835514008998871,-0.851629257202148,0.851629257202148,-0.866657435894012,0.133903428912163,0.635588884353638,0.440041542053223,-2.42120909690857,389,2024,0.6006,"17 R",581178,2828512,"WQ_BB38",2024,10.8,10.8,2,1.5,0,0.5,8.8
"636","WQ_BB38_80",390,0.0516628324985504,0.0560581758618355,0.0156627241522074,0.00448803650215268,-0.840143620967865,-0.851748406887054,0.851748406887054,-0.831831216812134,0.166301801800728,0.72431743144989,0.491397678852081,-2.73502421379089,390,2024,0.6634658,"17 R",580987,2828438,"WQ_BB38",2024,20.6,20.6,16,16,0,0,4.6
"637","WQ_BB38_81",391,0.0507305674254894,0.0568411275744438,0.0148287992924452,0.00367446709424257,-0.864921808242798,-0.878561317920685,0.878561317920685,-0.904245674610138,0.133028104901314,0.754644572734833,0.54966413974762,-2.73773527145386,391,2024,0.6989975,"17 R",580988,2828422,"WQ_BB38",2024,30.3,30.3,28.5,28.25,0,0.25,1.8
"638","WQ_BB38_82",392,0.0513952672481537,0.0555357150733471,0.0164964515715837,0.00413918867707253,-0.850932598114014,-0.861275374889374,0.861275374889374,-0.898246645927429,0.171278730034828,0.673116862773895,0.439950942993164,-2.75869870185852,392,2024,0.64988875,"17 R",580977,2828424,"WQ_BB38",2024,23.6,22.85,16,15.75,0,0.25,6.85
"639","WQ_BB38_83",393,0.0498000495135784,0.0567121505737305,0.01614042930305,0.00437242584303021,-0.83857387304306,-0.856840252876282,0.856840252876282,-0.860533773899078,0.116982586681843,0.660942196846008,0.478617310523987,-2.72190403938293,393,2024,0.642705,"17 R",580994,2828401,"WQ_BB38",2024,5.95,5.95,1.45,1.45,0,0,4.5
"640","WQ_BB38_84",394,0.0492661781609058,0.0547548830509186,0.0148296160623431,0.00320997764356434,-0.877659559249878,-0.889244019985199,0.889244019985199,-0.966177940368652,0.144348725676537,0.725304901599884,0.512225866317749,-2.74078011512756,394,2024,0.65635437,"17 R",580981,2828390,"WQ_BB38",2024,23,23,19.5,19.5,0,0,3.5
"641","WQ_BB38_85",395,0.0492621585726738,0.0557963252067566,0.015304864384234,0.00437166495248675,-0.836981058120728,-0.854684710502625,0.854684710502625,-0.833470106124878,0.123804293572903,0.697239220142365,0.505470633506775,-2.78068256378174,395,2024,0.64283645,"17 R",580969,2828402,"WQ_BB38",2024,25,24,23.25,23.25,0,0,0.75
"642","WQ_BB38_86",396,0.0513971112668514,0.058015089482069,0.0148291168734431,0.00413968926295638,-0.850920855998993,-0.866794168949127,0.866794168949127,-0.845289945602417,0.123879231512547,0.767678916454315,0.570089757442474,-2.76171803474426,396,2024,0.74025476,"17 R",580970,2828388,"WQ_BB38",2024,98.25,98.25,95.75,95.75,0,0,2.5
"643","WQ_BB38_87",397,0.0473966486752033,0.05540581792593,0.0147095406427979,0.00460439454764128,-0.822911441326141,-0.846546292304993,0.846546292304993,-0.78480738401413,0.0928274020552635,0.693830966949463,0.530640959739685,-2.7568690776825,397,2024,0.72729206,"17 R",580978,2828407,"WQ_BB38",2024,70.65,70.65,68.75,68.75,0,0,1.9
"644","WQ_BB38_88",398,0.0523297935724258,0.0563196539878845,0.0144714899361134,0.00320959906093776,-0.884420812129974,-0.892167329788208,0.892167329788208,-0.955418288707733,0.174075037240982,0.807319521903992,0.560239374637604,-2.74266290664673,398,2024,0.8418527,"17 R",580982,2828416,"WQ_BB38",2024,26.1,26.1,21.5,20,0,1.5,4.6
"645","WQ_BB38_9",399,0.0514220371842384,0.0575077459216118,0.0172193702310324,0.00460808584466577,-0.835514008998871,-0.851629257202148,0.851629257202148,-0.866657435894012,0.133903428912163,0.635588884353638,0.440041542053223,-2.42120909690857,399,2024,0.62253064,"17 R",581171,2828518,"WQ_BB38",2024,15.7,15.7,11.5,11.5,0,0,4.2
"646","WQ_BB38_90",400,0.0496601052582264,0.0548818111419678,0.0142316352576017,0.00402256473898888,-0.850135445594788,-0.863420486450195,0.863420486450195,-0.838908612728119,0.149798139929771,0.769782364368439,0.547939658164978,-2.79743909835815,400,2024,0.65218824,"17 R",580952,2828417,"WQ_BB38",2024,24.15,24.15,21.75,21.75,0,0,2.4
"647","WQ_BB38_91",401,0.0504589378833771,0.0538371987640858,0.0169717967510223,0.00367358000949025,-0.864274561405182,-0.872247278690338,0.872247278690338,-0.966188490390778,0.186627194285393,0.629529356956482,0.385837912559509,-2.79403185844421,401,2024,0.64534175,"17 R",580958,2828432,"WQ_BB38",2024,29.25,29.25,23.25,23.25,0,0,6
"648","WQ_BB38_92",402,0.0508598238229752,0.0568387694656849,0.0155423646792769,0.0051848073489964,-0.814975798130035,-0.832811713218689,0.832811713218689,-0.749563694000244,0.135617822408676,0.715495586395264,0.511485934257507,-2.77087688446045,402,2024,0.75359577,"17 R",580961,2828442,"WQ_BB38",2024,29.15,29.15,24.5,24.5,0,0,4.65
"649","WQ_BB38_93",403,0.0517940483987331,0.0564483515918255,0.0154237085953355,0.00472013046965003,-0.832957684993744,-0.845667898654938,0.845667898654938,-0.797036111354828,0.161305472254753,0.740496218204498,0.510812044143677,-2.75042486190796,403,2024,0.7366458,"17 R",580976,2828449,"WQ_BB38",2024,19.3,19.3,12.75,12.75,0,0,6.55
"650","WQ_BB38_94",404,0.0508644580841064,0.0582759790122509,0.016616178676486,0.00425568502396345,-0.845585107803345,-0.863887012004852,0.863887012004852,-0.888312637805939,0.108588717877865,0.656319856643677,0.482246577739716,-2.71857690811157,404,2024,0.6777393,"17 R",580996,2828444,"WQ_BB38",2024,32.6,32.6,28.5,28.5,0,0,4.1
"651","WQ_BB38_95",405,0.049799133092165,0.0561898127198219,0.0150676285848022,0.00437217578291893,-0.838579654693604,-0.855613231658936,0.855613231658936,-0.825274705886841,0.127013459801674,0.721939444541931,0.525174617767334,-2.71890234947205,405,2024,0.75331193,"17 R",580997,2828429,"WQ_BB38",2024,37.75,37.75,34.25,34.25,0,0,3.5
"652","WQ_BB38_96",406,0.049799133092165,0.0561898127198219,0.0150676285848022,0.00437217578291893,-0.838579654693604,-0.855613231658936,0.855613231658936,-0.825274705886841,0.127013459801674,0.721939444541931,0.525174617767334,-2.71890234947205,406,2024,0.6469005,"17 R",580992,2828422,"WQ_BB38",2024,25.6,25.6,16.5,15.5,0,1,9.1
"653","WQ_BB38_97",407,0.0508618243038654,0.0546220578253269,0.0160196758806705,0.00541764218360186,-0.807473599910736,-0.819531321525574,0.819531321525574,-0.741839528083801,0.178861320018768,0.688700795173645,0.447160214185715,-2.75337028503418,407,2024,0.645253,"17 R",580978,2828434,"WQ_BB38",2024,100,100,93,93,0,0,7
"654","WQ_BB38_98",408,0.0525948293507099,0.0555360466241837,0.0160199720412493,0.00413919147104025,-0.854084312915802,-0.861276090145111,0.861276090145111,-0.884023308753967,0.194343969225883,0.722189605236053,0.463739722967148,-2.7346351146698,408,2024,0.6615919,"17 R",580980,2828442,"WQ_BB38",2024,80.5,80.5,75,74.25,0,0.75,5.5
"655","WQ_BB38_99",409,0.0508598238229752,0.0568387694656849,0.0155423646792769,0.0051848073489964,-0.814975798130035,-0.832811713218689,0.832811713218689,-0.749563694000244,0.135617822408676,0.715495586395264,0.511485934257507,-2.77087688446045,409,2024,0.6237977,"17 R",580968,2828447,"WQ_BB38",2024,70.4,70.4,67.25,66.75,0,0.5,3.15
"656","WQ_BB53_1",410,0.0215117353945971,0.0337754115462303,0.0215787198394537,0.00592251680791378,-0.568239212036133,-0.701620876789093,0.701620876789093,-0.853936314582825,-0.159581378102303,-0.436080545186996,-0.275266855955124,-1.16191172599792,410,2023,0.72094744,"17 R",567243.727,2820862.258,"WQ_BB53",2024,76.75,66.55,66.45,56.2,0,10.25,0.1
"657","WQ_BB53_10",411,0.0226148776710033,0.0348472073674202,0.0213393643498421,0.00627779588103294,-0.56544029712677,-0.69469690322876,0.69469690322876,-0.818054854869843,-0.143500253558159,-0.376175969839096,-0.234975874423981,-1.15884602069855,411,2023,0.7781279,"17 R",567257.979,2820855.416,"WQ_BB53",2024,99.7,95.5,95.5,95,0,0.5,0
"658","WQ_BB53_11",412,0.0223397184163332,0.03431261703372,0.0220648795366287,0.00686652027070522,-0.529790878295898,-0.666504919528961,0.666504919528961,-0.787986040115356,-0.138951808214188,-0.418077856302261,-0.277565509080887,-1.1632661819458,412,2023,0.83381593,"17 R",567253.479,2820863.988,"WQ_BB53",2024,54.5,47.5,47.5,32.5,0,15,0
"659","WQ_BB53_12",413,0.0208201874047518,0.0356416404247284,0.0216971132904291,0.00615618797019124,-0.543586730957031,-0.705430269241333,0.705430269241333,-0.836934447288513,-0.250666618347168,-0.473610103130341,-0.225925207138062,-1.16410732269287,413,2023,0.80320424,"17 R",567239.609,2820870.315,"WQ_BB53",2024,93.2,92,92,87,0,5,0
"660","WQ_BB53_13",414,0.0201341025531292,0.0343067012727261,0.0208505354821682,0.00580299878492951,-0.552532970905304,-0.710643649101257,0.710643649101257,-0.846840977668762,-0.242715716362,-0.471810728311539,-0.231803804636002,-1.16037750244141,414,2023,0.89298296,"17 R",567233.628,2820869.873,"WQ_BB53",2024,89.5,87.5,87.5,79,0,8.5,0
"661","WQ_BB53_14",415,0.0212278831750154,0.0365732349455357,0.0220577195286751,0.00639005098491907,-0.537253499031067,-0.702534317970276,0.702534317970276,-0.826128125190735,-0.259296536445618,-0.468840569257736,-0.213498577475548,-1.1624538898468,415,2023,0.9943928,"17 R",567223.78,2820873.045,"WQ_BB53",2024,89,84,84,80,0,4,0
"662","WQ_BB53_15",416,0.0208201874047518,0.0356416404247284,0.0216971132904291,0.00615618797019124,-0.543586730957031,-0.705430269241333,0.705430269241333,-0.836934447288513,-0.250666618347168,-0.473610103130341,-0.225925207138062,-1.16410732269287,416,2023,0.8010164,"17 R",567233.301,2820875.264,"WQ_BB53",2024,98,98,77.75,76.25,0,1.5,20.25
"663","WQ_BB53_16",417,0.0206871628761292,0.0360450893640518,0.0208525601774454,0.00745350774377584,-0.470267951488495,-0.657298922538757,0.657298922538757,-0.710044860839844,-0.269300937652588,-0.444798529148102,-0.182452663779259,-1.16487765312195,417,2023,0.8087626,"17 R",567240.259,2820879.217,"WQ_BB53",2024,79.75,79.75,66,64,0,2,13.75
"664","WQ_BB53_17",418,0.0217850152403116,0.0377798303961754,0.0221829880028963,0.00686443084850907,-0.520798325538635,-0.692483186721802,0.692483186721802,-0.791045725345612,-0.268641620874405,-0.447957634925842,-0.185635179281235,-1.16808664798737,418,2023,0.7339241,"17 R",567246.573,2820886.777,"WQ_BB53",2024,22.25,22.25,21.25,18.25,0,3,1
"665","WQ_BB53_18",419,0.0249453410506248,0.0379161611199379,0.0229109823703766,0.00627722311764956,-0.597904682159424,-0.715920209884644,0.715920209884644,-0.854819238185883,-0.1370889544487,-0.341138988733292,-0.208235338330269,-1.16687178611755,419,2023,0.8455624,"17 R",567258.171,2820887.723,"WQ_BB53",2024,64.75,64.75,20.25,18.75,0,1.5,44.5
"666","WQ_BB53_19",420,0.0231661200523376,0.0400534905493259,0.024122565984726,0.00675007002428174,-0.548734664916992,-0.711557388305664,0.711557388305664,-0.84407252073288,-0.27064260840416,-0.460850268602371,-0.19521202147007,-1.17010021209717,420,2023,0.80238485,"17 R",567265.287,2820884.895,"WQ_BB53",2024,99.25,99.25,87.25,84,0,3.25,12
"667","WQ_BB53_2",421,0.024943083524704,0.0349778048694134,0.0210951007902622,0.00686500174924731,-0.56834864616394,-0.671867072582245,0.671867072582245,-0.76341450214386,-0.0495742931962013,-0.26797416806221,-0.22189325094223,-1.15870118141174,421,2023,0.74982935,"17 R",567248.831,2820855.948,"WQ_BB53",2024,96.5,95.5,72.25,1,0,71.25,23.25
"668","WQ_BB53_20",422,0.0233039855957031,0.0360509343445301,0.0229135379195213,0.00663247890770435,-0.556896328926086,-0.689224541187286,0.689224541187286,-0.826561093330383,-0.150366008281708,-0.409300595521927,-0.258770495653152,-1.16661751270294,422,2023,0.9742875,"17 R",567263.097,2820874.487,"WQ_BB53",2024,56.25,56.25,43,34.25,0,8.75,13.25
"669","WQ_BB53_21",423,0.0223397184163332,0.03431261703372,0.0220648795366287,0.00686652027070522,-0.529790878295898,-0.666504919528961,0.666504919528961,-0.787986040115356,-0.138951808214188,-0.418077856302261,-0.277565509080887,-1.1632661819458,423,2023,0.9932906,"17 R",567255.018,2820867.486,"WQ_BB53",2024,97.75,97.75,84.75,75.75,0,9,13
"670","WQ_BB53_22",424,0.0206871628761292,0.0360450893640518,0.0208525601774454,0.00745350774377584,-0.470267951488495,-0.657298922538757,0.657298922538757,-0.710044860839844,-0.269300937652588,-0.444798529148102,-0.182452663779259,-1.16487765312195,424,2023,0.9799941,"17 R",567245.168,2820873.437,"WQ_BB53",2024,72,72,66,61.75,0,4.25,6
"671","WQ_BB53_23",425,0.0249453410506248,0.0379161611199379,0.0229109823703766,0.00627722311764956,-0.597904682159424,-0.715920209884644,0.715920209884644,-0.854819238185883,-0.1370889544487,-0.341138988733292,-0.208235338330269,-1.16687178611755,425,2023,0.9353521,"17 R",567250.757,2820882.071,"WQ_BB53",2024,87,87,71.25,67.75,0,3.5,15.75
"672","WQ_BB53_24",426,0.0167244877666235,0.0282122101634741,0.0194566119462252,0.00940803065896034,-0.279975205659866,-0.499842077493668,0.499842077493668,-0.522191524505615,-0.215839952230453,-0.595968782901764,-0.371243357658386,-1.14209985733032,426,2023,0.88086766,"17 R",567056.07,2820893.295,"WQ_BB53",2024,76.75,76.75,24.25,12.25,0,12,52.5
"673","WQ_BB53_25",427,0.0171345714479685,0.0279425512999296,0.0205446165055037,0.00881779473274946,-0.32046315073967,-0.520255088806152,0.520255088806152,-0.599073171615601,-0.181185111403465,-0.620015203952789,-0.425000071525574,-1.14264523983002,427,2023,0.80780816,"17 R",567048.633,2820893.455,"WQ_BB53",2024,44.25,44.25,32.5,12.75,0,19.75,11.75
"674","WQ_BB53_26",428,0.0192005690187216,0.030219279229641,0.020546305924654,0.00870125647634268,-0.376294821500778,-0.552870690822601,0.552870690822601,-0.607489049434662,-0.152413338422775,-0.506246387958527,-0.34673735499382,-1.14161205291748,428,2023,0.8496298,"17 R",567045.327,2820884.883,"WQ_BB53",2024,44.25,44.25,41.25,0,0,41.25,3
"675","WQ_BB53_27",429,0.018235269933939,0.0295484270900488,0.0209078676998615,0.00952469278126955,-0.313782006502151,-0.512468278408051,0.512468278408051,-0.561068892478943,-0.179614156484604,-0.573304057121277,-0.383342146873474,-1.14183485507965,429,2023,1.0178555,"17 R",567037.736,2820881.946,"WQ_BB53",2024,64.25,64.25,50,2.25,0,47.75,14.25
"676","WQ_BB53_28",430,0.018235269933939,0.0295484270900488,0.0209078676998615,0.00952469278126955,-0.313782006502151,-0.512468278408051,0.512468278408051,-0.561068892478943,-0.179614156484604,-0.573304057121277,-0.383342146873474,-1.14183485507965,430,2023,1.4420923,"17 R",567031.525,2820882.735,"WQ_BB53",2024,25,25,21.75,0.5,0,21.25,3.25
"677","WQ_BB53_29",431,0.0180950630456209,0.0294126570224762,0.0210273209959269,0.00834539067000151,-0.368740737438202,-0.55795431137085,0.55795431137085,-0.647638380527496,-0.182330906391144,-0.586076617240906,-0.392570436000824,-1.14183485507965,431,2023,0.8069445,"17 R",567021.308,2820886.81,"WQ_BB53",2024,90.5,90.5,48,39.25,0,8.75,42.5
"678","WQ_BB53_3",432,0.024943083524704,0.0349778048694134,0.0210951007902622,0.00686500174924731,-0.56834864616394,-0.671867072582245,0.671867072582245,-0.76341450214386,-0.0495742931962013,-0.26797416806221,-0.22189325094223,-1.15870118141174,432,2023,0.73539263,"17 R",567242.512,2820852.653,"WQ_BB53",2024,98.75,98.75,95.5,1,0,94.5,3.25
"679","WQ_BB53_30",433,0.0178143922239542,0.028873348608613,0.0216292850673199,0.00869635306298733,-0.343937486410141,-0.53705495595932,0.53705495595932,-0.63970285654068,-0.177864730358124,-0.626748859882355,-0.433980166912079,-1.14272391796112,433,2023,1.0803938,"17 R",567018.45,2820894.557,"WQ_BB53",2024,99.5,99.5,47.25,46.75,0,0.5,52.25
"680","WQ_BB53_31",434,0.0182268582284451,0.0269993990659714,0.0210239514708519,0.00928535312414169,-0.325001329183578,-0.488195300102234,0.488195300102234,-0.580940306186676,-0.082096204161644,-0.578677356243134,-0.478050887584686,-1.1445130109787,434,2023,1.1197447,"17 R",567028.21,2820901.306,"WQ_BB53",2024,100,100,45.5,35.75,0,9.75,54.5
"681","WQ_BB53_32",435,0.0171403419226408,0.0286159347742796,0.0201848242431879,0.00823128130286932,-0.351142704486847,-0.553220987319946,0.553220987319946,-0.630991280078888,-0.206710666418076,-0.604004740715027,-0.386850416660309,-1.14161825180054,435,2023,0.77037364,"17 R",567048.365,2820878.886,"WQ_BB53",2024,77,77,54.5,24.25,0,30.25,22.5
"682","WQ_BB53_33",436,0.0185187384486198,0.0268781837075949,0.0210338793694973,0.00835037045180798,-0.378440827131271,-0.525931715965271,0.525931715965271,-0.647464632987976,-0.0613224506378174,-0.563209295272827,-0.482933640480042,-1.14122569561005,436,2023,0.91408604,"17 R",567045.35,2820869.473,"WQ_BB53",2024,95,95,19.75,18,0,1.75,75.25
"683","WQ_BB53_34",437,0.0187910962849855,0.0276792775839567,0.0212743729352951,0.00858477875590324,-0.372821599245071,-0.526540637016296,0.526540637016296,-0.637472629547119,-0.0786188244819641,-0.558694839477539,-0.462789714336395,-1.14062476158142,437,2023,0.97163534,"17 R",567037.558,2820867.951,"WQ_BB53",2024,90.86,90.86,20.57,16.29,0,4.29,70.29
"684","WQ_BB53_35",438,0.0181006025522947,0.0294167418032885,0.0209095515310764,0.00893693417310715,-0.338923931121826,-0.533972501754761,0.533972501754761,-0.60170990228653,-0.182175651192665,-0.580787897109985,-0.387874066829681,-1.14183485507965,438,2023,0.81409883,"17 R",567031.47,2820871.06,"WQ_BB53",2024,98.5,98.5,49.25,44.5,0,4.75,49.25
"685","WQ_BB53_36",439,0.0187910962849855,0.0276792775839567,0.0212743729352951,0.00858477875590324,-0.372821599245071,-0.526540637016296,0.526540637016296,-0.637472629547119,-0.0786188244819641,-0.558694839477539,-0.462789714336395,-1.14062476158142,439,2023,0.93747044,"17 R",567033.071,2820860.959,"WQ_BB53",2024,73.6,73.6,29.5,24.5,0,5,44.1
"686","WQ_BB53_37",440,0.018384063616395,0.0282187275588512,0.0194618254899979,0.00835164543241262,-0.375244140625,-0.543256223201752,0.543256223201752,-0.599179804325104,-0.121480621397495,-0.50159627199173,-0.371229767799377,-1.13898169994354,440,2023,0.87075675,"17 R",567043.263,2820854.021,"WQ_BB53",2024,44,44,32,3.25,0,28.75,12
"687","WQ_BB53_38",441,0.0196241848170757,0.029959999024868,0.0205529797822237,0.00764597905799747,-0.439242154359818,-0.593363642692566,0.593363642692566,-0.686567962169647,-0.121232032775879,-0.484711647033691,-0.355617851018906,-1.13935470581055,441,2023,0.7996525,"17 R",567057.223,2820853.841,"WQ_BB53",2024,97.75,97.75,50.25,47.25,0,3,47.5
"688","WQ_BB53_39",442,0.0170139204710722,0.0294268894940615,0.020796675235033,0.0071759270504117,-0.406699270009995,-0.607903003692627,0.607903003692627,-0.730397641658783,-0.244463592767715,-0.637899339199066,-0.383136838674545,-1.13947403430939,442,2023,0.84329075,"17 R",567067.748,2820850.66,"WQ_BB53",2024,40.75,40.75,31,7.25,0,23.75,9.75
"689","WQ_BB53_4",443,0.019580265507102,0.0337694697082043,0.020485233515501,0.00662581948563457,-0.494329690933228,-0.671950876712799,0.671950876712799,-0.766813457012177,-0.253466725349426,-0.484023213386536,-0.233244761824608,-1.15987718105316,443,2023,0.7381443,"17 R",567227.281,2820860.665,"WQ_BB53",2024,81.7,81.7,67.25,0.75,0,66.5,14.45
"690","WQ_BB53_40",444,0.0172917693853378,0.0311675872653723,0.0217665266245604,0.00811967439949512,-0.360943496227264,-0.586651027202606,0.586651027202606,-0.684940814971924,-0.290680170059204,-0.662136137485504,-0.362652987241745,-1.13981425762177,444,2023,0.89838856,"17 R",567074.403,2820855.99,"WQ_BB53",2024,96.25,96.25,84.25,82.5,0,1.75,12
"691","WQ_BB53_41",445,0.0212908182293177,0.0334495529532433,0.0206853467971087,0.00741916429251432,-0.483164846897125,-0.636927008628845,0.636927008628845,-0.708045542240143,-0.159375175833702,-0.408893525600433,-0.250651776790619,-1.11145257949829,445,2023,0.76692706,"17 R",566965.869,2820638.294,"WQ_BB53",2024,96.75,96.75,85,81.75,0,3.25,11.75
"692","WQ_BB53_42",446,0.020188644528389,0.0347836539149284,0.0199573617428541,0.00753567414358258,-0.456385254859924,-0.643866062164307,0.643866062164307,-0.677718222141266,-0.255005419254303,-0.430265486240387,-0.182470470666885,-1.11125493049622,446,2023,0.6789373,"17 R",566958.339,2820635.219,"WQ_BB53",2024,100,100,88.75,86,0,2.75,11.25
"693","WQ_BB53_43",447,0.0212866924703121,0.0343819670379162,0.0203197542577982,0.00777071481570601,-0.465147405862808,-0.631306290626526,0.631306290626526,-0.67010486125946,-0.189428716897964,-0.39326798915863,-0.208688199520111,-1.1110475063324,447,2023,0.89809626,"17 R",566953.067,2820640.76,"WQ_BB53",2024,98.5,98.5,88.75,86.25,0,2.5,9.75
"694","WQ_BB53_44",448,0.0212866924703121,0.0343819670379162,0.0203197542577982,0.00777071481570601,-0.465147405862808,-0.631306290626526,0.631306290626526,-0.67010486125946,-0.189428716897964,-0.39326798915863,-0.208688199520111,-1.1110475063324,448,2023,0.67497134,"17 R",566952.511,2820647.417,"WQ_BB53",2024,90.25,90.25,38,35.25,0,2.75,52.25
"695","WQ_BB53_45",449,0.023765666410327,0.0355893783271313,0.0204450432211161,0.00718487659469247,-0.535718858242035,-0.664056003093719,0.664056003093719,-0.719880819320679,-0.116754047572613,-0.288561284542084,-0.179161101579666,-1.11145329475403,449,2023,0.74060345,"17 R",566976.866,2820639.472,"WQ_BB53",2024,81.3,72.8,72.8,69.5,0,3.3,0
"696","WQ_BB53_46",450,0.0212971158325672,0.0306468140333891,0.0202048420906067,0.00695065455511212,-0.507879436016083,-0.630259454250336,0.630259454250336,-0.73212730884552,-0.0640391483902931,-0.387747287750244,-0.319089770317078,-1.11145401000977,450,2023,0.803422,"17 R",566983.239,2820637.754,"WQ_BB53",2024,30.5,26.5,26.5,25.5,0,1,0
"697","WQ_BB53_47",451,0.0214329492300749,0.0315816476941109,0.0206880867481232,0.00694997562095523,-0.510270655155182,-0.639258623123169,0.639258623123169,-0.74560821056366,-0.0903145596385002,-0.402357518672943,-0.308221489191055,-1.11145031452179,451,2023,0.8110607,"17 R",566988.342,2820645.103,"WQ_BB53",2024,101.2,99,96.5,94.4,0,2.1,2.5
"698","WQ_BB53_48",452,0.023765666410327,0.0355893783271313,0.0204450432211161,0.00718487659469247,-0.535718858242035,-0.664056003093719,0.664056003093719,-0.719880819320679,-0.116754047572613,-0.288561284542084,-0.179161101579666,-1.11145329475403,452,2023,0.7462199,"17 R",566977.976,2820631.077,"WQ_BB53",2024,90.1,77.2,77.2,75,0,2.2,0
"699","WQ_BB53_49",453,0.0210239067673683,0.0317175723612309,0.0192373469471931,0.00742257246747613,-0.478137701749802,-0.62071818113327,0.62071818113327,-0.664749264717102,-0.114248029887676,-0.357128351926804,-0.244930863380432,-1.11161530017853,453,2023,0.70832175,"17 R",566981.644,2820624.356,"WQ_BB53",2024,95.7,94.3,94.3,90,0,4.3,0
"700","WQ_BB53_5",454,0.019580265507102,0.0337694697082043,0.020485233515501,0.00662581948563457,-0.494329690933228,-0.671950876712799,0.671950876712799,-0.766813457012177,-0.253466725349426,-0.484023213386536,-0.233244761824608,-1.15987718105316,454,2023,1.0688735,"17 R",567225.191,2820868.814,"WQ_BB53",2024,96,96,71.75,0,0,71.75,24.25
"701","WQ_BB53_51",455,0.0207395143806934,0.0322454087436199,0.0200791675597429,0.00682936608791351,-0.504559755325317,-0.65044629573822,0.65044629573822,-0.738602221012115,-0.145792558789253,-0.408742964267731,-0.263179838657379,-1.11288332939148,455,2023,0.68322784,"17 R",566958.445,2820622.093,"WQ_BB53",2024,5,5,5,4,0,1,0
"702","WQ_BB53_52",456,0.0197806339710951,0.0318465605378151,0.0200809463858604,0.00859780237078667,-0.394060879945755,-0.5748330950737,0.5748330950737,-0.600609064102173,-0.179612636566162,-0.456158965826035,-0.275698006153107,-1.11159789562225,456,2023,0.67334926,"17 R",566969.559,2820629.387,"WQ_BB53",2024,89.8,77.8,77.8,71,0,6.8,0
"703","WQ_BB53_53",457,0.0246837381273508,0.0411252118647099,0.0255758948624134,0.00663342839106917,-0.576371073722839,-0.722210347652435,0.722210347652435,-0.882157623767853,-0.235866665840149,-0.449295908212662,-0.216278284788132,-1.112380027771,457,2023,0.6020043,"17 R",567264.347,2820653.914,"WQ_BB53",2024,51,41,41,30,0,11,0
"704","WQ_BB53_54",458,0.0261963028460741,0.0447265319526196,0.0248527489602566,0.00639958120882511,-0.607338070869446,-0.749655067920685,0.749655067920685,-0.885686039924622,-0.267562419176102,-0.364377617835999,-0.109058856964111,-1.112380027771,458,2023,0.7271441,"17 R",567272.7,2820659.357,"WQ_BB53",2024,23,17.5,17.5,9,0,8.5,0
"705","WQ_BB53_55",459,0.0261963028460741,0.0447265319526196,0.0248527489602566,0.00639958120882511,-0.607338070869446,-0.749655067920685,0.749655067920685,-0.885686039924622,-0.267562419176102,-0.364377617835999,-0.109058856964111,-1.112380027771,459,2023,0.6822289,"17 R",567274.249,2820653.708,"WQ_BB53",2024,44,28,28,25.5,0,2.5,0
"706","WQ_BB53_56",460,0.0248207338154316,0.0415249988436699,0.025212861597538,0.00627971766516566,-0.596165478229523,-0.737276256084442,0.737276256084442,-0.901790738105774,-0.240838751196861,-0.431078732013702,-0.195003509521484,-1.11236727237701,460,2023,0.8301409,"17 R",567267.033,2820637.069,"WQ_BB53",2024,50,38.5,38.5,36.5,0,2,0
"707","WQ_BB53_57",461,0.0249536689370871,0.039788581430912,0.0249688290059566,0.00733802653849125,-0.545516192913055,-0.688582420349121,0.688582420349121,-0.81859415769577,-0.189105719327927,-0.417108952999115,-0.229826986789703,-1.1126846075058,461,2023,0.7692092,"17 R",567257.431,2820635.66,"WQ_BB53",2024,75.8,72,72,70,0,2,0
"708","WQ_BB53_58",462,0.0244007986038923,0.0393855683505535,0.0231527164578438,0.00509832054376602,-0.654340803623199,-0.770779013633728,0.770779013633728,-0.958605289459229,-0.200454145669937,-0.372521281242371,-0.178730070590973,-1.11357927322388,462,2023,0.6199693,"17 R",567249.555,2820639.768,"WQ_BB53",2024,62.3,55.3,55.2,52,0,3.2,0.1
"709","WQ_BB53_59",463,0.0255024023354053,0.040455661714077,0.0244855377823114,0.00557162007316947,-0.641396939754486,-0.757899224758148,0.757899224758148,-0.943897485733032,-0.185411348938942,-0.378017693758011,-0.19734014570713,-1.11268556118011,463,2023,1.1396099,"17 R",567253.129,2820652.597,"WQ_BB53",2024,73.2,64.7,64.7,62.5,0,2.2,0
"710","WQ_BB53_6",464,0.0201341025531292,0.0343067012727261,0.0208505354821682,0.00580299878492951,-0.552532970905304,-0.710643649101257,0.710643649101257,-0.846840977668762,-0.242715716362,-0.471810728311539,-0.231803804636002,-1.16037750244141,464,2023,0.67563117,"17 R",567234.609,2820869.289,"WQ_BB53",2024,64,57,57,51,0,6,0
"711","WQ_BB53_60",465,0.0242595840245485,0.0397831164300442,0.0235136281698942,0.00651050638407469,-0.576828896999359,-0.718729853630066,0.718729853630066,-0.84947270154953,-0.217165648937225,-0.392047584056854,-0.181238457560539,-1.11408960819244,465,2023,0.6804767,"17 R",567238.73,2820651.54,"WQ_BB53",2024,39.1,34.1,34.1,32.5,0,1.6,0
"712","WQ_BB53_61",466,0.0241347849369049,0.0395245365798473,0.0224314071238041,0.00533720385283232,-0.637811779975891,-0.76205986738205,0.76205986738205,-0.923391699790955,-0.215241134166718,-0.355405271053314,-0.149525493383408,-1.11218190193176,466,2023,0.6224537,"17 R",567265.351,2820629.578,"WQ_BB53",2024,90,88.5,88.5,83.5,0,5,0
"713","WQ_BB53_62",467,0.0244090519845486,0.0405914038419724,0.0232778415083885,0.00510142277926207,-0.654263615608215,-0.776707947254181,0.776707947254181,-0.960723578929901,-0.232867926359177,-0.376964539289474,-0.152946755290031,-1.11151731014252,467,2023,0.7080451,"17 R",567267.4,2820618.431,"WQ_BB53",2024,74.25,74.25,61,59.75,0,1.25,13.25
"714","WQ_BB53_63",468,0.0271471980959177,0.0423218868672848,0.0265400502830744,0.00557088572531939,-0.659461379051208,-0.767360091209412,0.767360091209412,-0.979533791542053,-0.171888783574104,-0.386994659900665,-0.217622622847557,-1.11201977729797,468,2023,0.6704976,"17 R",567259.938,2820616.963,"WQ_BB53",2024,58,58,31.5,30.75,0,0.75,26.5
"715","WQ_BB53_64",469,0.024949299171567,0.0407191142439842,0.0239989068359137,0.00545135838910937,-0.641365766525269,-0.763859510421753,0.763859510421753,-0.944688379764557,-0.214387863874435,-0.382136017084122,-0.17455980181694,-1.11339497566223,469,2023,0.73593825,"17 R",567248.318,2820619.86,"WQ_BB53",2024,21.1,20.1,20.1,18,0,2.1,0
"716","WQ_BB53_65",470,0.0239891484379768,0.0376509316265583,0.0226687490940094,0.00498033175244927,-0.656166970729828,-0.766353070735931,0.766353070735931,-0.959620535373688,-0.16855064034462,-0.370795071125031,-0.206630125641823,-1.11354172229767,470,2023,0.6793097,"17 R",567243.381,2820626.801,"WQ_BB53",2024,99.7,93.7,93.7,91,0,2.7,0
"717","WQ_BB53_66",471,0.0249536689370871,0.039788581430912,0.0249688290059566,0.00733802653849125,-0.545516192913055,-0.688582420349121,0.688582420349121,-0.81859415769577,-0.189105719327927,-0.417108952999115,-0.229826986789703,-1.1126846075058,471,2023,0.6658476,"17 R",567259.95,2820634.266,"WQ_BB53",2024,100,92,92,91,0,1,0
"718","WQ_BB53_67",472,0.0255147814750671,0.0400638319551945,0.0227989926934242,0.00475186808034778,-0.685999751091003,-0.787937343120575,0.787937343120575,-0.982571363449097,-0.174355909228325,-0.314221143722534,-0.14916267991066,-1.11236643791199,472,2023,0.79882646,"17 R",567289.454,2820637.257,"WQ_BB53",2024,35.3,29.7,29.1,27,0,2.1,0.6
"719","WQ_BB53_68",473,0.0241475291550159,0.0412667617201805,0.0218336880207062,0.005106998141855,-0.65085756778717,-0.779746234416962,0.779746234416962,-0.931306421756744,-0.261560946702957,-0.330917745828629,-0.084474191069603,-1.11222445964813,473,2023,0.6328678,"17 R",567290.041,2820638.081,"WQ_BB53",2024,27,23,23,22,0,1,0
"720","WQ_BB53_69",474,0.0222264211624861,0.0387327335774899,0.0212286859750748,0.00522460648790002,-0.619350731372833,-0.762287437915802,0.762287437915802,-0.907490789890289,-0.275635540485382,-0.388889074325562,-0.125044211745262,-1.11201667785645,474,2023,0.68574446,"17 R",567293.203,2820626.3,"WQ_BB53",2024,58.2,55,49.5,42,0,7.5,5.5
"721","WQ_BB53_7",475,0.0206871628761292,0.0360450893640518,0.0208525601774454,0.00745350774377584,-0.470267951488495,-0.657298922538757,0.657298922538757,-0.710044860839844,-0.269300937652588,-0.444798529148102,-0.182452663779259,-1.16487765312195,475,2023,0.692011,"17 R",567243.328,2820871.955,"WQ_BB53",2024,51,44,44,38,0,6,0
"722","WQ_BB53_70",476,0.0233241897076368,0.0375318080186844,0.0215913988649845,0.00475323712453246,-0.661419332027435,-0.775181174278259,0.775181174278259,-0.958724319934845,-0.193219602108002,-0.355709254741669,-0.170287773013115,-1.11131858825684,476,2023,0.66297424,"17 R",567291.84,2820611.416,"WQ_BB53",2024,51,49.5,40.5,25.5,0,15,9
"723","WQ_BB53_71",477,0.0242802184075117,0.0376622453331947,0.0220727566629648,0.00557588646188378,-0.626482665538788,-0.742084741592407,0.742084741592407,-0.89499169588089,-0.156816557049751,-0.335098713636398,-0.184710115194321,-1.11151731014252,477,2023,0.7226005,"17 R",567282.398,2820606.12,"WQ_BB53",2024,97.5,97.5,89.9,88.5,0,1.4,7.6
"724","WQ_BB53_72",478,0.0244132652878761,0.0391271077096462,0.0213448628783226,0.00533875124529004,-0.641116678714752,-0.759871900081635,0.759871900081635,-0.899771928787231,-0.192792847752571,-0.299885869026184,-0.119342416524887,-1.11151731014252,478,2023,0.6791213,"17 R",567277.104,2820617.821,"WQ_BB53",2024,32.2,19.2,19.2,19,0,0.2,0
"725","WQ_BB53_8",479,0.0226135663688183,0.0353804714977741,0.0224274694919586,0.00674854964017868,-0.540322661399841,-0.679624676704407,0.679624676704407,-0.80608594417572,-0.160052165389061,-0.420353680849075,-0.260144680738449,-1.16513335704803,479,2023,0.8184696,"17 R",567253.49,2820872.357,"WQ_BB53",2024,104.5,100,100,97.5,0,2.5,0
"726","WQ_BB53_9",480,0.02248121984303,0.0344491302967072,0.0220671705901623,0.00639710621908307,-0.556961417198181,-0.686771333217621,0.686771333217621,-0.825775265693665,-0.136950016021729,-0.41185587644577,-0.273679137229919,-1.16426753997803,480,2023,0.84555596,"17 R",567262.432,2820863.819,"WQ_BB53",2024,92,85.5,85.5,79,0,6.5,0
"727","WQ_BISC122_1",481,0.0716301500797272,0.103805050253868,0.0394474044442177,0.00286029791459441,-0.923203647136688,-0.946368753910065,0.946368753910065,-1.29717886447906,-0.176065385341644,0.231665819883347,0.357999742031097,-1.74799263477325,481,2024,0.6754463,"17 R",571095,2811066,"WQ_BISC122",2024,13.4,13.4,2.3,2.3,0,0,11.1
"728","WQ_BISC122_10",482,0.0745646134018898,0.108482524752617,0.0405220203101635,0.00250891246832907,-0.934895634651184,-0.954790890216827,0.954790890216827,-1.32508540153503,-0.183782681822777,0.24797211587429,0.380264669656754,-1.74797296524048,482,2024,0.73553264,"17 R",571089,2811073,"WQ_BISC122",2024,17.3,17.15,6.1,6.1,0,0,11.05
"729","WQ_BISC122_11",483,0.0768326595425606,0.109781563282013,0.0413587279617786,0.00297680869698524,-0.925402104854584,-0.947200238704681,0.947200238704681,-1.29857182502747,-0.166746765375137,0.259804755449295,0.375583857297897,-1.74799239635468,483,2024,0.6539179,"17 R",571083,2811061,"WQ_BISC122",2024,14.85,14.85,9.5,9.5,0,0,5.35
"730","WQ_BISC122_12",484,0.0762988701462746,0.110690176486969,0.0417171642184258,0.00250926637090743,-0.936319589614868,-0.955666482448578,0.955666482448578,-1.32978963851929,-0.18267023563385,0.245177865028381,0.376824200153351,-1.74549198150635,484,2024,0.6341591,"17 R",571079,2811049,"WQ_BISC122",2024,23.3,23.3,10.25,10.25,0,0,13.05
"731","WQ_BISC122_13",485,0.0748322531580925,0.107963256537914,0.041478518396616,0.00274334289133549,-0.929273068904877,-0.950439393520355,0.950439393520355,-1.31389236450195,-0.174988687038422,0.230858191847801,0.356535345315933,-1.74547231197357,485,2024,0.6919629,"17 R",571079,2811031,"WQ_BISC122",2024,26.55,26.55,10.5,10.5,0,0,16.05
"732","WQ_BISC122_14",486,0.0669502392411232,0.101462468504906,0.0394468232989311,0.00286010419949889,-0.918060719966888,-0.945168077945709,0.945168077945709,-1.29718899726868,-0.218841910362244,0.164112463593483,0.335186034440994,-1.74426829814911,486,2024,0.5484588,"17 R",571068,2811021,"WQ_BISC122",2024,31.45,30.7,9.5,9,0,0.5,21.2
"733","WQ_BISC122_15",487,0.0725652500987053,0.106794834136963,0.0410015285015106,0.00403002835810184,-0.894770860671997,-0.927272140979767,0.927272140979767,-1.23151969909668,-0.193933740258217,0.210356190800667,0.355039417743683,-1.74538743495941,487,2024,0.6080413,"17 R",571070,2811010,"WQ_BISC122",2024,25.45,23.2,4.5,4.5,0,0,18.7
"734","WQ_BISC122_16",488,0.0673498213291168,0.100420668721199,0.0380118899047375,0.00285970559343696,-0.918537974357605,-0.944622457027435,0.944622457027435,-1.29009592533112,-0.201682239770889,0.202935263514519,0.354932963848114,-1.74421429634094,488,2024,0.6217226,"17 R",571055,2811024,"WQ_BISC122",2024,22.95,22.95,11.75,10.75,0,1,11.2
"735","WQ_BISC122_17",489,0.0674818977713585,0.0976861342787743,0.0366961993277073,0.00391144491732121,-0.890425503253937,-0.923001229763031,0.923001229763031,-1.21103143692017,-0.169738873839378,0.236144304275513,0.35590848326683,-1.74421429634094,489,2024,0.65930414,"17 R",571041,2811025,"WQ_BISC122",2024,21.9,21.9,9.25,8.75,0,0.5,12.65
"736","WQ_BISC122_18",490,0.0716235041618347,0.104971490800381,0.0384891219437122,0.00344369281083345,-0.908250391483307,-0.936472117900848,0.936472117900848,-1.25362777709961,-0.188293933868408,0.253389894962311,0.389129549264908,-1.74421441555023,490,2024,0.5647874,"17 R",571038,2811016,"WQ_BISC122",2024,16,16,5.75,5.75,0,0,10.25
"737","WQ_BISC122_19",491,0.0745608061552048,0.108869962394238,0.0426716767251492,0.00379464705474675,-0.903142750263214,-0.932638168334961,0.932638168334961,-1.25500667095184,-0.187705591320992,0.202065393328667,0.341886103153229,-1.74421858787537,491,2024,0.55398,"17 R",571038,2811004,"WQ_BISC122",2024,5.75,5.75,3.5,3.5,0,0,2.25
"738","WQ_BISC122_2",492,0.0697622075676918,0.103025980293751,0.0392092950642109,0.00344547722488642,-0.905871152877808,-0.935278832912445,0.935278832912445,-1.25767230987549,-0.194307327270508,0.210613220930099,0.355379164218903,-1.74820351600647,492,2024,0.77125996,"17 R",571100,2811058,"WQ_BISC122",2024,31.75,31.75,3.75,3.65,0,0,28
"739","WQ_BISC122_20",493,0.0757597908377647,0.110297575592995,0.0414764173328876,0.00367734837345779,-0.90741491317749,-0.935470938682556,0.935470938682556,-1.25567829608917,-0.185901761054993,0.243221819400787,0.377967447042465,-1.74378991127014,493,2024,0.5620619,"17 R",571025,2811005,"WQ_BISC122",2024,20.35,20.35,18,18,0,0,2.35
"740","WQ_BISC122_21",494,0.0769589692354202,0.113931015133858,0.0419540144503117,0.00297577236779034,-0.92554497718811,-0.949091553688049,0.949091553688049,-1.30130517482758,-0.205397337675095,0.24876968562603,0.401088267564774,-1.74259698390961,494,2024,0.5725841,"17 R",571017,2810996,"WQ_BISC122",2024,16,16,10.15,10.15,0,0,5.85
"741","WQ_BISC122_22",495,0.0797619447112083,0.118082642555237,0.044344712048769,0.00332778762094676,-0.919898927211761,-0.94518119096756,0.94518119096756,-1.29058444499969,-0.208494871854782,0.235379576683044,0.391909927129745,-1.74422705173492,495,2024,0.647507,"17 R",571031,2810979,"WQ_BISC122",2024,26.35,26.35,6.5,6.5,0,0,19.85
"742","WQ_BISC122_23",496,0.0802953243255615,0.115749374032021,0.0449420884251595,0.00356184202246368,-0.91504979133606,-0.940293252468109,0.940293252468109,-1.27969777584076,-0.180155113339424,0.230173528194427,0.361094236373901,-1.74422705173492,496,2024,0.58646965,"17 R",571038,2810969,"WQ_BISC122",2024,15.95,15.95,7,7,0,0,8.95
"743","WQ_BISC122_24",497,0.0735004842281342,0.110302180051804,0.0405242070555687,0.00274470006115735,-0.928003311157227,-0.951441407203674,0.951441407203674,-1.30969941616058,-0.216222792863846,0.233550190925598,0.396855473518372,-1.74427175521851,497,2024,0.6023203,"17 R",571064,2810969,"WQ_BISC122",2024,10.5,10.5,4.25,4.25,0,0,6.25
"744","WQ_BISC122_25",498,0.0714982599020004,0.104715898633003,0.0401657111942768,0.00379673251882195,-0.899150490760803,-0.930022299289703,0.930022299289703,-1.24091076850891,-0.187396481633186,0.213814198970795,0.352093130350113,-1.74530398845673,498,2024,0.5907473,"17 R",571075,2810984,"WQ_BISC122",2024,48.6,48.6,20.5,20.25,0,0.25,28.1
"745","WQ_BISC122_26",499,0.0769717320799828,0.111991412937641,0.0424366854131222,0.00332967448048294,-0.91707056760788,-0.942253828048706,0.942253828048706,-1.28173875808716,-0.186582952737808,0.238787546753883,0.374635100364685,-1.74817228317261,499,2024,0.5743324,"17 R",571090,2810997,"WQ_BISC122",2024,21.65,21.65,8.5,8.5,0,0,13.15
"746","WQ_BISC122_27",500,0.0730976238846779,0.10510440915823,0.040164478123188,0.00379583798348904,-0.90127021074295,-0.930287778377533,0.930287778377533,-1.24095928668976,-0.169295683503151,0.235964193940163,0.355821341276169,-1.744269490242,500,2024,0.6285271,"17 R",571067,2811003,"WQ_BISC122",2024,13.75,13.75,5.75,5.75,0,0,8
"747","WQ_BISC122_28",501,0.0793642997741699,0.115101806819439,0.0430315323174,0.0023928084410727,-0.941465437412262,-0.959269464015961,0.959269464015961,-1.34196960926056,-0.185724794864655,0.257049143314362,0.39073458313942,-1.74422705173492,501,2024,0.7113149,"17 R",571057,2810995,"WQ_BISC122",2024,15.75,15.75,6.25,4.75,0,1.5,9.5
"748","WQ_BISC122_29",502,0.0804305076599121,0.117954418063164,0.0445844419300556,0.00286070886068046,-0.931308269500732,-0.952643215656281,0.952643215656281,-1.31911480426788,-0.198967844247818,0.238943666219711,0.386448532342911,-1.74422705173492,502,2024,0.6191635,"17 R",571051,2810984,"WQ_BISC122",2024,11.35,11.35,6.35,5.1,0,1.25,5
"749","WQ_BISC122_3",503,0.073635533452034,0.111471638083458,0.0417189747095108,0.00391332665458322,-0.899074554443359,-0.932169198989868,0.932169198989868,-1.24272656440735,-0.225841164588928,0.209608942270279,0.383824080228806,-1.74846386909485,503,2024,0.77500117,"17 R",571102,2811047,"WQ_BISC122",2024,26.65,26.65,20.25,20.25,0,0,6.4
"750","WQ_BISC122_30",504,0.0797619447112083,0.118082642555237,0.044344712048769,0.00332778762094676,-0.919898927211761,-0.94518119096756,0.94518119096756,-1.29058444499969,-0.208494871854782,0.235379576683044,0.391909927129745,-1.74422705173492,504,2024,0.6265944,"17 R",571039,2810977,"WQ_BISC122",2024,20.75,20.75,6.75,6.75,0,0,14
"751","WQ_BISC122_31",505,0.0832219421863556,0.116785556077957,0.0443441160023212,0.00473014311864972,-0.892438173294067,-0.922147631645203,0.922147631645203,-1.21083760261536,-0.154034495353699,0.277856022119522,0.380875468254089,-1.74377751350403,505,2024,0.7373827,"17 R",571026,2810980,"WQ_BISC122",2024,14.8,14.8,5,4.75,0,0.25,9.8
"752","WQ_BISC122_32",506,0.0769589692354202,0.113931015133858,0.0419540144503117,0.00297577236779034,-0.92554497718811,-0.949091553688049,0.949091553688049,-1.30130517482758,-0.205397337675095,0.24876968562603,0.401088267564774,-1.74259698390961,506,2024,0.8721842,"17 R",571018,2810992,"WQ_BISC122",2024,10.5,10,8.5,8.5,0,0,1.5
"753","WQ_BISC122_33",507,0.0792237222194672,0.117820650339127,0.0431482717394829,0.00414464669302106,-0.900570273399353,-0.932035624980927,0.932035624980927,-1.23708665370941,-0.212853267788887,0.252872854471207,0.411882758140564,-1.7424613237381,507,2024,0.6559802,"17 R",571009,2810984,"WQ_BISC122",2024,65.5,65.5,58,58,0,0,7.5
"754","WQ_BISC122_34",508,0.0821546614170074,0.116006210446358,0.0447014756500721,0.003443747991696,-0.919537127017975,-0.942339897155762,0.942339897155762,-1.28541493415833,-0.15967008471489,0.257828027009964,0.367666721343994,-1.7424613237381,508,2024,0.58838207,"17 R",571009,2810970,"WQ_BISC122",2024,8.7,8.7,5.7,0.95,0,4.75,3
"755","WQ_BISC122_35",509,0.0781582593917847,0.114449620246887,0.0432680174708366,0.003443498397246,-0.915602326393127,-0.941582679748535,0.941582679748535,-1.27884483337402,-0.194866433739662,0.236874237656593,0.380605101585388,-1.7424613237381,509,2024,0.598015,"17 R",571000,2810979,"WQ_BISC122",2024,36.75,36.75,32.5,32.5,0,0,4.25
"756","WQ_BISC122_36",510,0.0808211117982864,0.118208937346935,0.0462528131902218,0.0028585665859282,-0.931678354740143,-0.952777326107025,0.952777326107025,-1.32538259029388,-0.196464121341705,0.211197510361671,0.358793526887894,-1.7424613237381,510,2024,0.7284073,"17 R",570990,2810979,"WQ_BISC122",2024,9.5,9.5,6.25,4.25,0,2,3.25
"757","WQ_BISC122_37",511,0.0745523795485497,0.108475744724274,0.0429075844585896,0.00297442823648453,-0.923267126083374,-0.946623146533966,0.946623146533966,-1.30551671981812,-0.183878883719444,0.197061434388161,0.333784848451614,-1.74328255653381,511,2024,0.6900282,"17 R",570979,2810985,"WQ_BISC122",2024,16.1,15.85,11.5,11.5,0,0,4.35
"758","WQ_BISC122_38",512,0.0709455758333206,0.104706004261971,0.0398001968860626,0.00238921004347503,-0.93484103679657,-0.955381572246552,0.955381572246552,-1.33010828495026,-0.195053920149803,0.21416412293911,0.359416753053665,-1.74388241767883,512,2024,0.70485014,"17 R",570963,2810991,"WQ_BISC122",2024,17.2,17.2,7.1,7.1,0,0,10.1
"759","WQ_BISC122_39",513,0.0762848630547523,0.111461453139782,0.0407565087080002,0.00414306297898293,-0.896974503993988,-0.92832350730896,0.92832350730896,-1.22317802906036,-0.190395101904869,0.265661865472794,0.402672350406647,-1.74388360977173,513,2024,0.6826042,"17 R",570962,2810990,"WQ_BISC122",2024,21.65,21.65,11.85,11.75,0,0.1,9.8
"760","WQ_BISC122_4",514,0.0761687010526657,0.110042698681355,0.0418378375470638,0.00391292991116643,-0.902276456356049,-0.931325376033783,0.931325376033783,-1.24341869354248,-0.178006246685982,0.240907907485962,0.368613719940186,-1.74846386909485,514,2024,0.7953006,"17 R",571091,2811050,"WQ_BISC122",2024,25.8,25.8,15.75,15.75,0,0,10.05
"761","WQ_BISC122_40",515,0.0768134593963623,0.113275818526745,0.041830025613308,0.00273900991305709,-0.931139528751373,-0.952781736850739,0.952781736850739,-1.31563365459442,-0.201026156544685,0.249502822756767,0.397722512483597,-1.74409520626068,515,2024,0.84122753,"17 R",570939,2810981,"WQ_BISC122",2024,14.1,14,10.8,10.65,0,0.15,3.2
"762","WQ_BISC122_41",516,0.0818789452314377,0.122091524302959,0.0467276833951473,0.0036751686129719,-0.914085507392883,-0.941555798053741,0.941555798053741,-1.28125238418579,-0.218558743596077,0.215139582753181,0.382822245359421,-1.74184095859528,516,2024,0.71558636,"17 R",570941,2810968,"WQ_BISC122",2024,31.75,31.75,25.25,24.5,0,0.75,6.5
"763","WQ_BISC122_42",517,0.0800152495503426,0.119501195847988,0.0441010855138302,0.0040261191315949,-0.904187202453613,-0.934814095497131,0.934814095497131,-1.2490326166153,-0.218293398618698,0.243437573313713,0.408321887254715,-1.7340030670166,517,2024,0.8711403,"17 R",570942,2810958,"WQ_BISC122",2024,12.4,12.4,4.25,4.25,0,0,8.15
"764","WQ_BISC122_43",518,0.0788168013095856,0.11613142490387,0.0433847829699516,0.00344186136499047,-0.916316151618958,-0.942430913448334,0.942430913448334,-1.27949345111847,-0.202319115400314,0.24287386238575,0.393006026744843,-1.73298740386963,518,2024,0.7235888,"17 R",570947,2810947,"WQ_BISC122",2024,19.25,19.25,6.75,6.75,0,0,12.5
"765","WQ_BISC122_44",519,0.0748206153512001,0.108736142516136,0.0408775322139263,0.00402740808203816,-0.897843778133392,-0.928568959236145,0.928568959236145,-1.23093771934509,-0.182891353964806,0.243650406599045,0.375511795282364,-1.73079764842987,519,2024,0.6654856,"17 R",570960,2810932,"WQ_BISC122",2024,14.05,14.05,2,2,0,0,12.05
"766","WQ_BISC122_45",520,0.0657366737723351,0.101066738367081,0.0392047986388206,0.00355995749123394,-0.897254526615143,-0.931949317455292,0.931949317455292,-1.2502646446228,-0.232890412211418,0.151279509067535,0.336272090673447,-1.73253846168518,520,2024,0.6638769,"17 R",570975,2810941,"WQ_BISC122",2024,31.5,31.5,1.8,1.3,0,0.5,29.7
"767","WQ_BISC122_46",521,0.0819971039891243,0.12350732088089,0.0455293320119381,0.00367294996976852,-0.91425359249115,-0.942240238189697,0.942240238189697,-1.27604997158051,-0.229638323187828,0.239629298448563,0.415433138608932,-1.7520991563797,521,2024,0.573578,"17 R",570791,2810815,"WQ_BISC122",2024,4.45,4.45,3.25,3,0,0.25,1.2
"768","WQ_BISC122_47",522,0.0841290578246117,0.127519711852074,0.045411117374897,0.00425833789631724,-0.903643786907196,-0.935371041297913,0.935371041297913,-1.24279940128326,-0.238691940903664,0.267603784799576,0.449513286352158,-1.7520991563797,522,2024,0.63837487,"17 R",570800,2810800,"WQ_BISC122",2024,11.3,11.3,7,7,0,0,4.3
"769","WQ_BISC122_48",523,0.0849287137389183,0.129330724477768,0.0485154651105404,0.00355734117329121,-0.919595420360565,-0.946461081504822,0.946461081504822,-1.29505574703217,-0.244547173380852,0.218401879072189,0.409957647323608,-1.74922311306,523,2024,0.55988973,"17 R",570817,2810796,"WQ_BISC122",2024,7.5,7,5,5,0,0,2
"770","WQ_BISC122_49",524,0.0850627049803734,0.127003729343414,0.048754446208477,0.00297295837663114,-0.932460129261017,-0.954253971576691,0.954253971576691,-1.32757925987244,-0.223251864314079,0.215619161725044,0.387813925743103,-1.74375450611115,524,2024,0.59486866,"17 R",570827,2810801,"WQ_BISC122",2024,27.35,27.35,23.55,23.55,0,0,3.8
"771","WQ_BISC122_5",525,0.0790974795818329,0.113415405154228,0.0429114587605,0.00297666084952652,-0.927464127540588,-0.948851108551025,0.948851108551025,-1.30539667606354,-0.17306250333786,0.256160378456116,0.378242194652557,-1.74523174762726,525,2024,0.6361016,"17 R",571075,2811059,"WQ_BISC122",2024,17.55,17.55,14.7,14.5,0,0.2,2.85
"772","WQ_BISC122_50",526,0.0646573603153229,0.0976772457361221,0.0363344363868237,0.00262498762458563,-0.921970963478088,-0.94765841960907,0.94765841960907,-1.2978675365448,-0.212397485971451,0.202175885438919,0.363856703042984,-1.75252068042755,526,2024,0.64431006,"17 R",570827,2810700,"WQ_BISC122",2024,41.65,41.4,40.5,40.5,0,0,0.9
"773","WQ_BISC122_51",527,0.0571551397442818,0.089075431227684,0.0304731801152229,0.00379417836666107,-0.875497281551361,-0.918290197849274,0.918290197849274,-1.16783154010773,-0.235612124204636,0.234906420111656,0.414420813322067,-1.7491466999054,527,2024,0.57661337,"17 R",570838,2810704,"WQ_BISC122",2024,64,64,62,62,0,0,2
"774","WQ_BISC122_52",528,0.0623834654688835,0.0950733870267868,0.0360958874225616,0.002625284017995,-0.919232904911041,-0.946257531642914,0.946257531642914,-1.29660093784332,-0.21885447204113,0.17221774160862,0.342182159423828,-1.74249589443207,528,2024,0.59972364,"17 R",570847,2810720,"WQ_BISC122",2024,11,11,6,6.25,0,0,5
"775","WQ_BISC122_53",529,0.0796126648783684,0.119369253516197,0.0412348806858063,0.00356002803891897,-0.914394319057465,-0.942080080509186,0.942080080509186,-1.26157820224762,-0.222137674689293,0.298008620738983,0.461746424436569,-1.74085223674774,529,2024,0.6097979,"17 R",570846,2810733,"WQ_BISC122",2024,17,17,5,4.75,0,0,12
"776","WQ_BISC122_54",530,0.0765456855297089,0.117165215313435,0.0389637798070908,0.00285820197314024,-0.928008496761322,-0.952372610569,0.952372610569,-1.29497373104095,-0.241182714700699,0.308980941772461,0.489079982042313,-1.74721968173981,530,2024,0.5573711,"17 R",570832,2810738,"WQ_BISC122",2024,10,10,6,6.25,0,0,3
"777","WQ_BISC122_55",531,0.0802744999527931,0.123381823301315,0.0435030870139599,0.00355908600613475,-0.915091633796692,-0.943925321102142,0.943925321102142,-1.27312445640564,-0.249766126275063,0.258783906698227,0.45135760307312,-1.75775182247162,531,2024,0.5561877,"17 R",570818,2810727,"WQ_BISC122",2024,11,11,5,4.25,0,1,5
"778","WQ_BISC122_56",532,0.082536906003952,0.12325181812048,0.0463686436414719,0.00390963675454259,-0.909547865390778,-0.938509106636047,0.938509106636047,-1.2667201757431,-0.220827639102936,0.229985982179642,0.398539811372757,-1.76296484470367,532,2024,0.5551997,"17 R",570800,2810719,"WQ_BISC122",2024,18,17,9,8.75,0,0,8
"779","WQ_BISC122_57",533,0.0808051899075508,0.123251259326935,0.0442190691828728,0.00355879007838666,-0.915632486343384,-0.943872094154358,0.943872094154358,-1.27654147148132,-0.242027059197426,0.250891357660294,0.437052577733994,-1.7696750164032,533,2024,0.5918156,"17 R",570794,2810709,"WQ_BISC122",2024,16,16,8,5.75,0,2,9
"780","WQ_BISC122_58",534,0.0838686972856522,0.122605010867119,0.0446976460516453,0.00309182400815189,-0.92889130115509,-0.950805068016052,0.950805068016052,-1.30590975284576,-0.199106261134148,0.278552889823914,0.423060417175293,-1.76307642459869,534,2024,0.54554373,"17 R",570807,2810699,"WQ_BISC122",2024,23,23,15,14.25,0,1,7
"781","WQ_BISC122_59",535,0.0671998113393784,0.100541278719902,0.0370521247386932,0.00192374980542809,-0.944338798522949,-0.962450623512268,0.962450623512268,-1.35192763805389,-0.20521567761898,0.223392322659492,0.376884698867798,-1.75256443023682,535,2024,0.5476332,"17 R",570821,2810688,"WQ_BISC122",2024,47,46,45,45,0,0,1
"782","WQ_BISC122_6",536,0.0796282067894936,0.116008467972279,0.0432688891887665,0.00285910186357796,-0.930677771568298,-0.951894342899323,0.951894342899323,-1.31405425071716,-0.190926432609558,0.255489021539688,0.394117206335068,-1.74376893043518,536,2024,0.73211145,"17 R",571067,2811070,"WQ_BISC122",2024,14.55,14.45,11.15,10.65,0,0.5,3.3
"783","WQ_BISC122_60",537,0.0646602809429169,0.0992410480976105,0.0362161211669445,0.00414560874924064,-0.879498422145844,-0.9198037981987,0.9198037981987,-1.19186592102051,-0.229602202773094,0.205114513635635,0.382386386394501,-1.74934637546539,537,2024,0.56461287,"17 R",570834,2810679,"WQ_BISC122",2024,39,38,37,36.25,0,0,2
"784","WQ_BISC122_61",538,0.0737501457333565,0.1074348539114,0.0371735505759716,0.00262653967365623,-0.931221425533295,-0.952271342277527,0.952271342277527,-1.30202007293701,-0.18422619998455,0.313502341508865,0.440546095371246,-1.74293613433838,538,2024,0.58067846,"17 R",570842,2810668,"WQ_BISC122",2024,35.5,35,31.5,31.5,0,0,3.5
"785","WQ_BISC122_62",539,0.079486146569252,0.117687858641148,0.0415963605046272,0.00356231862679124,-0.914211094379425,-0.941240191459656,0.941240191459656,-1.26334655284882,-0.208321556448936,0.288675159215927,0.440478146076202,-1.73799932003021,539,2024,0.5715523,"17 R",570860,2810671,"WQ_BISC122",2024,5.5,5,4,3.5,0,0.5,1
"786","WQ_BISC122_63",540,0.0828169733285904,0.12325881421566,0.0452997460961342,0.00449810922145844,-0.896968305110931,-0.929583311080933,0.929583311080933,-1.22901785373688,-0.217501789331436,0.254063159227371,0.417521178722382,-1.73448801040649,540,2024,0.62734234,"17 R",570876,2810666,"WQ_BISC122",2024,26.1,26.1,17.25,17.25,0,0,8.85
"787","WQ_BISC122_64",541,0.0833529382944107,0.121966019272804,0.0467338673770428,0.0028626003768295,-0.933594346046448,-0.954135537147522,0.954135537147522,-1.32684648036957,-0.199599757790565,0.232864171266556,0.381686359643936,-1.72722637653351,541,2024,0.61072457,"17 R",570892,2810657,"WQ_BISC122",2024,11.25,11.25,7.25,6.25,0,1,4
"788","WQ_BISC122_65",542,0.0848183333873749,0.122485011816025,0.0470928698778152,0.00286325020715594,-0.934689819812775,-0.954315304756165,0.954315304756165,-1.32805407047272,-0.186783507466316,0.243503257632256,0.379722952842712,-1.72662436962128,542,2024,0.5910092,"17 R",570905,2810646,"WQ_BISC122",2024,4.95,4.95,2.1,2,0,0.1,2.85
"789","WQ_BISC122_66",543,0.0821611285209656,0.123134210705757,0.0472137033939362,0.00298120244406164,-0.92997133731842,-0.952722609043121,0.952722609043121,-1.32182240486145,-0.224354058504105,0.209400504827499,0.382929801940918,-1.72023177146912,543,2024,0.58473164,"17 R",570921,2810633,"WQ_BISC122",2024,9.2,9.2,3.6,3.5,0,0.1,5.6
"790","WQ_BISC122_67",544,0.0814961269497871,0.121321797370911,0.04602025821805,0.00379974045790732,-0.910904467105865,-0.939263224601746,0.939263224601746,-1.27119183540344,-0.216376408934593,0.223986461758614,0.388876497745514,-1.72011995315552,544,2024,0.5602109,"17 R",570920,2810622,"WQ_BISC122",2024,32.7,32.2,28.75,28.75,0,0,3.45
"791","WQ_BISC122_68",545,0.0771011039614677,0.113804742693901,0.0429161228239536,0.00403402047231793,-0.900560438632965,-0.931533217430115,0.931533217430115,-1.24223589897156,-0.202347785234451,0.230500549077988,0.381580978631973,-1.72514641284943,545,2024,0.60702884,"17 R",570923,2810604,"WQ_BISC122",2024,19.75,19.75,4.75,4.75,0,0,15
"792","WQ_BISC122_69",546,0.0633439719676971,0.0982114896178246,0.0375402607023716,0.00321665336377919,-0.903346657752991,-0.936572790145874,0.936572790145874,-1.26323127746582,-0.238843649625778,0.15269061923027,0.342819064855576,-1.71981608867645,546,2024,0.53717786,"17 R",570935,2810588,"WQ_BISC122",2024,37.45,37.45,0.35,0.35,0,0,37.1
"793","WQ_BISC122_7",547,0.077363133430481,0.11341454833746,0.0430300012230873,0.00239134370349348,-0.940032362937927,-0.958700835704803,0.958700835704803,-1.34205591678619,-0.195224955677986,0.2315424233675,0.375996112823486,-1.74505698680878,547,2024,0.6436696,"17 R",571073,2811083,"WQ_BISC122",2024,20.8,20.8,16.7,16,0,0.7,4.1
"794","WQ_BISC122_70",548,0.0720364600419998,0.106666646897793,0.0413653254508972,0.00426933309063315,-0.888099372386932,-0.92303067445755,0.92303067445755,-1.21933615207672,-0.199943125247955,0.195205822587013,0.34667032957077,-1.71596479415894,548,2024,0.66061693,"17 R",570945,2810578,"WQ_BISC122",2024,14.5,14.5,5,5,0,0,9.5
"795","WQ_BISC122_71",549,0.0813712254166603,0.121196337044239,0.0467400662600994,0.00368552911095321,-0.913339555263519,-0.940975725650787,0.940975725650787,-1.28073465824127,-0.216786503791809,0.208684355020523,0.375248104333878,-1.70814454555511,549,2024,0.5550231,"17 R",570956,2810568,"WQ_BISC122",2024,14.75,14.75,6.75,6.75,0,0,8
"796","WQ_BISC122_72",550,0.0804423466324806,0.118866294622421,0.0469799749553204,0.00356943043880165,-0.915025472640991,-0.941693007946014,0.941693007946014,-1.28816187381744,-0.207184389233589,0.192661538720131,0.351681172847748,-1.69197034835815,550,2024,0.5864558,"17 R",570975,2810569,"WQ_BISC122",2024,6.25,6.25,5.5,5.5,0,0,0.75
"797","WQ_BISC122_73",551,0.0825750529766083,0.123529724776745,0.0476972907781601,0.00415477436035872,-0.904190421104431,-0.934921264648438,0.934921264648438,-1.25961756706238,-0.222811624407768,0.205385580658913,0.377867698669434,-1.7004132270813,551,2024,0.5726333,"17 R",570982,2810548,"WQ_BISC122",2024,10.85,10.1,7.25,6.25,0,1,2.85
"798","WQ_BISC122_74",552,0.0718847140669823,0.102887831628323,0.0399212166666985,0.00320854084566236,-0.914545178413391,-0.939516484737396,0.939516484737396,-1.27682173252106,-0.162878826260567,0.224621325731277,0.339436054229736,-1.74244451522827,552,2024,0.6349914,"17 R",570994,2811010,"WQ_BISC122",2024,13.65,13.15,7.75,7.75,0,0,5.4
"799","WQ_BISC122_75",553,0.0697484239935875,0.103928774595261,0.0388458706438541,0.00274105113931,-0.924373805522919,-0.948606789112091,0.948606789112091,-1.30226588249207,-0.203980326652527,0.218676641583443,0.371660023927689,-1.74243700504303,553,2024,0.61572987,"17 R",571005,2811017,"WQ_BISC122",2024,13.35,13.35,5.25,5.25,0,0,8.1
"800","WQ_BISC122_76",554,0.0697484239935875,0.103928774595261,0.0388458706438541,0.00274105113931,-0.924373805522919,-0.948606789112091,0.948606789112091,-1.30226588249207,-0.203980326652527,0.218676641583443,0.371660023927689,-1.74243700504303,554,2024,0.6514863,"17 R",571005,2811017,"WQ_BISC122",2024,5.1,5.1,1.6,1.6,0,0,3.5
"801","WQ_BISC122_77",555,0.0697484239935875,0.103928774595261,0.0388458706438541,0.00274105113931,-0.924373805522919,-0.948606789112091,0.948606789112091,-1.30226588249207,-0.203980326652527,0.218676641583443,0.371660023927689,-1.74243700504303,555,2024,0.6514863,"17 R",571005,2811017,"WQ_BISC122",2024,9.15,9.15,3.2,3.2,0,0,5.95
"802","WQ_BISC122_78",556,0.0697484239935875,0.103928774595261,0.0388458706438541,0.00274105113931,-0.924373805522919,-0.948606789112091,0.948606789112091,-1.30226588249207,-0.203980326652527,0.218676641583443,0.371660023927689,-1.74243700504303,556,2024,0.6514863,"17 R",571005,2811017,"WQ_BISC122",2024,25.1,24.35,19,19,0,0,5.35
"803","WQ_BISC122_79",557,0.0697484239935875,0.103928774595261,0.0388458706438541,0.00274105113931,-0.924373805522919,-0.948606789112091,0.948606789112091,-1.30226588249207,-0.203980326652527,0.218676641583443,0.371660023927689,-1.74243700504303,557,2024,0.6514863,"17 R",571005,2811017,"WQ_BISC122",2024,9.7,9.7,7.5,7.25,0,0.25,2.2
"804","WQ_BISC122_8",558,0.0785621181130409,0.113025024533272,0.0424324311316013,0.00274183670990169,-0.93255341053009,-0.952631771564484,0.952631771564484,-1.31791603565216,-0.176109194755554,0.25932788848877,0.383903503417969,-1.74507677555084,558,2024,0.7107533,"17 R",571076,2811099,"WQ_BISC122",2024,27.55,27.3,24.75,24.25,0,0.5,2.55
"805","WQ_BISC122_80",559,0.0697484239935875,0.103928774595261,0.0388458706438541,0.00274105113931,-0.924373805522919,-0.948606789112091,0.948606789112091,-1.30226588249207,-0.203980326652527,0.218676641583443,0.371660023927689,-1.74243700504303,559,2024,0.6514863,"17 R",571005,2811017,"WQ_BISC122",2024,12.95,12.7,9.5,9.25,0,0.25,3.2
"806","WQ_BISC122_81",560,0.0697484239935875,0.103928774595261,0.0388458706438541,0.00274105113931,-0.924373805522919,-0.948606789112091,0.948606789112091,-1.30226588249207,-0.203980326652527,0.218676641583443,0.371660023927689,-1.74243700504303,560,2024,0.6514863,"17 R",571005,2811017,"WQ_BISC122",2024,18.95,18.95,6.1,6.1,0,0,12.85
"807","WQ_BISC122_82",561,0.0697484239935875,0.103928774595261,0.0388458706438541,0.00274105113931,-0.924373805522919,-0.948606789112091,0.948606789112091,-1.30226588249207,-0.203980326652527,0.218676641583443,0.371660023927689,-1.74243700504303,561,2024,0.6514863,"17 R",571005,2811017,"WQ_BISC122",2024,22.5,22.5,6.75,6.75,0,0,15.75
"808","WQ_BISC122_83",562,0.0697484239935875,0.103928774595261,0.0388458706438541,0.00274105113931,-0.924373805522919,-0.948606789112091,0.948606789112091,-1.30226588249207,-0.203980326652527,0.218676641583443,0.371660023927689,-1.74243700504303,562,2024,0.6514863,"17 R",571005,2811017,"WQ_BISC122",2024,23,23,5.75,5.75,0,0,17.25
"809","WQ_BISC122_84",563,0.0697484239935875,0.103928774595261,0.0388458706438541,0.00274105113931,-0.924373805522919,-0.948606789112091,0.948606789112091,-1.30226588249207,-0.203980326652527,0.218676641583443,0.371660023927689,-1.74243700504303,563,2024,0.6514863,"17 R",571005,2811017,"WQ_BISC122",2024,26,26,2,2,0,0,24
"810","WQ_BISC122_85",564,0.0697484239935875,0.103928774595261,0.0388458706438541,0.00274105113931,-0.924373805522919,-0.948606789112091,0.948606789112091,-1.30226588249207,-0.203980326652527,0.218676641583443,0.371660023927689,-1.74243700504303,564,2024,0.6514863,"17 R",571005,2811017,"WQ_BISC122",2024,21.35,21.35,8.85,8.75,0,0.1,12.5
"811","WQ_BISC122_86",565,0.0697484239935875,0.103928774595261,0.0388458706438541,0.00274105113931,-0.924373805522919,-0.948606789112091,0.948606789112091,-1.30226588249207,-0.203980326652527,0.218676641583443,0.371660023927689,-1.74243700504303,565,2024,0.6514863,"17 R",571005,2811017,"WQ_BISC122",2024,20.25,19,15.75,15.75,0,0,3.25
"812","WQ_BISC122_87",566,0.0697484239935875,0.103928774595261,0.0388458706438541,0.00274105113931,-0.924373805522919,-0.948606789112091,0.948606789112091,-1.30226588249207,-0.203980326652527,0.218676641583443,0.371660023927689,-1.74243700504303,566,2024,0.6514863,"17 R",571005,2811017,"WQ_BISC122",2024,15.6,14.1,5.6,5.5,0,0.1,8.5
"813","WQ_BISC122_88",567,0.0697484239935875,0.103928774595261,0.0388458706438541,0.00274105113931,-0.924373805522919,-0.948606789112091,0.948606789112091,-1.30226588249207,-0.203980326652527,0.218676641583443,0.371660023927689,-1.74243700504303,567,2024,0.6514863,"17 R",571005,2811017,"WQ_BISC122",2024,8.96,8.96,3.36,3.36,0,0,5.6
"814","WQ_BISC122_89",568,0.0697484239935875,0.103928774595261,0.0388458706438541,0.00274105113931,-0.924373805522919,-0.948606789112091,0.948606789112091,-1.30226588249207,-0.203980326652527,0.218676641583443,0.371660023927689,-1.74243700504303,568,2024,0.6514863,"17 R",571005,2811017,"WQ_BISC122",2024,7.1,7.1,1.85,0.1,0,1.75,5.25
"815","WQ_BISC122_9",569,0.0769663900136948,0.10705403983593,0.0408807806670666,0.0033274267334491,-0.917118728160858,-0.939710438251495,0.939710438251495,-1.27419853210449,-0.137683868408203,0.271855294704437,0.359856814146042,-1.74797296524048,569,2024,0.6785369,"17 R",571094,2811087,"WQ_BISC122",2024,6.85,6.85,4.45,4.15,0,0.3,2.4
"816","WQ_BISC122_90",570,0.0697484239935875,0.103928774595261,0.0388458706438541,0.00274105113931,-0.924373805522919,-0.948606789112091,0.948606789112091,-1.30226588249207,-0.203980326652527,0.218676641583443,0.371660023927689,-1.74243700504303,570,2024,0.6514863,"17 R",571005,2811017,"WQ_BISC122",2024,9.95,9.7,5,4,0,1,4.7
"817","WQ_BISC122_91",571,0.0697484239935875,0.103928774595261,0.0388458706438541,0.00274105113931,-0.924373805522919,-0.948606789112091,0.948606789112091,-1.30226588249207,-0.203980326652527,0.218676641583443,0.371660023927689,-1.74243700504303,571,2024,0.6514863,"17 R",571005,2811017,"WQ_BISC122",2024,17.85,17.75,14.25,13.75,0,0.5,3.5
"818","WQ_BISC122_92",572,0.0697484239935875,0.103928774595261,0.0388458706438541,0.00274105113931,-0.924373805522919,-0.948606789112091,0.948606789112091,-1.30226588249207,-0.203980326652527,0.218676641583443,0.371660023927689,-1.74243700504303,572,2024,0.6514863,"17 R",571005,2811017,"WQ_BISC122",2024,11.95,11.95,5.6,5.6,0,0,6.35
"819","WQ_BISC122_93",573,0.0697484239935875,0.103928774595261,0.0388458706438541,0.00274105113931,-0.924373805522919,-0.948606789112091,0.948606789112091,-1.30226588249207,-0.203980326652527,0.218676641583443,0.371660023927689,-1.74243700504303,573,2024,0.6514863,"17 R",571005,2811017,"WQ_BISC122",2024,22.95,22.95,17,17,0,0,5.95
"820","WQ_BISC122_94",574,0.0697484239935875,0.103928774595261,0.0388458706438541,0.00274105113931,-0.924373805522919,-0.948606789112091,0.948606789112091,-1.30226588249207,-0.203980326652527,0.218676641583443,0.371660023927689,-1.74243700504303,574,2024,0.6514863,"17 R",571005,2811017,"WQ_BISC122",2024,11,11,6.25,6.25,0,0,4.75
"821","WQ_CD01A_1",575,0.0166422855108976,0.028374845162034,0.014292404986918,0.00870757643133402,-0.313007980585098,-0.530366361141205,0.530366361141205,-0.364228248596191,-0.22700996696949,-0.327252805233002,-0.115196838974953,-1.06158411502838,575,2024,0.6340959,"17 R",569902,2832736,"WQ_CD01A",2024,92.25,92.25,49,42.5,0,6.5,43.25
"822","WQ_CD01A_10",576,0.0168909300118685,0.0251319035887718,0.015734052285552,0.00881417188793421,-0.31420835852623,-0.48069566488266,0.48069566488266,-0.422833859920502,-0.080371081829071,-0.397675186395645,-0.314541161060333,-1.03555309772491,576,2024,0.71980655,"17 R",569865,2832752,"WQ_CD01A",2024,84.75,84.75,82.25,8.5,0,73.75,2.5
"823","WQ_CD01A_11",577,0.0162018015980721,0.025804566219449,0.0152488760650158,0.00869662687182426,-0.301431655883789,-0.495865166187286,0.495865166187286,-0.41044756770134,-0.15071177482605,-0.411543279886246,-0.262712031602859,-1.03552889823914,577,2024,0.79279536,"17 R",569862,2832743,"WQ_CD01A",2024,100.25,100.25,22.75,12.75,0,10,77.5
"824","WQ_CD01A_12",578,0.0170255582779646,0.0271440651267767,0.0163393020629883,0.00916684977710247,-0.300037652254105,-0.4950912296772,0.4950912296772,-0.421807199716568,-0.156080469489098,-0.423222035169601,-0.268149852752686,-1.03119456768036,578,2024,0.73977345,"17 R",569857,2832733,"WQ_CD01A",2024,92.25,92.25,85.5,5,0,80.5,6.75
"825","WQ_CD01A_13",579,0.0185454674065113,0.0276821460574865,0.0173117332160473,0.00845892727375031,-0.373514771461487,-0.531893968582153,0.531893968582153,-0.51528400182724,-0.0918891057372093,-0.388998299837112,-0.295431345701218,-1.02999007701874,579,2024,0.6197296,"17 R",569853,2832727,"WQ_CD01A",2024,94,94,38.75,0,0,38.75,55.25
"826","WQ_CD01A_14",580,0.014673768542707,0.0267386082559824,0.0164586547762156,0.00904723815619946,-0.23719610273838,-0.494367808103561,0.494367808103561,-0.435864955186844,-0.288389652967453,-0.578332841396332,-0.289105534553528,-1.02270328998566,580,2024,0.7060819,"17 R",569847,2832715,"WQ_CD01A",2024,35.5,35.5,25.75,0.5,0,25.25,9.75
"827","WQ_CD01A_15",581,0.0179960839450359,0.0271469987928867,0.0151267740875483,0.00940456986427307,-0.313551425933838,-0.485408127307892,0.485408127307892,-0.349891394376755,-0.10075931251049,-0.29937943816185,-0.205473333597183,-1.02911913394928,581,2024,0.6767532,"17 R",569857,2832707,"WQ_CD01A",2024,98.5,98.5,98.5,5.75,0,92.75,0
"828","WQ_CD01A_16",582,0.0152403684332967,0.0268829502165318,0.0146444644778967,0.00869874749332666,-0.273260742425919,-0.511054933071136,0.511054933071136,-0.382062911987305,-0.256350427865982,-0.436839401721954,-0.18895348906517,-1.03605759143829,582,2024,0.69980603,"17 R",569864,2832706,"WQ_CD01A",2024,100.25,100.25,98,96.25,0,1.75,2.25
"829","WQ_CD01A_17",583,0.0171690955758095,0.0259392540901899,0.0151275368407369,0.00834244303405285,-0.345986694097519,-0.513300478458405,0.513300478458405,-0.433645069599152,-0.0983771681785583,-0.346467345952988,-0.251023322343826,-1.02906835079193,583,2024,0.7197212,"17 R",569858,2832699,"WQ_CD01A",2024,88.25,88.25,86.5,43.5,0,43,1.75
"830","WQ_CD01A_18",584,0.0175771396607161,0.0258003659546375,0.0156098296865821,0.00940250791609287,-0.302992522716522,-0.465810209512711,0.465810209512711,-0.372255593538284,-0.0690582469105721,-0.350820988416672,-0.281858682632446,-1.02198672294617,584,2024,0.76049805,"17 R",569845,2832699,"WQ_CD01A",2024,99.75,99.75,31.25,10,0,21.25,68.5
"831","WQ_CD01A_19",585,0.0175771396607161,0.0258003659546375,0.0156098296865821,0.00940250791609287,-0.302992522716522,-0.465810209512711,0.465810209512711,-0.372255593538284,-0.0690582469105721,-0.350820988416672,-0.281858682632446,-1.02198672294617,585,2024,0.790344,"17 R",569840,2832691,"WQ_CD01A",2024,99.5,99.5,60,9.25,0,50.75,39.5
"832","WQ_CD01A_2",586,0.0178771894425154,0.0266240406781435,0.0136804366484284,0.00716945854946971,-0.427511543035507,-0.575690090656281,0.575690090656281,-0.468418031930923,-0.0862620994448662,-0.216851890087128,-0.143375098705292,-1.05573236942291,586,2024,0.60548997,"17 R",569893,2832746,"WQ_CD01A",2024,100,100,100,94.75,0,5.25,0
"833","WQ_CD01A_20",587,0.0164662394672632,0.0268703456968069,0.0162135995924473,0.00916377548128366,-0.284918457269669,-0.49138343334198,0.49138343334198,-0.416699379682541,-0.178476616740227,-0.449774175882339,-0.272018164396286,-1.01140093803406,587,2024,0.6549443,"17 R",569839,2832691,"WQ_CD01A",2024,16.25,16.25,9.75,0.5,0,9.25,6.5
"834","WQ_CD01A_21",588,0.0164662394672632,0.0268703456968069,0.0162135995924473,0.00916377548128366,-0.284918457269669,-0.49138343334198,0.49138343334198,-0.416699379682541,-0.178476616740227,-0.449774175882339,-0.272018164396286,-1.01140093803406,588,2024,0.6549443,"17 R",569839,2832691,"WQ_CD01A",2024,98.25,98.25,3,2,0,1,95.25
"835","WQ_CD01A_22",589,0.0182537268847227,0.0264619030058384,0.0168165825307369,0.00845215562731028,-0.367019176483154,-0.515830814838409,0.515830814838409,-0.496528178453445,-0.0587842129170895,-0.379110753536224,-0.316965490579605,-1.00581669807434,589,2024,0.7484618,"17 R",569827,2832701,"WQ_CD01A",2024,99,99,48.5,8.75,0,39.75,50.5
"836","WQ_CD01A_23",590,0.0194911248981953,0.0268612932413816,0.0181497670710087,0.00915858801454306,-0.360650628805161,-0.491470396518707,0.491470396518707,-0.493869692087173,-0.00946363061666489,-0.381202042102814,-0.363892465829849,-0.998656451702118,590,2024,0.6801843,"17 R",569818,2832697,"WQ_CD01A",2024,80,80,45.5,8.75,0,36.75,34.5
"837","WQ_CD01A_24",591,0.0194911248981953,0.0268612932413816,0.0181497670710087,0.00915858801454306,-0.360650628805161,-0.491470396518707,0.491470396518707,-0.493869692087173,-0.00946363061666489,-0.381202042102814,-0.363892465829849,-0.998656451702118,591,2024,0.6878143,"17 R",569817,2832696,"WQ_CD01A",2024,100,100,87.25,7.75,0,79.5,12.75
"838","WQ_CD01A_25",592,0.0175572857260704,0.0260543581098318,0.0169344432651997,0.00939421821385622,-0.302879840135574,-0.469980508089066,0.469980508089066,-0.429582715034485,-0.0808278098702431,-0.424206882715225,-0.338153779506683,-1.00033295154572,592,2024,1.3830217,"17 R",569812,2832701,"WQ_CD01A",2024,74,74,53.5,7.75,0,45.75,20.5
"839","WQ_CD01A_26",593,0.0194911248981953,0.0268612932413816,0.0181497670710087,0.00915858801454306,-0.360650628805161,-0.491470396518707,0.491470396518707,-0.493869692087173,-0.00946363061666489,-0.381202042102814,-0.363892465829849,-0.998656451702118,593,2024,0.61869156,"17 R",569811,2832700,"WQ_CD01A",2024,99.75,99.75,99.5,99.25,0,0.25,0.25
"840","WQ_CD01A_27",594,0.0175572857260704,0.0260543581098318,0.0169344432651997,0.00939421821385622,-0.302879840135574,-0.469980508089066,0.469980508089066,-0.429582715034485,-0.0808278098702431,-0.424206882715225,-0.338153779506683,-1.00033295154572,594,2024,0.6656151,"17 R",569811,2832709,"WQ_CD01A",2024,31,31,18.5,5.25,0,13.25,12.5
"841","WQ_CD01A_28",595,0.0205908659845591,0.0316908732056618,0.0206973925232887,0.0105738854035735,-0.321420192718506,-0.499635845422745,0.499635845422745,-0.4855976998806,-0.134146049618721,-0.442838311195374,-0.305133849382401,-1.00115692615509,595,2024,0.77196664,"17 R",569816,2832721,"WQ_CD01A",2024,97.75,97.75,7.25,2.75,0,4.5,90.5
"842","WQ_CD01A_29",596,0.0205908659845591,0.0316908732056618,0.0206973925232887,0.0105738854035735,-0.321420192718506,-0.499635845422745,0.499635845422745,-0.4855976998806,-0.134146049618721,-0.442838311195374,-0.305133849382401,-1.00115692615509,596,2024,0.6453003,"17 R",569815,2832724,"WQ_CD01A",2024,13.35,13.35,7.5,2.25,0,5.25,5.85
"843","WQ_CD01A_3",597,0.0167652387171984,0.0242006089538336,0.0140404915437102,0.00881937518715858,-0.31057196855545,-0.465815901756287,0.465815901756287,-0.342594921588898,-0.046830527484417,-0.30411621928215,-0.259892165660858,-1.04678702354431,597,2024,0.626927,"17 R",569883,2832759,"WQ_CD01A",2024,99.25,99.25,90,3,0,87,9.25
"844","WQ_CD01A_30",598,0.0193551853299141,0.0284742675721645,0.0183939859271049,0.00868726521730423,-0.380420386791229,-0.532459259033203,0.532459259033203,-0.537644326686859,-0.0797951444983482,-0.400058329105377,-0.316423892974854,-1.00816679000854,598,2024,0.6663904,"17 R",569824,2832730,"WQ_CD01A",2024,40.25,40.25,38.25,3.75,0,34.5,2
"845","WQ_CD01A_31",599,0.016324020922184,0.0275388695299625,0.0175474472343922,0.008689871057868,-0.305196404457092,-0.520277500152588,0.520277500152588,-0.506391882896423,-0.213841050863266,-0.528583586215973,-0.311594605445862,-1.01566970348358,599,2024,0.6706148,"17 R",569832,2832730,"WQ_CD01A",2024,48.5,48.5,19,0,0,19,29.5
"846","WQ_CD01A_32",600,0.015501419082284,0.0274090971797705,0.0164579004049301,0.0079839713871479,-0.320090383291245,-0.548839807510376,0.548839807510376,-0.520045816898346,-0.260417222976685,-0.523422062397003,-0.264301896095276,-1.02378189563751,600,2024,0.64322567,"17 R",569842,2832727,"WQ_CD01A",2024,99,99,98,96.5,0,1.5,1
"847","WQ_CD01A_33",601,0.0177063010632992,0.0264654606580734,0.0177910942584276,0.00939886644482613,-0.306488960981369,-0.475865453481674,0.475865453481674,-0.462977558374405,-0.0893789231777191,-0.45953381061554,-0.362542033195496,-1.01548564434052,601,2024,0.6783623,"17 R",569835,2832720,"WQ_CD01A",2024,54.75,54.75,32,2.25,0,29.75,22.75
"848","WQ_CD01A_34",602,0.0350801050662994,0.0637391060590744,0.0269913896918297,0.00581763498485088,-0.715503334999084,-0.83272260427475,0.83272260427475,-0.968045592308044,-0.360260993242264,-0.145594000816345,0.17818783223629,-1.40439879894257,602,2024,0.5733012,"17 R",570136,2832727,"WQ_CD01A",2024,5.75,5.75,0,0,0,0,5.75
"849","WQ_CD01A_35",603,0.0352160446345806,0.06453637778759,0.0272330082952976,0.00605315435677767,-0.706650257110596,-0.828497111797333,0.828497111797333,-0.954444050788879,-0.369893848896027,-0.14963236451149,0.183387100696564,-1.40923714637756,603,2024,0.6098893,"17 R",570134,2832739,"WQ_CD01A",2024,11.75,11.75,6.5,6.5,0,0,5.25
"850","WQ_CD01A_36",604,0.0323290154337883,0.0602752827107906,0.0246848482638597,0.00605048518627882,-0.684702217578888,-0.817552506923676,0.817552506923676,-0.909427106380463,-0.381245464086533,-0.148017153143883,0.194796979427338,-1.38823187351227,604,2024,0.60784924,"17 R",570129,2832739,"WQ_CD01A",2024,29.5,29.5,2.5,1,0,1.5,27
"851","WQ_CD01A_37",605,0.0310920048505068,0.0568118467926979,0.0241992827504873,0.00593190919607878,-0.679563343524933,-0.810916364192963,0.810916364192963,-0.909391820430756,-0.35599023103714,-0.169407278299332,0.151740491390228,-1.39210569858551,605,2024,0.5453556,"17 R",570120,2832744,"WQ_CD01A",2024,78.5,78.5,78.5,27.75,0,50.75,0
"852","WQ_CD01A_38",606,0.0316357053816319,0.0576077327132225,0.0256503969430923,0.00522098783403635,-0.716687142848969,-0.83380252122879,0.83380252122879,-0.992638111114502,-0.35376363992691,-0.203734576702118,0.118396855890751,-1.37288916110992,606,2024,0.5284434,"17 R",570114,2832744,"WQ_CD01A",2024,40,40,15.5,13.5,0,2,24.5
"853","WQ_CD01A_39",607,0.0304008927196264,0.051342885941267,0.0233479905873537,0.00545762199908495,-0.695602476596832,-0.807831943035126,0.807831943035126,-0.931608498096466,-0.26854020357132,-0.160116016864777,0.079581655561924,-1.36859571933746,607,2024,0.56793666,"17 R",570113,2832734,"WQ_CD01A",2024,47.5,47.5,33,32.25,0,0.75,14.5
"854","WQ_CD01A_4",608,0.0167652387171984,0.0242006089538336,0.0140404915437102,0.00881937518715858,-0.31057196855545,-0.465815901756287,0.465815901756287,-0.342594921588898,-0.046830527484417,-0.30411621928215,-0.259892165660858,-1.04678702354431,608,2024,0.66602254,"17 R",569884,2832760,"WQ_CD01A",2024,100,100,99.9,96.5,0,3.4,0.1
"855","WQ_CD01A_40",609,0.0310945231467485,0.0566801726818085,0.0238370429724455,0.00557888904586434,-0.695752918720245,-0.820784687995911,0.820784687995911,-0.931033909320831,-0.353389143943787,-0.155946403741837,0.161658495664597,-1.38497018814087,609,2024,0.68754053,"17 R",570126,2832725,"WQ_CD01A",2024,10.5,10.5,5.5,4.25,0,1.25,5
"856","WQ_CD01A_41",610,0.0350801050662994,0.0637391060590744,0.0269913896918297,0.00581763498485088,-0.715503334999084,-0.83272260427475,0.83272260427475,-0.968045592308044,-0.360260993242264,-0.145594000816345,0.17818783223629,-1.40439879894257,610,2024,0.57089406,"17 R",570134,2832721,"WQ_CD01A",2024,10.25,10.25,0.5,0,0,0.5,9.75
"857","WQ_CD01A_42",611,0.0372791886329651,0.0633433163166046,0.0269946940243244,0.0067644976079464,-0.692827820777893,-0.807025849819183,0.807025849819183,-0.898875057697296,-0.292695015668869,-0.0849015340209007,0.171859622001648,-1.42492389678955,611,2024,0.5593069,"17 R",570146,2832723,"WQ_CD01A",2024,9.75,9.75,1.75,1.5,0,0.25,8
"858","WQ_CD01A_43",612,0.031932070851326,0.0532234311103821,0.0203289799392223,0.00593942496925592,-0.686338007450104,-0.799217760562897,0.799217760562897,-0.821684181690216,-0.258469223976135,0.0118580814450979,0.227909982204437,-1.42193186283112,612,2024,0.69878036,"17 R",570143,2832710,"WQ_CD01A",2024,50.25,50.25,28,27.75,0,0.25,22.25
"859","WQ_CD01A_44",613,0.0327501259744167,0.0560190267860889,0.0216595157980919,0.00452029192820191,-0.757432699203491,-0.850665926933289,0.850665926933289,-0.982010126113892,-0.288771271705627,-0.0190877895802259,0.227658897638321,-1.40151715278625,613,2024,0.63106495,"17 R",570132,2832706,"WQ_CD01A",2024,96.25,96.25,7,6.75,0,0.25,89.25
"860","WQ_CD01A_45",614,0.0349399335682392,0.05548245459795,0.0246869698166847,0.00534390099346638,-0.734687566757202,-0.824289977550507,0.824289977550507,-0.966159224510193,-0.213594898581505,-0.0704281255602837,0.111871965229511,-1.38404583930969,614,2024,0.66851157,"17 R",570126,2832709,"WQ_CD01A",2024,71.5,71.5,27.25,27.25,0,0,44.25
"861","WQ_CD01A_46",615,0.0328805856406689,0.0561479739844799,0.024686262011528,0.00616960134357214,-0.684016823768616,-0.801994800567627,0.801994800567627,-0.900152802467346,-0.287292778491974,-0.131150707602501,0.12381899356842,-1.38415622711182,615,2024,0.6302342,"17 R",570122,2832712,"WQ_CD01A",2024,16.25,16.25,2.5,2,0,0.5,13.75
"862","WQ_CD01A_47",616,0.0272507760673761,0.0482805036008358,0.0206865686923265,0.00522640813142061,-0.678148925304413,-0.804645478725433,0.804645478725433,-0.894927680492401,-0.311139404773712,-0.162139847874641,0.116289705038071,-1.38395655155182,616,2024,0.65385914,"17 R",570121,2832700,"WQ_CD01A",2024,76.25,76.25,21.75,21.75,0,0,54.5
"863","WQ_CD01A_48",617,0.0352075845003128,0.0581428594887257,0.0243192464113235,0.00616693729534745,-0.701896846294403,-0.8082115650177,0.8082115650177,-0.893141090869904,-0.256830453872681,-0.049483384937048,0.170886009931564,-1.36783194541931,617,2024,0.7206178,"17 R",570113,2832711,"WQ_CD01A",2024,15.35,15.35,3.85,3.6,0,0.25,11.5
"864","WQ_CD01A_49",618,0.0290281902998686,0.0500094182789326,0.0214085914194584,0.00581228686496615,-0.66634863615036,-0.791755318641663,0.791755318641663,-0.859430611133575,-0.286165177822113,-0.129389807581902,0.123634316027164,-1.36770665645599,618,2024,0.69395053,"17 R",570111,2832724,"WQ_CD01A",2024,75.5,75.5,52.75,52.75,0,0,22.75
"865","WQ_CD01A_5",619,0.0185624901205301,0.0259489957243204,0.0137990135699511,0.00752160605043173,-0.423280298709869,-0.55055445432663,0.55055445432663,-0.441643416881561,-0.0207530837506056,-0.186890751123428,-0.176059812307358,-1.04669225215912,619,2024,0.6184256,"17 R",569881,2832734,"WQ_CD01A",2024,99.5,99.5,88.5,72.5,0,16,11
"866","WQ_CD01A_50",620,0.0304008927196264,0.051342885941267,0.0233479905873537,0.00545762199908495,-0.695602476596832,-0.807831943035126,0.807831943035126,-0.931608498096466,-0.26854020357132,-0.160116016864777,0.079581655561924,-1.36859571933746,620,2024,0.70561105,"17 R",570111,2832734,"WQ_CD01A",2024,70.25,70.25,55.5,55.5,0,0,14.75
"867","WQ_CD01A_51",621,0.0342393629252911,0.0594696775078773,0.0262537021189928,0.00521884392946959,-0.73547488451004,-0.8386470079422,0.8386470079422,-1.00253367424011,-0.309221208095551,-0.145269021391869,0.131342083215714,-1.34899806976318,621,2024,0.59481865,"17 R",570100,2832740,"WQ_CD01A",2024,57.35,57.35,15.1,14.6,0,0.5,42.25
"868","WQ_CD01A_52",622,0.0316357053816319,0.0576077327132225,0.0256503969430923,0.00522098783403635,-0.716687142848969,-0.83380252122879,0.83380252122879,-0.992638111114502,-0.35376363992691,-0.203734576702118,0.118396855890751,-1.37288916110992,622,2024,0.6077655,"17 R",570111,2832746,"WQ_CD01A",2024,40.75,40.75,17.25,14.75,0,2.5,23.5
"869","WQ_CD01A_53",623,0.0342393629252911,0.0594696775078773,0.0262537021189928,0.00521884392946959,-0.73547488451004,-0.8386470079422,0.8386470079422,-1.00253367424011,-0.309221208095551,-0.145269021391869,0.131342083215714,-1.34899806976318,623,2024,0.54667217,"17 R",570105,2832734,"WQ_CD01A",2024,78.5,78.5,62.25,62.25,0,0,16.25
"870","WQ_CD01A_54",624,0.0324564129114151,0.0573393665254116,0.0258908402174711,0.00592765351757407,-0.691139876842499,-0.812614738941193,0.812614738941193,-0.941112458705902,-0.323080778121948,-0.186400040984154,0.10615649074316,-1.34894669055939,624,2024,0.60897154,"17 R",570101,2832723,"WQ_CD01A",2024,17.25,17.25,2,1.5,0,0.5,15.25
"871","WQ_CD01A_55",625,0.0350649617612362,0.0659909099340439,0.0278302915394306,0.00569211598485708,-0.720680832862854,-0.8411865234375,0.8411865234375,-0.990598976612091,-0.398399174213409,-0.173178315162659,0.188070446252823,-1.34897077083588,625,2024,0.6136197,"17 R",570106,2832711,"WQ_CD01A",2024,16.6,16.6,1.6,1.35,0,0.25,15
"872","WQ_CD01A_56",626,0.0364429876208305,0.0597416497766972,0.0267438311129808,0.00652157049626112,-0.696420907974243,-0.803161680698395,0.803161680698395,-0.911860048770905,-0.251803606748581,-0.0993050113320351,0.120895735919476,-1.36777234077454,626,2024,0.7049246,"17 R",570114,2832708,"WQ_CD01A",2024,23.5,23.5,13,12.75,0,0.25,10.5
"873","WQ_CD01A_57",627,0.0349399335682392,0.05548245459795,0.0246869698166847,0.00534390099346638,-0.734687566757202,-0.824289977550507,0.824289977550507,-0.966159224510193,-0.213594898581505,-0.0704281255602837,0.111871965229511,-1.38404583930969,627,2024,0.6876543,"17 R",570121,2832709,"WQ_CD01A",2024,13,13,3,2.75,0,0.25,10
"874","WQ_CD01A_58",628,0.0272507760673761,0.0482805036008358,0.0206865686923265,0.00522640813142061,-0.678148925304413,-0.804645478725433,0.804645478725433,-0.894927680492401,-0.311139404773712,-0.162139847874641,0.116289705038071,-1.38395655155182,628,2024,0.69809663,"17 R",570128,2832698,"WQ_CD01A",2024,96.25,96.25,49.5,49.5,0,0,46.75
"875","WQ_CD01A_59",629,0.0320538803935051,0.0609405189752579,0.0261386502534151,0.00593195343390107,-0.687675476074219,-0.822589099407196,0.822589099407196,-0.945103645324707,-0.401713073253632,-0.207330495119095,0.159337654709816,-1.36770594120026,629,2024,0.6179039,"17 R",570119,2832693,"WQ_CD01A",2024,100,100,76.5,76.5,0,0,23.5
"876","WQ_CD01A_6",630,0.0177357215434313,0.0251440536230803,0.0128276357427239,0.0078763859346509,-0.384948223829269,-0.522938787937164,0.522938787937164,-0.358716517686844,-0.0320920273661613,-0.167696550488472,-0.148339420557022,-1.04790687561035,630,2024,0.69252074,"17 R",569889,2832721,"WQ_CD01A",2024,100.25,100.25,96.25,90.25,0,6,4
"877","WQ_CD01A_60",631,0.0320482961833477,0.0561425276100636,0.0246809311211109,0.00616535497829318,-0.67732185125351,-0.802100300788879,0.802100300788879,-0.900379538536072,-0.31282576918602,-0.156597480177879,0.123897232115269,-1.34879410266876,631,2024,0.68556285,"17 R",570107,2832692,"WQ_CD01A",2024,8.95,8.95,1.45,1.45,0,0,7.5
"878","WQ_CD01A_61",632,0.0308922845870256,0.0549067631363869,0.0279189869761467,0.0075543662533164,-0.607020854949951,-0.758109867572784,0.758109867572784,-0.861123323440552,-0.325390964746475,-0.302697032690048,0.00160798279102892,-1.17770826816559,632,2024,0.66821486,"17 R",569986,2832613,"WQ_CD01A",2024,44.25,44.25,28.5,28.5,0,0,15.75
"879","WQ_CD01A_62",633,0.0398161895573139,0.0688880831003189,0.0350678861141205,0.00661259796470404,-0.715150952339172,-0.824833393096924,0.824833393096924,-1.02405083179474,-0.317991584539413,-0.251176923513412,0.0434615910053253,-1.18937146663666,633,2024,0.57912177,"17 R",569992,2832620,"WQ_CD01A",2024,76.25,76.25,10.75,10.75,0,0,65.5
"880","WQ_CD01A_63",634,0.0421433709561825,0.0735364705324173,0.0388184003531933,0.00743841612711549,-0.699953675270081,-0.816278457641602,0.816278457641602,-1.01757919788361,-0.332105219364166,-0.284513235092163,0.0263097286224365,-1.18593537807465,634,2024,0.6052721,"17 R",569998,2832626,"WQ_CD01A",2024,39,39,3.75,3.75,0,0,35.25
"881","WQ_CD01A_64",635,0.0345975309610367,0.0585040189325809,0.030219741165638,0.00719914445653558,-0.655515909194946,-0.780858516693115,0.780858516693115,-0.922819972038269,-0.281034916639328,-0.259671658277512,0.000809591612778604,-1.16922628879547,635,2024,0.63157016,"17 R",569988,2832631,"WQ_CD01A",2024,62.5,62.5,8.5,8,0,0.5,54
"882","WQ_CD01A_65",636,0.0345975309610367,0.0585040189325809,0.030219741165638,0.00719914445653558,-0.655515909194946,-0.780858516693115,0.780858516693115,-0.922819972038269,-0.281034916639328,-0.259671658277512,0.000809591612778604,-1.16922628879547,636,2024,0.6105263,"17 R",569989,2832632,"WQ_CD01A",2024,87.5,87.5,0.25,0.25,0,0,87.25
"883","WQ_CD01A_66",637,0.0345975309610367,0.0585040189325809,0.030219741165638,0.00719914445653558,-0.655515909194946,-0.780858516693115,0.780858516693115,-0.922819972038269,-0.281034916639328,-0.259671658277512,0.000809591612778604,-1.16922628879547,637,2024,0.6105263,"17 R",569989,2832632,"WQ_CD01A",2024,52.25,52.25,5,4.75,0,0.25,47.25
"884","WQ_CD01A_67",638,0.0267488919198513,0.0389958433806896,0.0212389528751373,0.00790009927004576,-0.543992519378662,-0.663079619407654,0.663079619407654,-0.686648309230804,-0.0977768003940582,-0.204106703400612,-0.11866656690836,-1.13570189476013,638,2024,0.6783012,"17 R",569959,2832629,"WQ_CD01A",2024,96.75,96.75,49,48.5,0,0.5,47.75
"885","WQ_CD01A_68",639,0.0239970311522484,0.0373901426792145,0.0189340002834797,0.00801868364214897,-0.499078273773193,-0.646822690963745,0.646822690963745,-0.60747104883194,-0.16067336499691,-0.21075813472271,-0.067497231066227,-1.13834702968597,639,2024,0.7691241,"17 R",569955,2832616,"WQ_CD01A",2024,100,100,94.25,94.25,0,0,5.75
"886","WQ_CD01A_69",640,0.0250998791307211,0.0356499031186104,0.0177208818495274,0.00813726522028446,-0.510351121425629,-0.62832647562027,0.62832647562027,-0.555934071540833,-0.0639783889055252,-0.107083365321159,-0.0614273920655251,-1.14083278179169,640,2024,0.7140484,"17 R",569957,2832606,"WQ_CD01A",2024,100,100,99.25,99.25,0,0,0.75
"887","WQ_CD01A_7",641,0.0177295692265034,0.0260797273367643,0.014282114803791,0.00681097153574228,-0.444920837879181,-0.585842072963715,0.585842072963715,-0.531298041343689,-0.0721199735999107,-0.263326823711395,-0.198957145214081,-1.04034066200256,641,2024,0.72274196,"17 R",569876,2832724,"WQ_CD01A",2024,99.5,99.5,93.75,90.75,0,3,5.75
"888","WQ_CD01A_70",642,0.0239996593445539,0.0340429916977882,0.0172360241413116,0.00778364995494485,-0.510205209255219,-0.627813756465912,0.627813756465912,-0.566696465015411,-0.0587105378508568,-0.127295896410942,-0.0850383564829826,-1.14199042320251,642,2024,0.6493506,"17 R",569954,2832594,"WQ_CD01A",2024,100,100,98.75,98.75,0,0,1.25
"889","WQ_CD01A_71",643,0.0220724064856768,0.0380623489618301,0.0168725438416004,0.00707584852352738,-0.514492452144623,-0.686480700969696,0.686480700969696,-0.613612949848175,-0.263627052307129,-0.192099019885063,0.0438582040369511,-1.1439710855484,643,2024,0.6049627,"17 R",569958,2832583,"WQ_CD01A",2024,66.5,66.5,43.75,43.75,0,0,22.75
"890","WQ_CD01A_72",644,0.0220724064856768,0.0380623489618301,0.0168725438416004,0.00707584852352738,-0.514492452144623,-0.686480700969696,0.686480700969696,-0.613612949848175,-0.263627052307129,-0.192099019885063,0.0438582040369511,-1.1439710855484,644,2024,0.59160745,"17 R",569958,2832583,"WQ_CD01A",2024,100.25,100.25,83.5,83.5,0,0,16.75
"891","WQ_CD01A_73",645,0.0220724064856768,0.0380623489618301,0.0168725438416004,0.00707584852352738,-0.514492452144623,-0.686480700969696,0.686480700969696,-0.613612949848175,-0.263627052307129,-0.192099019885063,0.0438582040369511,-1.1439710855484,645,2024,0.59160745,"17 R",569958,2832583,"WQ_CD01A",2024,86.75,86.75,0.25,0,0,0.25,86.5
"892","WQ_CD01A_74",646,0.0220724064856768,0.0380623489618301,0.0168725438416004,0.00707584852352738,-0.514492452144623,-0.686480700969696,0.686480700969696,-0.613612949848175,-0.263627052307129,-0.192099019885063,0.0438582040369511,-1.1439710855484,646,2024,0.59160745,"17 R",569958,2832583,"WQ_CD01A",2024,18.25,18.25,1,0,0,1,17.25
"893","WQ_CD01A_75",647,0.0435231365263462,0.0720822364091873,0.0385825745761395,0.0057910168543458,-0.765137732028961,-0.851270735263824,0.851270735263824,-1.10848224163055,-0.278197288513184,-0.246892094612122,0.0112805562093854,-1.21133434772491,647,2024,0.6459371,"17 R",570002,2832571,"WQ_CD01A",2024,32.25,32.25,3.75,2.75,0,1,28.5
"894","WQ_CD01A_76",648,0.0483139790594578,0.0824302807450294,0.0418506562709808,0.00709225051105022,-0.743990838527679,-0.841553866863251,0.841553866863251,-1.06527400016785,-0.319457978010178,-0.214593544602394,0.0794495344161987,-1.22491121292114,648,2024,0.65327823,"17 R",570014,2832576,"WQ_CD01A",2024,8.5,8.5,0.25,0,0,0.25,8.25
"895","WQ_CD01A_77",649,0.0459942668676376,0.0785890892148018,0.038104023784399,0.00638608634471893,-0.756164848804474,-0.849695265293121,0.849695265293121,-1.0693815946579,-0.316835671663284,-0.180595874786377,0.107833363115788,-1.23456478118896,649,2024,0.68553835,"17 R",570024,2832588,"WQ_CD01A",2024,9.25,9.25,0.5,0.25,0,0.25,8.75
"896","WQ_CD01A_78",650,0.0477701053023338,0.0763339027762413,0.0385872460901737,0.00544110359624028,-0.795490324497223,-0.866925001144409,0.866925001144409,-1.12925457954407,-0.247331187129021,-0.153892144560814,0.0684918463230133,-1.23170697689056,650,2024,0.63897544,"17 R",570024,2832591,"WQ_CD01A",2024,20,20,1.75,1,0,0.75,18.25
"897","WQ_CD01A_79",651,0.0453071184456348,0.0743422731757164,0.039795495569706,0.00803702883422375,-0.698672533035278,-0.804877460002899,0.804877460002899,-0.995926976203918,-0.271554559469223,-0.234179958701134,0.0170358996838331,-1.23249328136444,651,2024,0.66842514,"17 R",570022,2832616,"WQ_CD01A",2024,19.99,19.99,4.5,3.75,0,0.75,15.49
"898","WQ_CD01A_8",652,0.0157888103276491,0.0260741878300905,0.0145206656306982,0.00798868481069803,-0.328046560287476,-0.530944764614105,0.530944764614105,-0.435284495353699,-0.187821596860886,-0.393954306840897,-0.212611064314842,-1.03550481796265,652,2024,0.66242754,"17 R",569868,2832731,"WQ_CD01A",2024,99.75,99.75,97.75,93.75,0,4,2
"899","WQ_CD01A_80",653,0.0413310416042805,0.073408879339695,0.0367670021951199,0.00590849062427878,-0.749849736690521,-0.851016461849213,0.851016461849213,-1.08464515209198,-0.349682778120041,-0.255811244249344,0.068629615008831,-1.20922446250916,653,2024,0.6693198,"17 R",570017,2832632,"WQ_CD01A",2024,20.75,20.75,0.5,0.25,0,0.25,20.25
"900","WQ_CD01A_81",654,0.0407791845500469,0.0647685900330544,0.0334966033697128,0.00614248542115092,-0.738181293010712,-0.826755285263062,0.826755285263062,-1.03511905670166,-0.227124661207199,-0.186611115932465,0.0189973693341017,-1.20056486129761,654,2024,0.73888427,"17 R",570005,2832628,"WQ_CD01A",2024,56,56,2,2,0,0,54
"901","WQ_CD01A_82",655,0.0422866307199001,0.0668972134590149,0.0336183272302151,0.00661525363102555,-0.729447901248932,-0.820023655891418,0.820023655891418,-1.00673639774323,-0.225944697856903,-0.153529822826385,0.0483905263245106,-1.20136952400208,655,2024,0.6392993,"17 R",570001,2832613,"WQ_CD01A",2024,98,98,0,0,0,0,98
"902","WQ_CD01A_83",656,0.0420087911188602,0.0710146874189377,0.0351895727217197,0.00708534847944975,-0.711356639862061,-0.81855708360672,0.81855708360672,-0.997194886207581,-0.297406136989594,-0.200644642114639,0.0710542351007462,-1.19160234928131,656,2024,0.5909825,"17 R",569992,2832606,"WQ_CD01A",2024,90.75,90.75,8.25,8.25,0,0,82.5
"903","WQ_CD01A_84",657,0.0350129194557667,0.0522398352622986,0.0269501190632582,0.00755490176379681,-0.645041644573212,-0.747305452823639,0.747305452823639,-0.8431476354599,-0.146104365587234,-0.146153554320335,-0.0195234380662441,-1.17905259132385,657,2024,0.6214559,"17 R",569983,2832608,"WQ_CD01A",2024,91.5,91.5,70.25,70.25,0,0,21.25
"904","WQ_CD01A_85",658,0.0308922845870256,0.0549067631363869,0.0279189869761467,0.0075543662533164,-0.607020854949951,-0.758109867572784,0.758109867572784,-0.861123323440552,-0.325390964746475,-0.302697032690048,0.00160798279102892,-1.17770826816559,658,2024,0.7301944,"17 R",569981,2832620,"WQ_CD01A",2024,99.25,99.25,88.25,88.25,0,0,11
"905","WQ_CD01A_86",659,0.0356910824775696,0.0590342693030834,0.0297326054424047,0.00589834153652191,-0.71635377407074,-0.818324208259583,0.818324208259583,-1.00338041782379,-0.259715467691422,-0.214136227965355,0.0230192001909018,-1.15909850597382,659,2024,0.59480155,"17 R",569976,2832629,"WQ_CD01A",2024,80.25,80.25,59.5,59.5,0,0,20.75
"906","WQ_CD01A_87",660,0.0428112298250198,0.0678139701485634,0.0368729196488857,0.0068396795541048,-0.724489271640778,-0.816762328147888,0.816762328147888,-1.03059208393097,-0.228397414088249,-0.223176583647728,-0.0129812993109226,-1.14624869823456,660,2024,0.5907398,"17 R",569969,2832636,"WQ_CD01A",2024,29.25,29.25,5,5,0,0,24.25
"907","WQ_CD01A_88",661,0.0428112298250198,0.0678139701485634,0.0368729196488857,0.0068396795541048,-0.724489271640778,-0.816762328147888,0.816762328147888,-1.03059208393097,-0.228397414088249,-0.223176583647728,-0.0129812993109226,-1.14624869823456,661,2024,0.63796026,"17 R",569961,2832640,"WQ_CD01A",2024,34.25,34.25,19.25,19.25,0,0,15
"908","WQ_CD01A_89",662,0.0219219736754894,0.0333648361265659,0.0169865917414427,0.00648016668856144,-0.543684601783752,-0.674731254577637,0.674731254577637,-0.671572864055634,-0.127407476305962,-0.204914063215256,-0.0933312699198723,-1.12174689769745,662,2024,0.64302456,"17 R",569949,2832639,"WQ_CD01A",2024,100,99.5,93.5,93.5,0,0,6
"909","WQ_CD01A_9",663,0.0163461361080408,0.0243313480168581,0.0130654219537973,0.0091715082526207,-0.281163394451141,-0.452493935823441,0.452493935823441,-0.262665331363678,-0.0779980048537254,-0.265579998493195,-0.196099415421486,-1.04084753990173,663,2024,0.7694437,"17 R",569872,2832747,"WQ_CD01A",2024,100,100,97.5,95.5,0,2,2.5
"910","WQ_CD01A_90",664,0.0267488919198513,0.0389958433806896,0.0212389528751373,0.00790009927004576,-0.543992519378662,-0.663079619407654,0.663079619407654,-0.686648309230804,-0.0977768003940582,-0.204106703400612,-0.11866656690836,-1.13570189476013,664,2024,0.6449416,"17 R",569956,2832626,"WQ_CD01A",2024,100,100,93.75,93.75,0,0,6.25
"911","WQ_CD01A_91",665,0.0259303096681833,0.0385992638766766,0.0212431587278843,0.00695881946012378,-0.576831638813019,-0.694507777690887,0.694507777690887,-0.759751975536346,-0.117755815386772,-0.235362857580185,-0.129049092531204,-1.15030443668365,665,2024,0.6190431,"17 R",569967,2832614,"WQ_CD01A",2024,100,100,98.5,98.5,0,0,1.5
"912","WQ_CD01A_92",666,0.0350129194557667,0.0522398352622986,0.0269501190632582,0.00755490176379681,-0.645041644573212,-0.747305452823639,0.747305452823639,-0.8431476354599,-0.146104365587234,-0.146153554320335,-0.0195234380662441,-1.17905259132385,666,2024,0.73969674,"17 R",569984,2832605,"WQ_CD01A",2024,97.75,97.75,76.5,76.5,0,0,21.25
"913","BS10_1",1,NA,NA,NA,NA,NA,NA,NA,NA,NA,NA,NA,NA,1,2025,0.215,"17 R",559048.433,2789379.866,"BS10",2025,16.5,16.5,10.5,10.25,0,0.25,6
"914","BS10_10",2,NA,NA,NA,NA,NA,NA,NA,NA,NA,NA,NA,NA,2,2025,0.191,"17 R",558942.935,2789466.953,"BS10",2025,32.5,32.5,5.25,5.25,0,0,27.25
"915","BS10_2",3,NA,NA,NA,NA,NA,NA,NA,NA,NA,NA,NA,NA,3,2025,0.219,"17 R",559032.226,2789393.146,"BS10",2025,26.75,26.75,7.25,6.75,0,0.5,19.25
"916","BS10_3",4,NA,NA,NA,NA,NA,NA,NA,NA,NA,NA,NA,NA,4,2025,0.175,"17 R",559021.437,2789402.804,"BS10",2025,26.5,26.5,12.75,12.75,0,0,13.25
"917","BS10_4",5,NA,NA,NA,NA,NA,NA,NA,NA,NA,NA,NA,NA,5,2025,0.189,"17 R",559011.601,2789413.82,"BS10",2025,24.75,24.75,10.25,10.25,0,0,13.75
"918","BS10_5",6,NA,NA,NA,NA,NA,NA,NA,NA,NA,NA,NA,NA,6,2025,0.225,"17 R",558999.307,2789422.655,"BS10",2025,18.5,18.5,15.75,15.75,0,0,2.75
"919","BS10_6",7,NA,NA,NA,NA,NA,NA,NA,NA,NA,NA,NA,NA,7,2025,0.214,"17 R",558986.013,2789428.601,"BS10",2025,19.5,19.5,14.75,14.75,0,0,4.75
"920","BS10_7",8,NA,NA,NA,NA,NA,NA,NA,NA,NA,NA,NA,NA,8,2025,0.171,"17 R",558972.953,2789437.534,"BS10",2025,15.5,15.5,7.75,7.75,0,0,7.75
"921","BS10_8",9,NA,NA,NA,NA,NA,NA,NA,NA,NA,NA,NA,NA,9,2025,0.167,"17 R",558960.823,2789448.597,"BS10",2025,16.5,16.5,13.25,13.25,0,0,1.75
"922","BS10_9",10,NA,NA,NA,NA,NA,NA,NA,NA,NA,NA,NA,NA,10,2025,0.181,"17 R",558950.344,2789456.623,"BS10",2025,55.25,55.25,0,0,0,0,55.25
"923","BS11_10",11,NA,NA,NA,NA,NA,NA,NA,NA,NA,NA,NA,NA,12,2025,0.242,"17 R",559311.961,2787749.919,"BS11",2025,11,11,1.7,0.7,0,1,9.3
"924","BS11_2",12,NA,NA,NA,NA,NA,NA,NA,NA,NA,NA,NA,NA,13,2025,0.192,"17 R",559296.057,2787641.362,"BS11",2025,18.5,18.5,17,17,0,0,1.5
"925","BS11_3",13,NA,NA,NA,NA,NA,NA,NA,NA,NA,NA,NA,NA,14,2025,0.265,"17 R",559303.297,2787652.86,"BS11",2025,28,28,27.5,27.5,0,0,0.5
"926","BS11_4",14,NA,NA,NA,NA,NA,NA,NA,NA,NA,NA,NA,NA,15,2025,0.529,"17 R",559308.954,2787667.321,"BS11",2025,20.3,20.3,19.5,1.5,0,18,0.8
"927","BS11_5",15,NA,NA,NA,NA,NA,NA,NA,NA,NA,NA,NA,NA,16,2025,0.649,"17 R",559313.249,2787680.091,"BS11",2025,9.9,9.9,5.5,5,0,0.5,4.4
"928","BS11_6",16,NA,NA,NA,NA,NA,NA,NA,NA,NA,NA,NA,NA,17,2025,0.241,"17 R",559310.012,2787693.573,"BS11",2025,12,12,7.5,4.5,0,3,4.5
"929","BS11_7",17,NA,NA,NA,NA,NA,NA,NA,NA,NA,NA,NA,NA,18,2025,0.196,"17 R",559308.253,2787706.287,"BS11",2025,11,11,4,2,0,2,7
"930","BS11_8",18,NA,NA,NA,NA,NA,NA,NA,NA,NA,NA,NA,NA,19,2025,0.24,"17 R",559307.525,2787719.855,"BS11",2025,9.2,9.2,8.5,8.5,0,0,0.7
"931","BS11_9",19,NA,NA,NA,NA,NA,NA,NA,NA,NA,NA,NA,NA,20,2025,0.252,"17 R",559310.395,2787734.635,"BS11",2025,17.8,17.8,15,15,0,0,2.8
"932","BS13_1",20,0.0307882446795702,0.0477403290569782,0.0189828053116798,0.00672504957765341,-0.641457796096802,-0.753052294254303,0.753052294254303,-0.715214610099792,0.261372268199921,-0.0887835547327995,-0.340070754289627,-2.14237952232361,21,2025,0.178,"17 R",560959.878,2794647.684,"BS13",2025,77.2,77.2,7,6.4,0,0.6,69.1
"933","BS13_10",21,0.0311829186975956,0.0482518002390862,0.0185277704149485,0.00684226118028164,-0.640119433403015,-0.751615285873413,0.751615285873413,-0.690904319286346,0.261000871658325,-0.0552864111959934,-0.312877207994461,-2.13322448730469,22,2025,0.129,"17 R",560939.415,2794775.04,"BS13",2025,74.3,74.3,0.5,0.5,0,0,73.7
"934","BS13_2",22,0.0293694976717234,0.0482462719082832,0.0195586159825325,0.00717644533142447,-0.607264459133148,-0.741028726100922,0.741028726100922,-0.694715321063995,0.201227992773056,-0.161527559161186,-0.349895685911179,-2.14344382286072,23,2025,0.138,"17 R",560951.245,2794657.818,"BS13",2025,43.9,43.9,2.5,2.5,0,0,41.3
"935","BS13_3",23,0.0319525562226772,0.0495135746896267,0.0201370939612389,0.0080812918022275,-0.596277058124542,-0.719374597072601,0.719374597072601,-0.640848278999329,0.253628641366959,-0.102171145379543,-0.343833684921265,-2.13859033584595,24,2025,0.13,"17 R",560947.11,2794675.99,"BS13",2025,70.5,70.5,1.7,1.2,0,0.5,67.8
"936","BS13_4",24,0.030401311814785,0.0498902425169945,0.0195586513727903,0.00649939198046923,-0.647736132144928,-0.769482731819153,0.769482731819153,-0.751740574836731,0.194539681077003,-0.126999989151955,-0.316390037536621,-2.13966798782349,25,2025,0.153,"17 R",560950.523,2794689.743,"BS13",2025,52.2,52.2,2.5,2.5,0,0,47.8
"937","BS13_5",25,0.0301473904401064,0.0478696003556252,0.0191007647663355,0.00672722887247801,-0.635129570960999,-0.753567039966583,0.753567039966583,-0.718611896038055,0.237011268734932,-0.115118481218815,-0.341588824987411,-2.11983275413513,26,2025,0.141,"17 R",560947.816,2794707.807,"BS13",2025,67.7,67.7,5.8,5.8,0,0,61.4
"938","BS13_6",26,0.0298894196748734,0.0543163307011127,0.0201371535658836,0.00751714967191219,-0.598083972930908,-0.756858289241791,0.756858289241791,-0.684522986412048,0.0729990229010582,-0.168921306729317,-0.251257628202438,-2.11756825447083,27,2025,0.145,"17 R",560945.781,2794722.109,"BS13",2025,72.6,72.6,27.5,27.5,0,0,45.1
"939","BS13_7",27,0.0300224237143993,0.0520444996654987,0.0202550105750561,0.00909891538321972,-0.534836173057556,-0.702374637126923,0.702374637126923,-0.570081949234009,0.129996851086617,-0.169474363327026,-0.297960877418518,-2.1052713394165,28,2025,0.142,"17 R",560939.828,2794733.834,"BS13",2025,69.5,69.5,7.8,7.8,0,0,56.7
"940","BS13_8",28,0.0296354740858078,0.0474929139018059,0.0193338599056005,0.00751928379759192,-0.595245182514191,-0.726632118225098,0.726632118225098,-0.659954905509949,0.229603096842766,-0.142622977495193,-0.3577561378479,-2.11510467529297,29,2025,0.187,"17 R",560936.385,2794750.368,"BS13",2025,59.5,59.5,8.5,8.5,0,0,47.8
"941","BS13_9",29,0.030667170882225,0.04698695987463,0.0185277611017227,0.00729361502453685,-0.615728974342346,-0.731262445449829,0.731262445449829,-0.652607321739197,0.276998817920685,-0.071963720023632,-0.339439868927002,-2.12485575675964,30,2025,0.151,"17 R",560937.802,2794765.889,"BS13",2025,71.1,71.1,0.7,0.7,0,0,68.6
"942","BS19_1",30,0.0279008727520704,0.0463866218924522,0.0111117074266076,0.00409852480515838,-0.743837356567383,-0.837634444236755,0.837634444236755,-0.691624820232391,0.198282167315483,0.270951479673386,-0.00383023312315345,-2.8532555103302,31,2025,0.211,"17 R",562648.86,2793234.255,"BS19",2025,20,20,8.75,8.75,0,0,11.25
"943","BS19_10",31,0.0274864062666893,0.0448437444865704,0.0113256955519319,0.00340573024004698,-0.779508292675018,-0.85882830619812,0.85882830619812,-0.806435704231262,0.224926978349686,0.239664405584335,-0.0506581105291843,-2.99328756332397,32,2025,0.171,"17 R",562701.78,2793349.536,"BS19",2025,15.75,15.75,5.75,5.75,0,0,10
"944","BS19_2",32,0.0291942562907934,0.0460023730993271,0.0133081739768386,0.0037565000820905,-0.771993100643158,-0.849011838436127,0.849011838436127,-0.839600622653961,0.253828436136246,0.161930769681931,-0.135089978575706,-2.87347531318665,33,2025,0.169,"17 R",562652.751,2793246.292,"BS19",2025,20.75,20.75,5.5,5.5,0,0,12.25
"945","BS19_3",33,0.0313989967107773,0.047273863106966,0.0119191529229283,0.00375650962814689,-0.786291837692261,-0.852773547172546,0.852773547172546,-0.781081199645996,0.293093740940094,0.329050481319427,-0.0326943099498749,-2.88899564743042,34,2025,0.16,"17 R",562658.776,2793257.614,"BS19",2025,38.24,38.24,15.63,15.63,0,0,19.62
"946","BS19_4",34,0.0306169129908085,0.0489236526191235,0.0116847129538655,0.00432075653225183,-0.752659142017365,-0.837701022624969,0.837701022624969,-0.69013500213623,0.225673094391823,0.320824027061462,0.0151486843824387,-2.91724276542664,35,2025,0.16,"17 R",562666.024,2793270.435,"BS19",2025,17,17,6.25,0,0,6.25,10.75
"947","BS19_5",35,0.0300940610468388,0.0479040667414665,0.0112186903133988,0.00193941860925406,-0.878913044929504,-0.922179639339447,0.922179639339447,-1.05781972408295,0.234355375170708,0.338422954082489,0.0218283105641603,-2.92703986167908,36,2025,0.166,"17 R",562671.054,2793281.405,"BS19",2025,18,18,8.75,8.75,0,0,9.25
"948","BS19_6",36,0.0276287607848644,0.0467598140239716,0.0113344751298428,0.00284582027234137,-0.813233196735382,-0.885262191295624,0.885262191295624,-0.897934913635254,0.178624466061592,0.244167134165764,-0.00934619922190905,-2.93999886512756,37,2025,0.177,"17 R",562676.085,2793295.513,"BS19",2025,5.5,5.5,0.5,0,0,0.5,5
"949","BS19_7",37,0.0286628361791372,0.0465027503669262,0.0112157640978694,0.00307020940817893,-0.806497633457184,-0.876133680343628,0.876133680343628,-0.855267703533173,0.222149834036827,0.289919704198837,-0.007682831492275,-2.95582318305969,38,2025,0.182,"17 R",562685.311,2793309.965,"BS19",2025,65,65,0.25,0.25,0,0,55.25
"950","BS19_8",38,0.0296966843307018,0.0428108610212803,0.011328618042171,0.00318131945095956,-0.806477308273315,-0.861658275127411,0.861658275127411,-0.842246770858765,0.359338790178299,0.316787481307983,-0.0972262322902679,-2.97528409957886,39,2025,0.175,"17 R",562690.745,2793322.933,"BS19",2025,81.75,81.75,0,0,0,0,72.5
"951","BS19_9",39,0.0273607708513737,0.0454825535416603,0.0117917452007532,0.00329462601803243,-0.785054087638855,-0.864911198616028,0.864911198616028,-0.844847202301025,0.20294600725174,0.200579985976219,-0.063998281955719,-2.98484754562378,40,2025,0.171,"17 R",562697.89,2793337.712,"BS19",2025,29,29,11.25,11.25,0,0,16.5
"952","BS2_1",40,0.0426380448043346,0.0605959631502628,0.0231893360614777,0.00963781680911779,-0.631270885467529,-0.725550413131714,0.725550413131714,-0.61922150850296,0.293662309646606,0.0655718743801117,-0.238041996955872,-2.9613299369812,41,2025,0.224,"17 R",564044.969,2794356.851,"BS2",2025,13.2,13.2,9.7,0,0,9.7,3.5
"953","BS2_2",41,0.043678056448698,0.0579245314002037,0.0208714064210653,0.01009307987988,-0.624591171741486,-0.703221559524536,0.703221559524536,-0.522130072116852,0.373223930597305,0.179777428507805,-0.211351156234741,-2.93439078330994,42,2025,0.227,"17 R",564044.077,2794376.914,"BS2",2025,32.1,32.1,32,0,0,32,0.1
"954","BS2_3",42,0.0444610081613064,0.0578004792332649,0.0209909584373236,0.0075982054695487,-0.708093702793121,-0.767634332180023,0.767634332180023,-0.702683329582214,0.393627941608429,0.192657187581062,-0.217387989163399,-2.92775702476501,43,2025,0.221,"17 R",564035.559,2794394.452,"BS2",2025,33.4,33.4,32.5,0,0,32.5,0.9
"955","BS2_4",43,0.0438120178878307,0.0583093538880348,0.021454406902194,0.00691657792776823,-0.727310478687286,-0.787919402122498,0.787919402122498,-0.768628358840942,0.36814096570015,0.159267649054527,-0.223506927490234,-2.91364145278931,44,2025,0.246,"17 R",564041.282,2794411.445,"BS2",2025,8.2,8.2,8,0,0,8,0.2
"956","BS2_5",44,0.0401795767247677,0.0571642741560936,0.0204113237559795,0.00691718049347401,-0.706256628036499,-0.784112870693207,0.784112870693207,-0.740663111209869,0.305989056825638,0.115362264215946,-0.209370538592339,-2.91360092163086,45,2025,0.236,"17 R",564040.675,2794428.869,"BS2",2025,7.7,7.7,7.5,0,0,7.5,0.2
"957","BS2_6",45,0.0439502075314522,0.0574240125715733,0.0189090054482222,0.00669451104477048,-0.735628485679626,-0.791183233261108,0.791183233261108,-0.715594708919525,0.390110939741135,0.270473718643188,-0.152729779481888,-2.92070865631104,46,2025,0.228,"17 R",564028.718,2794444.005,"BS2",2025,7.2,7.2,7,1,0,6,0.2
"958","BS2_7",46,0.0436892323195934,0.0585686080157757,0.0204156879335642,0.00760179711505771,-0.703581809997559,-0.7702357172966,0.7702357172966,-0.686030030250549,0.359877288341522,0.19892218708992,-0.185246527194977,-2.91580414772034,47,2025,0.206,"17 R",564034.658,2794459.429,"BS2",2025,0.6,0.6,0.4,0,0,0.4,0.2
"959","BS5_1",47,0.0408562421798706,0.0590007230639458,0.0188827868551016,0.00662777200341225,-0.720841944217682,-0.798021495342255,0.798021495342255,-0.720584869384766,0.283792793750763,0.198663160204887,-0.124696932733059,0,48,2025,0.187,"17 R",562996.483,2791822.083,"BS5",2025,6.1,6.1,5.2,1.5,0,3.7,0.9
"960","BS5_10",48,0.0420246757566929,0.0587493404746056,0.0187699329108,0.00663004070520401,-0.727465629577637,-0.797182500362396,0.797182500362396,-0.716923534870148,0.317242473363876,0.231989473104477,-0.124881021678448,0,49,2025,0.186,"17 R",562986.864,2791963.622,"BS5",2025,1.3,1.3,1.3,1,0,0.3,0
"961","BS5_2",49,0.0411151349544525,0.0583658330142498,0.018072385340929,0.00549429608508945,-0.76424103975296,-0.82792717218399,0.82792717218399,-0.800585091114044,0.303418189287186,0.242511868476868,-0.105618298053741,0,50,2025,0.197,"17 R",562996.578,2791836.706,"BS5",2025,8.2,8.2,7.7,2.6,0,5.1,0.5
"962","BS5_3",50,0.0402088761329651,0.0563336461782455,0.0180724076926708,0.00640111183747649,-0.725333034992218,-0.795930922031403,0.795930922031403,-0.715342283248901,0.324723452329636,0.220222279429436,-0.141057834029198,0,51,2025,0.205,"17 R",562991.47,2791856.142,"BS5",2025,2.5,2.5,1.7,0.2,0,1.5,0.8
"963","BS5_4",51,0.0399499051272869,0.0567147620022297,0.0165671780705452,0.00572103727608919,-0.749467074871063,-0.816738545894623,0.816738545894623,-0.729946792125702,0.309967845678329,0.288167297840118,-0.0750437304377556,0,52,2025,0.223,"17 R",562998.907,2791871.235,"BS5",2025,20.2,20.2,6,1.5,0,4.5,14.2
"964","BS5_5",52,0.0381328165531158,0.0551876947283745,0.0173749551177025,0.00696573685854673,-0.691088259220123,-0.775853514671326,0.775853514671326,-0.64147013425827,0.296992272138596,0.200883701443672,-0.134785443544388,0,53,2025,0.246,"17 R",563003.532,2791888.369,"BS5",2025,6.6,6.6,4.9,3.8,0,1.1,1.7
"965","BS5_6",53,0.0369665995240211,0.0517557375133038,0.017838129773736,0.00639902288094163,-0.704880356788635,-0.779931247234344,0.779931247234344,-0.707948684692383,0.344911247491837,0.147313371300697,-0.21692131459713,0,54,2025,0.242,"17 R",563001.492,2791904.131,"BS5",2025,14.7,14.7,9.8,7.8,0,2,4.9
"966","BS5_7",54,0.0403382889926434,0.0568418502807617,0.0181882698088884,0.00560773443430662,-0.755899012088776,-0.820407629013062,0.820407629013062,-0.793024003505707,0.316889256238937,0.217967808246613,-0.136432573199272,0,55,2025,0.25,"17 R",562994.817,2791922.74,"BS5",2025,20.4,20.4,20,19.5,0,0.5,0.4
"967","BS5_8",55,0.0425386652350426,0.0578579679131508,0.0181882791221142,0.00504097295925021,-0.788103759288788,-0.839711964130402,0.839711964130402,-0.848970890045166,0.348205924034119,0.271079689264297,-0.118714593350887,0,56,2025,0.23,"17 R",562998.402,2791938.747,"BS5",2025,10.9,10.9,9,7.4,0,1.6,1.9
"968","BS5_9",56,0.044223990291357,0.0596380904316902,0.0206219702959061,0.00685670552775264,-0.731534361839294,-0.793767154216766,0.793767154216766,-0.751415312290192,0.34978324174881,0.202486112713814,-0.174003049731255,0,57,2025,0.207,"17 R",562984.512,2791949.189,"BS5",2025,14.7,14.7,14.2,2.5,0,11.7,0.5
"969","BS6_1",57,NA,NA,NA,NA,NA,NA,NA,NA,NA,NA,NA,NA,58,2025,0.157,"17 R",564051.364,2789929.668,"BS6",2025,2.75,2.75,1.75,1.75,0,0,1
"970","BS6_2",58,NA,NA,NA,NA,NA,NA,NA,NA,NA,NA,NA,NA,59,2025,0.157,"17 R",564054.276,2789928.364,"BS6",2025,2.25,2.25,2.25,0,0,2.25,0
"971","BS6_3",59,NA,NA,NA,NA,NA,NA,NA,NA,NA,NA,NA,NA,60,2025,0.164,"17 R",564066.059,2789914.641,"BS6",2025,6.75,6.75,6.75,0,0,6.75,0
"972","BS6_4",60,NA,NA,NA,NA,NA,NA,NA,NA,NA,NA,NA,NA,61,2025,0.164,"17 R",564069.429,2789898.366,"BS6",2025,14.75,14.75,12.25,0,0,12.25,2.5
"973","BS6_5",61,NA,NA,NA,NA,NA,NA,NA,NA,NA,NA,NA,NA,62,2025,0.171,"17 R",564074.47,2789885.449,"BS6",2025,6.5,6.5,3.5,1,0,2.5,3
"974","BS6_6",62,NA,NA,NA,NA,NA,NA,NA,NA,NA,NA,NA,NA,63,2025,0.172,"17 R",564088.421,2789878.849,"BS6",2025,19,19,18.5,0,0,18.5,0.5
"975","BS6_7",63,NA,NA,NA,NA,NA,NA,NA,NA,NA,NA,NA,NA,64,2025,0.168,"17 R",564096.802,2789868.512,"BS6",2025,12.75,12.75,9.75,0,0,9.75,1.5
"976","BS8_1",64,NA,NA,NA,NA,NA,NA,NA,NA,NA,NA,NA,NA,65,2025,0.255,"17 R",561313.486,2790101.408,"BS8",2025,11.75,11.75,8.25,5.75,0,2.5,3.5
"977","BS8_10",65,NA,NA,NA,NA,NA,NA,NA,NA,NA,NA,NA,NA,66,2025,0.201,"17 R",561361.22,2790210.188,"BS8",2025,26.75,26.75,13,12.25,0,0.75,13.75
"978","BS8_2",66,NA,NA,NA,NA,NA,NA,NA,NA,NA,NA,NA,NA,67,2025,0.247,"17 R",561319.328,2790112.096,"BS8",2025,19.25,19.25,15.75,13.75,0,2,2.5
"979","BS8_3",67,NA,NA,NA,NA,NA,NA,NA,NA,NA,NA,NA,NA,68,2025,0.243,"17 R",561325.182,2790124.453,"BS8",2025,34.75,34.75,31.25,31.25,0,0,3.5
"980","BS8_4",68,NA,NA,NA,NA,NA,NA,NA,NA,NA,NA,NA,NA,69,2025,0.24,"17 R",561327.104,2790136.018,"BS8",2025,12,12,10,8.75,0,1.25,2
"981","BS8_5",69,NA,NA,NA,NA,NA,NA,NA,NA,NA,NA,NA,NA,70,2025,0.24,"17 R",561331.602,2790149.922,"BS8",2025,13.5,13.5,8.25,6.75,0,1.5,5.25
"982","BS8_6",70,NA,NA,NA,NA,NA,NA,NA,NA,NA,NA,NA,NA,71,2025,0.184,"17 R",561337.337,2790162.544,"BS8",2025,28,28,17,11.75,0,5.25,11
"983","BS8_7",71,NA,NA,NA,NA,NA,NA,NA,NA,NA,NA,NA,NA,72,2025,0.22,"17 R",561343.143,2790172.922,"BS8",2025,28.25,28.25,16.75,15.75,0,1,11.5
"984","BS8_8",72,NA,NA,NA,NA,NA,NA,NA,NA,NA,NA,NA,NA,73,2025,0.217,"17 R",561348.413,2790182.954,"BS8",2025,31.46,31.46,21.96,16.29,0,5.67,6.75
"985","BS8_9",73,NA,NA,NA,NA,NA,NA,NA,NA,NA,NA,NA,NA,74,2025,0.216,"17 R",561354.307,2790194.787,"BS8",2025,21.25,21.25,15.75,14,0,1.75,5.5
"986","CS1_1",74,0.0229243785142899,0.0360185541212559,0.0152176395058632,0.0060621933080256,-0.581724047660828,-0.711878061294556,0.711878061294556,-0.645360767841339,0.313016682863235,-0.194558143615723,-0.471131950616837,-1.98631119728088,75,2025,0.224,"17 R",564109.036,2800737.175,"CS1",2025,70.1,70.1,18.7,18.7,0,0,51.4
"987","CS1_10",75,0.0242291036993265,0.0386972352862358,0.0160320773720741,0.00527316937223077,-0.642524540424347,-0.76014918088913,0.76014918088913,-0.757483005523682,0.280129045248032,-0.183812990784645,-0.434932708740234,-1.88531744480133,76,2025,0.204,"17 R",563987.377,2800736.454,"CS1",2025,67.3,67.3,0.3,0,0,0.3,67
"988","CS1_2",76,0.0209752563387156,0.0333432294428349,0.0142924068495631,0.0052697560749948,-0.598418474197388,-0.727047443389893,0.727047443389893,-0.691844582557678,0.319099128246307,-0.22974568605423,-0.505558490753174,-1.97092401981354,77,2025,0.18,"17 R",564097.266,2800735.968,"CS1",2025,81.9,81.9,10.4,10.4,0,0,71.5
"989","CS1_3",77,0.0225354805588722,0.0364014357328415,0.0133670754730701,0.00413750670850277,-0.689760506153107,-0.795874953269958,0.795874953269958,-0.79089879989624,0.282899469137192,-0.100728787481785,-0.372184693813324,-1.94467639923096,78,2025,0.187,"17 R",564083.668,2800733.978,"CS1",2025,100,100,100,100,0,0,0
"990","CS1_4",78,0.025524040684104,0.0388216599822044,0.0161446947604418,0.00583693105727434,-0.627758264541626,-0.738597631454468,0.738597631454468,-0.703389525413513,0.328246384859085,-0.13773600757122,-0.436493515968323,-1.90490126609802,79,2025,0.284,"17 R",564068.987,2800733.989,"CS1",2025,71.7,71.7,11.4,11.4,0,0,60.3
"991","CS1_5",79,0.0237062573432922,0.0411131531000137,0.0161450803279877,0.00504449568688869,-0.649087727069855,-0.781423211097717,0.781423211097717,-0.785805106163025,0.183817625045776,-0.211638182401657,-0.379160016775131,-1.89129042625427,80,2025,0.308,"17 R",564056.32,2800734.865,"CS1",2025,65.5,65.5,4.7,4.7,0,0,60.8
"992","CS1_6",80,0.0257846340537071,0.0379311256110668,0.0153356492519379,0.00527130719274282,-0.660528242588043,-0.755971729755402,0.755971729755402,-0.732593059539795,0.366950839757919,-0.0835898295044899,-0.424659192562103,-1.88190925121307,81,2025,0.317,"17 R",564040.956,2800734.706,"CS1",2025,71.3,71.3,9.5,9.5,0,0,61.8
"993","CS1_7",81,0.0211086273193359,0.0365310125052929,0.013600873760879,0.00493217492476106,-0.621196389198303,-0.762093782424927,0.762093782424927,-0.701614081859589,0.21311928331852,-0.180973753333092,-0.380449444055557,-1.88384222984314,82,2025,0.283,"17 R",564027.134,2800736.06,"CS1",2025,70.1,70.1,7.3,7.3,0,0,62.8
"994","CS1_8",82,0.025526337325573,0.0381868816912174,0.0156838707625866,0.00583847425878048,-0.627705454826355,-0.73476767539978,0.73476767539978,-0.686174988746643,0.348616451025009,-0.112868636846542,-0.433242350816727,-1.88318753242493,83,2025,0.189,"17 R",564014.066,2800736.583,"CS1",2025,78.9,78.9,0.3,0,0,0.3,78.6
"995","CS1_9",83,0.0246178116649389,0.0380599088966846,0.0149901164695621,0.00436653103679419,-0.69869726896286,-0.794159889221191,0.794159889221191,-0.823250949382782,0.316472917795181,-0.110399730503559,-0.405737340450287,-1.88134014606476,84,2025,0.204,"17 R",564000.269,2800735.474,"CS1",2025,22.1,22.1,1.3,1,0,0.3,20.8
"996","CS10_1",84,0.0354680381715298,0.0530688315629959,0.0208397265523672,0.00370325520634651,-0.810919940471649,-0.869539558887482,0.869539558887482,-1.04733431339264,0.272708415985107,-0.0271367579698563,-0.297867029905319,-0.984395384788513,85,2025,0.193,"17 R",565916.554,2798988.431,"CS10",2025,68.1,68.1,68,67,0,1,0.1
"997","CS10_10",85,0.0354981943964958,0.0478592924773693,0.0206285491585732,0.00428824732080102,-0.784436762332916,-0.835534036159515,0.835534036159515,-0.983691990375519,0.400659650564194,-0.0175723843276501,-0.394249618053436,-1.02757787704468,86,2025,0.144,"17 R",565858.553,2799080.167,"CS10",2025,96,96,96,96,0,0,0
"998","CS10_2",86,0.0353406891226768,0.0512851551175117,0.020029179751873,0.00450008409097791,-0.774096548557281,-0.838663995265961,0.838663995265961,-0.949626684188843,0.311167269945145,0.00320917717181146,-0.305016845464706,-0.983570337295532,87,2025,0.202,"17 R",565911.527,2798997.1,"CS10",2025,94,92,92,92,0,0,0
"999","CS10_3",87,0.0340425223112106,0.0489908345043659,0.0191028770059347,0.0043882830068469,-0.771626770496368,-0.83558052778244,0.83558052778244,-0.939582824707031,0.330042898654938,0.0062989410944283,-0.318511605262756,-0.992930173873901,88,2025,0.161,"17 R",565902.336,2799007.436,"CS10",2025,94,94,93.5,93.5,0,0,0
"1000","CS10_4",88,0.0352169461548328,0.049503467977047,0.0215423312038183,0.00598056707531214,-0.709663689136505,-0.784422039985657,0.784422039985657,-0.848117291927338,0.351154983043671,-0.0626124143600464,-0.390014231204987,-0.999457776546478,89,2025,0.16,"17 R",565897.8,2799016.737,"CS10",2025,68.5,68.5,68,68,0,0,0
"1001","CS10_5",89,0.037171259522438,0.0521844364702702,0.0200359411537647,0.00541435554623604,-0.745719015598297,-0.811997592449188,0.811997592449188,-0.861773014068604,0.340285062789917,0.0534212924540043,-0.287863940000534,-1.00398921966553,90,2025,0.163,"17 R",565889.824,2799026.985,"CS10",2025,82.5,82.5,82,82,0,0,0
"1002","CS10_6",90,0.0425015427172184,0.059577465057373,0.0259545799344778,0.0046206209808588,-0.803887546062469,-0.8560511469841,0.8560511469841,-1.04663050174713,0.311307340860367,-0.034024216234684,-0.331775903701782,-1.00423336029053,91,2025,0.163,"17 R",565883.837,2799038.421,"CS10",2025,76,76,76,76,0,0,0
"1003","CS10_7",91,0.0379599444568157,0.0590717568993568,0.0242187567055225,0.0051919249817729,-0.759365022182465,-0.838418066501617,0.838418066501617,-0.970404148101807,0.208784595131874,-0.0878069773316383,-0.29312139749527,-1.01298940181732,92,2025,0.153,"17 R",565877.036,2799050.753,"CS10",2025,79,79,79,79,0,0,0
"1004","CS10_8",92,0.0404317751526833,0.0566532835364342,0.0248005054891109,0.0046254200860858,-0.794686734676361,-0.849036633968353,0.849036633968353,-1.02843415737152,0.323291689157486,-0.0450318679213524,-0.351102650165558,-1.01582455635071,93,2025,0.15,"17 R",565871.128,2799061.517,"CS10",2025,76.5,76.5,76,76,0,0,0
"1005","CS10_9",93,0.0354950204491615,0.0518117249011993,0.0249186363071203,0.00428643263876438,-0.784500956535339,-0.847180962562561,0.847180962562561,-1.05968952178955,0.302958875894547,-0.179321259260178,-0.443674892187119,-1.02344810962677,94,2025,0.145,"17 R",565865.145,2799070.659,"CS10",2025,37,37,37,37,0,0,0
"1006","CS14_10",94,0.0283479299396276,0.0436788201332092,0.0121125001460314,0.00581637537106872,-0.659505724906921,-0.764972150325775,0.764972150325775,-0.52675849199295,0.288167089223862,0.213060557842255,-0.122756019234657,-2.81307172775269,95,2025,0.227,"17 R",566699,2801910.479,"CS14",2025,86.5,86.5,3.5,1,0,2.5,83
"1007","CS14_2",95,0.0338799618184566,0.0493689142167568,0.0130125377327204,0.00591132696717978,-0.702883362770081,-0.786132395267487,0.786132395267487,-0.562877416610718,0.315799415111542,0.330003947019577,-0.049150388687849,-2.7035493850708,96,2025,0.24,"17 R",566668.742,2801788.659,"CS14",2025,92,92,14,14,0,0,78
"1008","CS14_3",96,0.0358259938657284,0.0506418570876122,0.015559840016067,0.00715900771319866,-0.666906714439392,-0.752287149429321,0.752287149429321,-0.554660558700562,0.340333670377731,0.232887551188469,-0.145544528961182,-2.70653939247131,97,2025,0.242,"17 R",566668.83,2801802.425,"CS14",2025,76.8,76.8,13.5,13.5,0,0,63.1
"1009","CS14_4",97,0.0369924902915955,0.0503899268805981,0.0164864361286163,0.00659469095990062,-0.69740229845047,-0.768544852733612,0.768544852733612,-0.642846345901489,0.378509670495987,0.215436056256294,-0.18995712697506,-2.70909357070923,98,2025,0.24,"17 R",566665.37,2801816.516,"CS14",2025,28,28,9,9,0,0,19
"1010","CS14_5",98,0.0335025042295456,0.0451859347522259,0.0151010192930698,0.00648269103839993,-0.67574542760849,-0.749066650867462,0.749066650867462,-0.598946690559387,0.413504540920258,0.191443368792534,-0.239136949181557,-2.72970414161682,99,2025,0.234,"17 R",566678.487,2801822.886,"CS14",2025,68.3,68.3,9,9,0,0,59.3
"1011","CS14_6",99,0.0293615814298391,0.0434089377522469,0.0134841976687312,0.00716275628656149,-0.607781708240509,-0.716728627681732,0.716728627681732,-0.45925235748291,0.330924391746521,0.156403079628944,-0.202073499560356,-2.744624376297,100,2025,0.214,"17 R",566680.423,2801839.337,"CS14",2025,95,93,39,39,0,0,54
"1012","CS14_7",100,0.0340304002165794,0.0488754361867905,0.0137209910899401,0.00694051943719387,-0.661197781562805,-0.75130695104599,0.75130695104599,-0.492253810167313,0.332587718963623,0.289075404405594,-0.0953290164470673,-2.78014183044434,101,2025,0.224,"17 R",566695.781,2801862.628,"CS14",2025,81.4,81.4,12.1,10.5,0,1.6,69
"1013","CS14_8",101,0.0314476229250431,0.0472289733588696,0.0132625643163919,0.00796168297529221,-0.595949113368988,-0.711484372615814,0.711484372615814,-0.374633878469467,0.295809835195541,0.239219576120377,-0.106435522437096,-2.79022455215454,102,2025,0.221,"17 R",566692.735,2801883.547,"CS14",2025,74.5,72,5.5,5,0,0.5,66.5
"1014","CS14_9",102,0.0304146371781826,0.0407519303262234,0.0122240819036961,0.0060397288762033,-0.668641686439514,-0.741845905780792,0.741845905780792,-0.5079185962677,0.443858236074448,0.275584608316422,-0.198366120457649,-2.79521989822388,103,2025,0.229,"17 R",566698.052,2801899.147,"CS14",2025,63.7,50.7,10.4,8.9,0,1.5,40.3
"1015","CS15_1",103,0.0250146202743053,0.0335545800626278,0.00830533914268017,0.00433428911492229,-0.704637110233307,-0.771210432052612,0.771210432052612,-0.471261888742447,0.487443476915359,0.410823434591293,-0.1292614787817,-3.77646517753601,104,2025,1.199,"17 R",568728.983,2799295.968,"CS15",2025,30,30,30,1,0,29,0
"1016","CS15_10",104,0.0233224667608738,0.0337213948369026,0.0092845568433404,0.00362942786887288,-0.730673611164093,-0.805657386779785,0.805657386779785,-0.656861066818237,0.411299824714661,0.24541874229908,-0.200266346335411,-3.78313302993774,105,2025,0.141,"17 R",567420.235,2799567.628,"CS15",2025,37.2,37.2,14,2,0,12,23.2
"1017","CS15_2",105,0.0235676970332861,0.0305098481476307,0.00834312662482262,0.00521065061911941,-0.637876987457275,-0.708254337310791,0.708254337310791,-0.346671909093857,0.544873595237732,0.347355961799622,-0.227479293942451,-3.89431238174438,106,2025,0.219,"17 R",567566.848,2799530.971,"CS15",2025,97.5,97.5,97.5,93.5,0,4,0
"1018","CS15_3",106,0.0229161512106657,0.0296144466847181,0.0083439564332366,0.00464337272569537,-0.663029551506042,-0.728916049003601,0.728916049003601,-0.427407026290894,0.553480386734009,0.319235801696777,-0.257334291934967,-3.85488629341125,107,2025,0.236,"17 R",567545.83,2799533.214,"CS15",2025,33,33,33,16,0,17,0
"1019","CS15_4",107,0.0242219306528568,0.0311514846980572,0.00927422475069761,0.00543904723599553,-0.633252322673798,-0.702707409858704,0.702707409858704,-0.390991628170013,0.54665333032608,0.284212738275528,-0.278778046369553,-3.82847166061401,108,2025,0.203,"17 R",567527.006,2799535.416,"CS15",2025,47,47,47,2,0,45,0
"1020","CS15_5",108,0.0212236978113651,0.0323060117661953,0.00811491999775171,0.00521369324997067,-0.605581879615784,-0.722082376480103,0.722082376480103,-0.326503604650497,0.369747519493103,0.266326636075974,-0.15137292444706,-3.81554460525513,109,2025,0.167,"17 R",567510.265,2799540.598,"CS15",2025,40,40,40,5,0,35,0
"1021","CS15_6",109,0.0230520851910114,0.0307709500193596,0.00741860503330827,0.00441927509382367,-0.678263127803802,-0.74883508682251,0.74883508682251,-0.380050718784332,0.512270331382751,0.42572432756424,-0.138908997178078,-3.80158615112305,110,2025,0.164,"17 R",567492.172,2799546.17,"CS15",2025,41,41,41,5,0,36,0
"1022","CS15_7",110,0.0218814667314291,0.0307740271091461,0.0090480912476778,0.00430782372131944,-0.671024024486542,-0.754412949085236,0.754412949085236,-0.532378435134888,0.460031121969223,0.203715264797211,-0.274144113063812,-3.7948682308197,111,2025,0.17,"17 R",567472.651,2799551.629,"CS15",2025,49,49,49,1,0,48,0
"1023","CS15_8",111,0.0244921427220106,0.0342297106981277,0.00846804864704609,0.00487633002921939,-0.667920768260956,-0.750609874725342,0.750609874725342,-0.403733879327774,0.441830635070801,0.37311515212059,-0.122564397752285,-3.79411888122559,112,2025,0.144,"17 R",567455.522,2799556.743,"CS15",2025,29,29,29,1,0,28,0
"1024","CS15_9",112,0.0225390493869781,0.0329534001648426,0.00870330631732941,0.0039698495529592,-0.700489282608032,-0.784967482089996,0.784967482089996,-0.560253918170929,0.405471563339233,0.26656585931778,-0.17924103140831,-3.78711891174316,113,2025,0.146,"17 R",567437.128,2799562.171,"CS15",2025,9.3,9.3,9.3,3.8,0,5.5,0
"1025","CS18_1",113,0.0244222152978182,0.032604843378067,0.00895553920418024,0.00418523279950023,-0.707402586936951,-0.772480368614197,0.772480368614197,-0.544523537158966,0.498795986175537,0.322365492582321,-0.209346681833267,-3.77505993843079,114,2025,0.186,"17 R",568936.463,2799264.473,"CS18",2025,56,56,56,0,0,56,0
"1026","CS18_10",114,0.0243575647473335,0.0336807407438755,0.00923498161137104,0.00364995677955449,-0.739358842372894,-0.804452776908875,0.804452776908875,-0.650180637836456,0.456209063529968,0.293424904346466,-0.197823628783226,-3.77646470069885,115,2025,0.166,"17 R",568737.891,2799295.409,"CS18",2025,54.3,54.3,30,1,0,29,24.3
"1027","CS18_2",115,0.0254751015454531,0.0315820500254631,0.0091925635933876,0.00430200528353453,-0.71105283498764,-0.760227501392365,0.760227501392365,-0.543614089488983,0.580210626125336,0.342223018407822,-0.259023070335388,-3.77505993843079,116,2025,0.197,"17 R",568912.411,2799260.916,"CS18",2025,19.9,19.9,18.5,18.5,0,0,0.9
"1028","CS18_3",116,0.0257424898445606,0.0318431407213211,0.00849760603159666,0.00407724641263485,-0.726540386676788,-0.772984266281128,0.772984266281128,-0.527285635471344,0.580524325370789,0.419924437999725,-0.197211265563965,-3.7753586769104,117,2025,0.19,"17 R",568891.651,2799266.093,"CS18",2025,58.9,58.9,58,0,0,58,0.9
"1029","CS18_4",117,0.0243114847689867,0.0324915573000908,0.00733871711418033,0.00339863891713321,-0.754700541496277,-0.810609042644501,0.810609042644501,-0.55042576789856,0.498533189296722,0.488180696964264,-0.0771203935146332,-3.77539825439453,118,2025,0.184,"17 R",568870.742,2799271.606,"CS18",2025,43,43,43,16,0,27,0
"1030","CS18_5",118,0.0247127134352922,0.0358340851962566,0.00909223686903715,0.00408607954159379,-0.716232597827911,-0.795287430286407,0.795287430286407,-0.569817543029785,0.394449830055237,0.321228682994843,-0.125232949852943,-3.77569365501404,119,2025,0.144,"17 R",568845.989,2799272.913,"CS18",2025,44.3,44.3,44,1,0,43,0.3
"1031","CS18_6",119,0.0236712694168091,0.0313469842076302,0.00816439744085073,0.00408900994807482,-0.705405712127686,-0.769217133522034,0.769217133522034,-0.498888283967972,0.515961170196533,0.370269387960434,-0.185651198029518,-3.77590942382812,120,2025,0.153,"17 R",568822.045,2799278.02,"CS18",2025,40,40,40,0,0,40,0
"1032","CS18_7",120,0.0253814049065113,0.0317386910319328,0.00723863625898957,0.00500401528552175,-0.670630514621735,-0.72761857509613,0.72761857509613,-0.273791283369064,0.57043981552124,0.542997241020203,-0.0912053659558296,-3.77603030204773,121,2025,0.191,"17 R",568800.235,2799281.452,"CS18",2025,6.6,6.6,5.5,5,0,0.5,1.1
"1033","CS18_8",121,0.0289206523448229,0.0345681086182594,0.00689529161900282,0.00341490912251174,-0.788783073425293,-0.820187568664551,0.820187568664551,-0.506350338459015,0.595932900905609,0.715114057064056,0.0273100901395082,-3.77620244026184,122,2025,0.145,"17 R",568777.532,2799287.42,"CS18",2025,20.1,20.1,19,2,0,17,1.1
"1034","CS18_9",122,0.0247444026172161,0.0341896712779999,0.00818279571831226,0.00296408915892243,-0.78605192899704,-0.840442061424255,0.840442061424255,-0.702264368534088,0.453517317771912,0.412680715322495,-0.10037986189127,-3.77641558647156,123,2025,0.159,"17 R",568757.467,2799292.781,"CS18",2025,33.2,33.2,33.2,0.2,0,33,0
"1035","CS24_1",123,0.0413392297923565,0.0492471978068352,0.0130433132871985,0.00459342868998647,-0.799992918968201,-0.829369425773621,0.829369425773621,-0.718660354614258,0.517824113368988,0.52697092294693,-0.0532289445400238,-3.72051072120667,124,2025,0.228,"17 R",569728.343,2801033.88,"CS24",2025,11.5,11.5,11,0,0,11,0.5
"1036","CS24_10",124,0.0445335768163204,0.0535126402974129,0.0124065736308694,0.00463822111487389,-0.811346292495728,-0.840476274490356,0.840476274490356,-0.683641493320465,0.490075320005417,0.644225120544434,0.0639486461877823,-3.82022881507874,125,2025,0.164,"17 R",569662.535,2801184.428,"CS24",2025,12.2,12.2,10,9,0,1,2.2
"1037","CS24_2",125,0.0417342521250248,0.0493785850703716,0.01304723136127,0.0043690511956811,-0.810466885566711,-0.837423503398895,0.837423503398895,-0.747419536113739,0.524056911468506,0.536224246025085,-0.0507692918181419,-3.7211172580719,126,2025,0.209,"17 R",569721.411,2801045.058,"CS24",2025,17,17,16,15,0,1,1
"1038","CS24_3",126,0.0394000075757504,0.0497653968632221,0.0132837668061256,0.00448580319061875,-0.79556930065155,-0.834628403186798,0.834628403186798,-0.742671072483063,0.456902027130127,0.463295429944992,-0.0552119091153145,-3.71051907539368,127,2025,0.333,"17 R",569714.147,2801058.892,"CS24",2025,10.1,10.1,8.5,8,0,0.5,1.6
"1039","CS24_4",127,0.0426594465970993,0.0513042844831944,0.0137565331533551,0.00551449181511998,-0.771059095859528,-0.805891931056976,0.805891931056976,-0.641536295413971,0.498922288417816,0.512856423854828,-0.0485929138958454,-3.70740389823914,128,2025,0.18,"17 R",569706.594,2801077.525,"CS24",2025,21.7,21.7,20,20,0,0,1.7
"1040","CS24_5",128,0.0438385978341103,0.0515668950974941,0.0137645471841097,0.00495234178379178,-0.796997487545013,-0.824755549430847,0.824755549430847,-0.706223547458649,0.519907653331757,0.539624035358429,-0.0438842251896858,-3.71404600143433,129,2025,0.169,"17 R",569696.803,2801091.459,"CS24",2025,11.8,11.8,4.6,4.5,0,0.1,7.2
"1041","CS24_6",129,0.0454064719378948,0.0525947250425816,0.0138887222856283,0.00461747916415334,-0.815389275550842,-0.838584125041962,0.838584125041962,-0.751470506191254,0.530770123004913,0.567079842090607,-0.0302694514393806,-3.7369236946106,130,2025,0.166,"17 R",569688.08,2801110.647,"CS24",2025,6.4,6.4,4.5,2,0,2.5,1.9
"1042","CS24_7",130,0.043729230761528,0.0528569743037224,0.0121540715917945,0.00416883872821927,-0.825928747653961,-0.853791177272797,0.853791177272797,-0.733806014060974,0.487013846635818,0.643591821193695,0.0656350925564766,-3.76690554618835,131,2025,0.166,"17 R",569681.872,2801131.005,"CS24",2025,34.9,34.9,34.5,2.5,0,32,0.4
"1043","CS24_8",131,0.0458108484745026,0.0528607070446014,0.0128552373498678,0.00530803855508566,-0.792325735092163,-0.817495167255402,0.817495167255402,-0.623279511928558,0.533431112766266,0.642107129096985,0.027478251606226,-3.77033948898315,132,2025,0.166,"17 R",569674.191,2801145.97,"CS24",2025,19.3,19.3,14.5,12,0,2.5,4.8
"1044","CS24_9",132,0.042446568608284,0.0518478862941265,0.0132117625325918,0.00440520141273737,-0.811951577663422,-0.843379199504852,0.843379199504852,-0.749836444854736,0.48095428943634,0.542425930500031,-0.0105131436139345,-3.78460264205933,133,2025,0.164,"17 R",569667.329,2801166.053,"CS24",2025,14.1,14.1,12,3.5,0,8.5,2.1
"1045","CS25_1",133,0.0345227159559727,0.0578501150012016,0.0161584839224815,0.00463332701474428,-0.763340413570404,-0.851694226264954,0.851694226264954,-0.831468462944031,0.139577001333237,0.163530290126801,-0.0381982885301113,-2.42651128768921,134,2025,0.217,"17 R",568152.189,2804532.795,"CS25",2025,16,16,9,0,0,9,6
"1046","CS25_10",134,0.0293695908039808,0.0462149679660797,0.0161666981875896,0.00362314633093774,-0.780367016792297,-0.854603409767151,0.854603409767151,-0.950756728649139,0.25414451956749,0.00143771665170789,-0.263096392154694,-2.14369702339172,135,2025,0.186,"17 R",568072.478,2804622.726,"CS25",2025,100,100,0,0,0,0,91
"1047","CS25_2",135,0.0351679436862469,0.0543094240128994,0.0153513848781586,0.00531128887087107,-0.737579584121704,-0.821830749511719,0.821830749511719,-0.728857457637787,0.235785871744156,0.225888937711716,-0.0664324536919594,-2.42089414596558,136,2025,0.189,"17 R",568143.653,2804539.834,"CS25",2025,99,99,0,0,0,0,93
"1048","CS25_3",136,0.0334928743541241,0.0510209500789642,0.0158143751323223,0.00305325491353869,-0.832909524440765,-0.887071669101715,0.887071669101715,-1.01452493667603,0.263818562030792,0.151663288474083,-0.149145916104317,-2.38170647621155,137,2025,0.214,"17 R",568133.033,2804551.151,"CS25",2025,28,28,0,0,0,0,28
"1049","CS25_4",137,0.0274237543344498,0.0445626303553581,0.0129316309466958,0.00361885968595743,-0.766845703125,-0.849782168865204,0.849782168865204,-0.844032824039459,0.230380564928055,0.123926259577274,-0.147324740886688,-2.35524415969849,138,2025,0.222,"17 R",568126.86,2804566.557,"CS25",2025,5.5,5.5,5.5,5.5,0,0,0
"1050","CS25_5",138,0.0260028801858425,0.0407604351639748,0.0116634862497449,0.00429739896208048,-0.716345906257629,-0.809249639511108,0.809249639511108,-0.692263066768646,0.286884874105453,0.15903452038765,-0.166161119937897,-2.32713675498962,139,2025,0.201,"17 R",568117.449,2804575.126,"CS25",2025,98,98,98,98,0,0,0
"1051","CS25_6",139,0.0353027433156967,0.0584859661757946,0.0185846053063869,0.00429814029484987,-0.7829270362854,-0.863081872463226,0.863081872463226,-0.936500251293182,0.148473232984543,0.0661831796169281,-0.122611060738564,-2.29056906700134,140,2025,0.213,"17 R",568108.664,2804583.388,"CS25",2025,36,36,6,1,0,5,30
"1052","CS25_7",140,0.0337558425962925,0.0529225096106529,0.0170866325497627,0.00531550217419863,-0.72790789604187,-0.817455947399139,0.817455947399139,-0.788170218467712,0.226626351475716,0.0932792648673058,-0.165291666984558,-2.25259852409363,141,2025,0.199,"17 R",568097.258,2804591.461,"CS25",2025,38,38,9,5,0,4,29
"1053","CS25_8",141,0.0265237875282764,0.0410166829824448,0.0133967036381364,0.00260493066161871,-0.821143448352814,-0.880566954612732,0.880566954612732,-1.01162540912628,0.299010366201401,0.060327835381031,-0.254323065280914,-2.22347521781921,142,2025,0.207,"17 R",568091.379,2804601.579,"CS25",2025,11.5,2.5,0,0,0,0,0
"1054","CS25_9",142,0.025619950145483,0.0384809449315071,0.0133976675570011,0.00463904859498143,-0.693377256393433,-0.784830749034882,0.784830749034882,-0.728399157524109,0.342840641736984,0.0255956500768661,-0.318187832832336,-2.18521928787231,143,2025,0.187,"17 R",568084.249,2804612.211,"CS25",2025,22,22,0,0,0,0,22
"1055","CS29_1",143,0.0619761236011982,0.0753982663154602,0.0189565047621727,0.00560042960569263,-0.834249317646027,-0.86171555519104,0.86171555519104,-0.815823018550873,0.398814797401428,0.612018942832947,0.117881990969181,-3.69973683357239,144,2025,0.263,"17 R",571424.91,2802687.098,"CS29",2025,16.3,16.3,3.2,1.2,0,2,13.1
"1056","CS29_10",144,0.0658371299505234,0.0791929736733437,0.0198918357491493,0.00572246313095093,-0.840064406394958,-0.865219712257385,0.865219712257385,-0.829773187637329,0.398846656084061,0.631245493888855,0.134159177541733,-3.70587110519409,145,2025,0.209,"17 R",571384.697,2802832.487,"CS29",2025,1.3,1.3,0.2,0,0,0.2,1.1
"1057","CS29_2",145,0.0640311986207962,0.0752730816602707,0.0193046685308218,0.00560170412063599,-0.839107573032379,-0.861472189426422,0.861472189426422,-0.825268566608429,0.433480083942413,0.629068195819855,0.103815779089928,-3.71603965759277,146,2025,0.24,"17 R",571419.821,2802702.686,"CS29",2025,19.2,19.2,0,0,0,0,19.2
"1058","CS29_3",146,0.0649299472570419,0.0757787078619003,0.0196518916636705,0.00537595525383949,-0.847069561481476,-0.867513358592987,0.867513358592987,-0.855603158473969,0.439183264970779,0.627754032611847,0.0983603745698929,-3.71910524368286,147,2025,0.247,"17 R",571417.261,2802715.681,"CS29",2025,17,10.5,0,0,0,0,10.5
"1059","CS29_4",147,0.0654445216059685,0.0747694596648216,0.0186136402189732,0.00447185104712844,-0.872080028057098,-0.887133359909058,0.887133359909058,-0.918875157833099,0.463570326566696,0.682089626789093,0.12194761633873,-3.72624325752258,148,2025,0.245,"17 R",571415.302,2802732.584,"CS29",2025,15,10,0,0,0,0,10
"1060","CS29_5",148,0.0677529945969582,0.0778001695871353,0.0184988174587488,0.00503814546391368,-0.861572563648224,-0.878361940383911,0.878361940383911,-0.857842564582825,0.449358552694321,0.7220498919487,0.165899187326431,-3.72811794281006,149,2025,0.246,"17 R",571413.406,2802748.627,"CS29",2025,22,22,21,0,0,21,1
"1061","CS29_6",149,0.0653186663985252,0.080072708427906,0.0204640701413155,0.00481313653290272,-0.862740278244019,-0.886597454547882,0.886597454547882,-0.928757727146149,0.377350807189941,0.599073112010956,0.125876367092133,-3.73812770843506,150,2025,0.25,"17 R",571407.114,2802765.145,"CS29",2025,11.7,6.7,2,0,0,2,4.7
"1062","CS29_7",150,0.0648064017295837,0.0801993384957314,0.0205802507698536,0.00436108838766813,-0.873897731304169,-0.896852731704712,0.896852731704712,-0.97543853521347,0.367533534765244,0.586355805397034,0.123598009347916,-3.73811101913452,151,2025,0.232,"17 R",571403.645,2802779.761,"CS29",2025,11.4,11.4,11,0,0,11,0.4
"1063","CS29_8",151,0.0636534839868546,0.0798218622803688,0.0200043618679047,0.00515440152958035,-0.85017991065979,-0.8786860704422,0.8786860704422,-0.885375022888184,0.355386704206467,0.592689096927643,0.138224303722382,-3.73805522918701,152,2025,0.249,"17 R",571399.119,2802796.331,"CS29",2025,4.5,4.5,1.5,0,0,1.5,3
"1064","CS29_9",152,0.0651944354176521,0.0785610675811768,0.0196594577282667,0.00572138046845794,-0.838643014431,-0.864233195781708,0.864233195781708,-0.823736250400543,0.398891687393188,0.631489813327789,0.134156912565231,-3.72645449638367,153,2025,0.225,"17 R",571389.959,2802815.285,"CS29",2025,11.9,11.9,11.2,0,0,11.2,0.7
"1065","CS3_1",153,0.0221809558570385,0.0339123606681824,0.0136563973501325,0.00704103382304311,-0.518100321292877,-0.656144082546234,0.656144082546234,-0.479433655738831,0.354170203208923,-0.134907320141792,-0.457608193159103,-2.6059238910675,154,2025,0.168,"17 R",563333.209,2798078.844,"CS3",2025,66.7,66.7,66.2,66.2,0,0,0.5
"1066","CS3_10",154,0.0233636721968651,0.0350686684250832,0.0151694873347878,0.00614107958972454,-0.583722651004791,-0.701959848403931,0.701959848403931,-0.635488092899323,0.364874392747879,-0.172865062952042,-0.495697975158691,-2.46051740646362,155,2025,0.14,"17 R",563298.844,2797924.242,"CS3",2025,33,33,33,4,0,29,0
"1067","CS3_2",155,0.0234809815883636,0.0321272015571594,0.0142351826652884,0.00862683169543743,-0.462633490562439,-0.576639115810394,0.576639115810394,-0.36796960234642,0.477647423744202,-0.113465771079063,-0.539975762367249,-2.59143686294556,156,2025,0.137,"17 R",563331.956,2798060.743,"CS3",2025,37.1,37.1,35.2,33,0,2.2,1.9
"1068","CS3_3",156,0.0230941995978355,0.0350619070231915,0.0141215436160564,0.00896816980093718,-0.4405797123909,-0.592634379863739,0.592634379863739,-0.334783732891083,0.353510737419128,-0.123217344284058,-0.447100758552551,-2.55251169204712,157,2025,0.137,"17 R",563327.707,2798045.653,"CS3",2025,48.6,48.6,48.2,48,0,0.2,0.4
"1069","CS3_4",157,0.0233541578054428,0.0354442335665226,0.0151632465422153,0.00794875901192427,-0.492139399051666,-0.633638560771942,0.633638560771942,-0.468229860067368,0.351363271474838,-0.172920301556587,-0.48476505279541,-2.53782987594604,158,2025,0.135,"17 R",563323.789,2798027.474,"CS3",2025,68.9,68.9,60.5,53,7.5,0,0.4
"1070","CS3_5",158,0.0217940658330917,0.0342970378696918,0.0156261622905731,0.00806200690567493,-0.459941893815994,-0.619349002838135,0.619349002838135,-0.478983104228973,0.322698801755905,-0.267787665128708,-0.53816294670105,-2.52898526191711,159,2025,0.137,"17 R",563321.262,2798008.095,"CS3",2025,39.7,39.7,36.7,36,0.7,0,3
"1071","CS3_6",159,0.0215372107923031,0.0325144231319427,0.0135448314249516,0.00579807162284851,-0.575781106948853,-0.697327375411987,0.697327375411987,-0.600744366645813,0.376501113176346,-0.157340586185455,-0.494112998247147,-2.50048875808716,160,2025,0.135,"17 R",563315.664,2797989.062,"CS3",2025,55.1,55.1,55,48.5,6.5,0,0.1
"1072","CS3_7",160,0.021540429443121,0.033919233828783,0.0127366399392486,0.00579967722296715,-0.575738489627838,-0.707963943481445,0.707963943481445,-0.561354458332062,0.324618428945541,-0.104552008211613,-0.409882694482803,-2.48371434211731,161,2025,0.135,"17 R",563307.889,2797974.898,"CS3",2025,27.1,27.1,26.5,0,0,26.5,0.6
"1073","CS3_8",161,0.0224505718797445,0.0337917245924473,0.0134311905130744,0.00636605313047767,-0.558168053627014,-0.682947933673859,0.682947933673859,-0.535312175750732,0.370635896921158,-0.108597807586193,-0.44983834028244,-2.49393177032471,162,2025,0.138,"17 R",563305.443,2797956.804,"CS3",2025,22.1,22.1,19.7,0,0,19.7,2.4
"1074","CS3_9",162,0.0237503908574581,0.0328992642462254,0.0135469362139702,0.00568636599928141,-0.613655388355255,-0.705259919166565,0.705259919166565,-0.61304372549057,0.459843695163727,-0.0596567168831825,-0.482452392578125,-2.49951076507568,163,2025,0.136,"17 R",563302.871,2797941.207,"CS3",2025,18.2,18.2,18,0,0,18,0.2
"1075","CS31_1",163,0.0324076153337955,0.0461686924099922,0.0108030410483479,0.00436924863606691,-0.762391448020935,-0.827090382575989,0.827090382575989,-0.636073291301727,0.353810489177704,0.444790929555893,0.0106616001576185,-3.2848916053772,164,2025,0.189,"17 R",569506.982,2804313.915,"CS31",2025,35.1,35.1,8,8,0,0,26.9
"1076","CS31_10",164,0.0317735187709332,0.0428805388510227,0.00931129045784473,0.00448908749967813,-0.75241231918335,-0.810465574264526,0.810465574264526,-0.524138152599335,0.42493611574173,0.552174746990204,0.0380595624446869,-3.34903478622437,165,2025,0.184,"17 R",569431.261,2804412.476,"CS31",2025,36.8,36.8,14,14,0,0,22.1
"1077","CS31_2",165,0.0340874828398228,0.0462961718440056,0.00988011807203293,0.00391774671152234,-0.793831169605255,-0.843957722187042,0.843957722187042,-0.64818412065506,0.400955408811569,0.571736693382263,0.0742856562137604,-3.28938364982605,166,2025,0.192,"17 R",569502.644,2804323.848,"CS31",2025,51,51,0,0,0,0,38.5
"1078","CS31_3",166,0.0324098840355873,0.0451561287045479,0.0105738705024123,0.00437053851783276,-0.762344300746918,-0.82350766658783,0.82350766658783,-0.6226407289505,0.381159484386444,0.463206768035889,0.00309983128681779,-3.31534647941589,167,2025,0.186,"17 R",569491.269,2804334.297,"CS31",2025,24,24,3,3,0,0,17.8
"1079","CS31_4",167,0.0339608043432236,0.0450302325189114,0.0104594025760889,0.00414526043459773,-0.782435655593872,-0.831409513950348,0.831409513950348,-0.648506104946136,0.431337475776672,0.519263327121735,0.00772655010223389,-3.33977484703064,168,2025,0.193,"17 R",569481.265,2804346.696,"CS31",2025,22.3,20.3,19,19,0,0,1.3
"1080","CS31_5",168,0.0309912599623203,0.0409724898636341,0.0105758467689157,0.00493705412372947,-0.725171983242035,-0.784922540187836,0.784922540187836,-0.545235812664032,0.455999732017517,0.41828864812851,-0.0942526906728745,-3.34872055053711,169,2025,0.191,"17 R",569473.92,2804357.318,"CS31",2025,14.7,14.7,9.5,9.5,0,0,4.7
"1081","CS31_6",169,0.0326729491353035,0.0423696674406528,0.0103466799482703,0.00516433920711279,-0.727023839950562,-0.782709717750549,0.782709717750549,-0.501160562038422,0.467593848705292,0.489874929189682,-0.0457895398139954,-3.34863591194153,170,2025,0.194,"17 R",569467.467,2804371.601,"CS31",2025,48.6,44.1,38,38,0,0,5.6
"1082","CS31_7",170,0.0320283584296703,0.0409751273691654,0.0103476708754897,0.00460006296634674,-0.748825490474701,-0.798133015632629,0.798133015632629,-0.576770484447479,0.488837033510208,0.469867199659348,-0.0793222934007645,-3.34938526153564,171,2025,0.171,"17 R",569457.163,2804383.096,"CS31",2025,9.2,9.2,7,7,0,0,2
"1083","CS31_8",171,0.0320295989513397,0.0421178340911865,0.0102332085371017,0.00414878223091364,-0.770648539066315,-0.82065761089325,0.82065761089325,-0.634588062763214,0.455040067434311,0.47942316532135,-0.0442349277436733,-3.350421667099,172,2025,0.176,"17 R",569445.606,2804392.657,"CS31",2025,22,22,5,5,0,0,16.5
"1084","CS31_9",172,0.0302219726145267,0.0421187579631805,0.0102341994643211,0.00358448503538966,-0.787940800189972,-0.84314090013504,0.84314090013504,-0.7218177318573,0.396921873092651,0.421249091625214,-0.0442789904773235,-3.35141253471375,173,2025,0.173,"17 R",569436.357,2804402.16,"CS31",2025,28,28,26,26,0,0,2
"1085","CS33_1",173,0.0371632240712643,0.0548515915870667,0.0152595778927207,0.00476014753803611,-0.772911965847015,-0.84029495716095,0.84029495716095,-0.786681413650513,0.278751254081726,0.286205887794495,-0.0524107180535793,-2.7930600643158,174,2025,0.189,"17 R",570381.34,2805577.685,"CS33",2025,27.5,27.5,3.5,3.5,0,0,24
"1086","CS33_10",174,0.0392366088926792,0.0618103668093681,0.0189582332968712,0.00521911447867751,-0.765199422836304,-0.844274044036865,0.844274044036865,-0.852396130561829,0.186116561293602,0.154801964759827,-0.0808933451771736,-2.73440742492676,175,2025,0.183,"17 R",570294.342,2805670.063,"CS33",2025,42.5,42.5,16,16,0,0,26.5
"1087","CS33_2",175,0.0366487242281437,0.0539670065045357,0.0145685262978077,0.00656803837046027,-0.696042120456696,-0.783000469207764,0.783000469207764,-0.567771136760712,0.28480988740921,0.311917245388031,-0.0370822846889496,-2.78543186187744,176,2025,0.192,"17 R",570371.499,2805589.234,"CS33",2025,54,54,1,1,0,0,53
"1088","CS33_3",176,0.0351034663617611,0.0521972812712193,0.0151468580588698,0.00532691972330213,-0.736489295959473,-0.814793765544891,0.814793765544891,-0.719452321529388,0.282746315002441,0.235529810190201,-0.0969581604003906,-2.77795052528381,177,2025,0.191,"17 R",570360.365,2805600.962,"CS33",2025,33.4,33.4,8,4,0,4,25.4
"1089","CS33_4",177,0.036908932030201,0.049792755395174,0.0146857658401132,0.0045364573597908,-0.781087458133698,-0.83300119638443,0.83300119638443,-0.791998028755188,0.390913546085358,0.312134265899658,-0.123048633337021,-2.78117203712463,178,2025,0.181,"17 R",570350.749,2805609.579,"CS33",2025,47.1,47.1,12.5,12.5,0,0,34.6
"1090","CS33_5",178,0.033170685172081,0.0490347035229206,0.0144567741081119,0.00521543947979808,-0.728264331817627,-0.807726263999939,0.807726263999939,-0.704648792743683,0.302997976541519,0.218793675303459,-0.127678513526917,-2.76704096794128,179,2025,0.186,"17 R",570342.586,2805620.186,"CS33",2025,62.3,62.3,42,40.5,0,1.5,20.3
"1091","CS33_6",179,0.0330428704619408,0.050428032875061,0.013765693642199,0.00521617429330945,-0.727323353290558,-0.812516868114471,0.812516868114471,-0.675606787204742,0.264670670032501,0.256843954324722,-0.0662736594676971,-2.75701069831848,180,2025,0.181,"17 R",570334.93,2805631.192,"CS33",2025,8,8,6.5,6.5,0,0,1.5
"1092","CS33_7",180,0.0331721156835556,0.0516937635838985,0.0143426209688187,0.00521636568009853,-0.728232741355896,-0.816680610179901,0.816680610179901,-0.699902474880219,0.238079935312271,0.225619673728943,-0.0694664642214775,-2.75801992416382,181,2025,0.182,"17 R",570321.258,2805639.026,"CS33",2025,100.4,100.4,5,5,0,0,95.4
"1093","CS33_8",181,0.0356243439018726,0.0503024682402611,0.0153815168887377,0.00533004710450768,-0.739708125591278,-0.808383762836456,0.808383762836456,-0.727960705757141,0.342960864305496,0.237105414271355,-0.144412562251091,-2.75489163398743,182,2025,0.183,"17 R",570310.516,2805647.096,"CS33",2025,17.2,17.2,15,15,0,0,2.2
"1094","CS33_9",182,0.0327874384820461,0.0523280911147594,0.0148058468475938,0.00578254833817482,-0.700152933597565,-0.800981402397156,0.800981402397156,-0.657406628131866,0.211413010954857,0.186758518218994,-0.0789351463317871,-2.7485020160675,183,2025,0.172,"17 R",570300.064,2805656.103,"CS33",2025,66,66,49,49,0,0,17
"1095","CS36_1",183,0.0567716397345066,0.077404722571373,0.0209482368081808,0.00627702800557017,-0.800883114337921,-0.849978566169739,0.849978566169739,-0.808323204517365,0.27879524230957,0.438824653625488,0.0760513097047806,-2.72448205947876,184,2025,0.211,"17 R",572551.26,2805065.683,"CS36",2025,3.8,3.8,3.5,3.5,0,0,0.3
"1096","CS36_10",184,0.0561404824256897,0.0729975625872612,0.0215342231094837,0.00696255406364799,-0.77932745218277,-0.82584935426712,0.82584935426712,-0.767016708850861,0.339727193117142,0.404039442539215,-0.00137433514464647,-2.71086740493774,185,2025,0.234,"17 R",572490.078,2805175.931,"CS36",2025,12,12,12,10,0,2,0
"1097","CS36_2",185,0.0561307780444622,0.0760184824466705,0.0210644863545895,0.00672983843833208,-0.785880625247955,-0.837341964244843,0.837341964244843,-0.773610174655914,0.289672464132309,0.422737061977386,0.0542081668972969,-2.71716952323914,186,2025,0.254,"17 R",572548.721,2805079.296,"CS36",2025,3,3,0.5,0,0,0.5,2.5
"1098","CS36_3",186,0.0566461719572544,0.0776585191488266,0.0196818001568317,0.00582690397277474,-0.813458740711212,-0.860409080982208,0.860409080982208,-0.814715802669525,0.272556006908417,0.489968299865723,0.121827773749828,-2.71143937110901,187,2025,0.252,"17 R",572544.238,2805093.661,"CS36",2025,3.7,3.7,3,2.5,0,0.5,0.7
"1099","CS36_4",187,0.0578021556138992,0.0745069608092308,0.02095159702003,0.0058276429772377,-0.816826581954956,-0.854915738105774,0.854915738105774,-0.847146213054657,0.343719869852066,0.456676602363586,0.0377867519855499,-2.70851588249207,188,2025,0.229,"17 R",572537.676,2805106.274,"CS36",2025,4.8,4.8,1.8,1.3,0,0.5,0.5
"1100","CS36_5",188,0.0535663217306137,0.0756425261497498,0.0201449282467365,0.00594127690419555,-0.800318717956543,-0.854351580142975,0.854351580142975,-0.816733479499817,0.249007478356361,0.414164394140244,0.0796729847788811,-2.7103259563446,189,2025,0.232,"17 R",572531.492,2805119.141,"CS36",2025,8.9,8.9,8.5,8.5,0,0,0.4
"1101","CS36_6",189,0.0571633987128735,0.0747609734535217,0.0198005568236113,0.00594262732192874,-0.811662137508392,-0.852729558944702,0.852729558944702,-0.807471752166748,0.328420966863632,0.493910580873489,0.0797023773193359,-2.70724320411682,190,2025,0.211,"17 R",572524.23,2805130.451,"CS36",2025,9.3,9.3,8,6.5,0,1.5,1.3
"1102","CS36_7",190,0.0590888299047947,0.0753920823335648,0.0218776371330023,0.0056043085642159,-0.826741814613342,-0.861615836620331,0.861615836620331,-0.888219237327576,0.351208359003067,0.441687077283859,0.020118335261941,-2.70779824256897,191,2025,0.207,"17 R",572515.831,2805143.693,"CS36",2025,2,2,1,1,0,0,1
"1103","CS36_8",191,0.0560101829469204,0.0731224864721298,0.0210712049156427,0.00696121761575341,-0.778908610343933,-0.826151430606842,0.826151430606842,-0.755017876625061,0.335300177335739,0.42031341791153,0.0151502452790737,-2.70939540863037,192,2025,0.202,"17 R",572507.604,2805153.652,"CS36",2025,8.1,6.1,4.5,4.5,0,0,1.1
"1104","CS36_9",192,0.0547272376716137,0.075897641479969,0.0208414327353239,0.00718796299770474,-0.767812669277191,-0.826974511146545,0.826974511146545,-0.730668783187866,0.266306698322296,0.406522780656815,0.0598729997873306,-2.7065532207489,193,2025,0.195,"17 R",572497.779,2805164.675,"CS36",2025,4.6,4.6,3.7,3.5,0,0.2,0.9
"1105","CS39_1",193,0.0360933728516102,0.0483201295137405,0.00939750205725431,0.00291451788507402,-0.850567758083344,-0.886228621006012,0.886228621006012,-0.78983598947525,0.405498951673508,0.671765267848969,0.1512081772089,-3.38372611999512,194,2025,0.198,"17 R",568913.01,2802608.164,"CS39",2025,3.5,3.5,1.5,1,0,0.5,2
"1106","CS39_10",194,0.0334182307124138,0.0455561019480228,0.0101202689111233,0.00361473183147609,-0.80478298664093,-0.852972507476807,0.852972507476807,-0.710469961166382,0.400949746370316,0.531359851360321,0.0418024398386478,-3.38228607177734,195,2025,0.22,"17 R",568863.319,2802703.941,"CS39",2025,48.5,48.5,9.5,9.5,0,0,38
"1107","CS39_2",195,0.0359751209616661,0.0513715408742428,0.00963696930557489,0.0034861967433244,-0.823310673236847,-0.872900426387787,0.872900426387787,-0.703043699264526,0.326889604330063,0.64695405960083,0.19529402256012,-3.38417553901672,196,2025,0.205,"17 R",568905.939,2802622.271,"CS39",2025,7.7,7.7,7,7,0,0,0.7
"1108","CS39_3",196,0.0341711416840553,0.0495999231934547,0.00987214781343937,0.00303666526451707,-0.836772680282593,-0.884617686271667,0.884617686271667,-0.794280886650085,0.318614572286606,0.574878454208374,0.143765702843666,-3.38455295562744,197,2025,0.211,"17 R",568900.109,2802632.971,"CS39",2025,33.5,33.5,1.5,1.5,0,0,32
"1109","CS39_4",197,0.0361099056899548,0.0499805398285389,0.00987238995730877,0.00371554400771856,-0.813408553600311,-0.861608386039734,0.861608386039734,-0.679666876792908,0.364396750926971,0.630043208599091,0.151393428444862,-3.38434934616089,198,2025,0.208,"17 R",568898.218,2802635.773,"CS39",2025,66.5,66.5,0,0,0,0,62.5
"1110","CS39_5",198,0.0346938520669937,0.0477011539041996,0.00987639464437962,0.00360535643994808,-0.811726868152618,-0.859458148479462,0.859458148479462,-0.697725176811218,0.381811648607254,0.589691460132599,0.104438871145248,-3.38441038131714,199,2025,0.217,"17 R",568896.049,2802648.64,"CS39",2025,14.2,14.2,4,4,0,0,4.7
"1111","CS39_6",199,0.0339237563312054,0.0459285862743855,0.00988039746880531,0.00372138665989041,-0.80229127407074,-0.850095093250275,0.850095093250275,-0.679213583469391,0.405946671962738,0.566897809505463,0.0662948191165924,-3.38441801071167,200,2025,0.214,"17 R",568890.799,2802659.98,"CS39",2025,21.1,21.1,12,12,0,0,8.1
"1112","CS39_7",200,0.0331561975181103,0.0472030714154243,0.0105797750875354,0.0041781784966588,-0.776175260543823,-0.837365627288818,0.837365627288818,-0.650658965110779,0.349390894174576,0.485495328903198,0.0470522902905941,-3.38361883163452,201,2025,0.215,"17 R",568886.547,2802672.41,"CS39",2025,35.1,35.1,28,28,0,0,6.1
"1113","CS39_8",201,0.0354838334023952,0.0482187531888485,0.010002963244915,0.00406582606956363,-0.79439389705658,-0.844473242759705,0.844473242759705,-0.633011519908905,0.391050398349762,0.601310908794403,0.106552250683308,-3.38219690322876,202,2025,0.207,"17 R",568877.446,2802683.386,"CS39",2025,33.7,33.7,4,4,0,0,29.7
"1114","CS39_9",202,0.0344510599970818,0.0461896695196629,0.00988814793527126,0.00429256539791822,-0.77841180562973,-0.82993757724762,0.82993757724762,-0.591886579990387,0.414398014545441,0.581651091575623,0.0714288353919983,-3.38228607177734,203,2025,0.217,"17 R",568870.154,2802693.242,"CS39",2025,26.3,26.3,3.2,3.2,0,0,23.1
"1115","CS5_1",203,0.0258245915174484,0.0365305431187153,0.0125526404008269,0.00543620670214295,-0.652202963829041,-0.740927934646606,0.740927934646606,-0.593403816223145,0.414780467748642,0.089294321835041,-0.325798064470291,-2.662348985672,204,2025,0.241,"17 R",564153.892,2798902.075,"CS5",2025,26.6,26.6,26.5,25.7,0,0.8,0.1
"1116","CS5_10",204,0.0238651670515537,0.0340996533632278,0.0128962090238929,0.00690772896632552,-0.551051080226898,-0.663098275661469,0.663098275661469,-0.453582525253296,0.420581012964249,-0.012716487981379,-0.413063645362854,-2.65478610992432,205,2025,0.216,"17 R",564175.324,2798927.77,"CS5",2025,46.3,46.3,46,46,0,0,0.3
"1117","CS5_2",205,0.0232170484960079,0.034996010363102,0.0137100899592042,0.00679588411003351,-0.547136306762695,-0.674775004386902,0.674775004386902,-0.505770087242126,0.361130207777023,-0.0926119387149811,-0.428828179836273,-2.66230392456055,206,2025,0.196,"17 R",564161.092,2798911.928,"CS5",2025,31.7,31.7,31,28,0,3,0.7
"1118","CS5_3",206,0.0238683428615332,0.0348683185875416,0.0128983864560723,0.00668245786800981,-0.562534689903259,-0.678347408771515,0.678347408771515,-0.476174205541611,0.393292993307114,-0.0127278752624989,-0.390887290239334,-2.66176295280457,207,2025,0.202,"17 R",564169.828,2798920.877,"CS5",2025,86.7,86.7,86.7,86,0,0.7,0
"1119","CS5_4",207,0.0238651670515537,0.0340996533632278,0.0128962090238929,0.00690772896632552,-0.551051080226898,-0.663098275661469,0.663098275661469,-0.453582525253296,0.420581012964249,-0.012716487981379,-0.413063645362854,-2.65478610992432,208,2025,0.216,"17 R",564175.324,2798927.77,"CS5",2025,67.1,67.1,67,67,0,0,0.1
"1120","CS5_5",208,0.0238651670515537,0.0340996533632278,0.0128962090238929,0.00690772896632552,-0.551051080226898,-0.663098275661469,0.663098275661469,-0.453582525253296,0.420581012964249,-0.012716487981379,-0.413063645362854,-2.65478610992432,209,2025,0.216,"17 R",564175.324,2798927.77,"CS5",2025,70.1,70.1,70.1,70,0,0.1,0
"1121","CS5_6",209,0.0238651670515537,0.0340996533632278,0.0128962090238929,0.00690772896632552,-0.551051080226898,-0.663098275661469,0.663098275661469,-0.453582525253296,0.420581012964249,-0.012716487981379,-0.413063645362854,-2.65478610992432,210,2025,0.216,"17 R",564175.324,2798927.77,"CS5",2025,86.5,86.5,86.5,86.5,0,0,0
"1122","CS5_7",210,0.0238651670515537,0.0340996533632278,0.0128962090238929,0.00690772896632552,-0.551051080226898,-0.663098275661469,0.663098275661469,-0.453582525253296,0.420581012964249,-0.012716487981379,-0.413063645362854,-2.65478610992432,211,2025,0.216,"17 R",564175.324,2798927.77,"CS5",2025,92,92,92,92,0,0,0
"1123","CS5_8",211,0.0238651670515537,0.0340996533632278,0.0128962090238929,0.00690772896632552,-0.551051080226898,-0.663098275661469,0.663098275661469,-0.453582525253296,0.420581012964249,-0.012716487981379,-0.413063645362854,-2.65478610992432,212,2025,0.216,"17 R",564175.324,2798927.77,"CS5",2025,82,82,82,82,0,0,0
"1124","CS5_9",212,0.0238651670515537,0.0340996533632278,0.0128962090238929,0.00690772896632552,-0.551051080226898,-0.663098275661469,0.663098275661469,-0.453582525253296,0.420581012964249,-0.012716487981379,-0.413063645362854,-2.65478610992432,213,2025,0.216,"17 R",564175.324,2798927.77,"CS5",2025,37.2,37.2,36,36,0,0,1.2
"1125","CS6_1",213,0.0281249601393938,0.0374229587614536,0.0146342227235436,0.00568471103906631,-0.663722813129425,-0.73625522851944,0.73625522851944,-0.66067773103714,0.470420956611633,0.0433463826775551,-0.40623739361763,-2.74559950828552,214,2025,0.143,"17 R",564716.829,2797754.784,"CS6",2025,86.6,86.6,86.6,86,0.6,0,0
"1126","CS6_10",214,0.0306352078914642,0.0407711751759052,0.0147760771214962,0.00649886159226298,-0.649978458881378,-0.72503250837326,0.72503250837326,-0.583589136600494,0.450503408908844,0.120585069060326,-0.32712134718895,-2.74252986907959,215,2025,0.128,"17 R",564592.779,2797824.812,"CS6",2025,83.5,83.5,83.5,73.5,0,10,0
"1127","CS6_2",215,0.0290397498756647,0.0397251024842262,0.014636367559433,0.00455085979774594,-0.729039788246155,-0.794432044029236,0.794432044029236,-0.788454830646515,0.428992360830307,0.0752291232347488,-0.346638381481171,-2.74085712432861,216,2025,0.133,"17 R",564706.107,2797759.335,"CS6",2025,61.6,61.6,61.4,60,1,0.4,0.2
"1128","CS6_3",216,0.0285218562930822,0.0399828180670738,0.0149866947904229,0.00625565648078918,-0.640247046947479,-0.729417681694031,0.729417681694031,-0.616530478000641,0.403042882680893,0.0369960479438305,-0.35629341006279,-2.74227142333984,217,2025,0.13,"17 R",564693.553,2797768.159,"CS6",2025,51.7,51.7,51,43.5,4.8,2.7,0.7
"1129","CS6_4",217,0.0295697245746851,0.04164744541049,0.0146428262814879,0.00466934265568852,-0.727250576019287,-0.798373639583588,0.798373639583588,-0.774652779102325,0.388946413993835,0.0929370820522308,-0.299682348966599,-2.73795557022095,218,2025,0.133,"17 R",564679.764,2797775.657,"CS6",2025,51,51,51,31.5,3,16.5,0
"1130","CS6_5",218,0.0304840337485075,0.0405003540217876,0.0151091767475009,0.00557930767536163,-0.690582871437073,-0.757840752601624,0.757840752601624,-0.690954625606537,0.453754812479019,0.0965641736984253,-0.348980158567429,-2.74197578430176,219,2025,0.13,"17 R",564668.546,2797786.938,"CS6",2025,74.3,74.3,74.3,40,0.3,34,0
"1131","CS6_6",219,0.0316583104431629,0.0413964614272118,0.0160396359860897,0.00524033466354012,-0.715960562229156,-0.775270402431488,0.775270402431488,-0.761229991912842,0.464631676673889,0.0832298472523689,-0.367826730012894,-2.74285769462585,220,2025,0.135,"17 R",564655.846,2797795.885,"CS6",2025,73.2,73.2,73.2,71.5,0,1.7,0
"1132","CS6_7",220,0.0285371486097574,0.0426753498613834,0.0153455557301641,0.00649080518633127,-0.629392862319946,-0.735964477062225,0.735964477062225,-0.608257293701172,0.323410034179688,0.017285605892539,-0.307249903678894,-2.74434399604797,221,2025,0.133,"17 R",564642.305,2797804.328,"CS6",2025,87.5,87.5,87.5,82.5,1,4,0
"1133","CS6_8",221,0.0306262020021677,0.0407645665109158,0.0155818788334727,0.00626697577536106,-0.66026371717453,-0.733499050140381,0.733499050140381,-0.639500558376312,0.450408816337585,0.074858732521534,-0.363474428653717,-2.74138331413269,222,2025,0.126,"17 R",564626.344,2797809.216,"CS6",2025,74.5,74.5,74,64.5,0,9.5,0.5
"1134","CS6_9",222,0.0307593569159508,0.0438304841518402,0.0145397000014782,0.00615507457405329,-0.666522026062012,-0.75372588634491,0.75372588634491,-0.607734978199005,0.365543454885483,0.138427525758743,-0.243775650858879,-2.74127173423767,223,2025,0.126,"17 R",564610.612,2797818.44,"CS6",2025,30.2,30.2,30,23.5,0,6.5,0.2
"1135","CS9_1",223,0.0222382918000221,0.0307898335158825,0.010346139781177,0.00404108082875609,-0.692452251911163,-0.767960131168365,0.767960131168365,-0.657360374927521,0.475575089454651,0.105187751352787,-0.365002125501633,-2.44898080825806,224,2025,0.186,"17 R",565861.103,2800468.078,"CS9",2025,76.5,76.5,4.5,0,0,4.5,67
"1136","CS9_10",224,0.0217517931014299,0.0309430509805679,0.010253619402647,0.00587179744616151,-0.574870824813843,-0.681009292602539,0.681009292602539,-0.407600820064545,0.447349458932877,0.0907540246844292,-0.353915840387344,-1.68791544437408,225,2025,0.166,"17 R",565795.164,2800567.313,"CS9",2025,55,55,17,0,5.5,11.5,38
"1137","CS9_2",225,0.023152768611908,0.0315584987401962,0.0104644866660237,0.00449636345729232,-0.674755573272705,-0.750582158565521,0.750582158565521,-0.59837406873703,0.485541075468063,0.135754883289337,-0.348095834255219,-2.37975168228149,226,2025,0.193,"17 R",565856.357,2800477.278,"CS9",2025,86.4,86.4,9.5,7,0,2.5,76.9
"1138","CS9_3",226,0.0199015233665705,0.0301564130932093,0.00988707598298788,0.0047245817258954,-0.616294860839844,-0.729102790355682,0.729102790355682,-0.529970049858093,0.390126138925552,0.0330003909766674,-0.354855835437775,-2.3392870426178,227,2025,0.183,"17 R",565852.009,2800487.318,"CS9",2025,96.7,95.7,7,5.5,0,1.5,88.7
"1139","CS9_4",227,0.0205562058836222,0.0293929483741522,0.0102372169494629,0.00415957812219858,-0.663407146930695,-0.752055764198303,0.752055764198303,-0.633228302001953,0.454036444425583,0.0355905145406723,-0.404218316078186,-2.26280641555786,228,2025,0.195,"17 R",565847.233,2800498.861,"CS9",2025,93,93,12,10,0,2,81
"1140","CS9_5",228,0.0229026395827532,0.0302894599735737,0.0093125319108367,0.00404802896082401,-0.699597120285034,-0.764221012592316,0.764221012592316,-0.591049611568451,0.525166809558868,0.224679619073868,-0.309649586677551,-2.18796563148499,229,2025,0.2,"17 R",565837.585,2800508.356,"CS9",2025,91,91,91,89,0,2,0
"1141","CS9_6",229,0.0205660108476877,0.0310600195080042,0.00931667163968086,0.00371094909496605,-0.694282233715057,-0.786548972129822,0.786548972129822,-0.64544278383255,0.386651784181595,0.116686947643757,-0.284830868244171,-2.1107451915741,230,2025,0.184,"17 R",565831.434,2800522.225,"CS9",2025,79,79,20.5,16.5,3.5,0.5,58.5
"1142","CS9_7",230,0.022521922364831,0.0308073721826077,0.0107097504660487,0.00405284482985735,-0.694985508918762,-0.767480254173279,0.767480254173279,-0.676395893096924,0.48754808306694,0.0883074477314949,-0.387974947690964,-2.02177023887634,231,2025,0.223,"17 R",565825.772,2800535.156,"CS9",2025,88,88,80,76,0,4,8
"1143","CS9_8",231,0.0213542245328426,0.032724492251873,0.01071219984442,0.00439472170546651,-0.658648431301117,-0.763210415840149,0.763210415840149,-0.627276539802551,0.360046535730362,0.0348722152411938,-0.327761024236679,-1.91389918327332,232,2025,0.167,"17 R",565816.467,2800545.656,"CS9",2025,49,49,18.5,8.5,4.5,5.5,30.5
"1144","CS9_9",232,0.0225289855152369,0.0311956610530615,0.0107146482914686,0.00507661700248718,-0.632203876972198,-0.720082819461823,0.720082819461823,-0.535552203655243,0.472454428672791,0.0882298052310944,-0.375761568546295,-1.78495252132416,233,2025,0.166,"17 R",565804.423,2800556.937,"CS9",2025,25.7,25.7,9,8,0,1,16.7
"1145","MB11_1",233,0.0414920821785927,0.0601112581789494,0.0272630620747805,0.00683368649333715,-0.717182517051697,-0.795841574668884,0.795841574668884,-0.89873856306076,0.276297241449356,-0.100144997239113,-0.356379121541977,0,234,2025,0.447,"17 R",557757.801,2790253.768,"MB11",2025,57.75,57.75,19.75,19.75,0,0,38
"1146","MB11_10",234,0.041852343827486,0.0628477334976196,0.0282758697867393,0.00771831488236785,-0.68859338760376,-0.781245648860931,0.781245648860931,-0.856703162193298,0.230180338025093,-0.122709177434444,-0.336722493171692,0,235,2025,0.294,"17 R",557778.264,2790369.256,"MB11",2025,14.25,14.25,6,6,0,0,8.25
"1147","MB11_2",235,0.0421232134103775,0.0582325756549835,0.027487950399518,0.00660673901438713,-0.728842794895172,-0.796211957931519,0.796211957931519,-0.918671429157257,0.330452591180801,-0.0920774936676025,-0.393730461597443,0,236,2025,0.344,"17 R",557762.284,2790267.564,"MB11",2025,64.75,64.75,12.75,12.75,0,0,52
"1148","MB11_3",236,0.0418675318360329,0.0582317411899567,0.0274871103465557,0.00694224005565047,-0.715538918972015,-0.786962807178497,0.786962807178497,-0.895088195800781,0.32438188791275,-0.0981396958231926,-0.393723964691162,0,237,2025,0.399,"17 R",557763.501,2790279.694,"MB11",2025,66.5,66.5,12.75,12.75,0,0,53.75
"1149","MB11_4",237,0.0417377389967442,0.0606057494878769,0.0265724677592516,0.00716496771201491,-0.706970512866974,-0.788552701473236,0.788552701473236,-0.862876772880554,0.272122472524643,-0.0722893327474594,-0.330699294805527,0,238,2025,0.363,"17 R",557766.873,2790293.5,"MB11",2025,58.25,58.25,31.75,31.75,0,0,26.5
"1150","MB11_5",238,0.0433898791670799,0.0598548427224159,0.02679986320436,0.00738840037956834,-0.708993673324585,-0.780248522758484,0.780248522758484,-0.851672232151031,0.32627934217453,-0.0407596528530121,-0.348974496126175,0,239,2025,0.388,"17 R",557768.827,2790303.547,"MB11",2025,19,19,15,15,0,0,4
"1151","MB11_6",239,0.0427491813898087,0.0621018037199974,0.027367128059268,0.00626485561951995,-0.744364857673645,-0.816727757453918,0.816727757453918,-0.941169857978821,0.266070008277893,-0.0735573172569275,-0.326397925615311,0,240,2025,0.344,"17 R",557772.792,2790318.209,"MB11",2025,22,22,19.25,19.25,0,0,2.75
"1152","MB11_7",240,0.0403292551636696,0.0577240772545338,0.0271371956914663,0.00704797729849815,-0.702474057674408,-0.782375991344452,0.782375991344452,-0.88148820400238,0.297719568014145,-0.12461119145155,-0.393747955560684,0,241,2025,0.345,"17 R",557777.612,2790330.109,"MB11",2025,30.75,30.75,25.25,25.25,0,0,5.5
"1153","MB11_8",241,0.0398188307881355,0.0583486221730709,0.0267939623445272,0.0077197146601975,-0.675222933292389,-0.766311228275299,0.766311228275299,-0.828986465930939,0.271744608879089,-0.126457527279854,-0.374311000108719,0,242,2025,0.269,"17 R",557778.531,2790343.514,"MB11",2025,67.5,67.5,31,31,0,0,36.5
"1154","MB11_9",242,0.043888621032238,0.060223538428545,0.0280484762042761,0.00839143898338079,-0.678981304168701,-0.755405008792877,0.755405008792877,-0.809155464172363,0.330154150724411,-0.0682932734489441,-0.373870730400085,0,243,2025,0.278,"17 R",557779.096,2790356.237,"MB11",2025,57.5,57.5,55.5,55.5,0,0,2
"1155","MB3_1",243,0.0253246929496527,0.0344415456056595,0.0163292270153761,0.00644552893936634,-0.594240844249725,-0.684715569019318,0.684715569019318,-0.650964021682739,0.467668890953064,-0.155300959944725,-0.563954412937164,-1.87124037742615,244,2025,0.247,"17 R",559894.772,2792729.967,"MB3",2025,62.7,62.7,61.7,46,0,15.7,1
"1156","MB3_2",244,0.0255793947726488,0.0372213907539845,0.0169020183384418,0.00678198458626866,-0.580859363079071,-0.691751599311829,0.691751599311829,-0.640941083431244,0.382194221019745,-0.174792259931564,-0.509832620620728,-1.8713515996933,245,2025,0.199,"17 R",559905.076,2792712.74,"MB3",2025,90.6,90.6,89.4,81.5,0,7.9,1.2
"1157","MB6_1",245,0.0427182503044605,0.0620122849941254,0.0271119438111782,0.00865022651851177,-0.663208782672882,-0.755167901515961,0.755167901515961,-0.774353921413422,0.267120659351349,-0.0662655532360077,-0.321455299854279,0,246,2025,0.254,"17 R",558704.407,2791934.464,"MB6",2025,10.25,10.25,4,4,0,0,6.25
"1158","MB6_10",246,0.0396516285836697,0.0543510429561138,0.0245923344045877,0.00730186188593507,-0.688974678516388,-0.763130009174347,0.763130009174347,-0.813179552555084,0.354840606451035,-0.0573036596179008,-0.386843621730804,0,247,2025,0.201,"17 R",558739.548,2791836.759,"MB6",2025,56.75,56.75,22.25,22.25,0,0,34.5
"1159","MB6_2",247,0.0427182503044605,0.0620122849941254,0.0271119438111782,0.00865022651851177,-0.663208782672882,-0.755167901515961,0.755167901515961,-0.774353921413422,0.267120659351349,-0.0662655532360077,-0.321455299854279,0,248,2025,0.3,"17 R",558705.529,2791936.019,"MB6",2025,48.5,48.5,44.25,44.25,0,0,4.25
"1160","MB6_3",248,0.0409310795366764,0.0598795637488365,0.0261971540749073,0.0075273783877492,-0.689326524734497,-0.776658654212952,0.776658654212952,-0.830394446849823,0.26743483543396,-0.0796344354748726,-0.333058506250381,0,249,2025,0.197,"17 R",558709.102,2791917.468,"MB6",2025,53.75,53.75,9.75,9.75,0,0,44
"1161","MB6_4",249,0.0402893126010895,0.0569890514016151,0.0263100489974022,0.00808812212198973,-0.66562420129776,-0.751429855823517,0.751429855823517,-0.794602990150452,0.312492907047272,-0.0991171449422836,-0.385465502738953,0,250,2025,0.196,"17 R",558712.691,2791906.474,"MB6",2025,49.5,49.5,0,0,0,0,49.5
"1162","MB6_5",250,0.0413136295974255,0.057241179049015,0.0257380567491055,0.0076391170732677,-0.687898337841034,-0.764516592025757,0.764516592025757,-0.813382506370544,0.332168906927109,-0.0552043356001377,-0.366069942712784,0,251,2025,0.196,"17 R",558717.633,2791895.45,"MB6",2025,77.75,77.75,17.5,17.5,0,0,60.25
"1163","MB6_6",251,0.0367054902017117,0.0552290380001068,0.0239029861986637,0.0079750120639801,-0.643020510673523,-0.747642397880554,0.747642397880554,-0.749481201171875,0.257922202348709,-0.110183082520962,-0.351440489292145,0,252,2025,0.186,"17 R",558721.821,2791885.903,"MB6",2025,52.79,52.79,0,0,0,0,50.54
"1164","MB6_7",252,0.0381147488951683,0.0559839382767677,0.0259663816541433,0.00730114057660103,-0.678476393222809,-0.769261837005615,0.769261837005615,-0.841597437858582,0.278897106647491,-0.14335224032402,-0.394298315048218,0,253,2025,0.206,"17 R",558726.969,2791875.327,"MB6",2025,58.5,58.5,19.5,19.5,0,0,34.75
"1165","MB6_8",253,0.0360642448067665,0.0538455918431282,0.0247043073177338,0.00662513868883252,-0.689611911773682,-0.78088116645813,0.78088116645813,-0.865599513053894,0.271503835916519,-0.156020656228065,-0.399283170700073,0,254,2025,0.2,"17 R",558730.804,2791860.081,"MB6",2025,94.25,94.25,46.75,46.75,0,0,47.25
"1166","MB6_9",254,0.0381150059401989,0.0525900721549988,0.0241330992430449,0.00696386210620403,-0.691036522388458,-0.766132593154907,0.766132593154907,-0.828179180622101,0.355832368135452,-0.0806989148259163,-0.406932085752487,0,255,2025,0.201,"17 R",558736.273,2791848.632,"MB6",2025,53,53,26.75,26.75,0,0,26.25
"1167","MB8_1",255,0.0340772531926632,0.0472729504108429,0.0226220097392797,0.0073544536717236,-0.644984304904938,-0.730741262435913,0.730741262435913,-0.76397716999054,0.374971628189087,-0.137352094054222,-0.46944996714592,0,256,2025,0.224,"17 R",558313.732,2790747.187,"MB8",2025,61.5,61.5,60.5,10.25,0,50.25,1
"1168","MB8_10",256,0.0324563607573509,0.0403925627470016,0.0196755025535822,0.00490724854171276,-0.737324714660645,-0.783343553543091,0.783343553543091,-0.901135146617889,0.519726514816284,-0.0666858702898026,-0.531629681587219,0,257,2025,0.243,"17 R",558208.187,2790761.445,"MB8",2025,73.75,73.75,73.75,3.5,0,70.25,0
"1169","MB8_2",257,0.0367618799209595,0.0487812869250774,0.0218230709433556,0.00769254984334111,-0.653913021087646,-0.727571189403534,0.727571189403534,-0.718120813369751,0.412166774272919,-0.0307566896080971,-0.413535088300705,0,258,2025,0.32,"17 R",558303.816,2790751.035,"MB8",2025,3.25,3.25,3.25,0.5,0,2.75,0
"1170","MB8_3",258,0.0345946401357651,0.0494115687906742,0.0217113271355629,0.00589884724467993,-0.708652079105377,-0.786700308322906,0.786700308322906,-0.859057247638702,0.335612088441849,-0.0871269926428795,-0.397198349237442,0,259,2025,0.356,"17 R",558295.072,2790756.001,"MB8",2025,60,60,52.75,2,0,50.75,7.25
"1171","MB8_4",259,0.0371510908007622,0.0502918027341366,0.0221705939620733,0.00545128900557756,-0.744085252285004,-0.804413855075836,0.804413855075836,-0.907938003540039,0.385185599327087,-0.0337429083883762,-0.393808007240295,0,260,2025,0.369,"17 R",558285.371,2790760.256,"MB8",2025,58.25,58.25,58.25,0,0,58.25,0
"1172","MB8_5",260,0.0353673323988914,0.0495414584875107,0.0221732221543789,0.00466771703213453,-0.766818463802338,-0.827788650989532,0.827788650989532,-0.97829133272171,0.354472488164902,-0.0830488801002502,-0.408921033143997,0,261,2025,0.416,"17 R",558274.152,2790760.862,"MB8",2025,48.5,48.5,48.25,0,0,48.25,0.25
"1173","MB8_6",261,0.0314115807414055,0.0443971827626228,0.0186305809766054,0.00467059481889009,-0.741113483905792,-0.809626817703247,0.809626817703247,-0.898666203022003,0.370723187923431,-0.0527149103581905,-0.399905920028687,0,262,2025,0.363,"17 R",558262.277,2790759.451,"MB8",2025,69.75,69.75,68.75,0,0,68.75,1
"1174","MB8_7",262,0.0306510291993618,0.0418890602886677,0.0192071311175823,0.00590876722708344,-0.676761507987976,-0.752759993076324,0.752759993076324,-0.79421991109848,0.417745798826218,-0.103302031755447,-0.478829711675644,0,263,2025,0.269,"17 R",558246.996,2790762.04,"MB8",2025,57,57,57,4.25,0,52.75,0
"1175","MB8_8",263,0.0306550208479166,0.0401323884725571,0.0187522303313017,0.00523750623688102,-0.708156168460846,-0.769119739532471,0.769119739532471,-0.84503161907196,0.470575541257858,-0.0826636925339699,-0.505334138870239,0,264,2025,0.277,"17 R",558236.444,2790761.406,"MB8",2025,49,49,49,3.25,0,45.75,0
"1176","MB8_9",264,0.0320690609514713,0.0416463799774647,0.0195584204047918,0.00670069735497236,-0.654333829879761,-0.722808599472046,0.722808599472046,-0.734471917152405,0.470118582248688,-0.0735839083790779,-0.496993005275726,0,265,2025,0.3,"17 R",558219.637,2790762.543,"MB8",2025,44.25,44.25,44.25,0.5,0,43.75,0
"1177","NB14_1",265,0.0308616496622562,0.0395250245928764,0.0233709737658501,0.00794908683747053,-0.59036660194397,-0.665119111537933,0.665119111537933,-0.738594710826874,0.496052294969559,-0.264336496591568,-0.670654118061066,-1.79893517494202,266,2025,0.138,"17 R",585001.996,2855815.967,"NB14",2025,83,83,78,0,78,0,5
"1178","NB14_10",266,0.033251840621233,0.0408877842128277,0.026419909670949,0.00961452908813953,-0.551418542861938,-0.619244039058685,0.619244039058685,-0.699554979801178,0.528950393199921,-0.294658541679382,-0.720333397388458,-1.69507992267609,267,2025,0.136,"17 R",584863.672,2855879.736,"NB14",2025,96,96,96,0,96,0,0
"1179","NB14_2",267,0.0307343658059835,0.0385320447385311,0.022466454654932,0.00783741753548384,-0.593619108200073,-0.661957800388336,0.661957800388336,-0.72411721944809,0.523218274116516,-0.234697014093399,-0.669195115566254,-1.79999828338623,268,2025,0.138,"17 R",584986.516,2855819.958,"NB14",2025,75,63,63,0,63,0,0
"1180","NB14_3",268,0.0318682119250298,0.0391525588929653,0.022692833095789,0.00772671867161989,-0.609711706638336,-0.670356750488281,0.670356750488281,-0.737984955310822,0.539794087409973,-0.207047685980797,-0.660052955150604,-1.79999935626984,269,2025,0.14,"17 R",584973.546,2855825.093,"NB14",2025,93,93,93,0,93,0,0
"1181","NB14_4",269,0.0317429192364216,0.039277009665966,0.0233710519969463,0.00772707816213369,-0.608458161354065,-0.671216785907745,0.671216785907745,-0.754577875137329,0.531950831413269,-0.236183971166611,-0.676951050758362,-1.79706406593323,270,2025,0.141,"17 R",584960.551,2855831.356,"NB14",2025,96,96,96,0,96,0,0
"1182","NB14_5",270,0.031239228323102,0.0395250022411346,0.0230322070419788,0.00772712798789144,-0.603394865989685,-0.67294055223465,0.67294055223465,-0.746362626552582,0.508213341236115,-0.239683136343956,-0.66070282459259,-1.78764343261719,271,2025,0.141,"17 R",584948.928,2855842.113,"NB14",2025,87,87,85,0,85,0,2
"1183","NB14_6",271,0.0311126206070185,0.0401444472372532,0.0237095765769482,0.00772682018578053,-0.602114737033844,-0.677183389663696,0.677183389663696,-0.762623488903046,0.48502305150032,-0.268544584512711,-0.664907872676849,-1.78261029720306,272,2025,0.141,"17 R",584936.689,2855849.294,"NB14",2025,97,97,97,0,97,0,0
"1184","NB14_7",272,0.0323722362518311,0.040020938962698,0.0246136151254177,0.00806034542620182,-0.60129451751709,-0.664720058441162,0.664720058441162,-0.759929418563843,0.528501093387604,-0.260874599218369,-0.693494200706482,-1.76926720142365,273,2025,0.136,"17 R",584922.667,2855855.53,"NB14",2025,91,91,91,0,91,0,0
"1185","NB14_8",273,0.0323708429932594,0.0407638177275658,0.026419872418046,0.00894819293171167,-0.566873073577881,-0.639998733997345,0.639998733997345,-0.740993857383728,0.505833566188812,-0.321509331464767,-0.723368883132935,-1.72989106178284,274,2025,0.136,"17 R",584889.129,2855864.955,"NB14",2025,71.5,71.5,27.5,0,25,2.5,44
"1186","NB14_9",274,0.0333783552050591,0.0408882535994053,0.025855639949441,0.00950378645211458,-0.556748509407043,-0.622806072235107,0.622806072235107,-0.693670213222504,0.532733798027039,-0.272389084100723,-0.705607354640961,-1.70982873439789,275,2025,0.136,"17 R",584877.372,2855872.348,"NB14",2025,92,92,91,0,91,0,1
"1187","NB15_1",275,0.0302132200449705,0.0454516708850861,0.0176837723702192,0.00941859185695648,-0.52469539642334,-0.656695961952209,0.656695961952209,-0.457442402839661,0.302950859069824,-0.0469858050346375,-0.340883553028107,-2.21589136123657,276,2025,0.147,"17 R",583810.638,2853789.717,"NB15",2025,51.4,51.4,0,0,0,0,51.4
"1188","NB15_10",276,0.0354023240506649,0.0454605370759964,0.019278883934021,0.00820147152990103,-0.623818457126617,-0.694328546524048,0.694328546524048,-0.604654431343079,0.461208820343018,0.0376188009977341,-0.399551212787628,-2.1930627822876,277,2025,0.142,"17 R",583718.779,2853835.374,"NB15",2025,95.5,95.5,91,0,0,91,4.5
"1189","NB15_11",277,0.0355286151170731,0.0454606562852859,0.0193923059850931,0.00831287354230881,-0.620775938034058,-0.690819144248962,0.690819144248962,-0.599857091903687,0.464766532182693,0.0361607521772385,-0.403546690940857,-2.1930730342865,278,2025,0.141,"17 R",583704,2853833.18,"NB15",2025,95,95,0,0,0,0,95
"1190","NB15_12",278,0.0350242294371128,0.0460818968713284,0.0198456980288029,0.00842439942061901,-0.612213313579559,-0.690883457660675,0.690883457660675,-0.606009483337402,0.433771908283234,0.00208845385350287,-0.405725538730621,-2.19300198554993,279,2025,0.141,"17 R",583689.592,2853834.762,"NB15",2025,78,74,0,0,0,0,74
"1191","NB15_13",279,0.0350242294371128,0.0460818968713284,0.0198456980288029,0.00842439942061901,-0.612213313579559,-0.690883457660675,0.690883457660675,-0.606009483337402,0.433771908283234,0.00208845385350287,-0.405725538730621,-2.19300198554993,280,2025,0.141,"17 R",583681.337,2853834.484,"NB15",2025,8.1,8.1,0,0,0,0,3.1
"1192","NB15_14",280,0.0367904715240002,0.0469512976706028,0.0193927530199289,0.00898089539259672,-0.607575833797455,-0.678864896297455,0.678864896297455,-0.550432801246643,0.459978967905045,0.0710414797067642,-0.37129881978035,-2.1923942565918,281,2025,0.141,"17 R",583673.555,2853835.868,"NB15",2025,100,100,0,0,0,0,100
"1193","NB15_15",281,0.0355293340981007,0.0468273647129536,0.019166499376297,0.00831349659711123,-0.620759129524231,-0.698463320732117,0.698463320732117,-0.592412889003754,0.428350061178207,0.0462023168802261,-0.365943312644958,-2.18840479850769,282,2025,0.14,"17 R",583654.646,2853839.809,"NB15",2025,62.5,62.5,0,0,0,0,62.5
"1194","NB15_2",282,0.0345112718641758,0.0454548485577106,0.0175736546516418,0.00841946806758642,-0.607765078544617,-0.687440395355225,0.687440395355225,-0.52826589345932,0.43587127327919,0.091365210711956,-0.336556166410446,-2.20047211647034,283,2025,0.147,"17 R",583801.51,2853801.959,"NB15",2025,74,74,0,0,0,0,74
"1195","NB15_3",283,0.0351445265114307,0.0453322865068913,0.0175753217190504,0.00830945838242769,-0.617551386356354,-0.690186858177185,0.690186858177185,-0.536948561668396,0.457375466823578,0.109466947615147,-0.339320808649063,-2.19240617752075,284,2025,0.142,"17 R",583790.867,2853810.6,"NB15",2025,39.5,39.5,0,0,0,0,39.5
"1196","NB15_4",284,0.0372891835868359,0.0460776500403881,0.0179153718054295,0.00830958224833012,-0.635534763336182,-0.69442892074585,0.69442892074585,-0.5494264960289,0.496548473834991,0.152304947376251,-0.3360735476017,-2.19073367118835,285,2025,0.141,"17 R",583781.675,2853818.753,"NB15",2025,35,35,13,0,0,13,22
"1197","NB15_5",285,0.0372915640473366,0.0475695766508579,0.0184836499392986,0.00831097923219204,-0.635503709316254,-0.702544867992401,0.702544867992401,-0.569480001926422,0.457414090633392,0.12565016746521,-0.325491935014725,-2.19175553321838,286,2025,0.141,"17 R",583768.619,2853821.378,"NB15",2025,96,96,0,0,0,0,96
"1198","NB15_6",286,0.0372915640473366,0.0475695766508579,0.0184836499392986,0.00831097923219204,-0.635503709316254,-0.702544867992401,0.702544867992401,-0.569480001926422,0.457414090633392,0.12565016746521,-0.325491935014725,-2.19175553321838,287,2025,0.141,"17 R",583764.776,2853822.385,"NB15",2025,0,0,0,0,0,0,0
"1199","NB15_7",287,0.0355257652699947,0.0480663329362869,0.0184837989509106,0.00831110402941704,-0.620816707611084,-0.705162048339844,0.705162048339844,-0.569475531578064,0.396126002073288,0.0771343559026718,-0.315108865499496,-2.19149923324585,288,2025,0.138,"17 R",583751.831,2853828.607,"NB15",2025,21.9,21.9,9,0,0,9,12.4
"1200","NB15_8",288,0.0354018881917,0.0476954653859138,0.0190518759191036,0.00831237528473139,-0.619695067405701,-0.703171014785767,0.703171014785767,-0.588696956634521,0.402161031961441,0.0477410778403282,-0.343486398458481,-2.18927550315857,289,2025,0.139,"17 R",583743.817,2853830.326,"NB15",2025,12,12,0,0,0,0,12
"1201","NB15_9",289,0.0350235030055046,0.0464538596570492,0.019278584048152,0.00853505358099937,-0.608111262321472,-0.689571857452393,0.689571857452393,-0.579402685165405,0.423861771821976,0.0268739927560091,-0.3779256939888,-2.19049263000488,290,2025,0.14,"17 R",583734.459,2853833.767,"NB15",2025,87,87,0,0,0,0,87
"1202","NB16_1",290,0.0668384283781052,0.073980376124382,0.0348078235983849,0.00909329205751419,-0.760487675666809,-0.781078815460205,0.781078815460205,-0.87860631942749,0.497696846723557,0.16759629547596,-0.315291196107864,-1.7145779132843,291,2025,0.163,"17 R",583611.102,2848842.015,"NB16",2025,64,64,0,0,0,0,64
"1203","NB16_10",291,0.0578470155596733,0.0654842704534531,0.0255647022277117,0.00911327078938484,-0.727800726890564,-0.755668342113495,0.755668342113495,-0.711608707904816,0.50328254699707,0.287187397480011,-0.226927384734154,-2.40308904647827,292,2025,0.163,"17 R",583519.861,2848925.469,"NB16",2025,96,96,2,2,0,0,94
"1204","NB16_11",292,0.0578470155596733,0.0654842704534531,0.0255647022277117,0.00911327078938484,-0.727800726890564,-0.755668342113495,0.755668342113495,-0.711608707904816,0.50328254699707,0.287187397480011,-0.226927384734154,-2.40308904647827,293,2025,0.163,"17 R",583518.497,2848929.153,"NB16",2025,3,3,0,0,0,0,3
"1205","NB16_12",293,0.0610283389687538,0.0668649896979332,0.0257965009659529,0.00844186265021563,-0.756964504718781,-0.775800943374634,0.775800943374634,-0.760315477848053,0.531151950359344,0.333000868558884,-0.212213903665543,-2.45163512229919,294,2025,0.169,"17 R",583506.274,2848935.28,"NB16",2025,2,0,0,0,0,0,0
"1206","NB16_13",294,0.0581083931028843,0.0639854148030281,0.024197181686759,0.0082196518778801,-0.752151548862457,-0.772324800491333,0.772324800491333,-0.739316344261169,0.536273956298828,0.338734179735184,-0.212611719965935,-2.47897505760193,295,2025,0.165,"17 R",583498.883,2848945.677,"NB16",2025,93.5,93.5,0,0,0,0,93.5
"1207","NB16_14",295,0.058111235499382,0.0618563406169415,0.022482555359602,0.00822150893509388,-0.752113103866577,-0.765360713005066,0.765360713005066,-0.69670158624649,0.577950775623322,0.40166762471199,-0.196359038352966,-2.53029990196228,296,2025,0.164,"17 R",583492.886,2848957.838,"NB16",2025,68,68,0,0,0,0,68
"1208","NB16_15",296,0.0579946711659431,0.0591053627431393,0.0222626551985741,0.00890237372368574,-0.733848512172699,-0.738195240497589,0.738195240497589,-0.643041968345642,0.631904602050781,0.408069580793381,-0.235152751207352,-2.67348480224609,297,2025,0.159,"17 R",583468.236,2848986.402,"NB16",2025,52.5,52.5,0,0,0,0,52.5
"1209","NB16_16",297,0.0560907162725925,0.0571008436381817,0.0219222754240036,0.0091293016448617,-0.720046043395996,-0.724315822124481,0.724315822124481,-0.617986679077148,0.640966296195984,0.387871503829956,-0.259154260158539,-2.73333358764648,298,2025,0.159,"17 R",583458.9,2848995.585,"NB16",2025,94.5,94.5,2.5,2.5,0,0,92
"1210","NB16_17",298,0.0539306811988354,0.0552206747233868,0.0210088845342398,0.00879431050270796,-0.719591498374939,-0.725242137908936,0.725242137908936,-0.614761650562286,0.642881691455841,0.3850137591362,-0.26362943649292,-2.79242658615112,299,2025,0.159,"17 R",583451.367,2849003.576,"NB16",2025,13,13,0,0,0,0,13
"1211","NB16_18",299,0.0504966638982296,0.0529638901352882,0.0204395614564419,0.00801074504852295,-0.726163029670715,-0.737243354320526,0.737243354320526,-0.655290842056274,0.628418624401093,0.342727839946747,-0.286631554365158,-2.8371753692627,300,2025,0.159,"17 R",583449.305,2849013.182,"NB16",2025,2,2,0,0,0,0,2
"1212","NB16_19",300,0.0512639209628105,0.0532173179090023,0.0203274860978127,0.00700207892805338,-0.759651303291321,-0.767447710037231,0.767447710037231,-0.731373190879822,0.637626588344574,0.362512230873108,-0.278110533952713,-2.85610413551331,301,2025,0.156,"17 R",583448.524,2849022.397,"NB16",2025,29,29,0,0,0,0,29
"1213","NB16_2",301,0.0630327165126801,0.0732316300272942,0.0306927338242531,0.00808477308601141,-0.77263617515564,-0.80115270614624,0.80115270614624,-0.874526083469391,0.451585859060287,0.216621994972229,-0.23971064388752,-1.69924378395081,302,2025,0.163,"17 R",583602.841,2848850.579,"NB16",2025,90,90,0,0,0,0,90
"1214","NB16_20",302,0.0527948103845119,0.0552280358970165,0.0203298889100552,0.0067793931812048,-0.772405087947845,-0.781336069107056,0.781336069107056,-0.749770641326904,0.621431052684784,0.391836792230606,-0.241104245185852,-2.8486967086792,303,2025,0.155,"17 R",583443.005,2849031.014,"NB16",2025,97,97,0,0,0,0,97
"1215","NB16_3",303,0.062906339764595,0.0701020359992981,0.0297780446708202,0.00898386724293232,-0.750066995620728,-0.772807359695435,0.772807359695435,-0.804688513278961,0.503305077552795,0.240501239895821,-0.262765526771545,-1.69610130786896,304,2025,0.163,"17 R",583592.18,2848859.709,"NB16",2025,86,86,0,0,0,0,86
"1216","NB16_4",304,0.0610044449567795,0.0714822262525558,0.0285228155553341,0.0089867627248168,-0.743203103542328,-0.776640355587006,0.776640355587006,-0.781242549419403,0.448621243238449,0.246649742126465,-0.213915154337883,-1.86126756668091,305,2025,0.163,"17 R",583578.608,2848868.107,"NB16",2025,97,97,97,0,97,0,0
"1217","NB16_5",305,0.0603723675012589,0.0692305192351341,0.0279534999281168,0.00809061899781227,-0.763649821281433,-0.790726840496063,0.790726840496063,-0.82660698890686,0.477578461170197,0.253485292196274,-0.232180386781693,-1.96803569793701,306,2025,0.164,"17 R",583569.219,2848875.923,"NB16",2025,85,82,75,18,57,0,7
"1218","NB16_6",306,0.0596131198108196,0.068731889128685,0.0269264280796051,0.00775606418028474,-0.769744455814362,-0.797195136547089,0.797195136547089,-0.829108417034149,0.473814576864243,0.272858619689941,-0.213894784450531,-2.00776362419128,307,2025,0.164,"17 R",583557.49,2848881.845,"NB16",2025,96,95,59,0,0,59,36
"1219","NB16_7",307,0.0601250492036343,0.0689847692847252,0.027387049049139,0.00730920443311334,-0.783219814300537,-0.808393657207489,0.808393657207489,-0.868012070655823,0.477847874164581,0.266896605491638,-0.221783146262169,-2.09976315498352,308,2025,0.166,"17 R",583547.613,2848894.396,"NB16",2025,98,98,98,0,98,0,0
"1220","NB16_8",308,0.058730099350214,0.0674840584397316,0.0264744386076927,0.00899623893201351,-0.734335601329803,-0.764743626117706,0.764743626117706,-0.739125967025757,0.4814293384552,0.272419601678848,-0.220678597688675,-2.24279403686523,309,2025,0.17,"17 R",583536.667,2848904.409,"NB16",2025,74.2,74.2,0,0,0,0,74.2
"1221","NB16_9",309,0.0561898425221443,0.06485515832901,0.0257906764745712,0.00821248907595873,-0.744962990283966,-0.775208592414856,0.775208592414856,-0.775436043739319,0.486091673374176,0.25059175491333,-0.242579057812691,-2.32976198196411,310,2025,0.17,"17 R",583527.511,2848915.484,"NB16",2025,94,94,0,0,0,0,94
"1222","NB23_1",310,0.0370289869606495,0.0423193275928497,0.0172277186065912,0.00842148531228304,-0.629421412944794,-0.668058693408966,0.668058693408966,-0.515000402927399,0.594209790229797,0.178790912032127,-0.394481241703033,-2.06758117675781,311,2025,0.186,"17 R",584623.19,2858097.725,"NB23",2025,32,32,2,0,0,2,29
"1223","NB23_10",311,0.033520083874464,0.0430654287338257,0.0172318555414677,0.00665044691413641,-0.668889284133911,-0.732461869716644,0.732461869716644,-0.664597272872925,0.47315514087677,0.0790292173624039,-0.377168238162994,-2.08838176727295,312,2025,0.158,"17 R",584532.795,2858182.761,"NB23",2025,67,58,2,0,0,2,56
"1224","NB23_2",312,0.0366531983017921,0.0426908247172832,0.0173410065472126,0.00853272899985313,-0.622328042984009,-0.66684353351593,0.66684353351593,-0.510649740695953,0.57325804233551,0.162982553243637,-0.390208423137665,-2.06377649307251,313,2025,0.16,"17 R",584614.808,2858107.001,"NB23",2025,33,31.5,1.5,0,0,1.5,30
"1225","NB23_3",313,0.0364028289914131,0.0430622883141041,0.0173414647579193,0.00786774605512619,-0.644560933113098,-0.691037058830261,0.691037058830261,-0.563705801963806,0.555746555328369,0.156105741858482,-0.381562799215317,-2.06088972091675,314,2025,0.152,"17 R",584604.524,2858116.07,"NB23",2025,32,32,1,0,0,1,31
"1226","NB23_4",314,0.0340187437832355,0.0417022220790386,0.0174547545611858,0.00709185656160116,-0.654986500740051,-0.70931488275528,0.70931488275528,-0.63325834274292,0.527490198612213,0.0827994719147682,-0.41809418797493,-2.06077337265015,315,2025,0.155,"17 R",584592.585,2858124.858,"NB23",2025,40.5,40.5,6,0,0,6,34.5
"1227","NB23_5",315,0.0322612896561623,0.0428158491849899,0.0172295570373535,0.00687042670324445,-0.648856341838837,-0.723447680473328,0.723447680473328,-0.644759595394135,0.442028135061264,0.0408666208386421,-0.38288950920105,-2.05887818336487,316,2025,0.153,"17 R",584580.838,2858134.237,"NB23",2025,32,32,0,0,0,0,32
"1228","NB23_6",316,0.0354006923735142,0.0430636331439018,0.0173428431153297,0.00709257740527391,-0.66617876291275,-0.717180490493774,0.717180490493774,-0.629225850105286,0.527793049812317,0.128122627735138,-0.381585747003555,-2.06068825721741,317,2025,0.133,"17 R",584572.451,2858142.825,"NB23",2025,32,29.5,4,0,0,4,25.5
"1229","NB23_7",317,0.0359032340347767,0.0431877598166466,0.0173433031886816,0.00720383087173104,-0.665770292282104,-0.71408599615097,0.71408599615097,-0.619592010974884,0.538348436355591,0.142195925116539,-0.378725588321686,-2.06435704231262,318,2025,0.146,"17 R",584564.672,2858154.025,"NB23",2025,51.5,51.5,37.5,0,36.5,1,14
"1230","NB23_8",318,0.035401850938797,0.042940866202116,0.0173437613993883,0.00631703250110149,-0.697161972522736,-0.743511915206909,0.743511915206909,-0.699050664901733,0.53133761882782,0.12811005115509,-0.384476721286774,-2.06763863563538,319,2025,0.153,"17 R",584553.952,2858163.605,"NB23",2025,58,58,5,0,0,5,53
"1231","NB23_9",319,0.0343983136117458,0.0426939725875854,0.0173442214727402,0.00642829202115536,-0.685092985630035,-0.738273799419403,0.738273799419403,-0.688774228096008,0.509674191474915,0.0993307903409004,-0.390261024236679,-2.0779070854187,320,2025,0.156,"17 R",584545.125,2858173.937,"NB23",2025,32.5,32.5,3,0,0,3,29.5
"1232","NB24_1",320,0.035845872014761,0.0403359904885292,0.0172302592545748,0.00789850950241089,-0.638878881931305,-0.672495424747467,0.672495424747467,-0.557035803794861,0.620782554149628,0.146192118525505,-0.442581504583359,-2.39712858200073,321,2025,0.248,"17 R",584983.868,2863325.561,"NB24",2025,100,100,5,0,0,5,95
"1233","NB24_10",321,0.03684963285923,0.0416974574327469,0.0172293707728386,0.0100064864382148,-0.572884559631348,-0.612931430339813,0.612931430339813,-0.397796422243118,0.607564747333527,0.173853471875191,-0.409350335597992,-2.38227701187134,322,2025,0.259,"17 R",585064.834,2863445.15,"NB24",2025,0,0,0,0,0,0,0
"1234","NB24_11",322,0.0372260585427284,0.0394674465060234,0.0155347436666489,0.00922944489866495,-0.60265439748764,-0.620943188667297,0.620943188667297,-0.381920367479324,0.685340285301208,0.272603988647461,-0.393746584653854,-2.38296937942505,323,2025,0.256,"17 R",585071.974,2863462.008,"NB24",2025,72,72,0,0,0,0,72
"1235","NB24_2",323,0.0350919142365456,0.0450414381921291,0.0171173829585314,0.00845347624272108,-0.611739575862885,-0.683952152729034,0.683952152729034,-0.508229315280914,0.463795095682144,0.130558043718338,-0.327763020992279,-2.40412473678589,324,2025,0.234,"17 R",584992.697,2863336.743,"NB24",2025,100,100,6,0,0,6,94
"1236","NB24_3",324,0.0357203893363476,0.0428131148219109,0.0172303952276707,0.00923038646578789,-0.589311361312866,-0.645281851291656,0.645281851291656,-0.453501850366592,0.543960273265839,0.14267860352993,-0.382986545562744,-2.39991044998169,325,2025,0.237,"17 R",585001.544,2863347.056,"NB24",2025,100,100,1,0,0,1,99
"1237","NB24_4",325,0.0335823856294155,0.0425646863877773,0.0180202703922987,0.00922986399382353,-0.568821370601654,-0.64359712600708,0.64359712600708,-0.483873188495636,0.489399045705795,0.0426081344485283,-0.419355750083923,-2.37360215187073,326,2025,0.255,"17 R",585009.169,2863360.165,"NB24",2025,81,81,2,0,0,2,79
"1238","NB24_5",326,0.0362220332026482,0.0420694164931774,0.016552047803998,0.00867501739412546,-0.613559603691101,-0.658089876174927,0.658089876174927,-0.4683678150177,0.579462170600891,0.19099035859108,-0.37313449382782,-2.38457942008972,327,2025,0.251,"17 R",585017.382,2863374.626,"NB24",2025,90,90,2,0,0,2,88
"1239","NB24_6",327,0.0389849059283733,0.0434311777353287,0.0147443367168307,0.00889676995575428,-0.628385186195374,-0.659961044788361,0.659961044788361,-0.371021121740341,0.613781809806824,0.363449603319168,-0.262453466653824,-2.3667209148407,328,2025,0.254,"17 R",585029.374,2863396.277,"NB24",2025,95,95,0,0,0,0,95
"1240","NB24_7",328,0.0369755141437054,0.0404590368270874,0.017794243991375,0.00767600815743208,-0.656181573867798,-0.681063652038574,0.681063652038574,-0.595885515213013,0.648063242435455,0.149662092328072,-0.461487680673599,-2.36319255828857,329,2025,0.26,"17 R",585038.672,2863408.904,"NB24",2025,95,95,0,0,0,0,95
"1241","NB24_9",329,0.0358443669974804,0.040954265743494,0.0180198978632689,0.00878568459302187,-0.606288373470306,-0.646735310554504,0.646735310554504,-0.516732633113861,0.60202819108963,0.10781055688858,-0.457910627126694,-2.36978459358215,331,2025,0.267,"17 R",585058.526,2863435.465,"NB24",2025,33,33,0,0,0,0,33
"1242","NB26_1",330,0.0400644913315773,0.0466316118836403,0.017332699149847,0.00883160158991814,-0.638760447502136,-0.681532979011536,0.681532979011536,-0.487368136644363,0.553634881973267,0.252382278442383,-0.301587164402008,-1.24441528320312,332,2025,0.159,"17 R",586236.07,2858681.194,"NB26",2025,9,1,0,0,0,0,1
"1243","NB26_3",331,0.0396874360740185,0.0476181842386723,0.0167681090533733,0.00949566066265106,-0.613864898681641,-0.667483031749725,0.667483031749725,-0.415350615978241,0.518425285816193,0.271261006593704,-0.258080124855042,-1.29047882556915,334,2025,0.157,"17 R",586198.31,2858666.834,"NB26",2025,1,1,0,0,0,0,1
"1244","NB3_1",332,0.0456437207758427,0.0511095635592937,0.0207373388111591,0.0111216586083174,-0.608153462409973,-0.642569839954376,0.642569839954376,-0.452729880809784,0.57121729850769,0.229311406612396,-0.332128286361694,-1.26528811454773,337,2025,0.304,"17 R",585637.456,2863916.628,"NB3",2025,17,17,0,0,0,0,17
"1245","NB3_10",333,0.0427508130669594,0.0481348633766174,0.0193761009722948,0.00845362804830074,-0.669808804988861,-0.701224505901337,0.701224505901337,-0.588712513446808,0.579503417015076,0.2219258248806,-0.345817446708679,-1.31727468967438,338,2025,0.242,"17 R",585527.473,2863966.813,"NB3",2025,30,30,0,0,0,0,30
"1246","NB3_2",334,0.0456431470811367,0.0518509447574615,0.0218658782541752,0.01167615596205,-0.592592537403107,-0.632403969764709,0.632403969764709,-0.455684453248978,0.553489148616791,0.183958664536476,-0.353844344615936,-1.26242923736572,339,2025,0.15,"17 R",585622.392,2863919.098,"NB3",2025,26,26,0,0,0,0,26
"1247","NB3_3",335,0.0451401025056839,0.0535802692174911,0.0217518266290426,0.0101217944175005,-0.633679091930389,-0.682214558124542,0.682214558124542,-0.547319293022156,0.502049326896667,0.177350744605064,-0.317472249269485,-1.26128470897675,340,2025,0.282,"17 R",585608.792,2863924.448,"NB3",2025,28,28,0,0,0,0,28
"1248","NB3_4",336,0.0450141541659832,0.0520965941250324,0.0220900848507881,0.01001051440835,-0.636144518852234,-0.677637100219727,0.677637100219727,-0.564455389976501,0.533798575401306,0.16135361790657,-0.356070995330811,-1.26260352134705,341,2025,0.281,"17 R",585597.158,2863928.362,"NB3",2025,25,25,0,0,0,0,25
"1249","NB3_5",337,0.0435084737837315,0.0494991801679134,0.0218635629862547,0.00923314318060875,-0.649872601032257,-0.685585618019104,0.685585618019104,-0.609248757362366,0.56268984079361,0.136151507496834,-0.400189220905304,-1.26439583301544,342,2025,0.277,"17 R",585582.937,2863932.601,"NB3",2025,37,37,0,0,0,0,37
"1250","NB3_6",338,0.0435078740119934,0.048509243875742,0.021072881296277,0.00945477839559317,-0.6429643034935,-0.673770785331726,0.673770785331726,-0.570864379405975,0.587526619434357,0.167653784155846,-0.395285546779633,-1.2702077627182,343,2025,0.277,"17 R",585570.956,2863939.835,"NB3",2025,25,25,0,0,0,0,25
"1251","NB3_7",339,0.0427536405622959,0.0481368936598301,0.0210717134177685,0.00856607966125011,-0.666168093681335,-0.69786137342453,0.69786137342453,-0.632923305034637,0.579517662525177,0.150213614106178,-0.402953237295151,-1.28298044204712,344,2025,0.273,"17 R",585556.283,2863946.382,"NB3",2025,62,62,0,0,0,0,62
"1252","NB3_8",340,0.0425016544759274,0.0481361001729965,0.0203935224562883,0.00867648050189018,-0.660930156707764,-0.694557785987854,0.694557785987854,-0.604594469070435,0.573626577854156,0.172292977571487,-0.380672574043274,-1.29428935050964,345,2025,100,"17 R",585545.884,2863954.563,"NB3",2025,38,38,0,0,0,0,38
"1253","NB3_9",341,0.0421241819858551,0.0476404391229153,0.0193765200674534,0.00923079624772072,-0.640510141849518,-0.6753790974617,0.6753790974617,-0.53198230266571,0.577437818050385,0.207141071557999,-0.356156945228577,-1.30571734905243,346,2025,0.26,"17 R",585534.442,2863962.287,"NB3",2025,35,35,0,0,0,0,35
"1254","NB40_1",342,0.036384679377079,0.0444151759147644,0.0200281403958797,0.00836667511612177,-0.626081705093384,-0.68297153711319,0.68297153711319,-0.616034924983978,0.517195880413055,0.0323664024472237,-0.448801606893539,-2.29640746116638,347,2025,0.14,"17 R",583688.947,2854341.413,"NB40",2025,72.5,72.5,5,0,5,0,67.5
"1255","NB40_10",343,0.0347399339079857,0.0472655333578587,0.0246645417064428,0.00958736520260572,-0.567428410053253,-0.662730813026428,0.662730813026428,-0.660277545452118,0.39442440867424,-0.192054376006126,-0.528524339199066,-2.11976337432861,348,2025,0.14,"17 R",583553.527,2854361.836,"NB40",2025,95,95,73,0,73,0,22
"1256","NB40_2",344,0.0355017445981503,0.0449112355709076,0.0204804930835962,0.0083663696423173,-0.618567168712616,-0.685932993888855,0.685932993888855,-0.629918932914734,0.478967279195786,-0.0113092949613929,-0.452917456626892,-2.29016947746277,349,2025,0.143,"17 R",583672.166,2854342.627,"NB40",2025,59,59,1,0,0,1,57
"1257","NB40_3",345,0.0349961742758751,0.0455309152603149,0.0208192430436611,0.00758724100887775,-0.6436527967453,-0.714325904846191,0.714325904846191,-0.698713839054108,0.447767198085785,-0.0396885648369789,-0.45039501786232,-2.2638726234436,350,2025,0.137,"17 R",583657.59,2854348.873,"NB40",2025,83,83,83,0,83,0,0
"1258","NB40_4",346,0.0351228304207325,0.0449107736349106,0.0214987732470036,0.00758760143071413,-0.644695639610291,-0.710939586162567,0.710939586162567,-0.717406630516052,0.468249440193176,-0.0635566711425781,-0.48599973320961,-2.24267244338989,351,2025,0.137,"17 R",583647.421,2854350.1,"NB40",2025,90,90,83,0,83,0,7
"1259","NB40_5",347,0.0342395827174187,0.044041384011507,0.0208192840218544,0.00758729223161936,-0.637204945087433,-0.706082224845886,0.706082224845886,-0.698711037635803,0.466826796531677,-0.0615466348826885,-0.483658164739609,-2.22681307792664,352,2025,0.134,"17 R",583635.863,2854355.059,"NB40",2025,88,88,85,0,85,0,3
"1260","NB40_6",348,0.0320939719676971,0.0434197336435318,0.0207052864134312,0.00747545529156923,-0.622160017490387,-0.706241190433502,0.706241190433502,-0.704195320606232,0.419599652290344,-0.121562927961349,-0.494131594896317,-2.18993353843689,353,2025,0.14,"17 R",583614.029,2854354.233,"NB40",2025,78.5,72,59,0,59,0,13
"1261","NB40_7",349,0.033354140818119,0.0414319448173046,0.020930852741003,0.00758605822920799,-0.629407823085785,-0.690478682518005,0.690478682518005,-0.701941072940826,0.515758991241455,-0.0923199877142906,-0.548378467559814,-2.1576132774353,354,2025,0.14,"17 R",583596.201,2854357.702,"NB40",2025,83,83,83,0,83,0,0
"1262","NB40_8",350,0.0331012047827244,0.0446598045527935,0.0225149225443602,0.00758574903011322,-0.62711638212204,-0.709611713886261,0.709611713886261,-0.743962168693542,0.415861159563065,-0.16235263645649,-0.523080289363861,-2.14308452606201,355,2025,0.14,"17 R",583582.936,2854359.607,"NB40",2025,97,97,97,0,97,0,0
"1263","NB40_9",351,0.0338566415011883,0.0471410341560841,0.0228536315262318,0.00803001224994659,-0.616583704948425,-0.70890486240387,0.70890486240387,-0.719974279403687,0.371914207935333,-0.152562901377678,-0.479187399148941,-2.12722277641296,356,2025,0.14,"17 R",583568.033,2854359.448,"NB40",2025,84,84,84,0,84,0,0
"1264","NB5_1",352,0.0304446909576654,0.0364987850189209,0.0165558699518442,0.00790069159120321,-0.587919533252716,-0.644108772277832,0.644108772277832,-0.530850052833557,0.580434739589691,0.0170368459075689,-0.515333890914917,-2.65360355377197,357,2025,0.134,"17 R",583995.639,2862052.049,"NB5",2025,67,67,0,0,0,0,67
"1265","NB5_10",353,0.0328338481485844,0.037613607943058,0.0165553353726864,0.00867717992514372,-0.581933736801147,-0.625101208686829,0.625101208686829,-0.468333542346954,0.618972599506378,0.0926127880811691,-0.485224992036819,-2.36510157585144,358,2025,0.173,"17 R",584076.176,2862169.548,"NB5",2025,97,97,0,0,0,0,97
"1266","NB5_2",354,0.0308216102421284,0.036870215088129,0.0165555104613304,0.00790042709559202,-0.59194153547287,-0.647071063518524,0.647071063518524,-0.530857801437378,0.580284178256989,0.0293598733842373,-0.505194067955017,-2.66206216812134,359,2025,0.135,"17 R",583998.838,2862067.166,"NB5",2025,77,77,0.5,0,0,0.5,76.5
"1267","NB5_3",355,0.0313243977725506,0.0363740772008896,0.0161034055054188,0.00790021568536758,-0.597180724143982,-0.643124043941498,0.643124043941498,-0.512621998786926,0.613130629062653,0.0692314803600311,-0.499870181083679,-2.60969853401184,360,2025,0.136,"17 R",584006.243,2862080.175,"NB5",2025,100,100,0,0,0,0,100
"1268","NB5_4",356,0.0305701568722725,0.0361266545951366,0.0158779248595238,0.00790053233504295,-0.589270055294037,-0.64110666513443,0.64110666513443,-0.503232359886169,0.597153663635254,0.0569234676659107,-0.497084707021713,-2.55598568916321,361,2025,0.137,"17 R",584015.021,2862089.796,"NB5",2025,100,100,0,0,0,0,100
"1269","NB5_5",357,0.0317019671201706,0.0367460772395134,0.0157646760344505,0.00790032092481852,-0.601016938686371,-0.646093666553497,0.646093666553497,-0.498480200767517,0.612595498561859,0.0994024351239204,-0.475205451250076,-2.51955938339233,362,2025,0.138,"17 R",584024.401,2862104.885,"NB5",2025,98,98,0,0,0,0,98
"1270","NB5_6",358,0.0320788584649563,0.0364978462457657,0.0163291580975056,0.00790010951459408,-0.604786694049835,-0.644122838973999,0.644122838973999,-0.521830558776855,0.632752001285553,0.0811199247837067,-0.505961835384369,-2.48019433021545,363,2025,0.151,"17 R",584036.431,2862122.632,"NB5",2025,75.5,75.5,0.5,0,0,0.5,75
"1271","NB5_7",359,0.0309468004852533,0.0376133881509304,0.0173457525670528,0.00856604520231485,-0.566417217254639,-0.629010379314423,0.629010379314423,-0.508245766162872,0.559789478778839,-0.00648266403004527,-0.517018914222717,-2.44960451126099,364,2025,0.159,"17 R",584045.738,2862134.466,"NB5",2025,55.4,55.4,3.4,0,2.4,1,52
"1272","NB5_8",360,0.033713836222887,0.0381091497838497,0.0172328781336546,0.00867707561701536,-0.590616226196289,-0.629075646400452,0.629075646400452,-0.495319426059723,0.629320561885834,0.0847419872879982,-0.499474823474884,-2.41384124755859,365,2025,0.166,"17 R",584058.344,2862144.757,"NB5",2025,59,59,0,0,0,0,59
"1273","NB5_9",361,0.0320791490375996,0.0372417271137238,0.0167811661958694,0.00867712777107954,-0.574194312095642,-0.622066915035248,0.622066915035248,-0.477489084005356,0.607941448688507,0.057766605168581,-0.504395544528961,-2.39005446434021,366,2025,0.17,"17 R",584067.537,2862156.481,"NB5",2025,97,97,0,0,0,0,97
"1274","NB9_1",362,0.0288249962031841,0.0363528877496719,0.014274001121521,0.00818722043186426,-0.557593643665314,-0.632366359233856,0.632366359233856,-0.406485944986343,0.530693113803864,0.0892563387751579,-0.418261259794235,-2.2906346321106,367,2025,0.182,"17 R",584976.377,2860747.418,"NB9",2025,99,94,0,0,0,0,94
"1275","NB9_10",363,0.029822813346982,0.0362233258783817,0.0161879509687424,0.00785101484507322,-0.583211183547974,-0.643737614154816,0.643737614154816,-0.520213901996613,0.569115817546844,0.0156275015324354,-0.507592260837555,-2.30927491188049,368,2025,0.172,"17 R",584986.008,2860890.395,"NB9",2025,100,100,0,0,0,0,100
"1276","NB9_2",364,0.028195021674037,0.0364758968353271,0.0144990468397737,0.00785399693995714,-0.564260125160217,-0.645656883716583,0.645656883716583,-0.445915788412094,0.504440188407898,0.0537743605673313,-0.425545185804367,-2.30065727233887,369,2025,0.178,"17 R",584976.602,2860768.839,"NB9",2025,98,93,7.5,0,0,7.5,85.5
"1277","NB9_3",365,0.0315881669521332,0.0358558632433414,0.0158528089523315,0.00785349030047655,-0.601766705513,-0.640649437904358,0.640649437904358,-0.506151437759399,0.639167249202728,0.091036282479763,-0.503529608249664,-2.30805563926697,370,2025,0.178,"17 R",584977.773,2860781.563,"NB9",2025,83,83,83,0,83,0,0
"1278","NB9_4",366,0.0300800390541553,0.0361036285758018,0.0151756620034575,0.00796445272862911,-0.581308484077454,-0.638538718223572,0.638538718223572,-0.467448592185974,0.581775486469269,0.0794661939144135,-0.466890066862106,-2.30454158782959,371,2025,0.176,"17 R",584980.468,2860794.444,"NB9",2025,93,92,0,0,0,0,92
"1279","NB9_5",367,0.0297016371041536,0.036721907556057,0.01585210300982,0.00785298459231853,-0.581783294677734,-0.647649884223938,0.647649884223938,-0.50616466999054,0.548228323459625,0.0294939614832401,-0.479632824659348,-2.31439614295959,372,2025,0.171,"17 R",584979.79,2860809.986,"NB9",2025,93,93,93,0,93,0,0
"1280","NB9_6",368,0.0305804386734962,0.0377116650342941,0.0155127933248878,0.00796338822692633,-0.58678787946701,-0.651302516460419,0.651302516460419,-0.482365816831589,0.544670522212982,0.0771653354167938,-0.43828958272934,-2.3150372505188,373,2025,0.175,"17 R",584979.835,2860823.816,"NB9",2025,97,95,0,0,0,0,95
"1281","NB9_7",369,0.0328423902392387,0.0379593521356583,0.0158514659851789,0.00796344224363565,-0.609690964221954,-0.653181314468384,0.653181314468384,-0.496833145618439,0.607977092266083,0.130046248435974,-0.446463018655777,-2.30487465858459,374,2025,0.169,"17 R",584985.089,2860837.356,"NB9",2025,100,100,3.5,0,3.5,0,96.5
"1282","NB9_8",370,0.0322130806744099,0.0379585400223732,0.0157378949224949,0.00796293653547764,-0.603597521781921,-0.653193354606628,0.653193354606628,-0.492068707942963,0.588655948638916,0.116851061582565,-0.441583573818207,-2.30538582801819,375,2025,0.17,"17 R",584984.474,2860854.473,"NB9",2025,85,85,78,0,78,0,7
"1283","NB9_9",371,0.0318349935114384,0.0410521104931831,0.0164143815636635,0.00796243082731962,-0.599851965904236,-0.67509925365448,0.67509925365448,-0.520081400871277,0.480472475290298,0.0690349191427231,-0.391920804977417,-2.30526876449585,376,2025,0.173,"17 R",584985.632,2860872.424,"NB9",2025,100,100,28,0,0,28,72
"1284","NW1_1",372,0.0367341935634613,0.0425180420279503,0.0135182207450271,0.0075602401047945,-0.65863698720932,-0.698063135147095,0.698063135147095,-0.423985928297043,0.580454111099243,0.378267884254456,-0.224527910351753,-3.60724806785583,377,2025,0.162,"17 R",580812.7,2846186.825,"NW1",2025,95,95,0,0,0,0,93.5
"1285","NW1_10",373,0.0379469208419323,0.0407869257032871,0.0120614040642977,0.00544694345444441,-0.748953282833099,-0.764374315738678,0.764374315738678,-0.56668347120285,0.664066731929779,0.508311927318573,-0.188376486301422,-3.36725783348083,378,2025,0.157,"17 R",580798.33,2846344.631,"NW1",2025,85.5,85.5,22,0,0,22,63.5
"1286","NW1_2",374,0.036479476839304,0.0411274284124374,0.0137507794424891,0.00711061572656035,-0.673750817775726,-0.705186426639557,0.705186426639557,-0.477448672056198,0.614401400089264,0.356715470552444,-0.269406795501709,-3.5790741443634,379,2025,0.164,"17 R",580809.063,2846197.514,"NW1",2025,0,0,0,0,0,0,0
"1287","NW1_3",375,0.0350706055760384,0.0427790470421314,0.0134107554331422,0.00734027521684766,-0.653849422931671,-0.707087993621826,0.707087993621826,-0.438808113336563,0.526581227779388,0.338752210140228,-0.212968066334724,-3.57081985473633,380,2025,0.168,"17 R",580810.937,2846216.74,"NW1",2025,45.7,45.7,0,0,0,0,45.7
"1288","NW1_4",376,0.0348200984299183,0.0420247502624989,0.0135311055928469,0.00723124481737614,-0.656075417995453,-0.706381142139435,0.706381142139435,-0.455140709877014,0.541296064853668,0.323939502239227,-0.236847013235092,-3.55052590370178,381,2025,0.162,"17 R",580811.606,2846234.618,"NW1",2025,100,100,0,0,0,0,100
"1289","NW1_5",377,0.0385570786893368,0.0412677712738514,0.0135336825624108,0.00689474353566766,-0.696613132953644,-0.713688373565674,0.713688373565674,-0.487478017807007,0.665600776672363,0.425721496343613,-0.255153715610504,-3.5310366153717,382,2025,0.157,"17 R",580812.309,2846244.954,"NW1",2025,0,0,0,0,0,0,0
"1290","NW1_6",378,0.0349595732986927,0.0401335321366787,0.0118109444156289,0.00734968530014157,-0.65257316827774,-0.690430164337158,0.690430164337158,-0.349252015352249,0.601936340332031,0.444270074367523,-0.190223723649979,-3.50607991218567,383,2025,0.157,"17 R",580813.88,2846265.718,"NW1",2025,98,98,0,0,0,0,98
"1291","NW1_7",379,0.0381841771304607,0.0403916239738464,0.0122765433043242,0.00656365742906928,-0.706637978553772,-0.720429420471191,0.720429420471191,-0.454842746257782,0.682279884815216,0.499417722225189,-0.210165709257126,-3.49963593482971,384,2025,0.157,"17 R",580808.058,2846285.455,"NW1",2025,95.8,95.8,0,0,0,0,95
"1292","NW1_8",380,0.038191094994545,0.0444469526410103,0.0140093974769115,0.00532676046714187,-0.75519198179245,-0.785960912704468,0.785960912704468,-0.673554480075836,0.564770698547363,0.386625498533249,-0.204485297203064,-3.49940490722656,385,2025,0.157,"17 R",580806.834,2846305.031,"NW1",2025,100,100,0,0,0,0,100
"1293","NW1_9",381,0.0394843481481075,0.0471080951392651,0.0138993663713336,0.00555618200451136,-0.753280818462372,-0.788996160030365,0.788996160030365,-0.643249750137329,0.526543200016022,0.426674067974091,-0.140962570905685,-3.44008684158325,386,2025,0.157,"17 R",580804.183,2846327.43,"NW1",2025,85.9,85.9,0,0,0,0,85.5
"1294","NW10_1",382,0.0224242620170116,0.0309933535754681,0.00820937938988209,0.00539145292714238,-0.612344801425934,-0.703642606735229,0.703642606735229,-0.310781687498093,0.475798636674881,0.311449766159058,-0.200741320848465,-3.67142009735107,387,2025,0.251,"17 R",575096.382,2835232.097,"NW10",2025,76.7,76.7,50,50,0,0,25.7
"1295","NW10_10",383,0.0180582329630852,0.0290576368570328,0.00739892292767763,0.00459766807034612,-0.594130635261536,-0.726778984069824,0.726778984069824,-0.350256353616714,0.338588953018188,0.183842837810516,-0.194388061761856,-3.62962079048157,388,2025,0.234,"17 R",575058.106,2835399.483,"NW10",2025,95,95,87,87,0,0,8
"1296","NW10_2",384,0.0229563806205988,0.0287840496748686,0.00773918302729726,0.0041290195658803,-0.695111036300659,-0.749095439910889,0.749095439910889,-0.456281840801239,0.590220034122467,0.38536724448204,-0.234492689371109,-3.66380429267883,389,2025,0.241,"17 R",575091.397,2835247.858,"NW10",2025,99,99,92,92,0,0,7
"1297","NW10_3",385,0.0209668185561895,0.0287861078977585,0.00715249916538596,0.00378601788543165,-0.694094240665436,-0.767530202865601,0.767530202865601,-0.461645931005478,0.49947726726532,0.362164080142975,-0.180689826607704,-3.67385411262512,390,2025,0.235,"17 R",575086.877,2835264.648,"NW10",2025,83.9,83.9,73,73,0,0,10.4
"1298","NW10_4",386,0.0204380471259356,0.0291782319545746,0.00762541266158223,0.00470598787069321,-0.625677585601807,-0.722231268882751,0.722231268882751,-0.355120837688446,0.457290798425674,0.281840920448303,-0.210797250270844,-3.67806625366211,391,2025,0.262,"17 R",575076.746,2835281.561,"NW10",2025,89.5,88.5,63,63,0,0,25.5
"1299","NW10_5",387,0.0189772434532642,0.0282688047736883,0.00703747197985649,0.00413244171068072,-0.642362773418427,-0.744920790195465,0.744920790195465,-0.390114516019821,0.422083675861359,0.276335418224335,-0.187773615121841,-3.69587683677673,392,2025,0.272,"17 R",575073.835,2835299.962,"NW10",2025,82.8,82.8,69,69,0,0,12.3
"1300","NW10_6",388,0.0216365959495306,0.0286604333668947,0.00727436831220984,0.0039038450922817,-0.694300889968872,-0.760237574577332,0.760237574577332,-0.452289164066315,0.536304473876953,0.379153400659561,-0.196580469608307,-3.68738317489624,393,2025,0.265,"17 R",575071.075,2835317.724,"NW10",2025,52.7,45.7,30.5,28.5,0,2,15.2
"1301","NW10_7",389,0.0179184935986996,0.0274921525269747,0.00774725433439016,0.00436454778537154,-0.608262836933136,-0.725988686084747,0.725988686084747,-0.418935179710388,0.398945480585098,0.136712804436684,-0.2811239361763,-3.66046237945557,394,2025,0.26,"17 R",575066.336,2835338.854,"NW10",2025,91.5,90.5,58,58,0,0,30
"1302","NW10_8",390,0.0229690633714199,0.0291840769350529,0.00821954105049372,0.00528401369228959,-0.625951290130615,-0.693396806716919,0.693396806716919,-0.326083838939667,0.573794424533844,0.334396064281464,-0.26173397898674,-3.64243030548096,395,2025,0.239,"17 R",575062.497,2835356.934,"NW10",2025,97,97,87,87,0,0,10
"1303","NW10_9",391,0.0207140482962132,0.0291861295700073,0.00869233906269073,0.00425222143530846,-0.65936267375946,-0.745667994022369,0.745667994022369,-0.514515459537506,0.470371812582016,0.183207511901855,-0.299782484769821,-3.62893915176392,396,2025,0.239,"17 R",575059.183,2835377.761,"NW10",2025,78.4,78.4,74,74,0,0,4.4
"1304","NW13_1",392,0.0652037784457207,0.0727071091532707,0.0203951578587294,0.0044461265206337,-0.872329294681549,-0.884745538234711,0.884745538234711,-0.963055968284607,0.49429178237915,0.600198805332184,0.0316795185208321,-4.09565544128418,397,2025,0.194,"17 R",578396.196,2835160.823,"NW13",2025,86,86,30,30,0,0,55
"1305","NW13_10",393,0.0641625002026558,0.0705187991261482,0.0173443704843521,0.00571979954838753,-0.836301922798157,-0.849950015544891,0.849950015544891,-0.756014883518219,0.51578551530838,0.722734808921814,0.111554697155952,-4.12018442153931,398,2025,0.183,"17 R",578363.312,2835316.244,"NW13",2025,59,59,52,52,0,0,7
"1306","NW13_2",394,0.0669132396578789,0.0725784078240395,0.0207490287721157,0.00433165347203612,-0.878401041030884,-0.887357950210571,0.887357950210571,-0.981873750686646,0.522350609302521,0.611360013484955,0.0181834418326616,-4.10029888153076,399,2025,0.201,"17 R",578394.594,2835177.444,"NW13",2025,88.5,76.5,68,68,0,0,8.5
"1307","NW13_3",395,0.0663887858390808,0.0709000453352928,0.0188661981374025,0.00617234176024795,-0.829871952533722,-0.839829981327057,0.839829981327057,-0.760459065437317,0.543262243270874,0.684883713722229,0.0596234761178493,-4.11206817626953,400,2025,0.193,"17 R",578392.834,2835196.008,"NW13",2025,87.1,86.1,82.5,82.5,0,0,3.6
"1308","NW13_4",396,0.0650758445262909,0.071547158062458,0.0206342972815037,0.00674859713762999,-0.81208074092865,-0.827612698078156,0.827612698078156,-0.760640919208527,0.512111067771912,0.5882608294487,0.0076519725844264,-4.11069679260254,401,2025,0.194,"17 R",578386.317,2835211.498,"NW13",2025,90,90,77,77,0,0,13
"1309","NW13_5",397,0.0637614354491234,0.0718059539794922,0.0191041510552168,0.0061742733232677,-0.823430001735687,-0.841645181179047,0.841645181179047,-0.7672478556633,0.487264692783356,0.633780002593994,0.0637771040201187,-4.11345291137695,402,2025,0.198,"17 R",578380.251,2835227.08,"NW13",2025,85.1,85.1,69,69,0,0,16.1
"1310","NW13_6",398,0.0612632222473621,0.0687062069773674,0.0194592047482729,0.00560085149481893,-0.832470536231995,-0.8492511510849,0.8492511510849,-0.829508483409882,0.501578330993652,0.578055441379547,0.00709837628528476,-4.12734222412109,403,2025,0.182,"17 R",578379.646,2835246.378,"NW13",2025,84.2,72.2,55,55,0,0,17.2
"1311","NW13_7",399,0.0629751533269882,0.0693533197045326,0.0187539216130972,0.00399219151586294,-0.880771994590759,-0.891140103340149,0.891140103340149,-0.973467230796814,0.517607152462006,0.63720291852951,0.0416347123682499,-4.12958669662476,404,2025,0.181,"17 R",578372.519,2835262.131,"NW13",2025,100,100,0,0,0,0,100
"1312","NW13_8",400,0.0616607069969177,0.0694834813475609,0.0187552068382502,0.00652260798960924,-0.808674395084381,-0.828366160392761,0.828366160392761,-0.725889444351196,0.494207292795181,0.616050958633423,0.0434630401432514,-4.13074731826782,405,2025,0.186,"17 R",578370.48,2835282.023,"NW13",2025,86,57,52,52,0,0,5
"1313","NW13_9",401,0.0621880926191807,0.0685796141624451,0.0180497411638498,0.00583374779671431,-0.828474283218384,-0.843207001686096,0.843207001686096,-0.767224192619324,0.5188307762146,0.657371819019318,0.0565008819103241,-4.12666845321655,406,2025,0.191,"17 R",578366.611,2835299.84,"NW13",2025,71,71,61,61,0,0,10
"1314","NW15_1",402,0.0487518645823002,0.0569103807210922,0.0167663842439651,0.00696935225278139,-0.749849259853363,-0.781797707080841,0.781797707080841,-0.619131743907928,0.504849374294281,0.477057814598083,-0.0797469541430473,-4.05220031738281,407,2025,0.19,"17 R",577675.313,2836744.844,"NW15",2025,87.5,86.5,82,82,0,0,4.5
"1315","NW15_10",403,0.0467870309948921,0.0531677976250648,0.0144250802695751,0.00755238812416792,-0.722029089927673,-0.751239597797394,0.751239597797394,-0.469073057174683,0.547390639781952,0.56461101770401,-0.0452580191195011,-4.04617691040039,408,2025,0.167,"17 R",577665.538,2836918.396,"NW15",2025,82.5,77.5,59,59,0,0,18.5
"1316","NW15_2",404,0.0507309064269066,0.0580755807459354,0.0170029699802399,0.00685552367940545,-0.761904895305634,-0.788837015628815,0.788837015628815,-0.637976944446564,0.519709825515747,0.504860758781433,-0.0690297111868858,-4.04280662536621,409,2025,0.17,"17 R",577674.793,2836764.086,"NW15",2025,75,67,66,66,0,0,1
"1317","NW15_3",405,0.0475679375231266,0.0589818805456161,0.0191214345395565,0.00754550285637379,-0.726182818412781,-0.773160994052887,0.773160994052887,-0.651139557361603,0.436285048723221,0.340016722679138,-0.133576348423958,-4.03188705444336,410,2025,0.162,"17 R",577674.348,2836784.468,"NW15",2025,94,79.5,76.5,75.5,0,1,3
"1318","NW15_4",406,0.0462498143315315,0.057430911809206,0.0158290024846792,0.00697226775810122,-0.73799341917038,-0.783480644226074,0.783480644226074,-0.582647442817688,0.440963268280029,0.47359699010849,-0.0314296893775463,-4.03194141387939,411,2025,0.152,"17 R",577669.736,2836798.507,"NW15",2025,95,95,95,95,0,0,0
"1319","NW15_5",407,0.048230204731226,0.0589838586747646,0.0161832664161921,0.00892521534115076,-0.687686145305634,-0.737142205238342,0.737142205238342,-0.433601558208466,0.450070321559906,0.496586978435516,-0.0198344420641661,-4.02014446258545,412,2025,0.169,"17 R",577667.522,2836819.102,"NW15",2025,89.2,89.2,88.5,86,0,2.5,0.7
"1320","NW15_6",408,0.0467807464301586,0.0589849352836609,0.0174785573035479,0.00812249723821878,-0.704115927219391,-0.757925570011139,0.757925570011139,-0.548184037208557,0.419534116983414,0.40019354224205,-0.0722953379154205,-3.98822474479675,413,2025,0.168,"17 R",577666.282,2836837.933,"NW15",2025,92.5,92.5,58,58,0,0,34.5
"1321","NW15_7",409,0.0470461808145046,0.055623184889555,0.0157153122127056,0.00743457395583391,-0.727075219154358,-0.764197945594788,0.764197945594788,-0.536551535129547,0.497377872467041,0.49683678150177,-0.0584992729127407,-3.99112415313721,414,2025,0.165,"17 R",577665.873,2836855.901,"NW15",2025,80.5,78.5,76,76,0,0,2.5
"1322","NW15_8",410,0.0437481477856636,0.054330337792635,0.0152460336685181,0.00640214374288917,-0.744681715965271,-0.789169013500214,0.789169013500214,-0.612792253494263,0.453626573085785,0.450095236301422,-0.0613539181649685,-4.01993322372437,415,2025,0.168,"17 R",577668.192,2836877.638,"NW15",2025,85.2,85.2,72.7,72,0,0.7,12.5
"1323","NW15_9",411,0.0452019460499287,0.0570484176278114,0.0158356036990881,0.00605866219848394,-0.763613343238831,-0.807987868785858,0.807987868785858,-0.66982889175415,0.426266044378281,0.450322955846786,-0.0383962206542492,-4.04296731948853,416,2025,0.168,"17 R",577665.72,2836898.226,"NW15",2025,79.7,42.5,38,36.5,0,1.5,4.5
"1324","NW17_1",412,0.0647325739264488,0.0666664615273476,0.0178975872695446,0.00811521615833044,-0.777200758457184,-0.782962441444397,0.782962441444397,-0.564089775085449,0.593735933303833,0.704715967178345,0.0339773744344711,-4.26716899871826,417,2025,0.157,"17 R",581777.888,2844669.121,"NW17",2025,58,58,0,0,0,0,58
"1325","NW17_10",413,0.0595231801271439,0.0599967874586582,0.0169115867465734,0.00826931186020374,-0.756040453910828,-0.75773298740387,0.75773298740387,-0.514811336994171,0.639505207538605,0.66930216550827,-0.0328109413385391,-4.19870948791504,418,2025,0.16,"17 R",581831.315,2844866.875,"NW17",2025,44,44,0,0,0,0,44
"1326","NW17_2",414,0.061654444783926,0.0628705769777298,0.0177881047129631,0.00823307130485773,-0.764390766620636,-0.768420577049255,0.768420577049255,-0.550803303718567,0.617130815982819,0.661246776580811,-0.0204642433673143,-4.28547239303589,419,2025,0.162,"17 R",581779.468,2844688.379,"NW17",2025,36.2,30.2,0,0,0,0,30.2
"1327","NW17_3",415,0.0623062700033188,0.0627506002783775,0.0172179583460093,0.00767311453819275,-0.780703544616699,-0.782087206840515,0.782087206840515,-0.575196802616119,0.629997253417969,0.699636816978455,-0.000170741172041744,-4.28444385528564,420,2025,0.162,"17 R",581782.961,2844710.827,"NW17",2025,32.9,26.4,0,0,0,0,26.4
"1328","NW17_4",416,0.0619273893535137,0.0626290217041969,0.0169928874820471,0.00779097899794579,-0.776501417160034,-0.778728246688843,0.778728246688843,-0.556929349899292,0.626283407211304,0.70479553937912,0.0068580717779696,-4.27679300308228,421,2025,0.162,"17 R",581787.7,2844736.236,"NW17",2025,33.7,19.7,0,0,0,0,19.7
"1329","NW17_5",417,0.0632182210683823,0.061112392693758,0.0169978830963373,0.00745513988658786,-0.789025485515594,-0.782546043395996,0.782546043395996,-0.585371971130371,0.677068650722504,0.725174009799957,-0.0178563743829727,-4.25803756713867,422,2025,0.165,"17 R",581793.687,2844757.21,"NW17",2025,42.6,42.6,0,0,0,0,42.6
"1330","NW17_6",418,0.0616848990321159,0.0614994913339615,0.0168903674930334,0.00746122980490327,-0.784189522266388,-0.7836092710495,0.7836092710495,-0.580812275409698,0.644748032093048,0.706049740314484,-0.00721733830869198,-4.23285341262817,423,2025,0.165,"17 R",581801.678,2844780.795,"NW17",2025,25.7,19.7,0,0,0,0,19.7
"1331","NW17_7",419,0.0593773908913136,0.0603640712797642,0.0168965850025415,0.00735272793099284,-0.779627919197083,-0.782838881015778,0.782838881015778,-0.590358376502991,0.629545450210571,0.667609214782715,-0.0261030085384846,-4.24035406112671,424,2025,0.166,"17 R",581806.43,2844802.244,"NW17",2025,59.5,43.5,0,0,0,0,43
"1332","NW17_8",420,0.0598975121974945,0.0593543127179146,0.0179420430213213,0.00746965827420354,-0.778240382671356,-0.776437759399414,0.776437759399414,-0.618163168430328,0.659018099308014,0.624963760375977,-0.0838906988501549,-4.21277761459351,425,2025,0.164,"17 R",581812.639,2844822.407,"NW17",2025,33.6,32.6,0,0,0,0,32.6
"1333","NW17_9",421,0.0602889396250248,0.0588516034185886,0.0174846053123474,0.00724706286564469,-0.785386681556702,-0.780719816684723,0.780719816684723,-0.620917022228241,0.67599481344223,0.653574466705322,-0.0747941359877586,-4.20858097076416,426,2025,0.164,"17 R",581822.095,2844843.327,"NW17",2025,65.4,56.4,0,0,0,0,56.4
"1334","NW2_1",422,0.0726957395672798,0.075256459414959,0.0239045489579439,0.00874382350593805,-0.785268425941467,-0.79181444644928,0.79181444644928,-0.696545839309692,0.560664117336273,0.573117434978485,-0.0420721732079983,-4.38017559051514,427,2025,0.176,"17 R",580839.043,2843389.687,"NW2",2025,45.8,45.8,0,0,0,0,45.8
"1335","NW2_10",423,0.0679885149002075,0.0721248164772987,0.0232643987983465,0.0101495217531919,-0.740215599536896,-0.753276109695435,0.753276109695435,-0.588746130466461,0.5460045337677,0.529398620128632,-0.0660747438669205,-4.36720848083496,428,2025,0.235,"17 R",580814.815,2843570.76,"NW2",2025,93.5,91.5,1.5,1.5,0,0,90
"1336","NW2_2",424,0.070386528968811,0.0733586549758911,0.0244930554181337,0.0102265328168869,-0.74628096818924,-0.755302727222443,0.755302727222443,-0.616360545158386,0.559801995754242,0.520027279853821,-0.0841898620128632,-4.37725067138672,429,2025,0.183,"17 R",580838.086,2843411.569,"NW2",2025,50,50,0,0,0,0,50
"1337","NW2_3",425,0.0702608004212379,0.0733608826994896,0.0229885261505842,0.00954772625118494,-0.7607342004776,-0.769680678844452,0.769680678844452,-0.619653403759003,0.55797678232193,0.572480499744415,-0.0409515649080276,-4.36907434463501,430,2025,0.178,"17 R",580838.544,2843429.466,"NW2",2025,94,91,0,0,0,0,91
"1338","NW2_4",426,0.0702670067548752,0.0741270631551743,0.0241539273411036,0.00898474734276533,-0.773260593414307,-0.783791303634644,0.783791303634644,-0.686622798442841,0.545284390449524,0.530257284641266,-0.0642667412757874,-4.36280488967896,431,2025,0.263,"17 R",580834.591,2843449.465,"NW2",2025,19,19,4,4,0,0,15
"1339","NW2_5",427,0.0683436915278435,0.0724832937121391,0.0230032335966825,0.00865115039050579,-0.775279760360718,-0.786745309829712,0.786745309829712,-0.680099308490753,0.545116186141968,0.544268488883972,-0.0534222349524498,-4.34913539886475,432,2025,0.262,"17 R",580832.135,2843470.936,"NW2",2025,69.5,69.5,0,0,0,0,68.5
"1340","NW2_6",428,0.0693806111812592,0.0717258453369141,0.0245162043720484,0.00899629574269056,-0.770435035228729,-0.777104616165161,0.777104616165161,-0.694662094116211,0.573096692562103,0.504824578762054,-0.107343077659607,-4.3433632850647,433,2025,0.262,"17 R",580828.402,2843492.529,"NW2",2025,43,43,0,0,0,0,43
"1341","NW2_7",429,0.069644533097744,0.0724922046065331,0.0257969684898853,0.00990885775536299,-0.750887870788574,-0.759496867656708,0.759496867656708,-0.667458772659302,0.563819885253906,0.465051233768463,-0.131422743201256,-4.35456514358521,434,2025,0.262,"17 R",580825.979,2843511.993,"NW2",2025,47.3,47.3,0,0,0,0,47.3
"1342","NW2_8",430,0.0674602687358856,0.0735120847821236,0.0240641124546528,0.0110482322052121,-0.718546867370605,-0.73868989944458,0.73868989944458,-0.556038618087769,0.514768779277802,0.492681205272675,-0.0700585022568703,-4.34345293045044,435,2025,0.249,"17 R",580819.787,2843534.349,"NW2",2025,62,59,0,0,0,0,59
"1343","NW2_9",431,0.0709445253014565,0.0732626840472221,0.0237222034484148,0.00912363268435001,-0.772103369235992,-0.778515815734863,0.778515815734863,-0.666685938835144,0.569308698177338,0.555284559726715,-0.0637034997344017,-4.36002254486084,436,2025,0.245,"17 R",580817.444,2843552.568,"NW2",2025,29,29,0,0,0,0,29
"1344","NW3_1",432,0.0498884692788124,0.0610397458076477,0.0213841944932938,0.0102568669244647,-0.658930599689484,-0.71227616071701,0.71227616071701,-0.527510464191437,0.441729158163071,0.291954100131989,-0.175510033965111,-4.1648211479187,437,2025,0.255,"17 R",580268.989,2841558.615,"NW3",2025,24.1,24.1,5.5,0,2.5,3,18.6
"1345","NW3_10",433,0.056851003319025,0.0615915879607201,0.0251585673540831,0.0114309815689921,-0.665183067321777,-0.686919212341309,0.686919212341309,-0.562766671180725,0.561301946640015,0.283521264791489,-0.277297258377075,-4.1164116859436,438,2025,0.176,"17 R",580277.055,2841704.003,"NW3",2025,17.5,17.5,0,0,0,0,17.5
"1346","NW3_2",434,0.0506789088249207,0.0614291951060295,0.0226728226989508,0.0106034995988011,-0.653946399688721,-0.705592036247253,0.705592036247253,-0.54405003786087,0.449625551700592,0.257607936859131,-0.209032237529755,-4.13439178466797,439,2025,0.221,"17 R",580267.28,2841574.56,"NW3",2025,25,25,13,0,0,13,12
"1347","NW3_3",435,0.0502955913543701,0.0595137476921082,0.0224456153810024,0.0110641019418836,-0.639369070529938,-0.686470985412598,0.686470985412598,-0.509472250938416,0.481000691652298,0.258632987737656,-0.233845517039299,-4.09958028793335,440,2025,0.2,"17 R",580270.061,2841590.045,"NW3",2025,25.9,25.9,1,0,0,1,24.9
"1348","NW3_4",436,0.051994577050209,0.0605409480631351,0.0202331580221653,0.00958421640098095,-0.688717007637024,-0.72665399312973,0.72665399312973,-0.53570818901062,0.493172138929367,0.380644112825394,-0.146004289388657,-4.09905242919922,441,2025,0.176,"17 R",580271.43,2841605.862,"NW3",2025,6,6,0,0,0,0,0
"1349","NW3_5",437,0.051350399851799,0.0611864514648914,0.020705658942461,0.00867669843137264,-0.710907280445099,-0.751608729362488,0.751608729362488,-0.614090979099274,0.467659026384354,0.348426163196564,-0.151132121682167,-4.13536882400513,442,2025,0.181,"17 R",580273.58,2841624.269,"NW3",2025,18.2,18.2,1.5,0,0,1.5,16.7
"1350","NW3_6",438,0.0505758076906204,0.0597833842039108,0.022343909367919,0.00890937726944685,-0.700450539588928,-0.740602135658264,0.740602135658264,-0.644789755344391,0.480995953083038,0.268074691295624,-0.226229712367058,-4.1420750617981,443,2025,0.181,"17 R",580274.748,2841640.312,"NW3",2025,19.5,19.5,10,0,0,10,9.5
"1351","NW3_7",439,0.0474489890038967,0.0596580244600773,0.0215308498591185,0.00902571063488722,-0.680362701416016,-0.737180531024933,0.737180531024933,-0.613868474960327,0.419759958982468,0.235971540212631,-0.203064948320389,-4.11836338043213,444,2025,0.19,"17 R",580278.274,2841657.203,"NW3",2025,36.9,29.9,0,0,0,0,29.9
"1352","NW3_8",440,0.0490225367248058,0.0613276995718479,0.0208373684436083,0.00994233880192041,-0.662770807743073,-0.720995247364044,0.720995247364044,-0.530951917171478,0.418429970741272,0.296608239412308,-0.15314806997776,-4.09952068328857,445,2025,0.176,"17 R",580279.17,2841672.321,"NW3",2025,28,28,17.5,0,0,17.5,10.5
"1353","NW3_9",441,0.0528069548308849,0.0637616813182831,0.0238709542900324,0.012338281609118,-0.621206939220428,-0.675734877586365,0.675734877586365,-0.477751284837723,0.444915562868118,0.254680842161179,-0.206862971186638,-4.10059881210327,446,2025,0.176,"17 R",580278.442,2841689.455,"NW3",2025,18.5,18.5,8.5,0,0,8.5,10
"1354","NW4_1",442,0.0366825126111507,0.0484036430716515,0.0159087758511305,0.00981189124286175,-0.577932357788086,-0.662911593914032,0.662911593914032,-0.355563372373581,0.419565588235855,0.237538501620293,-0.20586359500885,-3.98420381546021,447,2025,0.186,"17 R",579083.529,2840119.849,"NW4",2025,58.5,58.5,49.7,41.5,8.2,0,8.8
"1355","NW4_10",443,0.0353156514465809,0.0443329140543938,0.0140919145196676,0.00779447378590703,-0.638392448425293,-0.700945138931274,0.700945138931274,-0.431599825620651,0.489654779434204,0.303324520587921,-0.211057096719742,-3.96636414527893,448,2025,0.178,"17 R",579128.39,2840296.435,"NW4",2025,53,53,11,2,0,9,42
"1356","NW4_2",444,0.0382707267999649,0.0484098307788372,0.0163838304579258,0.00947323907166719,-0.603164970874786,-0.672676682472229,0.672676682472229,-0.400891810655594,0.461793482303619,0.254748076200485,-0.22579038143158,-3.99209547042847,449,2025,0.195,"17 R",579086.276,2840138.043,"NW4",2025,28,28,7,7,0,0,21
"1357","NW4_3",445,0.0357787124812603,0.0460939779877663,0.0170931201428175,0.00867691822350025,-0.609636902809143,-0.68315589427948,0.68315589427948,-0.489882975816727,0.45476245880127,0.151154041290283,-0.303696841001511,-3.97789525985718,450,2025,0.193,"17 R",579087.695,2840157.536,"NW4",2025,41.1,41.1,20.8,1,8.6,11.2,20.3
"1358","NW4_4",446,0.0376303419470787,0.0477773435413837,0.0169822629541159,0.00959691405296326,-0.593585789203644,-0.665462732315063,0.665462732315063,-0.416793316602707,0.46109664440155,0.207178771495819,-0.263392895460129,-3.97442102432251,451,2025,0.198,"17 R",579089.743,2840176.444,"NW4",2025,49.2,49.2,28.5,10,1.5,17,20.7
"1359","NW4_5",447,0.0390863679349422,0.0484285093843937,0.0179256703704596,0.00948713254183531,-0.609370052814484,-0.672380983829498,0.672380983829498,-0.461748003959656,0.482407420873642,0.198883697390556,-0.286704570055008,-3.97938466072083,452,2025,0.213,"17 R",579092.999,2840195.637,"NW4",2025,39.1,39.1,25.9,0.7,23.7,1.5,13.2
"1360","NW4_6",448,0.036727249622345,0.0503686256706715,0.0185175202786922,0.00960616022348404,-0.585346281528473,-0.679660022258759,0.679660022258759,-0.475294828414917,0.371833831071854,0.108835577964783,-0.269564688205719,-3.96143054962158,453,2025,0.181,"17 R",579105.613,2840218.604,"NW4",2025,74,74,51,37,0,14,23
"1361","NW4_7",449,0.0380563624203205,0.0472836531698704,0.0163015983998775,0.0104138208553195,-0.570299923419952,-0.639019846916199,0.639019846916199,-0.330583095550537,0.485131353139877,0.253436297178268,-0.24589915573597,-3.95426940917969,454,2025,0.189,"17 R",579110.281,2840240.921,"NW4",2025,56.2,56.2,31,5.5,12.5,13,25.2
"1362","NW4_8",450,0.03596006706357,0.0462581850588322,0.0159565415233374,0.00904577225446701,-0.598017811775208,-0.672870695590973,0.672870695590973,-0.414607793092728,0.455443978309631,0.215082317590714,-0.25324359536171,-3.95804953575134,455,2025,0.179,"17 R",579115.626,2840260.332,"NW4",2025,66.5,66.5,57,8,0,49,9.5
"1363","NW4_9",451,0.0355697087943554,0.0458744019269943,0.014671185053885,0.00733215734362602,-0.658189356327057,-0.724388957023621,0.724388957023621,-0.500312268733978,0.454777628183365,0.276024997234344,-0.204333826899529,-3.95923233032227,456,2025,0.187,"17 R",579118.442,2840279.267,"NW4",2025,64.1,64.1,38.5,1,12.5,25,25.1
"1364","NW5_1",452,0.04685228317976,0.0560224689543247,0.0165751203894615,0.00640223594382405,-0.759560823440552,-0.794881343841553,0.794881343841553,-0.664102792739868,0.484449207782745,0.447130680084229,-0.0876520872116089,-4.16196918487549,457,2025,0.158,"17 R",578435.87,2838239.755,"NW5",2025,73,73,68,11,0,57,5
"1365","NW5_10",453,0.0460888110101223,0.0560413114726543,0.0176534578204155,0.00882653333246708,-0.678540349006653,-0.727861046791077,0.727861046791077,-0.500014781951904,0.467606008052826,0.376772820949554,-0.13027460873127,-4.1235728263855,458,2025,0.146,"17 R",578453.201,2838404.378,"NW5",2025,51,51,36,24,0,12,15
"1366","NW5_2",454,0.0443523526191711,0.0558954961597919,0.0151678947731853,0.00674822926521301,-0.735884428024292,-0.784552097320557,0.784552097320557,-0.576265156269073,0.432406395673752,0.468208193778992,-0.029450710862875,-4.15595769882202,459,2025,0.178,"17 R",578435.943,2838257.963,"NW5",2025,53,53,25.5,10,0,15.5,27.5
"1367","NW5_3",455,0.0469901263713837,0.056156013160944,0.0162277370691299,0.00789697840809822,-0.712246477603912,-0.753423571586609,0.753423571586609,-0.517980754375458,0.484458148479462,0.468191057443619,-0.0708348527550697,-4.16288709640503,460,2025,0.171,"17 R",578438.25,2838276.383,"NW5",2025,67.5,67.5,55.5,1,7.5,47,12
"1368","NW5_4",456,0.0467300452291965,0.0575787723064423,0.0168175995349884,0.00721079064533114,-0.732640743255615,-0.77740889787674,0.77740889787674,-0.599716126918793,0.448130160570145,0.432092070579529,-0.0701495483517647,-4.15553045272827,461,2025,0.176,"17 R",578442.382,2838294.676,"NW5",2025,33,33,21,4.5,0,16.5,12
"1369","NW5_5",457,0.0442302562296391,0.0542229004204273,0.0143531458452344,0.00572176929563284,-0.770909428596497,-0.809098303318024,0.809098303318024,-0.644937455654144,0.467021316289902,0.512691497802734,-0.0222002416849136,-4.14804029464722,462,2025,0.171,"17 R",578443.267,2838312.617,"NW5",2025,45,45,23.5,1.5,1,21,21.5
"1370","NW5_6",458,0.0434410944581032,0.0549991391599178,0.0135319465771317,0.00606680661439896,-0.754915595054626,-0.801303088665009,0.801303088665009,-0.571348071098328,0.431532949209213,0.545097410678864,0.0321694239974022,-4.13989114761353,463,2025,0.165,"17 R",578443.813,2838329.47,"NW5",2025,31.5,31.5,10,0,0,10,21.5
"1371","NW5_7",459,0.0448937937617302,0.0571968145668507,0.0169413108378649,0.00927956681698561,-0.657412171363831,-0.720816135406494,0.720816135406494,-0.43830019235611,0.416229784488678,0.385733425617218,-0.0818006470799446,-4.13769435882568,464,2025,0.159,"17 R",578444.85,2838346.197,"NW5",2025,47.5,47.5,30.5,17.5,0,13,17
"1372","NW5_8",460,0.0464774705469608,0.0531948879361153,0.0192924048751593,0.00870813336223364,-0.684405624866486,-0.718652367591858,0.718652367591858,-0.567003667354584,0.540125668048859,0.309209167957306,-0.242911398410797,-4.14049625396729,465,2025,0.145,"17 R",578446.437,2838365.634,"NW5",2025,56,56,36,4,0,32,20
"1373","NW5_9",461,0.0434508584439754,0.0533264763653278,0.016241641715169,0.00756336143240333,-0.703480243682861,-0.75157231092453,0.75157231092453,-0.546835482120514,0.469749391078949,0.389151334762573,-0.123119421303272,-4.13151454925537,466,2025,0.149,"17 R",578450.856,2838385.758,"NW5",2025,60.7,60.7,50,18,19,13,10.7
"1374","NW6_1",462,0.022060776129365,0.029945919290185,0.0100827841088176,0.00776259042322636,-0.479428976774216,-0.588284432888031,0.588284432888031,-0.19502480328083,0.501747488975525,0.119234457612038,-0.375219881534576,-3.87029600143433,467,2025,0.142,"17 R",576161.857,2837611.902,"NW6",2025,47.2,47.2,15,14.5,0.5,0,32.2
"1375","NW6_10",463,0.021547719836235,0.0265820417553186,0.0108003262430429,0.00811528135091066,-0.452834784984589,-0.532224357128143,0.532224357128143,-0.212922975420952,0.624793767929077,0.0368825271725655,-0.541233122348785,-3.8454384803772,468,2025,0.144,"17 R",576186.531,2837808.824,"NW6",2025,93.8,93.8,32,5,27,0,61.8
"1376","NW6_2",464,0.0195425320416689,0.0263108126819134,0.00949694123119116,0.00719058746472001,-0.462046504020691,-0.57072913646698,0.57072913646698,-0.207312345504761,0.539732933044434,0.0492431707680225,-0.463834226131439,-3.88444447517395,469,2025,0.13,"17 R",576166.616,2837642.033,"NW6",2025,96.6,96.6,0.5,0.5,0,0,96.1
"1377","NW6_3",465,0.0214024242013693,0.0278715323656797,0.0111444238573313,0.0078797684982419,-0.461804747581482,-0.559189856052399,0.559189856052399,-0.257408201694489,0.55975729227066,0.0032821970526129,-0.515239357948303,-3.88460898399353,470,2025,0.13,"17 R",576169.319,2837662.919,"NW6",2025,68.9,68.9,0,0,0,0,68.7
"1378","NW6_4",466,0.0194131880998611,0.0278725251555443,0.00914642307907343,0.00650396663695574,-0.498095631599426,-0.621603846549988,0.621603846549988,-0.253264278173447,0.462161898612976,0.0747795179486275,-0.380540907382965,-3.8794002532959,471,2025,0.148,"17 R",576174.169,2837685.718,"NW6",2025,93.8,93.8,70.5,43,27.5,0,23.3
"1379","NW6_5",467,0.0207423698157072,0.0274843238294125,0.0112642087042332,0.00753726903349161,-0.466947287321091,-0.569564461708069,0.569564461708069,-0.297338843345642,0.54564094543457,-0.0371909439563751,-0.536516070365906,-3.86420011520386,472,2025,0.146,"17 R",576176.692,2837707.823,"NW6",2025,69.1,69.1,55.8,49,5,1.8,13.1
"1380","NW6_6",468,0.0202129241079092,0.0268356949090958,0.0104420837014914,0.008226010017097,-0.421496599912643,-0.530769526958466,0.530769526958466,-0.178063735365868,0.549163460731506,0.00179642473813146,-0.508745133876801,-3.84519100189209,473,2025,0.14,"17 R",576180.703,2837726.828,"NW6",2025,97,95.5,88,73,15,0,7.5
"1381","NW6_7",469,0.0218080617487431,0.0254085902124643,0.0113846687600017,0.00937431305646896,-0.398742854595184,-0.460981577634811,0.460981577634811,-0.14526404440403,0.692341506481171,0.00380891165696084,-0.622294664382935,-3.8549530506134,474,2025,0.149,"17 R",576181.393,2837751.521,"NW6",2025,84,84,64.5,41.5,23,0,19.5
"1382","NW6_8",470,0.0186251327395439,0.0250202436000109,0.00997526478022337,0.00742566026747227,-0.429909080266953,-0.542274415493011,0.542274415493011,-0.219781801104546,0.553520083427429,-0.0408818908035755,-0.547620594501495,-3.86317753791809,475,2025,0.148,"17 R",576184.065,2837770.665,"NW6",2025,87,87,74.5,62,12.5,0,12.5
"1383","NW6_9",471,0.0204853415489197,0.0259315557777882,0.0111523112282157,0.00800010096281767,-0.438302487134933,-0.528457999229431,0.528457999229431,-0.246878325939178,0.60470986366272,-0.0411177538335323,-0.58786678314209,-3.85199618339539,476,2025,0.146,"17 R",576185.214,2837790.124,"NW6",2025,85.5,85.5,80,64.5,15.5,0,5.3
"1384","NW7_1",472,0.0234287288039923,0.0351751632988453,0.0135363806039095,0.00779812270775437,-0.500550150871277,-0.637071132659912,0.637071132659912,-0.40344911813736,0.363925158977509,-0.0726257637143135,-0.415031164884567,-2.84363722801208,477,2025,0.169,"17 R",574474.948,2836977.99,"NW7",2025,54.3,49.3,3,3,0,0,46.3
"1385","NW7_10",473,0.0233166087418795,0.0346713960170746,0.0141375847160816,0.00769371585920453,-0.503796517848969,-0.636790037155151,0.636790037155151,-0.44274976849556,0.376872807741165,-0.114604271948338,-0.459074765443802,-2.77583003044128,478,2025,0.198,"17 R",574492.278,2837191.019,"NW7",2025,88,85,0,0,0,0,85
"1386","NW7_2",474,0.0236966777592897,0.035695880651474,0.0141257541254163,0.00757030816748738,-0.515763461589813,-0.650058925151825,0.650058925151825,-0.453223675489426,0.357220351696014,-0.0977190434932709,-0.429383903741837,-2.82230877876282,479,2025,0.165,"17 R",574477.577,2837002.2,"NW7",2025,48.4,48.4,39.5,39.5,0,0,8.9
"1387","NW7_3",475,0.0190589725971222,0.0281734559684992,0.0128355538472533,0.00906218215823174,-0.355490028858185,-0.513252198696136,0.513252198696136,-0.258476823568344,0.43053725361824,-0.233564719557762,-0.600757360458374,-2.83018755912781,480,2025,0.173,"17 R",574477.902,2837033.399,"NW7",2025,93.1,93.1,5,5,0,0,86.6
"1388","NW7_4",476,0.0231709610670805,0.035958256572485,0.0167124290019274,0.0102091478183866,-0.388309508562088,-0.557733535766602,0.557733535766602,-0.362345844507217,0.325776636600494,-0.264027982950211,-0.536669135093689,-2.81653809547424,481,2025,0.188,"17 R",574480.127,2837056.441,"NW7",2025,36.7,36.7,0.5,0.5,0,0,31.5
"1389","NW7_5",477,0.0262200683355331,0.038681510835886,0.01530497148633,0.00780308758839965,-0.541307270526886,-0.664272129535675,0.664272129535675,-0.486965417861938,0.359599530696869,-0.0651301816105843,-0.403704702854156,-2.71739983558655,482,2025,0.193,"17 R",574478.477,2837073.714,"NW7",2025,13,13,0,0,0,0,13
"1390","NW7_6",478,0.0241029094904661,0.0364799872040749,0.0167154781520367,0.00768943596631289,-0.516271233558655,-0.651820838451385,0.651820838451385,-0.554767906665802,0.347489386796951,-0.224751323461533,-0.522388339042664,-2.67203569412231,483,2025,0.192,"17 R",574479.213,2837095.634,"NW7",2025,86,83.5,81,45,0,36,2
"1391","NW7_7",479,0.0238393396139145,0.0379064679145813,0.01401521358639,0.00860721804201603,-0.469452619552612,-0.629905998706818,0.629905998706818,-0.358581840991974,0.289309173822403,-0.0849948599934578,-0.363942861557007,-2.76397895812988,484,2025,0.194,"17 R",574485.241,2837116.189,"NW7",2025,3,3,0,0,0,0,3
"1392","NW7_8",480,0.0238422527909279,0.0341496095061302,0.0151917273178697,0.00700369477272034,-0.545892059803009,-0.659629046916962,0.659629046916962,-0.553359568119049,0.41781958937645,-0.153841570019722,-0.523253440856934,-2.7452449798584,485,2025,0.199,"17 R",574487.179,2837140.011,"NW7",2025,45,45,12.5,12.5,0,0,31.5
"1393","NW7_9",481,0.0235796459019184,0.0318168215453625,0.0129616102203727,0.00769272167235613,-0.508017957210541,-0.610589206218719,0.610589206218719,-0.382647722959518,0.493782430887222,-0.0290807075798512,-0.485803484916687,-2.81605243682861,486,2025,0.202,"17 R",574490.312,2837170.727,"NW7",2025,98.7,98.7,0,0,0,0,98.2
"1394","NW8_1",482,0.0190214905887842,0.0268775522708893,0.0128442300483584,0.00623056339100003,-0.506530165672302,-0.623623192310333,0.623623192310333,-0.520084261894226,0.486493498086929,-0.23611144721508,-0.648306727409363,-2.93281412124634,487,2025,0.211,"17 R",573701.683,2834914.231,"NW8",2025,46,46,46,39,0,7,0
"1395","NW8_10",483,0.0174422301352024,0.0259791668504477,0.0114434584975243,0.00635312683880329,-0.466019630432129,-0.607010424137115,0.607010424137115,-0.429042845964432,0.441638082265854,-0.223983466625214,-0.603597581386566,-2.79102754592896,488,2025,0.328,"17 R",573655.919,2835038.762,"NW8",2025,65.6,61.6,30,0,5,25,31.6
"1396","NW8_2",484,0.0204840749502182,0.0288285911083221,0.0133157474920154,0.00887055229395628,-0.395628333091736,-0.5294029712677,0.5294029712677,-0.30053648352623,0.474369794130325,-0.192880243062973,-0.602803111076355,-2.92725992202759,489,2025,0.327,"17 R",573696.102,2834921.786,"NW8",2025,68.5,68.5,68.5,51,0,17.5,0
"1397","NW8_3",485,0.0223436392843723,0.0285694319754839,0.0123756369575858,0.00818262621760368,-0.463896006345749,-0.554711937904358,0.554711937904358,-0.3059361577034,0.572372078895569,-0.0433404147624969,-0.561930239200592,-2.91624093055725,490,2025,0.331,"17 R",573690.352,2834935.85,"NW8",2025,72.7,72.7,72.5,46,16,10.5,0.2
"1398","NW8_4",486,0.022477900609374,0.0288305785506964,0.0135527234524488,0.00783924851566553,-0.482850551605225,-0.572441458702087,0.572441458702087,-0.400627493858337,0.567169904708862,-0.115088514983654,-0.614757239818573,-2.91584897041321,491,2025,0.426,"17 R",573684.834,2834949.762,"NW8",2025,91.5,90.5,90.5,84,3,3.5,0
"1399","NW8_5",487,0.0203568674623966,0.0271431636065245,0.0108498530462384,0.00784073863178492,-0.443872034549713,-0.551751613616943,0.551751613616943,-0.241494312882423,0.54224568605423,-0.0238837487995625,-0.523462116718292,-2.96482944488525,492,2025,0.296,"17 R",573680.328,2834970.477,"NW8",2025,74.5,74.5,74.5,48,0,26.5,0
"1400","NW8_6",488,0.0196940079331398,0.0261040218174458,0.0110860215499997,0.00715298252180219,-0.467129647731781,-0.569836020469666,0.569836020469666,-0.3234583735466,0.557160496711731,-0.0754119530320168,-0.577174603939056,-2.88574647903442,493,2025,0.441,"17 R",573669.234,2834978.341,"NW8",2025,58,58,34,6,0,28,24
"1401","NW8_7",489,0.0179690793156624,0.0268856659531593,0.0119106853380799,0.00589175196364522,-0.506157040596008,-0.640499293804169,0.640499293804169,-0.507144033908844,0.429205238819122,-0.228464916348457,-0.596574246883392,-2.8694965839386,494,2025,0.416,"17 R",573666.646,2834993.48,"NW8",2025,74.7,74.7,70,11,38,21,4.7
"1402","NW8_8",490,0.0189000964164734,0.0261063650250435,0.0103823551908135,0.00658075837418437,-0.483474284410477,-0.597348570823669,0.597348570823669,-0.33616441488266,0.515902698040009,-0.0604506209492683,-0.532389104366302,-2.86471629142761,495,2025,0.322,"17 R",573662.449,2835007.734,"NW8",2025,100,100,100,100,0,0,0
"1403","NW8_9",491,0.0183713156729937,0.0259783882647753,0.0115603785961866,0.00623787613585591,-0.493045032024384,-0.612749874591827,0.612749874591827,-0.448569476604462,0.493571192026138,-0.180784851312637,-0.61055600643158,-2.80776214599609,496,2025,0.526,"17 R",573656.899,2835021.042,"NW8",2025,52.7,52.7,47,17,0,30,4.2
