,Point_code,ID,blue,green,red,vnir,NDAVI,ind24,NDWI,WAVI,DII_blue_green,DII_blue_red,DII_green_red,depth,X,Year.x,Accuracy.m.,UTM.Zone,UTM.Easting,UTM.Northing,Site,Year.y,TOT,T_DR,TSG,Tt,Sf,Hw,TMA
1,BB01_C,1,0.034843281,0.041068859,0.019364148,0.006856966,-0.671130657,-0.713850856,0.713850856,-0.715483427,0.110338196,0.14224349,0.008117379,-1.101926327,1,2023,0.30122748,17 R,582206,2849076,BB01,2023,96.8,96.8,71.5,53.5,18,0,25.3
2,BB01_E,2,0.035341732,0.037257466,0.017905788,0.006857058,-0.675011635,-0.689124703,0.689124703,-0.669272661,0.230321631,0.225909367,-0.025744561,-1.094094634,2,2023,0.3005204,17 R,582191,2849071,BB01,2023,66.7,66.7,66.1,8.1,58,0,0.6
3,BB01_L,3,0.035091475,0.038978197,0.018353686,0.006856343,-0.673101306,-0.700821996,0.700821996,-0.684093356,0.174179941,0.196885318,-0.000642447,-1.13812089,3,2023,0.3005204,17 R,582212,2849064,BB01,2023,100,100,100,81.45,18.55,0,0
4,BB01_R,4,0.032102987,0.037504937,0.017121775,0.006858121,-0.647950411,-0.690818369,0.690818369,-0.642016172,0.127016306,0.169513479,0.017206643,-1.050354242,4,2023,0.3005204,17 R,582198,2849092,BB01,2023,100,100,100,9.05,90.95,0,0
5,BB01_S,5,0.039700858,0.045615457,0.018130571,0.006857317,-0.70543015,-0.738633335,0.738633335,-0.676723063,0.126818836,0.331150323,0.166526511,-1.10401547,5,2023,0.3019346,17 R,582221,2849084,BB01,2023,97.7,97.7,0.1,0,0.1,0,97.6
6,BB02_C,6,0.024012364,0.030408697,0.016372349,0.007681226,-0.515282035,-0.59667933,0.59667933,-0.541985273,0.064429358,-0.081161261,-0.156219155,-0.841510534,6,2023,0.3233244,17 R,583871,2848248,BB02,2023,99.85,99.75,99.5,10.5,0,89,0.25
7,BB02_E,7,0.024012364,0.030408697,0.016372349,0.007681226,-0.515282035,-0.59667933,0.59667933,-0.541985273,0.064429358,-0.081161261,-0.156219155,-0.841510534,7,2023,0.3233244,17 R,583871,2848248,BB02,2023,100,100,99.9,23.1,0,76.8,0.1
8,BB02_L,8,0.023635976,0.03274896,0.016596152,0.008122428,-0.488486379,-0.602537215,0.602537215,-0.514211774,-0.031892382,-0.109004721,-0.093093604,-0.830358744,8,2023,0.3132659,17 R,583880,2848235,BB02,2023,100,100,97.8,6.55,0,91.25,2.2
9,BB02_R,9,0.023635976,0.03274896,0.016596152,0.008122428,-0.488486379,-0.602537215,0.602537215,-0.514211774,-0.031892382,-0.109004721,-0.093093604,-0.830358744,9,2023,0.3132659,17 R,583880,2848235,BB02,2023,100,100,97,46.25,0,50.75,3
10,BB02_S,10,0.024889879,0.032012135,0.017833447,0.006688084,-0.576408148,-0.654364586,0.654364586,-0.681770086,0.044513334,-0.12110249,-0.174196899,-0.850339413,10,2023,0.3019346,17 R,583884,2848267,BB02,2023,100,100,99.5,86,13.5,0,0.5
11,BB03_C,11,0.041046157,0.050258722,0.026286677,0.007710358,-0.683719873,-0.733983755,0.733983755,-0.819614947,0.054863919,0.034938727,-0.037958901,-0.85418421,11,2023,0.30122748,17 R,584620,2848930,BB03,2023,100,100,100,0,100,0,0
12,BB03_E,12,0.040796295,0.053817879,0.027968401,0.007930764,-0.674482167,-0.743127525,0.743127525,-0.837246656,-0.025551639,-0.02618099,-0.019857727,-0.853355587,12,2023,0.3005204,17 R,584617,2848914,BB03,2023,100,100,100,30,70,0,0
13,BB03_L,13,0.041046157,0.050258722,0.026286677,0.007710358,-0.683719873,-0.733983755,0.733983755,-0.819614947,0.054863919,0.034938727,-0.037958901,-0.85418421,13,2023,0.30122748,17 R,584628,2848929,BB03,2023,100,100,100,0,100,0,0
14,BB03_R,14,0.040548276,0.053695828,0.029202586,0.008373058,-0.657692969,-0.730201125,0.730201125,-0.831503808,-0.029183814,-0.070587002,-0.057168081,-0.853125811,14,2023,0.30177295,17 R,584604,2848929,BB03,2023,100,100,100,50,50,0,0
15,BB03_S,15,0.042790305,0.051978752,0.026400093,0.006828033,-0.724777818,-0.767780781,0.767780781,-0.883531332,0.059931535,0.072733678,-0.007801532,-0.862615883,15,2023,0.29930505,17 R,584624,2848945,BB03,2023,100,100,100,1,99,0,0
16,BB05_C,16,0.047466926,0.05736224,0.032692604,0.007159637,-0.73786974,-0.778071046,0.778071046,-0.961036325,0.056621205,-0.013196711,-0.082722865,-1.585422516,16,2023,1.3152186,17 R,582687,2854059,BB05,2023,17.4,17.4,10.5,9.7,0,0.8,6.9
17,BB05_CE,17,0.047466926,0.05736224,0.032692604,0.007159637,-0.73786974,-0.778071046,0.778071046,-0.961036325,0.056621205,-0.013196711,-0.082722865,-1.585422516,17,2023,1.2941793,17 R,582687,2854059,BB05,2023,22.6,22.6,10.1,9.5,0,0.6,12.5
18,BB05_CL,18,0.049942736,0.062372103,0.033922117,0.007049575,-0.752613127,-0.796905637,0.796905637,-0.983821034,0.016527748,0.004895756,-0.028948346,-1.566888094,18,2023,1.56205,17 R,582685,2854068,BB05,2023,27.5,27.5,15.5,15.5,0,0,12
19,BB05_CR,19,0.049942736,0.062372103,0.033922117,0.007049575,-0.752613127,-0.796905637,0.796905637,-0.983821034,0.016527748,0.004895756,-0.028948346,-1.566888094,19,2023,1.4142135,17 R,582687,2854068,BB05,2023,42.3,42.3,13.2,13.1,0,0.1,29.1
20,BB05_CS,20,0.047466926,0.05736224,0.032692604,0.007159637,-0.73786974,-0.778071046,0.778071046,-0.961036325,0.056621205,-0.013196711,-0.082722865,-1.585422516,20,2023,1.4142135,17 R,582687,2854053,BB05,2023,80.6,80.6,73.15,72.75,0,0.4,7.45
21,BB05_E,21,0.047466926,0.05736224,0.032692604,0.007159637,-0.73786974,-0.778071046,0.778071046,-0.961036325,0.056621205,-0.013196711,-0.082722865,-1.585422516,21,2023,4.031129,17 R,582688,2854059,BB05,2023,76.3,76.3,73.2,72.3,0.7,0.2,3.1
22,BB05_L,22,0.049942736,0.062372103,0.033922117,0.007049575,-0.752613127,-0.796905637,0.796905637,-0.983821034,0.016527748,0.004895756,-0.028948346,-1.566888094,22,2023,1.4469278,17 R,582686,2854068,BB05,2023,37.7,37.6,32,28.6,0,3.4,5.6
23,BB05_R,23,0.049942736,0.062372103,0.033922117,0.007049575,-0.752613127,-0.796905637,0.796905637,-0.983821034,0.016527748,0.004895756,-0.028948346,-1.566888094,23,2023,1.4866068,17 R,582687,2854068,BB05,2023,24.4,24.4,7,6,0.3,0.7,17.4
24,BB05_S,24,0.047466926,0.05736224,0.032692604,0.007159637,-0.73786974,-0.778071046,0.778071046,-0.961036325,0.056621205,-0.013196711,-0.082722865,-1.585422516,24,2023,1.8384776,17 R,582688,2854052,BB05,2023,100,100,97.9,97.8,0.1,0,2.1
25,BB09_C,25,0.026539486,0.034010552,0.019195741,0.006306978,-0.615972161,-0.687134683,0.687134683,-0.758081675,0.042918887,-0.122234166,-0.173374027,-1.047106385,25,2023,0.7262231,17 R,583942,2857521,BB09,2023,4.2,4.2,0,0,0,0,4.2
26,BB09_CE,26,0.026539486,0.034010552,0.019195741,0.006306978,-0.615972161,-0.687134683,0.687134683,-0.758081675,0.042918887,-0.122234166,-0.173374027,-1.047106385,26,2023,0.7433034,17 R,583943,2857529,BB09,2023,37.6,37.6,37,0,0,37,0.6
27,BB09_CL,27,0.024050234,0.029225111,0.015503624,0.005536134,-0.625764549,-0.681476653,0.681476653,-0.710618258,0.109121926,-0.031219007,-0.151679292,-1.047818184,27,2023,0.718401,17 R,583935,2857521,BB09,2023,27.9,27.9,26,0,0,26,1.9
28,BB09_CR,28,0.022306794,0.024435878,0.012593739,0.006306947,-0.559166551,-0.589696348,0.589696348,-0.498933643,0.228245959,0.077939071,-0.161976025,-1.044689298,28,2023,0.75006664,17 R,583950,2857523,BB09,2023,49.7,49.7,25.2,0,16.2,9,24.5
29,BB09_CS,29,0.024050059,0.02603258,0.014720139,0.005866385,-0.607815325,-0.632189631,0.632189631,-0.645112813,0.234748811,0.014777895,-0.225279257,-1.057222605,29,2023,0.74202424,17 R,583942,2857514,BB09,2023,9.1,9.1,3.5,0,3.5,0,5.6
30,BB09_E,30,0.027659308,0.035972867,0.018077152,0.006086825,-0.639257908,-0.710562527,0.710562527,-0.744310021,0.023326274,-0.027642515,-0.068560824,-1.037812948,30,2023,0.7340981,17 R,583943,2857536,BB09,2023,68,68,21,0,0,21,47
31,BB09_L,31,0.023302991,0.024435818,0.012929512,0.005536072,-0.616071284,-0.630582392,0.630582392,-0.600585341,0.271939009,0.098286673,-0.183329865,-1.059022784,31,2023,0.748131,17 R,583927,2857520,BB09,2023,97,97,77,0,77,0,20
32,BB09_R,32,0.022306794,0.024435878,0.012593739,0.006306947,-0.559166551,-0.589696348,0.589696348,-0.498933643,0.228245959,0.077939071,-0.161976025,-1.044689298,32,2023,0.7043437,17 R,583957,2857523,BB09,2023,28.2,28.2,18,0,0,18,10.2
33,BB09_S,33,0.02043766,0.022469752,0.012481601,0.005646039,-0.567082942,-0.59837234,0.59837234,-0.56561929,0.231834769,-0.001638363,-0.238600746,-1.069129467,33,2023,0.696563,17 R,583941,2857505,BB09,2023,94,94,94,0,94,0,0
34,BB10_C,34,0.045286853,0.05079589,0.025353545,0.008406009,-0.686885417,-0.716022313,0.716022313,-0.75301069,0.141637236,0.165322408,0.00200115,-1.046924233,34,2023,0.762168,17 R,582686,2857838,BB10,2023,94.5,94.5,10,0,10,0,84.5
35,BB10_CE,35,0.043924708,0.051285211,0.025689024,0.008736412,-0.668202579,-0.708891153,0.708891153,-0.738666534,0.100685492,0.123121053,0.000921418,-1.051853061,35,2023,0.76485294,17 R,582682,2857844,BB10,2023,95.5,95.5,21,0,18,3,74.5
36,BB10_CL,36,0.045286853,0.05079589,0.025353545,0.008406009,-0.686885417,-0.716022313,0.716022313,-0.75301069,0.141637236,0.165322408,0.00200115,-1.046924233,36,2023,0.8772685,17 R,582682,2857832,BB10,2023,100,100,0,0,0,0,100
37,BB10_CS,37,0.043676861,0.050795887,0.02546531,0.009176699,-0.652750015,-0.693970203,0.693970203,-0.705297351,0.105439015,0.125222012,-0.001568116,-1.056149602,37,2023,0.7998125,17 R,582690,2857832,BB10,2023,26.2,26.2,4.5,0,2,2.5,21.7
38,BB10_E,38,0.043181594,0.052508172,0.02680699,0.008736534,-0.663449585,-0.714700758,0.714700758,-0.762605429,0.058028489,0.068267688,-0.010078955,-1.045618057,38,2023,0.7856844,17 R,582676,2857851,BB10,2023,70.9,70.9,11.7,0,7.5,4.2,59.2
39,BB10_L,39,0.043305077,0.052018769,0.02658312,0.009506972,-0.639969587,-0.690959513,0.690959513,-0.709730029,0.071054049,0.078562893,-0.012638175,-1.031304717,39,2023,0.7516648,17 R,582678,2857826,BB10,2023,86.2,86.2,8.4,0,3.2,5.2,77.8
40,BB10_R,40,0.040331159,0.050918393,0.024347555,0.01016777,-0.597307503,-0.667100728,0.667100728,-0.616238654,0.023128776,0.085347377,0.037263144,-1.065568209,40,2023,0.7427651,17 R,582694,2857852,BB10,2023,56.38,56.38,56,0,28,28,0.38
41,BB10_S,41,0.041322444,0.050918095,0.025688784,0.008956404,-0.6437307,-0.70082742,0.70082742,-0.724446058,0.047416572,0.062058151,-0.00625506,-1.050462246,41,2023,0.7516648,17 R,582694,2857825,BB10,2023,97.5,97.5,11.5,0,10,1.5,86
42,BB13_C,42,0.051778417,0.064221337,0.034691885,0.005632666,-0.803777754,-0.838730335,0.838730335,-1.080950141,0.020892415,0.021086147,-0.017938694,-1.325527549,42,2023,0.5181729,17 R,583722,2836445,BB13,2023,100,100,100,100,0,0,0
43,BB13_E,43,0.048767328,0.065087035,0.033901442,0.003853966,-0.853520632,-0.888195217,0.888195217,-1.193768382,-0.053562522,-0.018379852,0.014153644,-1.28955996,43,2023,0.5856304,17 R,583709,2836455,BB13,2023,100,100,99.25,99.25,0,0,0.75
44,BB13_L,44,0.054786872,0.065704331,0.034804404,0.003853025,-0.868586898,-0.889213026,0.889213026,-1.200986981,0.052575734,0.074690707,0.002263062,-1.329066038,44,2023,0.5108124,17 R,583718,2836433,BB13,2023,100,100,100,100,0,0,0
45,BB13_R,45,0.049395874,0.059150945,0.032093905,0.004299155,-0.839867711,-0.864487052,0.864487052,-1.145606518,0.063106194,0.043033615,-0.03701875,-1.252664804,45,2023,0.52859795,17 R,583731,2836462,BB13,2023,100,100,98.75,98.75,0,0,1.25
46,BB13_S,46,0.051653095,0.06100592,0.032883994,0.005187851,-0.817460775,-0.843252599,0.843252599,-1.091205716,0.074253857,0.066141881,-0.025874767,-1.292610049,46,2023,0.62084436,17 R,583738,2836442,BB13,2023,100,100,97.25,97.25,0,0,2.75
47,BB14_C,47,0.045483872,0.05245677,0.022486031,0.003749458,-0.847686172,-0.866582096,0.866582096,-1.071253419,0.111035638,0.27614069,0.13156864,-0.656381726,47,2023,0.5348403,17 R,581746,2836481,BB14,2023,100,100,100,100,0,0,0
48,BB14_E,48,0.046237692,0.054066941,0.022486016,0.003082233,-0.875010669,-0.892133772,0.892133772,-1.138352275,0.094637901,0.292578787,0.161802709,-0.791793466,48,2023,0.5340505,17 R,581760,2836482,BB14,2023,100,100,100,100,0,0,0
49,BB14_L,49,0.042971421,0.052828856,0.022373462,0.004194681,-0.822131515,-0.852878988,0.852878988,-1.026348352,0.046536703,0.22377044,0.142709255,-0.697441339,49,2023,0.51546395,17 R,581746,2836495,BB14,2023,100,100,98,98,0,0,2
50,BB14_S,50,0.043975398,0.053447101,0.021919968,0.003526639,-0.851516306,-0.876201212,0.876201212,-1.084230661,0.056995697,0.265031785,0.170960575,-0.645732641,50,2023,0.5176543,17 R,581730,2836475,BB14,2023,100,100,98,98,0,0,2
51,BB16_C,51,0.047871944,0.056508265,0.027212711,0.004717419,-0.820594132,-0.845900655,0.845900655,-1.056774139,0.081407703,0.158056885,0.051149964,-1.063209772,51,2023,0.5903736,17 R,582727,2838278,BB16,2023,100,100,100,100,0,0,0
52,BB16_E,52,0.047244307,0.057496883,0.026534526,0.004383671,-0.830182314,-0.858318269,0.858318269,-1.074651361,0.049373932,0.167248353,0.088972665,-1.163143754,52,2023,0.58897954,17 R,582728,2838263,BB16,2023,100,100,100,100,0,0,0
53,BB16_L,53,0.050754901,0.063675478,0.025970263,0.003384158,-0.874982774,-0.899070203,0.899070203,-1.154141545,0.010197737,0.257992893,0.208483204,-1.3098315,53,2023,0.59972084,17 R,582742,2838279,BB16,2023,99.75,99.75,99.75,99.75,0,0,0
54,BB16_R,54,0.048122589,0.055766277,0.026873883,0.003717549,-0.856576443,-0.875006378,0.875006378,-1.135432363,0.100984797,0.174394071,0.048099231,-1.173888326,54,2023,0.534133,17 R,582711,2838277,BB16,2023,100,100,99.5,99.5,0,0,0.5
55,BB16_S,55,0.045741167,0.056261901,0.025406517,0.005384889,-0.789348543,-0.825298607,0.825298607,-0.975351393,0.04062213,0.173452765,0.102509677,-1.084105611,55,2023,0.6307865,17 R,582728,2838294,BB16,2023,100,100,100,100,0,0,0
56,BB17_C,56,0.051923741,0.061233133,0.03108054,0.003299005,-0.880520046,-0.897756219,0.897756219,-1.212124944,0.075442433,0.121405736,0.02361181,-0.75829798,56,2023,0.4817654,17 R,583167,2838866,BB17,2023,100,100,100,100,0,0,0
57,BB17_E,57,0.053675439,0.063578747,0.033788454,0.004631439,-0.84113574,-0.86420095,0.86420095,-1.138356209,0.067796186,0.080476694,-0.006583539,-0.706510067,57,2023,0.50213474,17 R,583155,2838856,BB17,2023,100,100,100,100,0,0,0
58,BB17_L,58,0.055677488,0.061356246,0.032095782,0.004964588,-0.836265922,-0.850285709,0.850285709,-1.098121524,0.143060833,0.162690729,-0.000461809,-0.734119356,58,2023,0.5073055,17 R,583175,2838852,BB17,2023,100,100,100,100,0,0,0
59,BB17_R,59,0.050045781,0.061850995,0.028259058,0.004299137,-0.841783285,-0.87001878,0.87001878,-1.103865862,0.027700808,0.168994188,0.110875398,-0.757146478,59,2023,0.5006046,17 R,583159,2838880,BB17,2023,100,100,100,100,0,0,0
60,BB17_S,60,0.052174971,0.057651009,0.027355846,0.004076918,-0.855047762,-0.867906868,0.867906868,-1.110891581,0.145737275,0.239476219,0.06691388,-0.798962116,60,2023,0.48842365,17 R,583180,2838877,BB17,2023,100,100,100,95.75,4.25,0,0
61,BB18_C,61,0.051846601,0.058303226,0.021410126,0.004554484,-0.838496625,-0.855085909,0.855085909,-0.973766387,0.127206028,0.450568557,0.277022213,-1.205435753,61,2023,0.49038953,17 R,583279,2839615,BB18,2023,100,100,100,100,0,0,0
62,BB18_E,62,0.05084525,0.060032003,0.024345703,0.004776567,-0.828248441,-0.852594554,0.852594554,-1.007946968,0.075968452,0.317077219,0.20197843,-1.23570776,62,2023,0.48856652,17 R,583265,2839619,BB18,2023,100,100,100,91.5,8.5,0,0
63,BB18_L,63,0.052971445,0.059784215,0.023554372,0.004442547,-0.845245183,-0.8616606,0.8616606,-1.023960471,0.121426798,0.387357801,0.224655762,-1.207879543,63,2023,0.49221256,17 R,583276,2839600,BB18,2023,100,100,100,98,2,0,0
64,BB18_R,64,0.046587978,0.055709541,0.020620171,0.004443881,-0.825838983,-0.85224843,0.85224843,-0.968097091,0.069681138,0.376972675,0.262021989,-1.205866098,64,2023,0.48564968,17 R,583284,2839630,BB18,2023,100,100,100,91.25,8.75,0,0
65,BB18_S,65,0.050970104,0.056697063,0.021296645,0.003998823,-0.854506075,-0.868234158,0.868234158,-1.025746346,0.140494838,0.438233048,0.253399611,-1.185234189,65,2023,0.49378014,17 R,583295,2839609,BB18,2023,100,100,100,99,1,0,0
66,BB22_C,66,0.02686337,0.031357285,0.017949618,0.013054093,-0.345945746,-0.412128419,0.412128419,-0.236851886,0.143262774,-0.050560329,-0.200134158,-1.469825268,66,2023,0.75477517,17 R,578175,2846507,BB22,2023,95.5,95.5,65,36.5,28.5,0,30.5
67,BB22_E,67,0.025861973,0.033827379,0.019750111,0.016151261,-0.231134608,-0.353673458,0.353673458,-0.150364041,0.022923922,-0.173351377,-0.201876819,-1.432838082,67,2023,0.8001396,17 R,578178,2846520,BB22,2023,92.4,92.4,83.7,62.5,21.2,0,8.7
68,BB22_L,68,0.025860224,0.028639385,0.015361491,0.010509811,-0.422062069,-0.463089287,0.463089287,-0.281296968,0.203670859,0.049512833,-0.164451212,-1.480811357,68,2023,0.7404109,17 R,578163,2846508,BB22,2023,100,100,100,0,100,0,0
69,BB22_R,69,0.025985181,0.028268386,0.017611431,0.013938411,-0.301745653,-0.33951816,0.33951816,-0.17462939,0.222652107,-0.066923723,-0.288402408,-1.477199912,69,2023,0.72158045,17 R,578177,2846491,BB22,2023,76.2,76.2,66,59,7,0,10.2
70,BB22_S,70,0.025860224,0.028639385,0.015361491,0.010509811,-0.422062069,-0.463089287,0.463089287,-0.281296968,0.203670859,0.049512833,-0.164451212,-1.480811357,70,2023,0.7057778,17 R,578160,2846503,BB22,2023,51.7,51.7,39.7,13.5,0.2,26,12
71,BB23_C,71,0.022599839,0.028765928,0.016752966,0.010962815,-0.346725374,-0.44811669,0.44811669,-0.313367546,0.064119458,-0.16217491,-0.230404422,-1.132783175,71,2023,0.9636619,17 R,575493,2844163,BB23,2023,78.3,78.3,77,0,77,0,1.3
72,BB23_E,72,0.025117146,0.029138291,0.01675348,0.011074074,-0.3880243,-0.449220479,0.449220479,-0.30613935,0.155759081,-0.056594182,-0.217567787,-1.132799029,72,2023,0.7367048,17 R,575481,2844175,BB23,2023,100,100,100,0,100,0,0
73,BB23_L,73,0.023982098,0.027772797,0.016300431,0.009964087,-0.412948042,-0.471917868,0.471917868,-0.361876637,0.161642417,-0.078517027,-0.243318498,-1.139241695,73,2023,0.9140688,17 R,575481,2844151,BB23,2023,100,100,64.3,0,64.3,0,35.7
74,BB23_R,74,0.023734601,0.027775906,0.01709266,0.010520233,-0.385766536,-0.450585186,0.450585186,-0.357030362,0.151147157,-0.130991831,-0.281715989,-1.133431077,74,2023,0.81407857,17 R,575503,2844173,BB23,2023,100,100,99.7,0,99.7,0,0.3
75,BB23_S,75,0.023606,0.027897734,0.016075507,0.010408078,-0.388013512,-0.456579685,0.456579685,-0.320996672,0.140961006,-0.081997298,-0.227555186,-1.133518577,75,2023,0.6950376,17 R,575504,2844151,BB23,2023,100,100,99,0,99,0,1
76,BB24_C,76,0.035656486,0.043112315,0.020422626,0.020155665,-0.277732015,-0.362847865,0.362847865,-0.009868396,0.080671743,0.118101053,0.013490555,-0.519168377,76,2023,0.55838954,17 R,583470,2843232,BB24,2023,43.75,43.75,43.65,15.95,0,27.7,0.1
77,BB24_E,77,0.035407007,0.043606874,0.020873889,0.032330249,-0.045421951,-0.148499504,0.148499504,0.322992533,0.061262779,0.091690913,0.007161919,-0.520868182,77,2023,0.5381793,17 R,583477,2843246,BB24,2023,69.25,69.25,69.25,0,69.25,0,0
78,BB24_L,78,0.04041272,0.050021801,0.019859435,0.014841203,-0.462800026,-0.542383134,0.542383134,-0.216922492,0.044443082,0.268122494,0.184832305,-0.611611068,78,2023,0.53106934,17 R,583456,2843240,BB24,2023,10.75,10.75,10.75,0,10.75,0,0
79,BB24_R,79,0.036281746,0.044963196,0.021210348,0.049914662,0.158161074,0.052187793,-0.052187793,0.605363309,0.052402504,0.101910599,0.024816254,-0.415438563,79,2023,0.5338041,17 R,583482,2843224,BB24,2023,58.75,58.75,58.75,0,58.75,0,0
80,BB24_S,80,0.041536562,0.049650505,0.019745337,0.015615258,-0.45355168,-0.521486998,0.521486998,-0.175198346,0.079964042,0.300663471,0.182057396,-0.53727752,80,2023,0.5327104,17 R,583462,2843218,BB24,2023,48.25,48.25,48.25,27.75,20.5,0,0
81,BB25_C,81,0.038828179,0.051039539,0.027213972,0.006567042,-0.710672557,-0.77200377,0.77200377,-0.91679889,-0.017430214,-0.05136757,-0.050673943,-0.388156474,81,2023,0.7150982,17 R,582492,2843755,BB25,2023,100,100,100,100,0,0,0
82,BB25_E,82,0.038076658,0.048080556,0.025863003,0.006566468,-0.705824018,-0.759677052,0.759677052,-0.892546237,0.027887115,-0.025742317,-0.069080152,-0.396255672,82,2023,0.6336742,17 R,582493,2843742,BB25,2023,100,100,100,13,87,0,0
83,BB25_L,83,0.040203851,0.052887749,0.028789094,0.006567016,-0.719183505,-0.779092014,0.779092014,-0.942782402,-0.021245835,-0.066466436,-0.060759883,-0.379006982,83,2023,0.7643496,17 R,582507,2843752,BB25,2023,100,100,100,100,0,0,0
84,BB25_R,84,0.039453298,0.046971444,0.023612827,0.006567093,-0.714600742,-0.754677892,0.754677892,-0.847205698,0.088749662,0.090523556,-0.018557347,-0.396818936,84,2023,0.66997135,17 R,582476,2843759,BB25,2023,100,100,98.75,91.5,7.25,0,1.25
85,BB25_S,85,0.039829612,0.052149184,0.028902253,0.006567616,-0.716896176,-0.776295125,0.776295125,-0.944518685,-0.015324582,-0.07929872,-0.078006327,-0.378806591,85,2023,0.61876005,17 R,582493,2843761,BB25,2023,100,100,100,82,18,0,0
86,BB26_C,86,0.031804733,0.03890552,0.021875227,0.017680626,-0.285419911,-0.375089943,0.375089943,-0.159063712,0.077863738,-0.057170875,-0.144937754,-0.692212164,86,2023,0.30122748,17 R,584371,2844836,BB26,2023,97.25,97.25,97.25,88.75,8.5,0,0
87,BB26_E,87,0.031678732,0.041372474,0.022099823,0.015799657,-0.334448487,-0.447295159,0.447295159,-0.249350369,0.007123963,-0.070202284,-0.091746882,-0.691567719,87,2023,0.3005204,17 R,584358,2844826,BB26,2023,99.75,99.75,99.75,96.75,3,0,0
88,BB26_L,88,0.02741912,0.03421377,0.019849259,0.021994112,-0.109788567,-0.217401147,0.217401147,0.076888621,0.069055781,-0.119326845,-0.194582537,-0.668336093,88,2023,0.30193457,17 R,584379,2844825,BB26,2023,100,100,100,100,0,0,0
89,BB26_R,89,0.033808436,0.042607062,0.023113444,0.013809001,-0.420002341,-0.510458529,0.510458529,-0.377999485,0.040254202,-0.044920743,-0.098731965,-0.667256474,89,2023,0.3019346,17 R,584360,2844849,BB26,2023,100,100,100,14.75,85.25,0,0
90,BB26_S,90,0.032681901,0.038782712,0.02165073,0.016242838,-0.336007178,-0.40962562,0.40962562,-0.214069009,0.108503692,-0.020813225,-0.139728695,-0.683840334,90,2023,0.30122748,17 R,584384,2844845,BB26,2023,100,100,100,2,98,0,0
91,BB28_C,91,0.036379419,0.058642685,0.034026351,0.008308622,-0.628150105,-0.751801074,0.751801074,-0.911222816,-0.233385161,-0.314699829,-0.093093149,-0.767020524,91,2023,0.51160496,17 R,569617,2808367,BB28,2023,48,48,41.25,41.25,0,0,6.75
92,BB28_CE,92,0.035752084,0.05592569,0.032785941,0.008864058,-0.602652431,-0.726374686,0.726374686,-0.86153239,-0.199258462,-0.299150467,-0.11039865,-0.826860011,92,2023,0.59662396,17 R,569625,2808365,BB28,2023,36.9,36.9,24.9,24.9,0,0,12
93,BB28_CL,93,0.036630977,0.056666695,0.035718367,0.008641952,-0.618228734,-0.73535043,0.73535043,-0.915562034,-0.189268306,-0.350861043,-0.166748777,-0.777032554,93,2023,0.45419574,17 R,569609,2808374,BB28,2023,44.05,44.05,32.8,32.8,0,0,11.25
94,BB28_CR,94,0.037634231,0.058518499,0.034928009,0.009196231,-0.607254326,-0.728383124,0.728383124,-0.87474972,-0.197171971,-0.303990841,-0.116435543,-0.630682468,94,2023,0.501318,17 R,569615,2808360,BB28,2023,50.45,50.45,40.25,40.25,0,0,10.2
95,BB28_CS,95,0.036379419,0.058642685,0.034026351,0.008308622,-0.628150105,-0.751801074,0.751801074,-0.911222816,-0.233385161,-0.314699829,-0.093093149,-0.767020524,95,2023,0.454755,17 R,569615,2808363,BB28,2023,43,43,22.5,22.5,0,0,20.5
96,BB28_E,96,0.033867914,0.051724005,0.030642796,0.008087213,-0.614482701,-0.729575396,0.729575396,-0.873570025,-0.168576121,-0.293318957,-0.133644789,-0.867926121,96,2023,0.48896298,17 R,569631,2808363,BB28,2023,29.5,29.5,24,24,0,0,5.5
97,BB28_L,97,0.031228982,0.047272392,0.025678089,0.007977028,-0.593071163,-0.711235762,0.711235762,-0.788931727,-0.151957601,-0.217631638,-0.080209069,-0.910924852,97,2023,0.63662225,17 R,569622,2808381,BB28,2023,72.7,72.7,59.5,59.5,0,0,13.2
98,BB28_R,98,0.037634231,0.058518499,0.034928009,0.009196231,-0.607254326,-0.728383124,0.728383124,-0.87474972,-0.197171971,-0.303990841,-0.116435543,-0.630682468,98,2023,0.48282537,17 R,569613,2808353,BB28,2023,71.5,71.5,62,62,0,0,9.5
99,BB28_S,99,0.036630977,0.056666695,0.035718367,0.008641952,-0.618228734,-0.73535043,0.73535043,-0.915562034,-0.189268306,-0.350861043,-0.166748777,-0.777032554,99,2023,0.4553104,17 R,569602,2808371,BB28,2023,21.25,21.25,17.75,17.75,0,0,3.5
100,BB29_C,100,0.029851889,0.042618793,0.020859392,0.003763615,-0.776078641,-0.837713718,0.837713718,-1.041451454,-0.084507011,-0.078354359,-0.015193827,-1.159115434,100,2023,0.40175825,17 R,571734,2809374,BB29,2023,94.75,94.75,80,80,0,0,14.75
101,BB29_CE,101,0.032362554,0.045708474,0.022325072,0.003874205,-0.786172628,-0.843727469,0.843727469,-1.056376457,-0.079764314,-0.057842024,-0.000307687,-1.123138309,101,2023,0.39781392,17 R,571733,2809366,BB29,2023,98.25,98.25,66.25,66.25,0,0,32
102,BB29_CL,102,0.035124402,0.050526667,0.024919195,0.004207626,-0.786045849,-0.84625268,0.84625268,-1.066623569,-0.106711909,-0.073468462,0.010708938,-1.137763858,102,2023,0.42620116,17 R,571742,2809375,BB29,2023,76,76,68.75,68.75,0,0,7.25
103,BB29_CR,103,0.030353453,0.039526541,0.019167069,0.005094288,-0.71257472,-0.771663249,0.771663249,-0.870073855,0.013959915,0.01336851,-0.021859564,-1.175468564,103,2023,0.41190088,17 R,571727,2809373,BB29,2023,100,100,70,70,0,0,30
104,BB29_CS,104,0.030731587,0.043360963,0.02029586,0.004429454,-0.74804765,-0.814630032,0.814630032,-0.962560475,-0.074214078,-0.025015289,0.024293909,-1.193971634,104,2023,0.41866252,17 R,571734,2809382,BB29,2023,98.25,98.25,48,48,0,0,50.25
105,BB29_E,105,0.030101929,0.040763125,0.022324685,0.004650308,-0.732373595,-0.795201242,0.795201242,-0.982820153,-0.02781756,-0.130239397,-0.11479944,-1.086171985,105,2023,0.39556006,17 R,571732,2809359,BB29,2023,99.7,99.7,69.25,69.25,0,0,30.45
106,BB29_L,106,0.033368763,0.047933754,0.02424317,0.004318876,-0.770806789,-0.834692478,0.834692478,-1.046369076,-0.100773036,-0.100345209,-0.019654768,-1.122434616,106,2023,0.42733914,17 R,571750,2809376,BB29,2023,66.75,66.75,61.5,61.5,0,0,5.25
107,BB29_R,107,0.030353453,0.039526541,0.019167069,0.005094288,-0.71257472,-0.771663249,0.771663249,-0.870073855,0.013959915,0.01336851,-0.021859564,-1.175468564,107,2023,0.41471827,17 R,571720,2809373,BB29,2023,100,100,86.31,86.31,0,0,13.69
108,BB29_S,108,0.030731587,0.043360963,0.02029586,0.004429454,-0.74804765,-0.814630032,0.814630032,-0.962560475,-0.074214078,-0.025015289,0.024293909,-1.193971634,108,2023,0.4175356,17 R,571734,2809390,BB29,2023,93,93,80.5,80.5,0,0,12.5
109,BB30_C,109,0.035547875,0.048502032,0.025108945,0.006400896,-0.694823205,-0.766828597,0.766828597,-0.89058125,-0.050312847,-0.068213753,-0.036342081,-0.681963742,109,2023,0.5936895,17 R,570135,2810233,BB30,2023,100,100,34.25,34.25,0,0,65.75
110,BB30_CE,110,0.043193609,0.054799728,0.032661479,0.007842941,-0.692653954,-0.74959749,0.74959749,-0.919104815,0.011914328,-0.106692366,-0.127650976,-0.614419699,110,2023,0.8853388,17 R,570140,2810227,BB30,2023,100,100,44,44,0,0,56
111,BB30_CL,111,0.038558513,0.057391241,0.029168086,0.007732334,-0.665923834,-0.762533486,0.762533486,-0.87136209,-0.151784018,-0.119854696,0.010347527,-0.667163312,111,2023,0.5644739,17 R,570141,2810238,BB30,2023,100,100,53.75,53.75,0,0,46.25
112,BB30_CR,112,0.036550105,0.044917107,0.024093205,0.006843968,-0.684566677,-0.73555541,0.73555541,-0.83633548,0.060885631,-0.003776648,-0.079620861,-0.6487391,112,2023,0.56245804,17 R,570129,2810228,BB30,2023,100.3,100.3,59.3,59.3,0,0,41
113,BB30_CS,113,0.035547875,0.048502032,0.025108945,0.006400896,-0.694823205,-0.766828597,0.766828597,-0.89058125,-0.050312847,-0.068213753,-0.036342081,-0.681963742,113,2023,0.7442675,17 R,570130,2810239,BB30,2023,100,100,72.45,72.45,0,0,27.55
114,BB30_E,114,0.043193609,0.054799728,0.032661479,0.007842941,-0.692653954,-0.74959749,0.74959749,-0.919104815,0.011914328,-0.106692366,-0.127650976,-0.614419699,114,2023,0.5394378,17 R,570145,2810223,BB30,2023,9.6,9.6,0,0,0,0,9.6
115,BB30_L,115,0.043570243,0.061954141,0.031986058,0.006956181,-0.724651754,-0.798109174,0.798109174,-0.9641155,-0.112672634,-0.079472773,0.012014476,-0.70381242,115,2023,0.55366266,17 R,570147,2810243,BB30,2023,68.5,68.5,23.25,23.25,0,0,45.25
116,BB30_R,116,0.036550105,0.044917107,0.024093205,0.006843968,-0.684566677,-0.73555541,0.73555541,-0.83633548,0.060885631,-0.003776648,-0.079620861,-0.6487391,116,2023,0.61991394,17 R,570123,2810224,BB30,2023,99.5,99.5,58,58,0,0,41.5
117,BB30_S,117,0.035171248,0.047513437,0.022740573,0.004958755,-0.752865434,-0.810994923,0.810994923,-0.962937713,-0.038599022,0.009025929,0.023457801,-0.737038195,117,2023,0.5758333,17 R,570124,2810244,BB30,2023,100,100,97,97,0,0,3
118,BB31_C,118,0.027132789,0.030479332,0.015094608,0.00415506,-0.734397829,-0.760061622,0.760061622,-0.852446973,0.184083551,0.11309772,-0.087963685,-1.586283803,118,2023,0.38837805,17 R,571069,2813995,BB31,2023,97.19,97.19,97.19,97.19,0,0,0
119,BB31_CE,119,0.025253072,0.031839374,0.014307031,0.0042663,-0.710949123,-0.763677001,0.763677001,-0.810899019,0.064876907,0.08884085,-0.000826131,-1.536393523,119,2023,0.3894277,17 R,571066,2814002,BB31,2023,100,99.75,99.75,99.75,0,0,0
120,BB31_CS,120,0.030640576,0.036037747,0.017908897,0.004154696,-0.761191905,-0.793259859,0.793259859,-0.935083508,0.12373209,0.08301603,-0.059170883,-1.597918749,120,2023,0.3988751,17 R,571073,2813988,BB31,2023,100.75,99.75,99.65,99.65,0,0,0.1
121,BB31_E,121,0.025253072,0.031839374,0.014307031,0.0042663,-0.710949123,-0.763677001,0.763677001,-0.810899019,0.064876907,0.08884085,-0.000826131,-1.536393523,121,2023,0.3894279,17 R,571063,2814009,BB31,2023,99.75,99.75,99.75,99.75,0,0,0
122,BB31_S,122,0.030640576,0.036037747,0.017908897,0.004154696,-0.761191905,-0.793259859,0.793259859,-0.935083508,0.12373209,0.08301603,-0.059170883,-1.597918749,122,2023,0.40044925,17 R,571076,2813981,BB31,2023,100,98.15,98.15,98.15,0,0,0
123,BB33_C,123,0.026753563,0.033959772,0.022454269,0.016483614,-0.237525895,-0.346450925,0.346450925,-0.230006918,0.052575648,-0.253295451,-0.302097112,-0.392502517,123,2023,2.3024526,17 R,566321,2817321,BB33,2023,95.75,95.75,95.75,0,0,95.75,0
124,BB33_E,124,0.022994898,0.032849319,0.021105206,0.01703673,-0.148836508,-0.316974163,0.316974163,-0.160000086,-0.062713094,-0.34972322,-0.285064548,-0.38518101,124,2023,2.3133903,17 R,566320,2817333,BB33,2023,37.75,37.75,36.25,0,0,36.25,1.5
125,BB33_L,125,0.038383037,0.054409642,0.037959073,0.063100748,0.24356316,0.073960319,-0.073960319,0.373170197,-0.098403983,-0.358115852,-0.256765425,-0.284061313,125,2023,2.2823946,17 R,566309,2817319,BB33,2023,2.25,2.25,2.25,0,0,2.25,0
126,BB33_R,126,0.024749361,0.032725696,0.019418085,0.013387104,-0.297936797,-0.419375777,0.419375777,-0.275763392,0.014909123,-0.202284724,-0.22122927,-0.461429507,126,2023,2.2921224,17 R,566336,2817323,BB33,2023,39.5,39.5,39.5,0,0,39.5,0
127,BB33_S,127,0.027879834,0.035193112,0.022566168,0.016151454,-0.266364664,-0.370860219,0.370860219,-0.248519138,0.055068027,-0.216469437,-0.270457119,-0.41176182,127,2023,2.2811673,17 R,566324,2817302,BB33,2023,24.5,24.5,24.5,0,0,24.5,0
128,BB34_C,128,0.026343117,0.03304315,0.019256853,0.005032463,-0.679211497,-0.73565954,0.73565954,-0.878434956,0.066832006,-0.132480606,-0.2048098,-1.050435305,128,2023,0.50118464,17 R,566759,2819517,BB34,2023,98,98,81.75,81.75,0,0,16.25
129,BB34_E,129,0.023839625,0.032920033,0.019144589,0.00481138,-0.664138854,-0.744966924,0.744966924,-0.897472143,-0.028971765,-0.227151588,-0.203798279,-1.0787251,129,2023,0.49305227,17 R,566770,2819512,BB34,2023,100,100,80.75,80.75,0,0,19.25
130,BB34_L,130,0.025592508,0.034646556,0.018470317,0.005806732,-0.630135477,-0.712916672,0.712916672,-0.782441795,-0.013536989,-0.124392822,-0.123586722,-1.057130456,130,2023,0.50213414,17 R,566755,2819529,BB34,2023,93.25,93.25,93.25,93.25,0,0,0
131,BB34_R,131,0.024589995,0.031685825,0.018806759,0.00580608,-0.617971778,-0.69027555,0.69027555,-0.792310834,0.043519016,-0.180366755,-0.227563366,-1.055212736,131,2023,0.4982843,17 R,566764,2819500,BB34,2023,98.75,98.75,72.5,77,0,0,26.25
132,BB34_S,132,0.024715621,0.033536356,0.018919587,0.005917039,-0.61367774,-0.700049222,0.700049222,-0.785284698,-0.013030313,-0.180577219,-0.175656304,-1.032088399,132,2023,0.49246672,17 R,566744,2819512,BB34,2023,97.5,97.5,77,77,0,0,20.5
133,BB35_C,133,0.044327371,0.067848317,0.036559619,0.00559435,-0.775875092,-0.847653925,0.847653925,-1.101863146,-0.194145456,-0.180804744,-0.005550788,-1.109814525,133,2023,2.3164377,17 R,567685,2821956,BB35,2023,12.75,12.75,11.75,10.75,0,1,1
134,BB35_E,134,0.042706568,0.062818728,0.033529077,0.006920628,-0.721095324,-0.801528752,0.801528752,-0.986723483,-0.147745743,-0.141289786,-0.012356422,-1.113032341,134,2023,2.3310215,17 R,567675,2821967,BB35,2023,74.5,74.5,35,33.75,0,1.25,39.5
135,BB35_L,135,0.045573805,0.065886885,0.036223631,0.005594964,-0.78131336,-0.843457758,0.843457758,-1.098626137,-0.134555116,-0.144883454,-0.027394172,-1.109797955,135,2023,2.3268235,17 R,567678,2821942,BB35,2023,88.25,88.25,19.75,19.75,0,0,68.5
136,BB35_R,136,0.043828107,0.062327929,0.032743301,0.006367684,-0.746286154,-0.814611614,0.814611614,-1.011568069,-0.113304518,-0.094329193,-0.000956854,-1.110112548,136,2023,2.3298063,17 R,567695,2821968,BB35,2023,36,36,16.75,15.75,0,1,19.25
137,BB35_S,137,0.045075793,0.0688297,0.035101414,0.005594823,-0.779168963,-0.849651098,0.849651098,-1.087567091,-0.19299899,-0.127952918,0.041838292,-1.109921336,137,2023,2.3524783,17 R,567697,2821946,BB35,2023,37.25,37.25,12.75,12.25,0,0.5,24.5
138,BB42_C,138,0.020626297,0.026118344,0.016653188,0.010421788,-0.328667909,-0.429570287,0.429570287,-0.345230192,0.077606097,-0.248251423,-0.322110832,-1.955039859,138,2023,0.5279937,17 R,573147,2835843,BB42,2023,100,100,100,100,0,0,0
139,BB42_E,139,0.021132676,0.025744449,0.015180113,0.009420332,-0.383345068,-0.464217812,0.464217812,-0.351199836,0.117519379,-0.141835779,-0.261377007,-1.957434058,139,2023,0.5262082,17 R,573141,2835831,BB42,2023,100,100,100,100,0,0,0
140,BB42_L,140,0.023157746,0.026865734,0.017446091,0.011311741,-0.343666434,-0.407412827,0.407412827,-0.319965929,0.162726924,-0.173752949,-0.33164081,-1.958174109,140,2023,0.6125261,17 R,573141,2835828,BB42,2023,81.5,81.5,81,77,0,4,0.5
141,BB42_R,141,0.023157746,0.026865734,0.017446091,0.011311741,-0.343666434,-0.407412827,0.407412827,-0.319965929,0.162726924,-0.173752949,-0.33164081,-1.958174109,141,2023,0.6125261,17 R,573141,2835828,BB42,2023,100,100,100,34,66,0,0
142,BB42_S,142,0.023917262,0.029730728,0.019258808,0.010088053,-0.406677872,-0.493301779,0.493301779,-0.468742937,0.084948756,-0.229177266,-0.310525358,-1.961846709,142,2023,0.55214506,17 R,573153,2835858,BB42,2023,100,100,100,99.2,0,0.8,0
143,BB43_C,143,0.024831129,0.037591677,0.025959184,0.017557012,-0.17160736,-0.363284528,0.363284528,-0.289622247,-0.132343575,-0.456538677,-0.318187416,-0.708177567,143,2023,0.511205,17 R,573793,2838538,BB43,2023,100,100,100,0,0,100,0
144,BB43_E,144,0.02596877,0.04094727,0.030371787,0.091701344,0.558617413,0.382620454,-0.382620454,0.75360018,-0.180407301,-0.551011562,-0.360073179,-0.714564025,144,2023,0.5106193,17 R,573778,2838541,BB43,2023,66.6,66.6,63.6,1.6,0,62,3
145,BB43_L,145,0.025336808,0.041568492,0.028674768,0.016333707,-0.216054469,-0.435817391,0.435817391,-0.411291271,-0.221396834,-0.524641097,-0.298360348,-0.709476113,145,2023,0.5006647,17 R,573790,2838523,BB43,2023,100,100,100,0,0,100,0
146,BB43_R,146,0.021162566,0.034482993,0.022110907,0.036674462,0.268200099,0.030797463,-0.030797463,0.371611714,-0.1984635,-0.474058837,-0.274303317,-0.707379699,146,2023,0.5030069,17 R,573798,2838553,BB43,2023,77.2,75.8,75.8,0.1,0,75.7,0
147,BB43_S,147,0.030643566,0.045046192,0.030145537,0.011884954,-0.441083103,-0.582479715,0.582479715,-0.651690602,-0.118492387,-0.378850251,-0.25860247,-0.812272191,147,2023,0.5159227,17 R,573810,2838536,BB43,2023,97.2,97.2,96.3,96.3,0,0,0.9
148,BB45_C,148,0.027010873,0.040771242,0.023756854,0.00835385,-0.527560294,-0.659894764,0.659894764,-0.719526649,-0.136383578,-0.293749243,-0.165054634,-1.11879313,148,2023,0.60021186,17 R,569666,2830253,BB45,2023,99.25,99.25,95,90.5,0,4.5,4.25
149,BB45_E,149,0.023604397,0.032333363,0.019574931,0.008131238,-0.487564206,-0.598106146,0.598106146,-0.619556606,-0.019358693,-0.256788254,-0.239818215,-1.114133358,149,2023,0.57620347,17 R,569652,2830261,BB45,2023,99.25,99.25,91.75,91.75,0,0,7.5
150,BB45_L,150,0.022344762,0.030844891,0.018558972,0.008576593,-0.445264071,-0.564877212,0.564877212,-0.551805973,-0.023015684,-0.264348418,-0.243699402,-1.106029868,150,2023,0.5441186,17 R,569657,2830241,BB45,2023,100,100,83.75,83.75,0,0,16.25
151,BB45_R,151,0.029656271,0.046718754,0.025789687,0.008686516,-0.54690218,-0.68643719,0.68643719,-0.74412936,-0.190836027,-0.273151785,-0.095508806,-1.129345655,151,2023,0.68283176,17 R,569677,2830261,BB45,2023,99,99,72.75,72.75,0,0,26.25
152,BB45_S,152,0.026129492,0.037175357,0.021158483,0.007687789,-0.545333683,-0.65727818,0.65727818,-0.700473249,-0.069282115,-0.224167585,-0.163395271,-1.126371026,152,2023,0.7877609,17 R,569679,2830244,BB45,2023,99.75,99.75,29.25,29.25,0,0,70.5
153,BB46_C,153,0.019640971,0.027485218,0.015288216,0.009946122,-0.327671558,-0.468567133,0.468567133,-0.317549109,-0.026743084,-0.221333697,-0.201705888,-0.726613581,153,2023,0.5609786,17 R,569568,2831734,BB46,2023,100,100,100,100,0,0,0
154,BB46_E,154,0.02229581,0.028853554,0.016080562,0.011057783,-0.336936027,-0.445882618,0.445882618,-0.277620792,0.047272179,-0.139378384,-0.194122612,-0.718334556,154,2023,0.54053766,17 R,569554,2831740,BB46,2023,24.5,24.5,14.25,1.5,0,12.75,10.25
155,BB46_L,155,0.021413453,0.027735773,0.015402821,0.009724807,-0.375378907,-0.480797857,0.480797857,-0.338950455,0.049802914,-0.14155747,-0.198691338,-0.733545601,155,2023,0.59480417,17 R,569566,2831719,BB46,2023,100,100,100,100,0,0,0
156,BB46_R,156,0.02229581,0.028853554,0.016080562,0.011057783,-0.336936027,-0.445882618,0.445882618,-0.277620792,0.047272179,-0.139378384,-0.194122612,-0.718334556,156,2023,0.54053766,17 R,569554,2831740,BB46,2023,100,100,99,99,0,0,1
157,BB46_S,157,0.023686988,0.0359395,0.020494059,0.009168343,-0.4418962,-0.59349227,0.59349227,-0.572730899,-0.130702302,-0.294001639,-0.171314433,-0.753988087,157,2023,0.6237683,17 R,569583,2831728,BB46,2023,21.5,21.5,21.5,20,0,1.5,0
158,BB47_C,158,0.023249315,0.032322597,0.019583663,0.004402607,-0.681569517,-0.760240555,0.760240555,-0.949359119,-0.034154329,-0.272341222,-0.240513146,-1.940273285,158,2023,0.5910876,17 R,571320,2833679,BB47,2023,93.7,93.7,65.75,20.25,0,45.5,27.95
159,BB47_E,159,0.027297517,0.041030131,0.026604921,0.005961322,-0.641519547,-0.746280551,0.746280551,-0.950843394,-0.132701725,-0.383638442,-0.250601262,-1.936079621,159,2023,0.6409462,17 R,571306,2833668,BB47,2023,5.75,5.75,2.75,2.75,0,0,3
160,BB47_L,160,0.026286339,0.036429662,0.022868743,0.005070901,-0.676572263,-0.755622566,0.755622566,-0.955515563,-0.041290887,-0.287139624,-0.246732056,-1.946468949,160,2023,0.7166373,17 R,571328,2833665,BB47,2023,84,84,74.75,31.5,0,43.25,9.25
161,BB47_R,161,0.025904622,0.03418861,0.021168794,0.005626499,-0.643114567,-0.717368662,0.717368662,-0.870057404,0.013035575,-0.233243033,-0.247544214,-1.927903891,161,2023,0.5557995,17 R,571309,2833688,BB47,2023,31.5,31.5,22,3.75,0,18.25,9.5
162,BB47_S,162,0.024134154,0.031574972,0.018223638,0.004847341,-0.66548717,-0.733825743,0.733825743,-0.869683266,0.028613605,-0.171136618,-0.205509976,-1.939258218,162,2023,0.8083883,17 R,571330,2833688,BB47,2023,51.75,51.75,51.75,23.75,0,28,0
163,BB48_C,163,0.031218888,0.046958156,0.029274581,0.006323201,-0.663140714,-0.762648642,0.762648642,-0.96711278,-0.145037398,-0.33424139,-0.193244532,-0.999883592,163,2023,0.3005204,17 R,570127,2828663,BB48,2023,98,98,68.25,68.25,0,0,29.75
164,BB48_E,164,0.033985902,0.053635508,0.032320611,0.007433578,-0.641058862,-0.756551862,0.756551862,-0.939034343,-0.204510584,-0.337132037,-0.140611812,-1.001135588,164,2023,0.30122748,17 R,570147,2828658,BB48,2023,13.5,13.5,6.75,6.75,0,0,6.75
165,BB48_L,165,0.03310499,0.053387694,0.031079352,0.006767068,-0.660560906,-0.77501142,0.77501142,-0.963589847,-0.225742787,-0.328652442,-0.113465324,-0.999800622,165,2023,0.30122748,17 R,570142,2828669,BB48,2023,59,59,35,35,0,0,24
166,BB48_R,166,0.030339487,0.049308915,0.030516112,0.007655775,-0.597014248,-0.731209815,0.731209815,-0.898318291,-0.226662189,-0.399661779,-0.178100243,-0.999903977,166,2023,0.3019346,17 R,570114,2828656,BB48,2023,99.5,99.5,89.75,89.75,0,0,9.75
167,BB48_S,167,0.031595074,0.047575969,0.02949959,0.008209648,-0.58750385,-0.705671549,0.705671549,-0.846872449,-0.147255167,-0.329056025,-0.186386734,-0.999556243,167,2023,0.30122748,17 R,570122,2828679,BB48,2023,58.5,58.5,21.75,21.75,0,0,36.75
168,BB49_C,168,0.022760415,0.02640735,0.014593437,0.005599638,-0.60510385,-0.650099039,0.650099039,-0.668085456,0.164110661,-0.032667764,-0.203971028,-1.198934317,168,2023,0.3005204,17 R,569329,2825717,BB49,2023,70.4,70.4,44,44,0,0,26.4
169,BB49_E,169,0.019739879,0.025290752,0.014140973,0.006928317,-0.480406046,-0.569924474,0.569924474,-0.513495445,0.068650156,-0.147109106,-0.221617669,-1.20035255,169,2023,0.3005204,17 R,569322,2825731,BB49,2023,87.5,87.5,20,20,0,0,67.5
170,BB49_L,170,0.020748643,0.023929901,0.014142527,0.006486217,-0.523682714,-0.573501289,0.573501289,-0.556721449,0.17855975,-0.097366676,-0.277016878,-1.198942065,170,2023,0.3005204,17 R,569315,2825711,BB49,2023,95,95,50,50,0,0,45
171,BB49_R,171,0.021879222,0.026282532,0.014028836,0.006374657,-0.548758805,-0.609601617,0.609601617,-0.562710941,0.129770786,-0.037149675,-0.176691547,-1.20035255,171,2023,0.3005204,17 R,569345,2825721,BB49,2023,92,92,88,88,0,0,4
172,BB49_S,172,0.020246869,0.025417399,0.015045065,0.005932556,-0.546777189,-0.621526957,0.621526957,-0.651587784,0.088584408,-0.176728502,-0.266910881,-1.190248251,172,2023,0.30122748,17 R,569337,2825703,BB49,2023,98.3,98.3,9.3,9,0.3,0,89
173,BB50_C,173,0.035109773,0.050702672,0.023324091,0.00410629,-0.790581226,-0.850159943,0.850159943,-1.050904155,-0.110905088,-0.015199907,0.067864932,-1.147314906,173,2023,0.3005204,17 R,570953,2826457,BB50,2023,67.15,67.15,31.5,31.5,0,0,35.65
174,BB50_E,174,0.034982111,0.050083973,0.022871811,0.004326961,-0.779849231,-0.840952516,0.840952516,-1.022740126,-0.101213694,-0.001471186,0.07147681,-1.13757062,174,2023,0.3005204,17 R,570958,2826472,BB50,2023,80.3,80.3,42,42,0,0,38.3
175,BB50_L,175,0.034357134,0.047492389,0.020280188,0.003995546,-0.791641891,-0.844796836,0.844796836,-1.006229639,-0.06153705,0.087188691,0.115930624,-1.14402616,175,2023,0.3005204,17 R,570938,2826458,BB50,2023,75,75,54,54,0,0,21
176,BB50_R,176,0.034858994,0.051196415,0.022534933,0.00466065,-0.764135003,-0.833122253,0.833122253,-0.985874236,-0.128598273,0.008166874,0.105485953,-1.147454619,176,2023,0.3005204,17 R,570969,2826453,BB50,2023,86.1,86.1,59.5,59.5,0,0,26.6
177,BB50_S,177,0.035236273,0.052431267,0.023662997,0.003996028,-0.796288908,-0.858365417,0.858365417,-1.066576123,-0.143717989,-0.024400944,0.089683652,-1.152566314,177,2023,0.3005204,17 R,570947,2826442,BB50,2023,62.6,62.6,52.5,52.5,0,0,10.1
178,BB51_C,178,0.044535037,0.069382183,0.027993673,0.003939542,-0.837459445,-0.892540932,0.892540932,-1.129895449,-0.213750869,0.060702723,0.233433738,-1.216705561,178,2023,0.3005204,17 R,571474,2827395,BB51,2023,77,77,15,14.5,0,0.5,62
179,BB51_S,179,0.044535037,0.069382183,0.027993673,0.003939542,-0.837459445,-0.892540932,0.892540932,-1.129895449,-0.213750869,0.060702723,0.233433738,-1.216705561,179,2023,0.3005204,17 R,571474,2827394,BB51,2023,58.95,58.95,9.75,9.5,0,0.25,49.2
180,BB53_C,180,0.041167036,0.059107296,0.027879832,0.004343997,-0.809101343,-0.86307615,0.86307615,-1.095579028,-0.118321151,-0.014320648,0.076464631,-1.243944526,180,2023,2.343111,17 R,568758,2822440,BB53,2023,63.75,63.75,47.75,47.75,0,0,16
181,BB53_E,181,0.041417629,0.061318804,0.029902453,0.005229357,-0.775790155,-0.842839897,0.842839897,-1.053451061,-0.152145505,-0.070383802,0.05636543,-1.230902433,181,2023,2.3990517,17 R,568763,2822423,BB53,2023,28.5,28.5,21.5,20.75,0,0.75,7
182,BB53_L,182,0.036547977,0.050501108,0.024732918,0.005006975,-0.759019077,-0.819594741,0.819594741,-0.994923353,-0.066432655,-0.027082285,0.016291531,-1.252122879,182,2023,2.4466228,17 R,568773,2822444,BB53,2023,60.5,60.5,58.5,58.5,0,0,2
183,BB53_R,183,0.038671415,0.058984421,0.027542839,0.005007736,-0.770703614,-0.843489051,0.843489051,-1.038465619,-0.178598195,-0.066069372,0.08425165,-1.24678731,183,2023,2.3614073,17 R,568744,2822438,BB53,2023,52.75,52.75,31.25,31.25,0,0,21.5
184,BB53_S,184,0.036796521,0.052468441,0.026417922,0.00401105,-0.803416371,-0.857964396,0.857964396,-1.104549527,-0.101160474,-0.078773484,0.001027496,-1.266458869,184,2023,2.4941943,17 R,568758,2822455,BB53,2023,59.75,59.75,30.5,30.5,0,0,29.25
185,BB54_C,185,0.024961334,0.033532977,0.017905077,0.007241744,-0.550245225,-0.644792438,0.644792438,-0.63606447,-0.003028384,-0.121791877,-0.131035343,-0.848147035,185,2023,2.4631114,17 R,566654,2819439,BB54,2023,100,100,100,100,0,0,0
186,BB54_E,186,0.024836719,0.029462334,0.018017989,0.00657873,-0.581178665,-0.634931445,0.634931445,-0.697608829,0.132520363,-0.132373482,-0.265553087,-0.817830563,186,2023,2.4449015,17 R,566642,2819451,BB54,2023,88.5,88.5,88.5,87.5,0,1,0
187,BB54_L,187,0.02320756,0.030201808,0.01824197,0.00746262,-0.513363183,-0.603731155,0.603731155,-0.629032612,0.03775293,-0.211178482,-0.250788838,-0.831113577,187,2023,2.4502459,17 R,566640,2819429,BB54,2023,100,100,100,99,0,1,0
188,BB54_R,188,0.02471149,0.032423344,0.018579889,0.005693972,-0.625463843,-0.701239586,0.701239586,-0.796283484,0.023458429,-0.164671361,-0.194705948,-0.874303877,188,2023,2.4853725,17 R,566666,2819449,BB54,2023,97.25,97.25,97.25,95.75,0,1.5,0
189,BB54_S,189,0.025837444,0.031189112,0.018354515,0.006025242,-0.621799469,-0.676187217,0.676187217,-0.758576453,0.11016418,-0.109288208,-0.223612458,-0.88422507,189,2023,2.4501224,17 R,566663,2819427,BB54,2023,100,100,100,90.25,0,9.75,0
190,BB55_C,190,0.027213078,0.034026418,0.02610941,0.022386083,-0.097320087,-0.206343174,0.206343174,-0.115165144,0.067476362,-0.370058149,-0.422515184,-0.303294599,190,2023,2.3344147,17 R,566317,2819563,BB55,2023,51,51,27.25,26.25,0,1,23.75
191,BB55_E,191,0.030090436,0.038217958,0.028917503,0.017855639,-0.255178303,-0.363135606,0.363135606,-0.354750514,0.041821044,-0.360169917,-0.389237374,-0.305072606,191,2023,2.325139,17 R,566321,2819574,BB55,2023,14.25,14.25,14.25,10.5,0,3.75,0
192,BB55_L,192,0.027087951,0.037847809,0.026670899,0.016308,-0.248409137,-0.397737741,0.397737741,-0.361673951,-0.052727409,-0.393542498,-0.333344698,-0.30456686,192,2023,2.3387542,17 R,566331,2819560,BB55,2023,39.25,39.25,19.75,19.25,0,0.5,19.5
193,BB55_R,193,0.026962649,0.036985077,0.024761355,0.11632961,0.623669147,0.517527282,-0.517527282,0.973502338,-0.032321002,-0.332275003,-0.296121687,-0.278847903,193,2023,2.340602,17 R,566301,2819562,BB55,2023,6.5,6.5,6.5,5.75,0,0.75,0
194,BB55_S,194,0.025209807,0.034272444,0.025771912,0.017633969,-0.176824704,-0.320547581,0.320547581,-0.281227201,-0.016812606,-0.434980631,-0.404753357,-0.307709992,194,2023,2.3356607,17 R,566314,2819544,BB55,2023,0,0,0,NA,NA,NA,0
195,BB56_E,195,0.049206156,0.060630891,0.024033412,0.003728762,-0.859118998,-0.884127378,0.884127378,-1.097067356,0.032419521,0.29576239,0.222381234,-1.463477612,195,2023,0.72506654,17 R,582789,2833635,BB56,2023,96.25,96.25,96.25,96.25,0,0,0
196,BB56_L,196,0.049080495,0.05951542,0.026071979,0.003394466,-0.870625317,-0.892084837,0.892084837,-1.154407024,0.050029501,0.220978647,0.137747198,-1.385712385,196,2023,0.71147,17 R,582811,2833639,BB56,2023,100,100,99,99,0,0,1
197,BB56_R,197,0.045178268,0.058646753,0.021766683,0.003728,-0.847545087,-0.880464435,0.880464435,-1.061320305,-0.016847525,0.298243046,0.269494712,-1.7673136,197,2023,0.69185483,17 R,582783,2833653,BB56,2023,99.25,99.25,99.25,99.25,0,0,0
198,BB56_S,198,0.049330607,0.060258184,0.024258895,0.003171073,-0.879201055,-0.900012255,0.900012255,-1.153181553,0.041642252,0.290004075,0.20863755,-1.742836595,198,2023,0.6984113,17 R,582807,2833659,BB56,2023,100,100,100,100,0,0,0
199,BB57_C,199,0.048622776,0.060784195,0.031421408,0.00397566,-0.848829746,-0.877218366,0.877218366,-1.163051724,0.017750252,0.046045262,0.007402269,-1.324109316,199,2023,0.58324164,17 R,582842,2832984,BB57,2023,100,100,100,100,0,0,0
200,BB57_E,200,0.053899143,0.067345932,0.030063022,0.004309325,-0.851934791,-0.879720628,0.879720628,-1.123884439,0.00943843,0.188273236,0.14577575,-1.378148794,200,2023,0.57395554,17 R,582836,2833000,BB57,2023,100,100,100,100,0,0,0
201,BB57_L,201,0.056410108,0.070315413,0.032666199,0.00353052,-0.882199466,-0.904381454,0.904381454,-1.207388997,0.008110585,0.160135269,0.121537559,-1.36377871,201,2023,0.5798112,17 R,582826,2832983,BB57,2023,100,100,100,100,0,0,0
202,BB57_R,202,0.050885305,0.064251922,0.033231743,0.004198225,-0.84756881,-0.877334833,0.877334833,-1.16351366,0.002976088,0.041833788,0.017429944,-1.32103765,202,2023,0.5843983,17 R,582856,2832988,BB57,2023,100,100,100,100,0,0,0
203,BB57_S,203,0.054152284,0.064747997,0.033458922,0.005089607,-0.828175426,-0.85424453,0.85424453,-1.103906512,0.056849089,0.098015778,0.019592702,-1.302860498,203,2023,0.5633342,17 R,582843,2832970,BB57,2023,100,100,100,100,0,0,0
204,BB58_C,204,0.053071171,0.061808653,0.028625173,0.004560242,-0.841744602,-0.862578928,0.862578928,-1.087748885,0.08714021,0.216270253,0.099745221,-1.727051377,204,2023,0.73204994,17 R,582885,2832237,BB58,2023,100,100,96.75,96.75,0,0,3.25
205,BB58_E,205,0.054326959,0.070345961,0.035073191,0.003781511,-0.869846463,-0.897972763,0.897972763,-1.208026767,-0.029988904,0.059435885,0.064281009,-1.588321924,205,2023,0.66425276,17 R,582898,2832227,BB58,2023,98.75,98.75,97.5,97.5,0,0,1.25
206,BB58_L,206,0.052317273,0.068243027,0.020474296,0.003669456,-0.868916929,-0.897946596,0.897946596,-1.044048905,-0.03472105,0.499254942,0.470706731,-2.945292473,206,2023,0.6154617,17 R,582892,2832249,BB58,2023,100,100,100,100,0,0,0
207,BB58_R,207,0.054201387,0.070222288,0.033490058,0.004115542,-0.858856022,-0.889274657,0.889274657,-1.171681166,-0.030391969,0.098096974,0.10000094,-1.422224164,207,2023,0.57994294,17 R,582877,2832222,BB58,2023,98.75,98.75,96.25,96.25,0,0,2.5
208,BB58_S,208,0.048297346,0.062427249,0.024663638,0.003335733,-0.870790839,-0.898552895,0.898552895,-1.142592072,-0.017932504,0.254156888,0.23057425,-2.302830219,208,2023,0.76598203,17 R,582874,2832245,BB58,2023,99.75,99.75,99,99,0,0,0.75
209,BB59_C,209,0.047190085,0.061490543,0.02666506,0.003277351,-0.870120168,-0.898797035,0.898797035,-1.171634555,-0.024705829,0.161746547,0.15214327,-1.281794429,209,2023,0.6216247,17 R,581371,2828255,BB59,2023,89.5,89.5,86.25,86.25,0,0,3.25
210,BB59_E,210,0.054081373,0.066430412,0.029940462,0.00294433,-0.896736741,-0.915118098,0.915118098,-1.231395841,0.027679075,0.19527249,0.135403082,-1.242334247,210,2023,0.65429634,17 R,581385,2828249,BB59,2023,97,97,95.5,95.5,0,0,1.5
211,BB59_L,211,0.048192404,0.057288304,0.025648007,0.003832507,-0.852666438,-0.874592364,0.874592364,-1.109995842,0.07319019,0.217263088,0.112912141,-1.306488991,211,2023,0.64869684,17 R,581379,2828268,BB59,2023,85,85,77.25,77.25,0,0,7.75
212,BB59_R,212,0.048820458,0.061243873,0.02711734,0.003944445,-0.850489855,-0.87898308,0.87898308,-1.11903882,0.013625298,0.180791289,0.134475708,-1.301165462,212,2023,0.5465722,17 R,581363,2828242,BB59,2023,86,86,83.75,83.75,0,0,2.25
213,BB59_S,213,0.04380203,0.05568086,0.023727586,0.003388225,-0.856401503,-0.885279238,0.885279238,-1.125138402,0.008578072,0.190785035,0.147605136,-1.370150089,213,2023,0.51190126,17 R,581357,2828265,BB59,2023,84.25,84.25,71.25,71.25,0,0,13
214,BB60_E,214,0.04732731,0.060467355,0.030224219,0.004904707,-0.812195361,-0.84994483,0.84994483,-1.081139445,-0.003578405,0.053502094,0.033697546,-1.290680647,214,2023,0.7930504,17 R,583748,2831771,BB60,2023,100,100,97.5,97.5,0,0,2.5
215,BB60_L,215,0.047075212,0.061333638,0.030563088,0.005126806,-0.803578258,-0.845718563,0.845718563,-1.069054008,-0.024368232,0.038270146,0.038875133,-1.264822602,215,2023,0.5729985,17 R,583758,2831789,BB60,2023,100,100,100,100,0,0,0
216,BB60_R,216,0.050845221,0.0659132,0.03226034,0.004348474,-0.842428565,-0.876220584,0.876220584,-1.143653512,-0.025535759,0.067364186,0.067030214,-1.253036737,216,2023,0.50401706,17 R,583728,2831780,BB60,2023,100,100,100,100,0,0,0
217,BB60_S,217,0.045942213,0.06058982,0.028865321,0.004458464,-0.823079169,-0.862918317,0.862918317,-1.098623276,-0.035478905,0.064609349,0.073049597,-1.283306837,217,2023,0.5153957,17 R,583740,2831803,BB60,2023,100,100,100,100,0,0,0
218,BB61_C,218,0.042573821,0.053337198,0.025633201,0.003291756,-0.85646069,-0.883742988,0.883742988,-1.158590078,0.026840443,0.093813471,0.041918207,-1.438371897,218,2023,0.5320422,17 R,584087,2833143,BB61,2023,100,100,100,100,0,0,0
219,BB61_E,219,0.044713911,0.053584866,0.025859307,0.004404902,-0.820642948,-0.848080039,0.848080039,-1.063355327,0.070854209,0.135067672,0.039424632,-1.449516654,219,2023,0.55202526,17 R,584076,2833155,BB61,2023,100,100,100,100,0,0,0
220,BB61_L,220,0.042952418,0.053089552,0.024501169,0.004405657,-0.81394273,-0.846746981,0.846746981,-1.042773366,0.04074819,0.142736465,0.073915541,-1.450646043,220,2023,0.5387427,17 R,584077,2833132,BB61,2023,100,100,99.5,99.5,0,0,0.5
221,BB61_R,221,0.043958493,0.05246808,0.02438684,0.003848028,-0.839016616,-0.863341808,0.863341808,-1.091140866,0.076689526,0.170038626,0.065935694,-1.448768616,221,2023,0.5745057,17 R,584096,2833156,BB61,2023,99.5,99.5,98,98,0,0,1.5
222,BB61_S,222,0.043959972,0.050979741,0.023254998,0.003737364,-0.843288362,-0.863393188,0.863393188,-1.084619761,0.107976191,0.212231889,0.075721949,-1.449434638,222,2023,0.6204797,17 R,584100,2833135,BB61,2023,100,100,100,100,0,0,0
223,BB62_C,223,0.053811725,0.067932792,0.035177317,0.004867819,-0.834088027,-0.866269827,0.866269827,-1.135325074,-0.00160776,0.047276862,0.026969044,-1.182276011,223,2023,2.287878,17 R,574671,2807476,BB62,2023,77.5,77.5,76.5,76.5,0,0,1
224,BB62_E,224,0.058302902,0.076790586,0.039231118,0.0055328,-0.82665503,-0.865583777,0.865583777,-1.129201412,-0.054557532,0.030679051,0.061028518,-1.152676105,224,2023,2.2842324,17 R,574687,2807464,BB62,2023,71.5,71.5,68,68,0,0,3.5
225,BB62_L,225,0.054934092,0.066331252,0.034613397,0.005976466,-0.803762555,-0.834693551,0.834693551,-1.058278918,0.044945743,0.082256228,0.016224887,-1.241844654,225,2023,2.2836242,17 R,574662,2807464,BB62,2023,73,73,68.5,68.5,0,0,4.5
226,BB62_R,226,0.056059442,0.07039544,0.038106296,0.003980993,-0.867389619,-0.892950118,0.892950118,-1.216233134,0.000639481,0.017247071,-0.00231942,-1.142505884,226,2023,2.28727,17 R,574682,2807486,BB62,2023,47.5,47.5,39.5,39.5,0,0,8
227,BB62_S,227,0.057181895,0.071379736,0.035966385,0.00531211,-0.829996169,-0.861468732,0.861468732,-1.113931417,0.005383763,0.088343315,0.058463596,-1.245983005,227,2023,2.2830164,17 R,574660,2807485,BB62,2023,64.25,64.25,60.5,60.5,0,0,3.75
228,BB63_E,228,0.055546459,0.071324885,0.036488291,0.004934611,-0.836821318,-0.870583713,0.870583713,-1.142617226,-0.022798903,0.04654517,0.046004597,-1.638231158,228,2023,2.3084385,17 R,575229,2808572,BB63,2023,89,89,49.25,49.25,0,0,39.75
229,BB63_L,229,0.053428624,0.066529512,0.034238581,0.007485267,-0.754234493,-0.79773587,0.79773587,-0.961799383,0.013916929,0.064127542,0.028044179,-1.596328259,229,2023,2.2954464,17 R,575239,2808598,BB63,2023,98,98,63.5,63.5,0,0,34.5
230,BB63_R,230,0.055546459,0.071324885,0.036488291,0.004934611,-0.836821318,-0.870583713,0.870583713,-1.142617226,-0.022798903,0.04654517,0.046004597,-1.638231158,230,2023,2.3146265,17 R,575220,2808576,BB63,2023,92.25,92.25,51.25,51.25,0,0,41
231,BB63_S,231,0.055298809,0.070957102,0.033788234,0.005157495,-0.829381049,-0.864480793,0.864480793,-1.102716804,-0.021652631,0.110278308,0.103217982,-1.603912354,231,2023,2.3492744,17 R,575217,2808599,BB63,2023,89.75,89.75,45.5,45.5,0,0,44.25
232,BB64_C,232,0.081935897,0.10249573,0.057647206,0.008170416,-0.818649411,-0.852341175,0.852341175,-1.127588391,-0.027858447,0.029532997,0.037464153,-0.956436098,232,2023,2.410519,17 R,576862,2808915,BB64,2023,91.75,91.75,90.75,90.75,0,0,1
233,BB64_E,233,0.089232005,0.112878792,0.060566083,0.008059303,-0.834326327,-0.8667202,0.8667202,-1.147682667,-0.047352996,0.071017288,0.093877524,-0.880148172,233,2023,2.3938138,17 R,576870,2808905,BB64,2023,65,65,65,65,0,0,0
234,BB64_L,234,0.069414236,0.09086968,0.051020462,0.008503187,-0.78173852,-0.828863025,0.828863025,-1.071438193,-0.06294848,-0.027980246,0.016159458,-0.966500461,234,2023,2.404941,17 R,576876,2808924,BB64,2023,100,100,100,100,0,0,0
235,BB64_R,235,0.092689283,0.118977644,0.0618007,0.008280886,-0.83597362,-0.869857252,0.869857252,-1.145518064,-0.066489168,0.091128379,0.130123779,-0.971208334,235,2023,2.3932,17 R,576847,2808908,BB64,2023,69,69,61,61,0,0,8
236,BB64_S,236,0.072889805,0.091604657,0.050458834,0.009168333,-0.776540518,-0.818039894,0.818039894,-1.038717031,-0.022840621,0.030696161,0.033197057,-1.095826268,236,2023,2.4030898,17 R,576850,2808931,BB64,2023,100,100,100,100,0,0,0
237,BB65_C,237,0.04505017,0.056256514,0.031143637,0.015616299,-0.485175282,-0.565446317,0.565446317,-0.498097509,0.025504183,-0.022392772,-0.062800452,-0.535285294,237,2023,2.3480155,17 R,577836,2809642,BB65,2023,41.25,41.25,38.75,36.25,0,2.5,2.5
238,BB65_E,238,0.040550053,0.05527072,0.033393878,0.028791215,-0.169579208,-0.314999938,0.314999938,-0.111023307,-0.060535636,-0.18952103,-0.137087777,-0.328801721,238,2023,2.3528976,17 R,577848,2809633,BB65,2023,95.1,95.1,95,4.5,90.5,0,0.1
239,BB65_L,239,0.045425586,0.061674517,0.034407146,0.017831469,-0.436221987,-0.551443338,0.551443338,-0.475960463,-0.066058628,-0.102500431,-0.051715817,-0.490813434,239,2023,2.3535051,17 R,577847,2809655,BB65,2023,64.75,64.75,64.25,64.25,0,0,0.5
240,BB65_R,240,0.037921887,0.04799661,0.028554156,0.015394206,-0.422530591,-0.514307976,0.514307976,-0.449161798,0.025711954,-0.117631525,-0.151152104,-0.541173577,240,2023,2.3651862,17 R,577826,2809628,BB65,2023,83.25,83.25,76.75,71.5,0,5.25,6.5
241,BB65_S,241,0.044300899,0.061551247,0.034744568,0.013290718,-0.538449585,-0.644832492,0.644832492,-0.669940293,-0.088956296,-0.136228457,-0.061635431,-0.639224291,241,2023,2.401865,17 R,577825,2809653,BB65,2023,91.75,91.75,87.75,87.75,0,0,4
242,BB67_C,242,0.039949145,0.053028565,0.027295969,0.011147914,-0.563657284,-0.652585685,0.652585685,-0.630063355,-0.030489165,-0.025575507,-0.014885095,-0.522587657,242,2023,2.3717053,17 R,579300,2812569,BB67,2023,56.25,56.25,54.75,24.5,22.5,7.75,1.5
243,BB67_E,243,0.03419742,0.043047283,0.024258545,0.023430374,-0.186837733,-0.295090258,0.295090258,-0.026049171,0.040530369,-0.076377638,-0.127690017,-0.242972136,243,2023,2.4071786,17 R,579291,2812553,BB67,2023,93.5,93.5,90.75,10.25,80.25,0.25,2.75
244,BB67_L,244,0.041198313,0.054875057,0.029770067,0.012697367,-0.528816879,-0.624184966,0.624184966,-0.60302794,-0.036872782,-0.071756817,-0.051061735,-0.502939641,244,2023,2.3439953,17 R,579313,2812561,BB67,2023,84,84,83,27.25,52.5,3.25,1
245,BB67_R,245,0.049183797,0.063607633,0.034379881,0.012697797,-0.589609861,-0.667184949,0.667184949,-0.690839648,-0.020088419,-0.022308439,-0.020209886,-0.63403666,245,2023,2.4440086,17 R,579286,2812574,BB67,2023,94,94,94,2.25,0,91.75,0
246,BB67_S,246,0.051676162,0.071099982,0.033705555,0.009709361,-0.683659554,-0.75969708,0.75969708,-0.829076588,-0.091592103,0.044696968,0.107217595,-0.672767699,246,2023,2.4614868,17 R,579309,2812581,BB67,2023,26,26,24.5,15.25,5.5,3.75,1.5
247,TPBB00_1,1,0.040612794,0.050608721,0.013521201,0.012603864,-0.526318848,-0.601222932,0.601222932,-0.052669931,0.036712848,0.614092171,0.508434594,-2.397322416,1,2024,0.57035035,17 R,583820,2847443,TPBB00,2024,100,100,0,0,0,0,100
248,TPBB00_2,2,0.042854067,0.053966157,0.017534478,0.01018125,-0.616057754,-0.68256706,0.68256706,-0.397963256,0.020669492,0.437235236,0.361764073,-2.414844751,2,2024,0.5669318,17 R,583803,2847446,TPBB00,2024,70.5,70.5,30.25,0,0,30.25,40.25
249,TPBB00_3,3,0.042062137,0.055128887,0.016235039,0.011333759,-0.575482011,-0.658943474,0.658943474,-0.266675383,-0.021134185,0.486889333,0.445560127,-2.428730965,3,2024,0.5304287,17 R,583817,2847427,TPBB00,2024,44.25,44.25,23.75,0,0,23.75,20.5
250,TPBB00_4,4,0.040879317,0.048282396,0.014467217,0.014103148,-0.486994684,-0.547871292,0.547871292,-0.019114329,0.094360247,0.560639858,0.406502455,-2.39172554,4,2024,0.692366,17 R,583832,2847441,TPBB00,2024,100,100,0,0,0,0,100
251,TPBB00_5,5,0.042331111,0.054227993,0.01552996,0.012143297,-0.554165065,-0.634079814,0.634079814,-0.183570549,0.003134604,0.532652855,0.465112418,-2.382967234,5,2024,0.64152306,17 R,583821,2847458,TPBB00,2024,33.4,33.4,5.75,0,0,5.75,27.65
252,TPBB02_1,6,0.058334883,0.069459662,0.025037259,0.005549625,-0.826260686,-0.85202831,0.85202831,-0.955685794,0.054961044,0.429642498,0.325118393,-2.851350307,6,2024,0.8432953,17 R,582569,2848448,TPBB02,2024,55.25,55.25,9.25,2,0,7.25,46
253,TPBB02_2,7,0.060840398,0.070752971,0.023981716,0.006246055,-0.813790858,-0.837762773,0.837762773,-0.880101025,0.0769789,0.509907961,0.378518552,-2.891832352,7,2024,0.668227,17 R,582592,2848461,TPBB02,2024,36.95,36.95,5.6,0.1,0,5.5,31.35
254,TPBB02_3,8,0.052427132,0.063412309,0.020443317,0.006015614,-0.794136524,-0.826709092,0.826709092,-0.817930043,0.047111731,0.502695918,0.398518175,-2.996627331,8,2024,0.722919,17 R,582601,2848447,TPBB02,2024,28.8,28.8,0.2,0,0.2,0,28.6
255,TPBB02_4,9,0.05479179,0.066244744,0.022211036,0.006937014,-0.775242209,-0.810416818,0.810416818,-0.786022782,0.043769311,0.473239392,0.374920249,-2.907799244,9,2024,0.770631,17 R,582585,2848446,TPBB02,2024,74.25,67,15.1,0,0,15.1,51.9
256,TPBB02_5,10,0.054133166,0.063151248,0.020558536,0.007051709,-0.76949501,-0.799105108,0.799105108,-0.733794332,0.083614916,0.529732883,0.389832288,-2.897648573,10,2024,0.8160568,17 R,582587,2848435,TPBB02,2024,13.5,13.5,3,2,0,1,10.5
257,TPBB03_1,11,0.036424927,0.041956108,0.018942621,0.007632722,-0.653512061,-0.692159593,0.692159593,-0.638367951,0.131518066,0.206161305,0.047350332,-1.844924808,11,2024,0.65229106,17 R,581242,2848283,TPBB03,2024,51.95,49.95,25,0,25,0,24.95
258,TPBB03_2,12,0.036959831,0.041829314,0.018590232,0.007518938,-0.661908925,-0.69527036,0.69527036,-0.636057794,0.149383456,0.237398267,0.059561189,-1.832670569,12,2024,0.6338198,17 R,581257,2848282,TPBB03,2024,69.5,65.5,64.5,1.5,63,0,1
259,TPBB03_3,13,0.036835805,0.043522894,0.019068288,0.006944752,-0.682747185,-0.724784017,0.724784017,-0.699084163,0.102916934,0.211512387,0.078647971,-1.812278986,13,2024,0.6845375,17 R,581274,2848282,TPBB03,2024,75.35,75.35,75.35,1.6,73.75,0,0
260,TPBB03_4,14,0.036829412,0.04351848,0.018828118,0.007173271,-0.673962116,-0.716984689,0.716984689,-0.672359049,0.102853544,0.222583413,0.088831827,-1.809435368,14,2024,0.8286909,17 R,581259,2848266,TPBB03,2024,89.6,89.6,89.1,5,84.1,0,0.5
261,TPBB03_5,15,0.036560781,0.043775626,0.018589571,0.007634,-0.654529333,-0.703012824,0.703012824,-0.626663566,0.08913441,0.226574287,0.105069831,-1.846183181,15,2024,0.63982284,17 R,581254,2848294,TPBB03,2024,72,66,66,2,0,64,0
262,TPBB104_1,16,0.020020409,0.029423287,0.006797221,0.004067464,-0.662281156,-0.757099271,0.757099271,-0.376875639,-0.081610315,0.516881049,0.524166882,-3.038654327,16,2023,0.58828306,17 R,575143,2838973,TPBB104,2024,66,66,26.25,5.75,0,20.5,39.75
263,TPBB104_2,17,0.020565711,0.026260709,0.006799828,0.00418588,-0.661768854,-0.725034595,0.725034595,-0.356911272,0.068760663,0.543413818,0.410143107,-3.064935923,17,2023,0.6052813,17 R,575155,2838990,TPBB104,2024,79.5,79.5,24,2,0,22,55.5
264,TPBB104_3,18,0.02110591,0.029030332,0.007278554,0.003718928,-0.700386524,-0.772884727,0.772884727,-0.485514611,-0.014207184,0.508985937,0.455203712,-3.050449371,18,2023,0.6358719,17 R,575157,2838974,TPBB104,2024,71.25,71.25,17.25,16.75,0,0.5,54
265,TPBB104_4,19,0.018949825,0.027189119,0.007402556,0.004538236,-0.613570869,-0.713922858,0.713922858,-0.359815389,-0.050802536,0.386241108,0.375971377,-3.074645519,19,2023,0.625758,17 R,575172,2838973,TPBB104,2024,66.5,66.5,39,38.5,0,0.5,27.5
266,TPBB104_5,20,0.018674821,0.029428085,0.006920758,0.003836616,-0.659140706,-0.769328058,0.769328058,-0.430050373,-0.151363462,0.431326449,0.509714544,-3.050372124,20,2023,0.69490355,17 R,575162,2838961,TPBB104,2024,54.25,54.25,12,9.5,0,2.5,42.25
267,TPBB111_1,21,0.026102019,0.032497503,0.008345061,0.004364178,-0.713506877,-0.763213277,0.763213277,-0.469841212,0.075721599,0.600141287,0.457070112,-3.963143587,21,2023,1.0781184,17 R,576294,2836305,TPBB111,2024,78.25,78.25,40,33.5,6.5,0,38.25
268,TPBB111_2,22,0.026095202,0.031570539,0.007503032,0.004478359,-0.707043707,-0.751539767,0.751539767,-0.378671438,0.106889576,0.694237649,0.514439046,-3.967386007,22,2023,0.6328151,17 R,576271,2836318,TPBB111,2024,79.75,79.75,75.75,71.25,4.5,0,4
269,TPBB111_3,23,0.027853878,0.034076817,0.007146811,0.004247257,-0.735382736,-0.778350413,0.778350413,-0.381718785,0.089143455,0.802609384,0.630301714,-3.991552114,23,2023,0.62518567,17 R,576282,2836336,TPBB111,2024,79.5,79.5,42.5,42.5,0,0,37
270,TPBB111_4,24,0.026103169,0.031971462,0.008106532,0.004481525,-0.706943274,-0.75412029,0.75412029,-0.431957901,0.09348955,0.625911891,0.464282364,-3.98496294,24,2023,0.63749045,17 R,576299,2836329,TPBB111,2024,98.25,98.25,77.75,73.5,0,4.25,20.5
271,TPBB111_5,25,0.02772267,0.03434274,0.007987265,0.004598503,-0.715449512,-0.763823509,0.763823509,-0.403880209,0.075979471,0.699254513,0.54785639,-3.990307808,25,2023,0.68542504,17 R,576297,2836331,TPBB111,2024,72.25,72.25,30.25,29.25,0,1,42
272,TPBB112_1,26,0.029623715,0.037145339,0.007651359,0.005345279,-0.694284618,-0.74840188,0.74840188,-0.266154975,0.057105817,0.803694844,0.661167979,-3.917419672,26,2023,0.71223855,17 R,576178,2835243,TPBB112,2024,84,84,73,71.5,0,1.5,11
273,TPBB12_1,27,0.065623619,0.064548671,0.013002452,0.010473308,-0.724737704,-0.720793605,0.720793605,-0.16160138,0.252333164,1.128650069,0.783474863,-3.823283434,27,2024,0.5482583,17 R,585640,2851478,TPBB12,2024,47.15,41.15,1,0,0,1,40.15
274,TPBB130_1,28,0.037925124,0.045217734,0.011023968,0.005233575,-0.757472992,-0.792529643,0.792529643,-0.534249783,0.090570711,0.726763487,0.561487377,-3.885278225,28,2023,0.6335266,17 R,576617,2834383,TPBB130,2024,63,63,60.25,58.5,0,1.75,2.75
275,TPBB130_2,29,0.038336176,0.044696666,0.01054903,0.006520092,-0.70928961,-0.745392263,0.745392263,-0.354054958,0.113938749,0.77661103,0.585631371,-3.890050173,29,2023,0.69141304,17 R,576630,2834397,TPBB130,2024,72,72,66.25,65.75,0,0.5,5.75
276,TPBB130_3,30,0.037127044,0.045750216,0.009831157,0.004770382,-0.772282779,-0.811150968,0.811150968,-0.519887745,0.056587964,0.807085335,0.666117728,-3.886607409,30,2023,0.57444257,17 R,576647,2834386,TPBB130,2024,58.5,58.5,46.25,44.75,0,1.5,12.25
277,TPBB130_4,31,0.037127044,0.045750216,0.009831157,0.004770382,-0.772282779,-0.811150968,0.811150968,-0.519887745,0.056587964,0.807085335,0.666117728,-3.886607409,31,2023,0.58815336,17 R,576647,2834388,TPBB130,2024,62.75,62.75,57.75,57.75,0,0,5
278,TPBB130_5,32,0.03739161,0.042326991,0.010546853,0.005118162,-0.759200692,-0.784249306,0.784249306,-0.519823015,0.148152769,0.751846492,0.531324923,-3.869176149,32,2023,0.63621885,17 R,576639,2834369,TPBB130,2024,79.25,79.25,78.5,77.75,0,0.75,0.75
279,TPBB14_1,33,0.055713311,0.066456534,0.018649733,0.008783419,-0.727632105,-0.766522467,0.766522467,-0.539473951,0.056981374,0.644950867,0.519918919,-3.48743248,33,2024,0.6802532,17 R,584729,2851497,TPBB14,2024,47.75,47.75,0,0,0,0,47.75
280,TPBB14_2,34,0.053625684,0.059907459,0.019480785,0.008673247,-0.721560299,-0.747064531,0.747064531,-0.575807691,0.131465375,0.568083823,0.38079527,-3.487797499,34,2024,0.7235474,17 R,584750,2851501,TPBB14,2024,95.25,95.25,0,0,0,0,95.25
281,TPBB14_3,35,0.053357933,0.059646562,0.019006588,0.008786005,-0.717236936,-0.743221521,0.743221521,-0.551617265,0.131199986,0.584939897,0.396427274,-3.522180796,35,2024,0.7424288,17 R,584744,2851524,TPBB14,2024,64.15,64.15,0,0,0,0,64.15
282,TPBB14_4,36,0.055452786,0.06054439,0.018768666,0.008784273,-0.726504505,-0.746590436,0.746590436,-0.543556929,0.153483301,0.634624243,0.421589255,-3.530748606,36,2024,0.7646509,17 R,584730,2851525,TPBB14,2024,83,83,0,0,0,0,83
283,TPBB14_5,37,0.055453494,0.062473938,0.019004555,0.008784565,-0.726499677,-0.753445148,0.753445148,-0.55165422,0.119423665,0.623556852,0.442826986,-3.518936634,37,2024,0.76480407,17 R,584738,2851512,TPBB14,2024,54.2,54.2,0,0,0,0,54.2
284,TPBB141_1,38,0.027401624,0.030881874,0.00913311,0.003882076,-0.751814783,-0.7766608,0.7766608,-0.605181515,0.179693267,0.568679452,0.332854092,-4.021889687,38,2023,0.61214435,17 R,577504,2839651,TPBB141,2024,57.75,57.75,35.25,1,34.25,0,22.5
285,TPBB141_2,39,0.023771008,0.029963154,0.007939427,0.004115383,-0.704846501,-0.758476555,0.758476555,-0.475832194,0.070357576,0.550799966,0.416308761,-4.027532578,39,2023,0.58023477,17 R,577514,2839663,TPBB141,2024,72.1,72.1,35.6,0.25,35.35,0,36.5
286,TPBB141_3,40,0.026320271,0.033505335,0.008054712,0.003996195,-0.73636806,-0.786878288,0.786878288,-0.505171597,0.050878666,0.639883637,0.51634711,-4.033228874,40,2023,0.5910884,17 R,577498,2839669,TPBB141,2024,47,47,19.5,0,19.5,0,27.5
287,TPBB141_4,41,0.025253294,0.031935457,0.008537589,0.003999538,-0.726553798,-0.777401507,0.777401507,-0.542953372,0.061613198,0.54685086,0.421115637,-4.008564472,41,2023,0.77537084,17 R,577524,2839674,TPBB141,2024,88.5,88.5,2.75,0,2.75,0,85.75
288,TPBB141_5,42,0.022699516,0.030098584,0.007823267,0.004234029,-0.68559438,-0.753352344,0.753352344,-0.446522772,0.019336736,0.517752171,0.432778299,-4.00225687,42,2023,0.6850276,17 R,577524,2839653,TPBB141,2024,40,40,38.25,2,36.25,0,1.75
289,TPBB142_1,43,0.015412749,0.020388225,0.006354957,0.003851347,-0.60015285,-0.682226479,0.682226479,-0.367950529,0.055228539,0.315008879,0.211931184,-3.118767023,43,2023,0.5565477,17 R,576323,2840789,TPBB142,2024,99.5,99.5,0,0,0,0,99.5
290,TPBB142_2,44,0.016762733,0.02064947,0.006232671,0.003732969,-0.635731518,-0.693798542,0.693798542,-0.376248121,0.125363916,0.416209072,0.240429834,-3.136538982,44,2023,0.55054104,17 R,576329,2840808,TPBB142,2024,99.75,99.75,0,0,0,0,99.75
291,TPBB142_3,45,0.01730025,0.019721813,0.004672783,0.003848204,-0.636076987,-0.673466146,0.673466146,-0.145155534,0.206846476,0.703310013,0.428203344,-3.096333742,45,2023,0.59915066,17 R,576314,2840808,TPBB142,2024,100.25,100.25,0,0,0,0,100.25
292,TPBB142_4,46,0.017712064,0.020122303,0.006353358,0.00373351,-0.651815355,-0.686993718,0.686993718,-0.389592975,0.208538055,0.454283059,0.199006587,-3.160604715,46,2023,0.58335954,17 R,576331,2840818,TPBB142,2024,100,100,0,0,0,0,100
293,TPBB142_5,47,0.014875026,0.020390818,0.006356715,0.003852426,-0.588579834,-0.68218559,0.68218559,-0.367948055,0.01957915,0.279252261,0.211833924,-3.20295167,47,2023,0.58774436,17 R,576342,2840802,TPBB142,2024,100,100,0,0,0,0,100
294,TPBB17_1,48,0.058335401,0.069157332,0.025231143,0.007735907,-0.76583159,-0.798788369,0.798788369,-0.796032846,0.059707392,0.422808021,0.314496785,-2.390394688,48,2024,0.70400614,17 R,582987,2853286,TPBB17,2024,18.5,18.5,0,0,0,0,18.5
295,TPBB17_2,49,0.057936002,0.067865029,0.025228389,0.006925765,-0.786445379,-0.814796329,0.814796329,-0.853822351,0.073323719,0.416034758,0.295722157,-2.38380909,49,2024,1.1629158,17 R,582973,2853294,TPBB17,2024,4.5,4.5,0,0,0,0,4.5
296,TPBB17_3,50,0.05568973,0.066828191,0.025223682,0.007037686,-0.775610507,-0.809446931,0.809446931,-0.84556222,0.050501205,0.376657039,0.280477732,-2.383726358,50,2024,0.7275848,17 R,582959,2853297,TPBB17,2024,2.75,2.75,0,0,0,0,2.75
297,TPBB200_1,51,0.042759623,0.071740977,0.026868591,0.004535445,-0.808206439,-0.88107872,0.88107872,-1.066732883,-0.290741771,0.056411367,0.300151795,-1.603161931,51,2024,0.6645906,17 R,571342,2829791,TPBB200,2024,8,8,3.5,3.5,0,0,4.5
298,TPBB200_2,52,0.042627666,0.070291214,0.02711227,0.005007732,-0.789747477,-0.866990626,0.866990626,-1.032279134,-0.271660447,0.045311201,0.272410423,-1.599795461,52,2024,0.6970885,17 R,571358,2829804,TPBB200,2024,24.25,24.25,20.25,20.25,0,0,4
299,TPBB200_3,53,0.038696628,0.07135459,0.023382789,0.003838856,-0.819498658,-0.897893846,0.897893846,-1.076933384,-0.384718418,0.079843275,0.407508463,-1.627175331,53,2024,0.73705673,17 R,571371,2829785,TPBB200,2024,9.75,9.75,3,2,0,1,6.75
300,TPBB200_4,54,0.040318627,0.07319615,0.024099587,0.005243883,-0.769815862,-0.866295755,0.866295755,-0.963879049,-0.371331245,0.094117932,0.408488363,-1.618825912,54,2024,0.70008886,17 R,571358,2829786,TPBB200,2024,3,3,0,0,0,0,3
301,TPBB200_5,55,0.04018379,0.072009236,0.024944372,0.004539234,-0.797006845,-0.881402373,0.881402373,-1.038126349,-0.356925815,0.060203232,0.364182621,-1.628047466,55,2024,0.6874775,17 R,571355,2829775,TPBB200,2024,11,11,0,0,0,0,11
302,TPBB201_1,56,0.021864746,0.036544729,0.011118193,0.00464369,-0.649644315,-0.774514735,0.774514735,-0.616154432,-0.228889719,0.168474883,0.34162876,-2.158048391,56,2024,0.7569789,17 R,571349,2832120,TPBB201,2024,98.75,98.75,58.5,58.5,0,0,40.25
303,TPBB201_2,57,0.025156355,0.040810198,0.011484161,0.004998822,-0.668460131,-0.781753838,0.781753838,-0.590184987,-0.208549723,0.279979229,0.425744206,-2.167102098,57,2024,0.79245603,17 R,571356,2832125,TPBB201,2024,44.1,44.1,2.85,2.85,0,0,41.25
304,TPBB204_1,58,0.037064556,0.063889951,0.023718696,0.003400337,-0.831936419,-0.898935258,0.898935258,-1.123843074,-0.307801217,0.024098471,0.285434872,-1.687853098,58,2024,0.62469494,17 R,571946,2827623,TPBB204,2024,13.25,13.25,8.5,8.5,0,0,4.75
305,TPBB204_2,59,0.037476409,0.067581467,0.023962321,0.003285573,-0.838792324,-0.907275021,0.907275021,-1.138257623,-0.357756227,0.026083354,0.333314359,-1.697288632,59,2024,0.5796233,17 R,571950,2827635,TPBB204,2024,25.75,25.75,20.75,20.75,0,0,5
306,TPBB204_3,60,0.037753355,0.062973842,0.023364658,0.003522997,-0.829297066,-0.894040167,0.894040167,-1.106920242,-0.273702532,0.055853292,0.283195645,-1.698635817,60,2024,0.5965235,17 R,571960,2827636,TPBB204,2024,73.75,73.75,67.5,67.5,0,0,6.25
307,TPBB204_4,61,0.03788171,0.067712247,0.023480343,0.003284813,-0.840413392,-0.907466233,0.907466233,-1.131818295,-0.349099129,0.054865751,0.351735502,-1.703779936,61,2024,0.7059748,17 R,571953,2827651,TPBB204,2024,19.5,19.5,7.25,1.5,0,5.75,12.25
308,TPBB204_5,62,0.038278695,0.06823317,0.02467663,0.004687016,-0.781825304,-0.87144804,0.87144804,-1.021140933,-0.346997261,0.021206584,0.319075853,-1.687602878,62,2024,0.64702,17 R,571930,2827640,TPBB204,2024,10,10,7.5,4.25,0,3.25,2.5
309,TPBB217_1,63,0.092388555,0.109159634,0.05191505,0.041139234,-0.383810163,-0.452567607,0.452567607,-0.173702091,0.023796698,0.242510825,0.18543984,-2.513167143,63,2024,0.78040767,17 R,573798,2830687,TPBB217,2024,19.95,19.95,0.5,0.5,0,0,19.45
310,TPBB217_2,64,0.05604225,0.077446468,0.023672866,0.009733104,-0.704050124,-0.776711345,0.776711345,-0.625925303,-0.103340313,0.439259022,0.479429185,-2.527760983,64,2024,0.735491,17 R,573814,2830701,TPBB217,2024,25.8,25.8,9.25,9.25,0,0,16.55
311,TPBB217_3,65,0.047030699,0.069976985,0.017796319,0.005992683,-0.77396071,-0.84223485,0.84223485,-0.744270563,-0.168497428,0.517085671,0.609545588,-2.526086092,65,2024,0.65079254,17 R,573827,2830688,TPBB217,2024,20.55,20.55,19.25,19.25,0,0,1.3
312,TPBB217_4,66,0.051202651,0.079804853,0.025113383,0.011604954,-0.630460203,-0.746089518,0.746089518,-0.551839888,-0.226233616,0.29654038,0.461493105,-2.522172451,66,2024,0.6827748,17 R,573812,2830686,TPBB217,2024,21.5,21.5,18,17.5,0,0.5,3.5
313,TPBB217_5,67,0.051876627,0.079412721,0.022475488,0.01406036,-0.573521316,-0.699157,0.699157,-0.345487863,-0.207806975,0.408067256,0.546618342,-2.518068552,67,2024,0.8340694,17 R,573811,2830672,TPBB217,2024,23.75,23.75,15.75,15.75,0,0,8
314,TPBB218_1,68,0.042103231,0.056347273,0.014221809,0.003838746,-0.832887232,-0.872437298,0.872437298,-0.862354159,-0.043898828,0.605317652,0.57485199,-2.788907528,68,2024,0.50424224,17 R,575022,2829959,TPBB218,2024,86,86,75.5,75.5,0,0,10.5
315,TPBB218_2,69,0.043449286,0.060023248,0.01518044,0.003721485,-0.84221226,-0.883237898,0.883237898,-0.90934819,-0.081065446,0.578919053,0.585118413,-2.822657108,69,2024,0.5886897,17 R,575038,2829984,TPBB218,2024,80,80,62.25,62.25,0,0,17.75
316,TPBB218_3,70,0.041303605,0.057928436,0.012547585,0.004425959,-0.806428969,-0.858038604,0.858038604,-0.717731059,-0.09312956,0.697254658,0.704159141,-2.78722167,70,2024,0.6622166,17 R,575050,2829966,TPBB218,2024,68.05,68.05,54.5,54.5,0,0,13.55
317,TPBB218_4,71,0.044393677,0.065271184,0.0154217,0.004423542,-0.818771243,-0.873059452,0.873059452,-0.831294239,-0.150594443,0.58643353,0.656142294,-2.799078465,71,2024,0.5906635,17 R,575038,2829962,TPBB218,2024,26.75,26,25.25,25.25,0,0,0.75
318,TPBB218_5,72,0.04278281,0.057927191,0.01338601,0.003724343,-0.839837849,-0.879180849,0.879180849,-0.847001851,-0.05791964,0.675059974,0.651651621,-2.777105808,72,2024,0.5093612,17 R,575042,2829954,TPBB218,2024,90.35,90.1,88.75,88.75,0,0,1.35
319,TPBB219_1,73,0.050431274,0.078680843,0.021640092,0.003941023,-0.855035603,-0.904600978,0.904600978,-1.037820458,-0.226008192,0.413412809,0.568095207,-1.958711505,73,2024,0.69126683,17 R,572683,2830102,TPBB219,2024,11.75,11.75,6.5,3.5,0,3,5.25
320,TPBB219_2,74,0.051249284,0.07829199,0.022607692,0.005234753,-0.814646661,-0.874656856,0.874656856,-0.935959756,-0.204537272,0.390697658,0.527646065,-1.972480655,74,2024,0.6238712,17 R,572701,2830115,TPBB219,2024,18.75,18.75,14.5,10.5,0,4,4.25
321,TPBB219_3,75,0.049637113,0.077114843,0.020929962,0.003480965,-0.86893481,-0.91361922,0.91361922,-1.072204113,-0.220046923,0.427140087,0.57506603,-1.968051434,75,2024,0.625418,17 R,572711,2830094,TPBB219,2024,20.2,20.2,16,14.5,0,1.5,4.2
322,TPBB219_4,76,0.053269599,0.077896833,0.021644246,0.004178631,-0.854525328,-0.898175895,0.898175895,-1.014543176,-0.160377711,0.467996836,0.557925045,-1.958805323,76,2024,0.69158626,17 R,572696,2830097,TPBB219,2024,15,15,3.5,3.5,0,0,11.5
323,TPBB219_5,77,0.051922221,0.077372484,0.021644967,0.00371046,-0.86660862,-0.908477426,0.908477426,-1.06098628,-0.178661346,0.442348361,0.551143944,-1.955827236,77,2024,0.6347102,17 R,572694,2830087,TPBB219,2024,19.5,19.5,16.75,16.5,0,0.25,2.75
324,TPBB220_1,78,0.047026005,0.069350787,0.01640217,0.003071859,-0.877365649,-0.915168524,0.915168524,-1.026775956,-0.158834785,0.589356244,0.666753054,-2.579594851,78,2024,0.6516998,17 R,574126,2829154,TPBB220,2024,28.75,28.75,28.75,28.75,0,0,0
325,TPBB220_2,79,0.050254673,0.07184051,0.016282491,0.003656444,-0.864352882,-0.903136611,0.903136611,-0.949853659,-0.130738243,0.662255704,0.707966506,-2.59017539,79,2024,0.6775823,17 R,574139,2829175,TPBB220,2024,17.75,17.75,14.75,14.75,0,0,3
326,TPBB220_3,80,0.04488178,0.068307877,0.015687807,0.004244389,-0.827204585,-0.882997751,0.882997751,-0.861175954,-0.189047277,0.582191229,0.687734365,-2.572048187,80,2024,0.7103459,17 R,574154,2829158,TPBB220,2024,49.25,49.25,43.25,43.25,0,0,6
327,TPBB220_4,81,0.045013275,0.067781664,0.016045868,0.003658757,-0.849656701,-0.897571802,0.897571802,-0.942959666,-0.177722901,0.565096319,0.661688507,-2.571302652,81,2024,0.66914994,17 R,574142,2829154,TPBB220,2024,41.75,41.75,40.75,40.75,0,0,1
328,TPBB220_5,82,0.043263659,0.067651264,0.016526332,0.003191747,-0.862588763,-0.90989238,0.90989238,-1.014392734,-0.215275958,0.499278307,0.635822177,-2.569582701,82,2024,0.69021493,17 R,574145,2829147,TPBB220,2024,26.5,26.5,23.75,23.75,0,0,2.75
329,TPBB221_1,83,0.05595414,0.079620644,0.01853049,0.002291257,-0.921324015,-0.944055557,0.944055557,-1.169875383,-0.13498275,0.654954553,0.705849111,-2.558829308,83,2024,0.6939588,17 R,574512,2827040,TPBB221,2024,6.15,6.15,1.25,1.25,0,0,4.9
330,TPBB221_2,84,0.059571937,0.081971534,0.017574726,0.002526116,-0.918641031,-0.940208614,0.940208614,-1.122983575,-0.103933245,0.764585316,0.777918518,-2.544496775,84,2024,0.6963574,17 R,574531,2827057,TPBB221,2024,4.3,4.3,1,1,0,0,3.3
331,TPBB221_3,85,0.059710391,0.081713326,0.018176176,0.003228648,-0.897403955,-0.923979938,0.923979938,-1.047487855,-0.09818536,0.737054944,0.747458458,-2.545966148,85,2024,0.82117534,17 R,574541,2827036,TPBB221,2024,12.35,12.35,8.25,8.25,0,0,4.1
332,TPBB221_4,86,0.058637243,0.078318559,0.017097056,0.003344268,-0.892088175,-0.918095708,0.918095708,-1.009190083,-0.070237383,0.773216128,0.754691005,-2.549749851,86,2024,0.6512754,17 R,574530,2827034,TPBB221,2024,13.3,13.3,2,2,0,0,11.3
333,TPBB221_5,87,0.059839457,0.083014995,0.018053867,0.002292849,-0.926194608,-0.946245313,0.946245313,-1.161933303,-0.113190316,0.745203853,0.768741369,-2.557013512,87,2024,0.67932534,17 R,574529,2827028,TPBB221,2024,10.55,10.55,4.75,4.75,0,0,5.8
334,TPBB222_1,88,0.028478593,0.045657486,0.013978106,0.003233973,-0.796044707,-0.867708087,0.867708087,-0.936330855,-0.206401497,0.229679361,0.378511101,-2.080181599,88,2024,0.60073394,17 R,572779,2828494,TPBB222,2024,94,94,36.75,36.75,0,0,57.25
335,TPBB222_2,89,0.023466971,0.03561908,0.013023786,0.003122328,-0.765143991,-0.838811815,0.838811815,-0.919861376,-0.130308077,0.098853946,0.187606454,-2.080594778,89,2024,0.67566663,17 R,572799,2828499,TPBB222,2024,100,100,97.25,97.25,0,0,2.75
336,TPBB222_3,90,0.024832355,0.037608664,0.011826032,0.002891452,-0.791410148,-0.857212663,0.857212663,-0.910608768,-0.132784888,0.240992695,0.320243329,-2.078636646,90,2024,0.6822704,17 R,572805,2828482,TPBB222,2024,30,30,9.75,9.25,0.25,0.25,20.25
337,TPBB222_4,91,0.023875823,0.035752315,0.012423457,0.002420411,-0.815911949,-0.87318635,0.87318635,-1.010825992,-0.117090501,0.157991007,0.229633138,-2.075986147,91,2024,0.5971532,17 R,572791,2828487,TPBB222,2024,100,100,97.5,97.5,0,0,2.5
338,TPBB222_5,92,0.024822066,0.037072204,0.011458641,0.002418231,-0.822451949,-0.87752825,0.87752825,-0.977209806,-0.117595993,0.268575281,0.331484884,-2.079248428,92,2024,0.59107846,17 R,572786,2828473,TPBB222,2024,100,100,94.75,94.75,0,0,5.25
339,TPBB227_1,93,0.054758828,0.068253532,0.013605465,0.002042338,-0.928088129,-0.941893101,0.941893101,-1.108442426,0.010723793,0.907436192,0.802498639,-2.909301996,93,2024,0.689194,17 R,573911,2823217,TPBB227,2024,37.25,36.75,1.5,1,0,0.5,35.25
340,TPBB227_2,94,0.051006701,0.065374479,0.014445366,0.004028204,-0.853612781,-0.883917928,0.883917928,-0.845843196,-0.013451866,0.783313572,0.710793853,-2.899819136,94,2024,0.71158206,17 R,573929,2823214,TPBB227,2024,88.75,88.75,86.25,86.25,0,0,2.5
341,TPBB227_3,95,0.057843696,0.071265362,0.014805666,0.003678485,-0.880417585,-0.901833594,0.901833594,-0.902977467,0.018632533,0.887245417,0.777081251,-2.891913891,95,2024,0.67702395,17 R,573930,2823229,TPBB227,2024,30.25,30.25,22.75,22.75,0,0,7.5
342,TPBB227_4,96,0.049938507,0.065508656,0.014807422,0.002628722,-0.899986267,-0.922840536,0.922840536,-1.047711611,-0.036843263,0.740188181,0.692756951,-2.893059015,96,2024,0.6625832,17 R,573941,2823210,TPBB227,2024,48,48,43.5,43.5,0,0,4.5
343,TPBB227_5,97,0.053019118,0.063933901,0.014565472,0.004261911,-0.851192892,-0.875009596,0.875009596,-0.820896924,0.049443338,0.814663529,0.681792796,-2.908768177,97,2024,0.6549171,17 R,573926,2823201,TPBB227,2024,43.5,43.5,4.5,4.25,0,0.25,39
344,TPBB243_1,98,0.026416369,0.046333365,0.018074302,0.002429017,-0.831583679,-0.90037334,0.90037334,-1.144591689,-0.297529608,-0.073481113,0.184664473,-1.773326159,98,2024,0.5418695,17 R,570059,2824959,TPBB243,2024,16.5,16.5,11.35,11.35,0,0,5.15
345,TPBB243_2,99,0.02476793,0.043671567,0.016499452,0.003717835,-0.738968909,-0.84309423,0.84309423,-0.948318422,-0.297707319,-0.057040941,0.19947426,-1.754405856,99,2024,0.5463991,17 R,570048,2824962,TPBB243,2024,64.25,64.25,62.5,62.5,0,0,1.75
346,TPBB243_3,100,0.026813732,0.045130171,0.017101005,0.004186451,-0.72990799,-0.830221534,0.830221534,-0.91001159,-0.254023761,-0.00944462,0.203270018,-1.753954649,100,2024,0.5656946,17 R,570033,2824955,TPBB243,2024,77.75,77.75,74.25,74.25,0,0,3.5
347,TPBB243_4,101,0.026813732,0.045130171,0.017101005,0.004186451,-0.72990799,-0.830221534,0.830221534,-0.91001159,-0.254023761,-0.00944462,0.203270018,-1.753954649,101,2024,0.580423,17 R,570034,2824956,TPBB243,2024,72,72,65.75,65.75,0,0,6.25
348,TPBB243_5,102,0.027778478,0.043409608,0.017347988,0.002780108,-0.818047345,-0.879622221,0.879622221,-1.085637689,-0.176461235,0.013181943,0.152764216,-1.773988605,102,2024,0.5386634,17 R,570042,2824942,TPBB243,2024,85.75,85.75,76.5,76.5,0,0,9.25
349,TPBB244_1,103,0.070078582,0.087262727,0.020564115,0.003741211,-0.898639381,-0.917779148,0.917779148,-1.038223267,-0.009434827,0.787662327,0.71300292,-2.617197037,103,2024,0.6824581,17 R,572305,2821225,TPBB244,2024,10.45,10.45,0.2,0.2,0,0,10.25
350,TPBB244_2,104,0.069148362,0.08870209,0.020088814,0.00245822,-0.931340933,-0.946068227,0.946068227,-1.172921062,-0.040565543,0.795044541,0.748338223,-2.633079529,104,2024,0.6124219,17 R,572321,2821233,TPBB244,2024,6.5,6.5,3.75,3.5,0,0.25,2.75
351,TPBB244_3,105,0.063931309,0.078771658,0.018650617,0.002926561,-0.912454247,-0.928356826,0.928356826,-1.09310329,0.009936698,0.782498896,0.689885557,-2.640649796,105,2024,0.6920102,17 R,572320,2821206,TPBB244,2024,7.25,7.25,5.5,5.25,0,0.25,1.75
352,TPBB244_4,106,0.069416307,0.090398937,0.019729361,0.003393908,-0.906773865,-0.927629709,0.927629709,-1.05967629,-0.057277806,0.814929307,0.781938136,-2.634332657,106,2024,0.6490218,17 R,572323,2821230,TPBB244,2024,3.5,3.5,1.25,0.25,0,1,2.25
353,TPBB244_5,107,0.065807715,0.087137595,0.017332979,0.002810992,-0.918069243,-0.937497795,0.937497795,-1.081364751,-0.070756458,0.876425326,0.850274205,-2.641588211,107,2024,0.6486478,17 R,572333,2821229,TPBB244,2024,2.75,2.75,2.25,0.75,0,1.5,0.5
354,TPBB247_1,108,0.031382803,0.053791553,0.024126906,0.004441122,-0.752058327,-0.847469747,0.847469747,-1.033626676,-0.287351429,-0.157440662,0.099542625,-1.179266572,108,2024,0.6525364,17 R,571193,2828542,TPBB247,2024,91.25,91.25,79.75,79.75,0,0,11.5
355,TPBB247_2,109,0.034392219,0.057506941,0.026785433,0.004328963,-0.776403368,-0.859985471,0.859985471,-1.082608342,-0.268317848,-0.158602655,0.08151067,-1.195152521,109,2024,0.6330473,17 R,571210,2828555,TPBB247,2024,55.75,55.75,44.5,44.5,0,0,11.25
356,TPBB247_3,110,0.032492131,0.056849726,0.025464177,0.003862525,-0.787508667,-0.87275964,0.87275964,-1.104879737,-0.312666863,-0.170559049,0.111063987,-1.193436265,110,2024,0.6550687,17 R,571222,2828537,TPBB247,2024,97.75,97.75,81.75,81.75,0,0,16
357,TPBB247_4,111,0.029343674,0.051675435,0.024010418,0.003621709,-0.780272007,-0.869009197,0.869009197,-1.106793642,-0.310946912,-0.220330179,0.063335985,-1.183238029,111,2024,0.61652666,17 R,571206,2828538,TPBB247,2024,85.5,85.5,73.25,73.25,0,0,12.25
358,TPBB247_5,112,0.030299442,0.055650987,0.023890333,0.003504562,-0.792654037,-0.881513655,0.881513655,-1.116217375,-0.359389991,-0.183829874,0.141521797,-1.180978417,112,2024,0.60938054,17 R,571205,2828525,TPBB247,2024,52.75,52.75,30.25,30.25,0,0,22.5
359,TPBB51_1,113,0.053661518,0.060052261,0.018432703,0.005750845,-0.80640918,-0.825210512,0.825210512,-0.786600351,0.129511431,0.617812097,0.428084344,-3.169252157,113,2024,0.5752833,17 R,583324,2849465,TPBB51,2024,13.75,13.75,0,0,0,0,13.75
360,TPBB51_2,114,0.054058783,0.061342783,0.019024128,0.006328432,-0.790404916,-0.812965333,0.812965333,-0.75114876,0.11379528,0.597170949,0.423719764,-3.351959944,114,2024,0.5433489,17 R,583336,2849477,TPBB51,2024,18.75,18.75,0,0,0,0,18.75
361,TPBB51_3,115,0.054199032,0.063409686,0.019147603,0.005756179,-0.807983994,-0.833554327,0.833554327,-0.806589723,0.080395468,0.594022751,0.451609254,-3.177082539,115,2024,0.5963957,17 R,583355,2849468,TPBB51,2024,69.5,69.5,0.75,0.75,0,0,68.75
362,TPBB52_1,116,0.113131709,0.137773648,0.033401255,0.004044604,-0.930965483,-0.942960739,0.942960739,-1.175963879,-0.026487922,0.836298645,0.776101828,-2.283768415,116,2024,0.5455327,17 R,578196,2812187,TPBB52,2024,18.5,18.5,1,0.75,0,0.25,17.5
363,TPBB52_2,117,0.118788004,0.149481311,0.035314016,0.003345439,-0.945216656,-0.956219196,0.956219196,-1.240391612,-0.066277988,0.835685194,0.81247437,-2.278008223,117,2024,0.5563744,17 R,578213,2812197,TPBB52,2024,11.25,11.25,1.25,1.25,0,0,10
364,TPBB52_3,118,0.106543645,0.134422064,0.032803409,0.004044361,-0.926857114,-0.941583514,0.941583514,-1.170724034,-0.059739091,0.792323172,0.766129851,-2.28872323,118,2024,0.5581091,17 R,578181,2812203,TPBB52,2024,31.25,31.25,0,0,0,0,31.25
365,TPBB52_4,119,0.106940739,0.133391365,0.031968147,0.004278634,-0.923059583,-0.93784219,0.93784219,-1.145874739,-0.047659419,0.818924546,0.779361963,-2.291664839,119,2024,0.5618529,17 R,578198,2812218,TPBB52,2024,16.25,16.25,0,0,0,0,16.25
366,TPBB52_5,120,0.112078466,0.138674915,0.033043191,0.004278458,-0.926459789,-0.940141916,0.940141916,-1.156087756,-0.042922869,0.836506605,0.791367888,-2.288492918,120,2024,0.60622346,17 R,578197,2812202,TPBB52,2024,13.5,13.5,2.25,2.25,0,0,11.25
367,TPBB55_1,121,0.080309495,0.104668401,0.023439236,0.003567035,-0.914945543,-0.934087455,0.934087455,-1.103754759,-0.070689,0.807839692,0.788687527,-2.609050751,121,2023,0.7407135,17 R,573107,2814052,TPBB55,2024,4.6,4.6,2.5,2.5,0,0,2.1
368,TPBB55_2,122,0.088423967,0.112462521,0.024157137,0.00391704,-0.915161431,-0.932685077,0.932685077,-1.081426024,-0.052437194,0.877331495,0.836030126,-2.614217758,122,2023,1.1973879,17 R,573108,2814082,TPBB55,2024,9.65,9.65,3,3,0,0,6.65
369,TPBB55_3,123,0.086833172,0.10921859,0.02439877,0.003567581,-0.921071887,-0.936737239,0.936737239,-1.117299318,-0.038804118,0.850347638,0.798685133,-2.600812674,123,2023,0.77677417,17 R,573123,2814069,TPBB55,2024,3.45,3.45,0.3,0.3,0,0,3.15
370,TPBB55_4,124,0.08882314,0.111554116,0.02439712,0.002981925,-0.935037911,-0.947930396,0.947930396,-1.173262,-0.03912494,0.873066127,0.819898546,-2.613304138,124,2023,0.792836,17 R,573105,2814074,TPBB55,2024,18.1,18.1,14.65,14.65,0,0,3.45
371,TPBB55_5,125,0.088555858,0.111942746,0.024156835,0.002513811,-0.944793642,-0.95607394,0.95607394,-1.217238426,-0.045915619,0.878832996,0.831407785,-2.618044376,125,2023,1.4579016,17 R,573093,2814077,TPBB55,2024,4.3,4.3,1.5,1.5,0,0,2.8
372,TPBB56_1,126,0.049590129,0.070375346,0.025704553,0.003286367,-0.87569648,-0.91077137,0.91077137,-1.159924507,-0.121671252,0.243899778,0.316871613,-2.002471924,126,2024,0.80685794,17 R,569141,2811895,TPBB56,2024,62.05,62.05,3.25,3.25,0,0,58.8
373,TPBB56_2,127,0.0454087,0.06879852,0.025463777,0.004339225,-0.82555151,-0.88134104,0.88134104,-1.063209295,-0.185148537,0.164160669,0.301847577,-1.947859287,127,2024,0.61494356,17 R,569119,2811867,TPBB56,2024,71.55,71.55,2.25,1.25,0,1,69.3
374,TPBB56_3,128,0.041895974,0.061701,0.021741906,0.00433709,-0.812381446,-0.868648827,0.868648827,-1.00108242,-0.147410661,0.223827004,0.321186811,-1.987363696,128,2024,0.62750477,17 R,569117,2811895,TPBB56,2024,89.7,89.7,3.25,2.75,0,0.5,86.45
375,TPBB56_4,129,0.048376594,0.072211646,0.025224501,0.004105464,-0.843547881,-0.892410398,0.892410398,-1.080074787,-0.174421906,0.235848576,0.35792768,-1.986939549,129,2024,0.62232995,17 R,569130,2811883,TPBB56,2024,53.8,53.8,2,1.5,0,0.5,51.8
376,TPBB56_5,130,0.048245482,0.071033068,0.024506897,0.003990009,-0.847229958,-0.893632472,0.893632472,-1.079953432,-0.159263909,0.258738339,0.364891261,-1.977244139,130,2024,0.6041883,17 R,569142,2811873,TPBB56,2024,54.25,54.25,1.75,1.5,0,0.25,52.5
377,TPBB58_1,131,0.065826446,0.095111161,0.031831127,0.002803484,-0.918301404,-0.942736149,0.942736149,-1.257166266,-0.165564492,0.337481916,0.444606334,-1.958909512,131,2024,0.7845982,17 R,570251,2811820,TPBB58,2024,21.7,21.7,9.25,9.25,0,0,12.45
378,TPBB58_2,132,0.059668433,0.085326701,0.028481614,0.003741515,-0.881989658,-0.915985405,0.915985405,-1.151661873,-0.145882219,0.337899804,0.426269054,-1.989597917,132,2024,0.8824448,17 R,570274,2811806,TPBB58,2024,22,22,3.75,3.75,0,0,18.25
379,TPBB58_3,133,0.061272021,0.085192978,0.029676579,0.004675137,-0.85821569,-0.895955622,0.895955622,-1.091711521,-0.11765863,0.327959448,0.391350597,-1.982705116,133,2024,0.63412994,17 R,570247,2811791,TPBB58,2024,84.5,84.5,0,0,0,0,84.5
380,TPBB58_4,134,0.062077232,0.089894451,0.030634779,0.002804206,-0.913559079,-0.939498484,0.939498484,-1.248418927,-0.162942454,0.312824368,0.419281751,-1.978464961,134,2024,0.6762868,17 R,570257,2811806,TPBB58,2024,15.35,15.35,3,2.75,0,0.25,12.35
381,TPBB58_5,135,0.060472004,0.087677084,0.03051704,0.003507482,-0.890356064,-0.923068523,0.923068523,-1.190739393,-0.162016302,0.290041685,0.397430778,-1.98992002,135,2024,0.70181847,17 R,570265,2811793,TPBB58,2024,23.2,23.2,1,1,0,0,22.2
382,TPBB59_1,136,0.037258837,0.058212109,0.026493918,0.004284589,-0.793729603,-0.862885892,0.862885892,-1.082378507,-0.201495573,-0.068835966,0.102578089,-1.614827633,136,2024,0.65064627,17 R,568617,2810384,TPBB59,2024,71.8,71.8,6,5.5,0,0.5,65.8
383,TPBB59_2,137,0.036183931,0.056242961,0.025298165,0.003233803,-0.835921466,-0.891258299,0.891258299,-1.159981132,-0.193395793,-0.057139345,0.105641,-1.643610954,137,2024,0.6794576,17 R,568644,2810400,TPBB59,2024,60.25,60.25,8.5,8.5,0,0,51.75
384,TPBB59_3,138,0.035362773,0.055447176,0.02421404,0.004867231,-0.758029819,-0.838604689,0.838604689,-0.997900486,-0.200874865,-0.041239183,0.126931697,-1.641055107,138,2024,0.61818343,17 R,568618,2810411,TPBB59,2024,50.45,50.45,5.75,5.75,0,0,44.7
385,TPBB59_5,139,0.037265159,0.059793547,0.026257481,0.004170063,-0.798718929,-0.869611382,0.869611382,-1.088853121,-0.230436891,-0.060713846,0.136656463,-1.618433356,139,2024,0.67230207,17 R,568631,2810380,TPBB59,2024,53.4,53.4,8.25,8.25,0,0,45.15
386,TPBB62_1,140,0.106232949,0.134535849,0.040754177,0.004700006,-0.91526401,-0.932488561,0.932488561,-1.189797163,-0.063578427,0.596872389,0.590870619,-1.738850117,140,2024,0.6340464,17 R,577796,2810965,TPBB62,2024,16.75,16.75,0,0,0,0,16.75
387,TPBB62_2,141,0.106894203,0.13969256,0.041829389,0.00458398,-0.917760015,-0.936455607,0.936455607,-1.203707337,-0.098223239,0.579976022,0.607353151,-1.728806853,141,2024,0.64780366,17 R,577809,2810980,TPBB62,2024,15.85,15.85,1.25,1.25,0,0,14.6
388,TPBB62_3,142,0.097378328,0.123040758,0.037410181,0.003297972,-0.934483647,-0.947791576,0.947791576,-1.256954908,-0.053608101,0.585793853,0.571028113,-1.736211777,142,2024,0.6443728,17 R,577780,2810977,TPBB62,2024,13.8,13.8,0.75,0.5,0,0.25,13.05
389,TPBB62_4,143,0.119400218,0.153068587,0.047197413,0.004583739,-0.926059127,-0.941850007,0.941850007,-1.234435797,-0.086892858,0.583505392,0.600821018,-1.727350116,143,2024,0.6761282,17 R,577793,2810997,TPBB62,2024,48.1,48.1,0,0,0,0,48.1
390,TPBB62_5,144,0.10491287,0.134148613,0.041589983,0.003532362,-0.934854448,-0.948687732,0.948687732,-1.265147686,-0.072952032,0.566358626,0.571514964,-1.731468439,144,2024,0.64143246,17 R,577794,2810981,TPBB62,2024,63.15,63.15,1.75,1.75,0,0,61.4
391,TPBB63_1,145,0.06635721,0.079064757,0.019846063,0.005113037,-0.856918454,-0.878518164,0.878518164,-0.885430098,0.043146361,0.764627874,0.643187165,-2.908138037,145,2024,0.6147977,17 R,575531,2809992,TPBB63,2024,43,43,35.5,35.5,0,0,7.5
392,TPBB63_2,146,0.072895043,0.087938145,0.021880619,0.004644882,-0.88019377,-0.89966017,0.89966017,-0.974669814,0.021594858,0.772015989,0.67035979,-2.891170979,146,2024,0.6453082,17 R,575529,2810021,TPBB63,2024,44.5,44.5,35.75,35.75,0,0,8.75
393,TPBB63_3,147,0.07142698,0.088589594,0.021521332,0.00429451,-0.88657093,-0.907529712,0.907529712,-1.000944853,-0.006765977,0.766358972,0.691175401,-2.923597097,147,2024,0.6264216,17 R,575517,2810012,TPBB63,2024,32.75,32.75,24.25,24.25,0,0,8.5
394,TPBB63_4,148,0.065688401,0.079064377,0.02008527,0.004879172,-0.86171633,-0.883751094,0.883751094,-0.913665414,0.033021528,0.743869066,0.633460343,-2.89708519,148,2024,0.66898495,17 R,575531,2810008,TPBB63,2024,27.25,26.5,18.75,18.75,0,0,7.75
395,TPBB63_5,149,0.065155141,0.078281209,0.020924063,0.004295269,-0.876306891,-0.895968676,0.895968676,-0.989050448,0.035681851,0.699422598,0.59030658,-2.879692316,149,2024,0.65654,17 R,575546,2810006,TPBB63,2024,61,60.5,51.25,51.25,0,0,9.25
396,TPBB65_1,150,0.06042821,0.085491449,0.021732997,0.003241763,-0.898169816,-0.926932335,0.926932335,-1.110595226,-0.13532421,0.590456903,0.647635639,-2.617269278,150,2024,0.59319395,17 R,573762,2808876,TPBB65,2024,18.95,18.95,14.25,14.25,0,0,4.7
397,TPBB65_2,151,0.061496567,0.0847077,0.01933749,0.003591746,-0.889634669,-0.918646216,0.918646216,-1.030065536,-0.107796498,0.711586654,0.733191609,-2.616003036,151,2024,0.6152426,17 R,573754,2808882,TPBB65,2024,20.55,20.55,19,19,0,0,1.55
398,TPBB65_3,152,0.061496567,0.0847077,0.01933749,0.003591746,-0.889634669,-0.918646216,0.918646216,-1.030065536,-0.107796498,0.711586654,0.733191609,-2.616003036,152,2024,0.6152426,17 R,573754,2808882,TPBB65,2024,10.3,10.3,4.5,4.5,0,0,5.8
399,TPBB65_4,153,0.058148816,0.083141252,0.019936204,0.003825498,-0.876545668,-0.912023902,0.912023902,-1.017017126,-0.143500581,0.628560722,0.689783692,-2.603880405,153,2024,0.63931346,17 R,573739,2808869,TPBB65,2024,17.4,17.4,12.25,12.25,0,0,5.15
400,TPBB65_5,154,0.059354726,0.087445788,0.020774098,0.004058686,-0.871992826,-0.911289871,0.911289871,-1.009678125,-0.17779623,0.612564206,0.706854761,-2.616971254,154,2024,0.6027886,17 R,573754,2808893,TPBB65,2024,16.8,16.55,12.75,12.75,0,0,3.8
401,TPBB66_1,155,0.065357506,0.086208709,0.044472352,0.004425223,-0.873171389,-0.902349532,0.902349532,-1.228500485,-0.065981768,0.033655558,0.074964099,-1.065740347,155,2024,0.6742776,17 R,573959,2806280,TPBB66,2024,83.95,81.95,3,3,0,0,78.95
402,TPBB66_2,156,0.060944844,0.086078107,0.042802051,0.005009253,-0.848098814,-0.890012145,0.890012145,-1.185686111,-0.134238243,-0.002286631,0.104511611,-1.037401676,156,2024,0.6354472,17 R,573953,2806293,TPBB66,2024,53,51.25,10,10,0,0,41.25
403,TPBB66_3,157,0.063484065,0.083729245,0.041369397,0.004308216,-0.872899532,-0.902127683,0.902127683,-1.217046261,-0.063370943,0.068735063,0.104470268,-1.029589176,157,2024,0.6333601,17 R,573949,2806308,TPBB66,2024,67,64.9,16.5,16.5,0,0,48.4
404,TPBB66_4,158,0.062818989,0.084513925,0.041967336,0.004776125,-0.858684301,-0.893019974,0.893019974,-1.193467855,-0.084033176,0.045473032,0.102153815,-1.02789247,158,2024,0.6357374,17 R,573964,2806302,TPBB66,2024,74.7,72.7,53.75,53.75,0,0,18.95
405,TPBB66_5,159,0.063885324,0.084772952,0.04327872,0.00442495,-0.870445549,-0.900783539,0.900783539,-1.221722722,-0.070524484,0.035008751,0.080246195,-1.049369335,159,2024,0.6334382,17 R,573948,2806291,TPBB66,2024,53.05,52.25,20.75,20.75,0,0,31.5
406,TPBB67_1,160,0.110784151,0.138092563,0.033768993,0.003333535,-0.941577256,-0.952858269,0.952858269,-1.230460286,-0.049967974,0.805615962,0.769528925,-2.118649721,160,2024,0.6902395,17 R,579394,2814638,TPBB67,2024,26.4,26.4,1.15,1.15,0,0,25.25
407,TPBB67_2,161,0.106836729,0.136162147,0.034963023,0.004151084,-0.925197482,-0.940831184,0.940831184,-1.181617379,-0.070960708,0.738507986,0.727254927,-2.136057615,161,2024,0.6696855,17 R,579392,2814657,TPBB67,2024,24.85,24.85,9.75,9.75,0,0,15.1
408,TPBB67_3,162,0.109862454,0.139892355,0.035440173,0.004617832,-0.919325292,-0.936089873,0.936089873,-1.154164076,-0.07238587,0.754410386,0.743282557,-2.158025742,162,2024,0.682467,17 R,579380,2814654,TPBB67,2024,5.4,5.4,2.5,2.5,0,0,2.9
409,TPBB67_4,163,0.113806382,0.142591923,0.036752857,0.004385251,-0.925794244,-0.940327466,0.940327466,-1.180205226,-0.057874884,0.757414877,0.732883811,-2.162225485,163,2024,0.6315081,17 R,579381,2814661,TPBB67,2024,21,21,4,3.8,0,0.2,17
410,TPBB67_5,164,0.1093385,0.13642028,0.034366533,0.004034254,-0.928832054,-0.942554295,0.942554295,-1.184830427,-0.049870871,0.776920378,0.743112147,-2.115893126,164,2024,0.7280497,17 R,579409,2814657,TPBB67,2024,15.75,15.75,4.5,4.5,0,0,11.25
411,TPBB68_1,165,0.089929543,0.108252101,0.020479256,0.003465224,-0.925794065,-0.937964439,0.937964439,-1.065842628,0.005887094,1.040740013,0.9318977,-3.032158136,165,2024,0.64348614,17 R,577794,2813772,TPBB68,2024,11.55,11.55,10.65,10.65,0,0,0.9
412,TPBB68_2,166,0.093902081,0.111880846,0.020240104,0.002998439,-0.938113034,-0.947798431,0.947798431,-1.112913966,0.013304126,1.094386697,0.974401057,-3.032068968,166,2024,0.63357204,17 R,577792,2813789,TPBB68,2024,10.1,10.1,9.8,9.8,0,0,0.3
413,TPBB68_3,167,0.093902081,0.111880846,0.020240104,0.002998439,-0.938113034,-0.947798431,0.947798431,-1.112913966,0.013304126,1.094386697,0.974401057,-3.032068968,167,2024,0.63357204,17 R,577792,2813789,TPBB68,2024,1.95,1.95,1.45,1.35,0,0.1,0.5
414,TPBB68_4,168,0.093639068,0.114601374,0.020121545,0.004166579,-0.914798796,-0.929836631,0.929836631,-0.985355973,-0.01559357,1.096793652,1.003193498,-3.017797232,168,2024,0.6702382,17 R,577806,2813795,TPBB68,2024,2.7,2.7,1.7,1.6,0.1,0,1
415,TPBB68_5,169,0.087539792,0.107082941,0.019998906,0.003464207,-0.923866928,-0.937326193,0.937326193,-1.057065606,-0.009252402,1.034862876,0.940298259,-3.086366892,169,2024,0.65906477,17 R,577776,2813784,TPBB68,2024,41.25,41.25,30.75,30.75,0,0,10.5
416,TPBB70_1,170,0.092929646,0.116555609,0.020914949,0.002558864,-0.946404755,-0.957035184,0.957035184,-1.172972083,-0.041562308,1.054880619,0.988721013,-2.754460573,170,2023,0.89465517,17 R,575403,2815750,TPBB70,2024,3.1,3.1,2,2,0,0,1.1
417,TPBB70_2,171,0.096108854,0.114743665,0.020436255,0.00209159,-0.957401633,-0.964195907,0.964195907,-1.221465945,0.009092552,1.109059572,0.991841137,-2.714003325,171,2023,0.80995256,17 R,575413,2815721,TPBB70,2024,3.45,3.45,2.5,2.5,0,0,0.95
418,TPBB70_3,172,0.095316589,0.115910195,0.021036115,0.002326132,-0.952354193,-0.960652828,0.960652828,-1.201295972,-0.010170538,1.07511723,0.978480875,-2.71919775,172,2023,0.655432,17 R,575421,2815738,TPBB70,2024,4.85,3.85,2.85,2.75,0,0.1,1
419,TPBB70_4,173,0.092929631,0.115390256,0.020555431,0.003025665,-0.936935961,-0.94889766,0.94889766,-1.115073323,-0.030649172,1.070262432,0.992742181,-2.746275902,173,2023,0.6678364,17 R,575408,2815733,TPBB70,2024,7.45,6.45,3.6,3.6,0,0,2.85
420,TPBB70_5,174,0.088818975,0.110076189,0.018758141,0.003375066,-0.926783442,-0.940501928,0.940501928,-1.042533636,-0.024687055,1.106190205,1.01984036,-2.761211634,174,2023,0.653836,17 R,575392,2815726,TPBB70,2024,5.2,5.2,0.9,0.9,0,0,4.3
421,TPBB74_1,175,0.062437378,0.083885714,0.018017728,0.003434429,-0.895723879,-0.921337068,0.921337068,-1.019708633,-0.082023449,0.789480269,0.780801356,-2.309532404,175,2024,1.4818932,17 R,570897,2817018,TPBB74,2024,10.1,10.1,5.55,5.05,0,0.5,4.55
422,TPBB74_2,176,0.062309343,0.083627164,0.019466402,0.003203207,-0.902210891,-0.926219225,0.926219225,-1.076101184,-0.080723591,0.71882236,0.714962006,-2.32096386,176,2024,0.90306437,17 R,570916,2817004,TPBB74,2024,16.6,16.1,5.15,5.15,0,0,10.95
423,TPBB74_3,177,0.063523456,0.082579441,0.019469101,0.004846969,-0.858214438,-0.88911891,0.88911891,-0.902004242,-0.047733165,0.737997174,0.702241838,-2.325305223,177,2024,0.77380705,17 R,570926,2817027,TPBB74,2024,9,9,3.1,3.1,0,0,5.9
424,TPBB74_4,178,0.06311661,0.082839936,0.019346442,0.002617212,-0.920369387,-0.938747942,0.938747942,-1.142516851,-0.057578962,0.737178683,0.710519791,-2.318825006,178,2024,0.8735974,17 R,570910,2817024,TPBB74,2024,14.15,13.4,0.8,0.8,0,0,12.6
425,TPBB74_5,179,0.061767612,0.084149912,0.019344302,0.003553827,-0.891189575,-0.918958366,0.918958366,-1.034395099,-0.096223556,0.715672016,0.726299167,-2.314746618,179,2024,0.8585089,17 R,570909,2817031,TPBB74,2024,28.65,28.4,23.5,23.5,0,0,4.9
426,TPBB76_1,180,0.087582916,0.110260971,0.018273458,0.003708817,-0.918748021,-0.934915781,0.934915781,-0.99384439,-0.040523008,1.115399361,1.042759895,-3.201283455,180,2023,0.9557495,17 R,575886,2814185,TPBB76,2024,11.5,11.5,8.25,8.25,0,0,3.25
427,TPBB76_2,181,0.087322876,0.108707085,0.017557619,0.003710785,-0.918474436,-0.933982313,0.933982313,-0.976577818,-0.028082082,1.147877097,1.060993671,-3.208473444,181,2023,0.8605385,17 R,575915,2814193,TPBB76,2024,14,14,3.75,3.75,0,0,10.25
428,TPBB76_3,182,0.085592903,0.109872639,0.018634155,0.003125687,-0.929537058,-0.944677293,0.944677293,-1.06906569,-0.059674829,1.075075388,1.023370743,-3.20516777,182,2023,0.94083494,17 R,575899,2814210,TPBB76,2024,7,7,1.25,1.25,0,0,5.75
429,TPBB76_4,183,0.08413364,0.105720721,0.018035727,0.003943637,-0.910450518,-0.928078055,0.928078055,-0.961726487,-0.035034873,1.086836934,1.011336803,-3.203532934,183,2023,0.80851614,17 R,575901,2814189,TPBB76,2024,25.5,25.5,22.25,22.25,0,0,3.25
430,TPBB76_5,184,0.082139932,0.105720803,0.01803554,0.002658459,-0.937299311,-0.950941563,0.950941563,-1.114604354,-0.059017926,1.062863827,1.011345863,-3.205139637,184,2023,0.81519437,17 R,575905,2814180,TPBB76,2024,10.25,10.25,4.25,4.25,0,0,6
431,TPBB77_1,185,0.082086831,0.108943269,0.02132469,0.002838867,-0.933144689,-0.949207127,0.949207127,-1.147543669,-0.09227401,0.913603902,0.905436575,-2.906072855,185,2023,0.71609,17 R,575465,2812125,TPBB77,2024,0,0,0,0,0,0,0
432,TPBB77_2,186,0.084081046,0.110111065,0.020605035,0.003539643,-0.919205308,-0.937710166,0.937710166,-1.060195923,-0.079850242,0.968062758,0.943955958,-2.89513588,186,2023,0.70695484,17 R,575460,2812147,TPBB77,2024,0.5,0.5,0.5,0.5,0,0,0
433,TPBB77_3,187,0.082752347,0.108164378,0.020725256,0.003539813,-0.917957485,-0.936621666,0.936621666,-1.062356949,-0.076406591,0.946973026,0.921397865,-2.900429249,187,2023,1.0036609,17 R,575476,2812142,TPBB77,2024,4.5,4.25,4.25,4.25,0,0,0
434,TPBB77_4,188,0.084347568,0.110241167,0.021683779,0.003656767,-0.916895747,-0.935788691,0.935788691,-1.067085028,-0.077967897,0.925958157,0.903729439,-2.902660847,188,2023,0.8940706,17 R,575464,2812137,TPBB77,2024,15.65,15.65,15.65,15.65,0,0,0
435,TPBB77_5,189,0.084078804,0.113872439,0.023240337,0.003773299,-0.914098859,-0.935853183,0.935853183,-1.080956221,-0.11635673,0.861266375,0.879884243,-2.891795158,189,2023,1.3911884,17 R,575448,2812134,TPBB77,2024,0.7,0.7,0.7,0.7,0,0,0
436,TPBB78_1,190,0.102011025,0.127494559,0.029358774,0.004558819,-0.914444506,-0.930954874,0.930954874,-1.096773982,-0.045748822,0.847268522,0.803241909,-2.622370481,190,2024,0.5642269,17 R,577133,2811802,TPBB78,2024,6.55,2.3,1,1,0,0,1.3
437,TPBB78_2,191,0.097251944,0.119736366,0.026369423,0.003041202,-0.939353764,-0.950459957,0.950459957,-1.189785361,-0.025340846,0.894758344,0.827599049,-2.621406317,191,2024,0.61375934,17 R,577146,2811827,TPBB78,2024,2.3,1.9,1.2,1.2,0,0,0.7
438,TPBB78_3,192,0.09751302,0.123615652,0.026846213,0.004792185,-0.906315923,-0.925359905,0.925359905,-1.045597911,-0.057288527,0.881542146,0.844942987,-2.646064043,192,2024,0.58858144,17 R,577128,2811821,TPBB78,2024,25.2,13.2,12.2,12.2,0,0,1
439,TPBB78_5,193,0.09751302,0.123615652,0.026846213,0.004792185,-0.906315923,-0.925359905,0.925359905,-1.045597911,-0.057288527,0.881542146,0.844942987,-2.646064043,193,2024,0.5776017,17 R,577124,2811822,TPBB78,2024,13.62,5.12,3.92,3.5,0,0.42,1.2
440,TPBB80_1,194,0.074219324,0.105408162,0.027972126,0.002940084,-0.923791945,-0.945729017,0.945729017,-1.214667678,-0.157201186,0.572134137,0.652268529,-2.453741312,194,2023,0.671855,17 R,573065,2811016,TPBB80,2024,19.9,19.9,18,18,0,0,1.9
441,TPBB80_2,195,0.068612009,0.098907031,0.0260562,0.002939333,-0.917839885,-0.9422791,0.9422791,-1.195884228,-0.166620225,0.556521595,0.646183312,-2.42024374,195,2023,0.66426605,17 R,573069,2811046,TPBB80,2024,32.5,32.5,31.75,31.75,0,0,0.75
442,TPBB80_3,196,0.072888181,0.103590541,0.026417265,0.003875445,-0.899029136,-0.927875876,0.927875876,-1.116200209,-0.156408355,0.604771793,0.681281865,-2.436964512,196,2023,0.6530371,17 R,573081,2811029,TPBB80,2024,6.55,6.55,3.1,3.1,0,0,3.45
443,TPBB80_4,197,0.071816951,0.104628034,0.026176242,0.003523855,-0.906455636,-0.934835076,0.934835076,-1.144056201,-0.182037383,0.598096848,0.698684692,-2.433084726,197,2023,0.72335297,17 R,573065,2811031,TPBB80,2024,16.95,16.95,14.9,14.9,0,0,2.05
444,TPBB80_5,198,0.073816448,0.107354864,0.028928053,0.001653664,-0.956176996,-0.969659925,0.969659925,-1.337779164,-0.182518676,0.536880672,0.643300951,-2.43387413,198,2023,0.70448273,17 R,573052,2811037,TPBB80,2024,3.7,3.7,3.4,3.4,0,0,0.3
445,TPBB81_1,199,0.048424885,0.066551886,0.020699456,0.002846991,-0.888945282,-0.917952836,0.917952836,-1.137271285,-0.084781058,0.412239492,0.436738402,-2.062033176,199,2024,0.6759413,17 R,572236,2807632,TPBB81,2024,0,0,0,NA,NA,NA,0
446,TPBB81_2,200,0.0480197,0.068515584,0.023812018,0.003197196,-0.87515074,-0.910833299,0.910833299,-1.144877195,-0.124765269,0.279565066,0.352147579,-2.059328318,200,2024,0.6750725,17 R,572224,2807654,TPBB81,2024,20.85,20.85,20.5,20.5,0,0,0.35
447,TPBB81_3,201,0.049096458,0.069433302,0.020340178,0.003080709,-0.881913483,-0.915031314,0.915031314,-1.105389476,-0.117040083,0.441545576,0.493330985,-2.062781334,201,2024,0.6875853,17 R,572238,2807646,TPBB81,2024,40.5,40.5,39.25,39.25,0,0,1.25
448,TPBB81_4,202,0.047487438,0.067601815,0.021898344,0.002847844,-0.886845052,-0.919152379,0.919152379,-1.154753685,-0.121329613,0.342742205,0.40670386,-2.070372581,202,2024,0.7096405,17 R,572252,2807643,TPBB81,2024,56.25,56.25,55.25,55.25,0,0,1
449,TPBB81_5,203,0.045737676,0.067207664,0.022137221,0.003548527,-0.856003225,-0.899697065,0.899697065,-1.085545301,-0.1525217,0.295574576,0.392052621,-2.077120066,203,2024,0.73051065,17 R,572243,2807661,TPBB81,2024,41.25,41.25,39.5,39.5,0,0,1.75
450,TPBB82_1,204,0.058852676,0.081318513,0.021293847,0.002690494,-0.912565649,-0.935947478,0.935947478,-1.163468719,-0.107393906,0.582147658,0.614157498,-1.992338538,204,2024,1.4981521,17 R,569658,2817606,TPBB82,2024,28.05,28.05,4.05,1.6,0,2.45,24
451,TPBB82_2,205,0.058852676,0.081318513,0.021293847,0.002690494,-0.912565649,-0.935947478,0.935947478,-1.163468719,-0.107393906,0.582147658,0.614157498,-1.992338538,205,2024,0.76475406,17 R,569659,2817606,TPBB82,2024,25.65,25.65,0.5,0,0,0.5,25.15
452,TPBB82_3,206,0.058852676,0.081318513,0.021293847,0.002690494,-0.912565649,-0.935947478,0.935947478,-1.163468719,-0.107393906,0.582147658,0.614157498,-1.992338538,206,2024,0.76475406,17 R,569659,2817606,TPBB82,2024,30.8,30.8,0,0,0,0,30.8
453,TPBB82_4,207,0.055345573,0.080269106,0.022982804,0.003279359,-0.888124108,-0.92149806,0.92149806,-1.125389695,-0.154727921,0.452993959,0.539232254,-1.992116094,207,2024,0.6879606,17 R,569675,2817610,TPBB82,2024,29.95,29.95,0.9,0.9,0,0,29.05
454,TPBB82_5,208,0.056022357,0.078822926,0.023585895,0.002927794,-0.9006688,-0.928372622,0.928372622,-1.168722749,-0.122828275,0.44216916,0.500032723,-1.993141413,208,2024,1.0946711,17 R,569677,2817593,TPBB82,2024,27.8,27.8,0,0,0,0,27.8
455,TPBB84_1,209,0.043067932,0.064323112,0.02444792,0.003563491,-0.847163558,-0.895016372,0.895016372,-1.118353009,-0.165022075,0.147352323,0.267619878,-1.501517057,209,2024,0.9216442,17 R,568371,2816969,TPBB84,2024,51.25,51.25,2.2,0.5,0,1.7,49.05
456,TPBB84_2,210,0.042112511,0.06432002,0.023963017,0.003796167,-0.834620893,-0.88853848,0.88853848,-1.089739323,-0.187403679,0.142690778,0.283827931,-1.511726975,210,2024,0.91633546,17 R,568360,2816985,TPBB84,2024,8.1,8.1,0.1,0.1,0,0,8
457,TPBB84_3,211,0.044959381,0.068014741,0.026370995,0.003795131,-0.844316721,-0.89430058,0.89430058,-1.122576952,-0.182649046,0.1231599,0.261982769,-1.494959593,211,2024,0.98072225,17 R,568340,2816972,TPBB84,2024,4.4,4.4,0,0,0,0,4.4
458,TPBB84_4,212,0.043197554,0.066696249,0.024806108,0.003561057,-0.84768337,-0.898628116,0.898628116,-1.123396635,-0.201364309,0.137454376,0.292047232,-1.501639605,212,2024,0.6886435,17 R,568356,2816972,TPBB84,2024,61.85,61.85,0,0,0,0,61.85
459,TPBB84_5,213,0.045371316,0.069337241,0.027216978,0.003679923,-0.849955976,-0.899203897,0.899203897,-1.142690063,-0.194443271,0.10426829,0.255617976,-1.489580512,213,2024,0.81088454,17 R,568352,2816954,TPBB84,2024,8.65,8.65,0,0,0,0,8.65
460,WQ_BB37_1,214,0.096979842,0.121226713,0.0380494,0.002840529,-0.943087161,-0.954209864,0.954209864,-1.291596889,-0.041577257,0.566663146,0.542427003,-1.813011169,214,2024,0.8404476,17 R,576600,2822753,WQ_BB37,2024,100,100,100,100,0,0,0
461,WQ_BB37_10,215,0.091824688,0.113086201,0.034352098,0.003771524,-0.921094716,-0.935451031,0.935451031,-1.203213573,-0.02070532,0.602725744,0.555863023,-1.981686592,215,2024,0.80046296,17 R,576582,2822764,WQ_BB37,2024,100,100,100,100,0,0,0
462,WQ_BB37_100,216,0.088530168,0.110893808,0.036623187,0.004708759,-0.898995876,-0.918535411,0.918535411,-1.158223748,-0.035981122,0.509395123,0.484337986,-2.019139051,216,2024,0.94175833,17 R,576577,2822482,WQ_BB37,2024,100,100,100,100,0,0,0
463,WQ_BB37_11,217,0.099220529,0.125482619,0.037452564,0.004821669,-0.907313228,-0.925993681,0.925993681,-1.157829165,-0.056209531,0.603530645,0.589760959,-1.876743436,217,2024,0.8971952,17 R,576590,2822755,WQ_BB37,2024,98,98,98,98,0,0,0
464,WQ_BB37_12,218,0.093147129,0.115801118,0.035306364,0.004354812,-0.910672307,-0.927514017,0.927514017,-1.170598865,-0.032171626,0.59271729,0.557353079,-1.916479945,218,2024,0.79675126,17 R,576587,2822746,WQ_BB37,2024,100,100,100,100,0,0,0
465,WQ_BB37_13,219,0.1029137,0.131925985,0.039360523,0.003890196,-0.927152514,-0.942713797,0.942713797,-1.230164289,-0.074046545,0.595996559,0.599515319,-1.751411915,219,2024,0.7245007,17 R,576600,2822738,WQ_BB37,2024,99,99,99,98.5,0,0,0
466,WQ_BB37_14,220,0.090504095,0.115542941,0.03554504,0.003772101,-0.919977665,-0.936770737,0.936770737,-1.212178826,-0.058532748,0.557955146,0.549654007,-1.885287523,220,2024,0.74413186,17 R,576589,2822736,WQ_BB37,2024,98,98,98,98,0,0,0
467,WQ_BB37_15,221,0.090504095,0.115542941,0.03554504,0.003772101,-0.919977665,-0.936770737,0.936770737,-1.212178826,-0.058532748,0.557955146,0.549654007,-1.885287523,221,2024,0.70028365,17 R,576586,2822733,WQ_BB37,2024,100,100,100,100,0,0,0
468,WQ_BB37_16,222,0.091030955,0.116058759,0.035782419,0.003887927,-0.918078959,-0.935172379,0.935172379,-1.205982327,-0.057565913,0.557854891,0.548707366,-1.963562012,222,2024,0.74988604,17 R,576576,2822739,WQ_BB37,2024,100,100,100,100,0,0,0
469,WQ_BB37_17,223,0.095786549,0.120191365,0.0368549,0.004354057,-0.913041115,-0.930080831,0.930080831,-1.183025956,-0.044642746,0.582578838,0.559732318,-1.99372077,223,2024,0.76121086,17 R,576571,2822745,WQ_BB37,2024,100,100,100,100,0,0,0
470,WQ_BB37_18,224,0.096312635,0.122900449,0.037211426,0.003420635,-0.931404352,-0.945842206,0.945842206,-1.247443199,-0.063373089,0.579515457,0.57420975,-2.072101831,224,2024,0.8567916,17 R,576565,2822742,WQ_BB37,2024,100,100,100,100,0,0,0
471,WQ_BB37_19,225,0.091160208,0.117736682,0.034946408,0.003770201,-0.920569181,-0.937942564,0.937942564,-1.207861662,-0.071736284,0.580246389,0.582244813,-2.100200415,225,2024,0.86420345,17 R,576567,2822754,WQ_BB37,2024,98,98,98,98,0,0,0
472,WQ_BB37_2,226,0.099618509,0.121485069,0.03816881,0.003190495,-0.937933564,-0.94881922,0.94881922,-1.268577218,-0.017044526,0.590728283,0.542013347,-1.780783176,226,2024,0.8150754,17 R,576603,2822744,WQ_BB37,2024,100,100,100,100,0,0,0
473,WQ_BB37_20,227,0.087986775,0.11373131,0.033158399,0.004120323,-0.910531878,-0.930076122,0.930076122,-1.168417573,-0.069577865,0.591406226,0.590249896,-2.083061934,227,2024,0.9522146,17 R,576573,2822771,WQ_BB37,2024,99,99,96,95.5,0,0,3
474,WQ_BB37_21,228,0.089970715,0.115152933,0.031846244,0.003770381,-0.919557571,-0.936591387,0.936591387,-1.182419538,-0.060771506,0.649523258,0.63543582,-2.114980936,228,2024,0.8267276,17 R,576572,2822783,WQ_BB37,2024,100,100,96,96,0,0,4
475,WQ_BB37_22,229,0.095392503,0.119417772,0.033756439,0.003888478,-0.921667218,-0.936929762,0.936929762,-1.190119267,-0.041752208,0.656362116,0.624534488,-1.978894711,229,2024,0.9551879,17 R,576591,2822786,WQ_BB37,2024,100,100,100,100,0,0,0
476,WQ_BB37_23,230,0.094866306,0.118902318,0.034592092,0.004355552,-0.912205815,-0.929326177,0.929326177,-1.164507151,-0.04258563,0.62913692,0.600365639,-1.918458819,230,2024,0.9153444,17 R,576604,2822783,WQ_BB37,2024,100,100,100,99.75,0,0,0
477,WQ_BB37_24,231,0.091824688,0.113086201,0.034352098,0.003771524,-0.921094716,-0.935451031,0.935451031,-1.203213573,-0.02070532,0.602725744,0.555863023,-1.981686592,231,2024,0.7070918,17 R,576588,2822765,WQ_BB37,2024,100,100,95,95,0,0,5
478,WQ_BB37_25,232,0.087143861,0.109695762,0.029196292,0.003052804,-0.932307839,-0.945847571,0.945847571,-1.216010213,-0.039967101,0.694671273,0.65738225,-2.477638006,232,2024,0.8771844,17 R,576310,2822691,WQ_BB37,2024,100,100,100,100,0,0,0
479,WQ_BB37_26,233,0.089658886,0.114223436,0.028480476,0.00281978,-0.939017713,-0.95181644,0.95181644,-1.229735851,-0.055441383,0.745144427,0.71797055,-2.488721848,233,2024,0.9447947,17 R,576314,2822684,WQ_BB37,2024,100,100,51,50.75,0,0,49
480,WQ_BB37_27,234,0.087143861,0.109695762,0.029196292,0.003052804,-0.932307839,-0.945847571,0.945847571,-1.216010213,-0.039967101,0.694671273,0.65738225,-2.477638006,234,2024,0.8204125,17 R,576315,2822694,WQ_BB37,2024,100,100,58,58,0,0,42
481,WQ_BB37_28,235,0.084626876,0.105681598,0.027047522,0.003752237,-0.9150877,-0.931424558,0.931424558,-1.134519577,-0.028787483,0.733180702,0.682134569,-2.465252876,235,2024,0.92802966,17 R,576319,2822705,WQ_BB37,2024,100,100,51,51.25,0,0,49
482,WQ_BB37_29,236,0.088068001,0.112282105,0.028956266,0.003518274,-0.923170269,-0.939235508,0.939235508,-1.174981594,-0.054727316,0.712543547,0.687384605,-2.427089214,236,2024,1.0125815,17 R,576309,2822703,WQ_BB37,2024,100,100,42,42,0,0,58
483,WQ_BB37_3,237,0.09394519,0.116837598,0.037573762,0.00330765,-0.931978345,-0.944939137,0.944939137,-1.257274747,-0.033317871,0.546031058,0.515756965,-1.750372171,237,2024,0.8015397,17 R,576610,2822760,WQ_BB37,2024,100,100,100,100,0,0,0
484,WQ_BB37_30,238,0.088068001,0.112282105,0.028956266,0.003518274,-0.923170269,-0.939235508,0.939235508,-1.174981594,-0.054727316,0.712543547,0.687384605,-2.427089214,238,2024,1.1804861,17 R,576306,2822701,WQ_BB37,2024,100,100,60,59.85,0,0,40
485,WQ_BB37_31,239,0.088595867,0.112798654,0.029910177,0.004217312,-0.909122586,-0.92791903,0.92791903,-1.129274368,-0.053736243,0.689765692,0.665673733,-2.37916398,239,2024,0.87719566,17 R,576296,2822700,WQ_BB37,2024,100,100,58,57.5,0,0,43
486,WQ_BB37_32,240,0.088595867,0.112798654,0.029910177,0.004217312,-0.909122586,-0.92791903,0.92791903,-1.129274368,-0.053736243,0.689765692,0.665673733,-2.37916398,240,2024,0.9452668,17 R,576294,2822692,WQ_BB37,2024,100,100,59,58.5,0,0,42
487,WQ_BB37_33,241,0.09190312,0.115901791,0.030984327,0.003401298,-0.928622425,-0.942980528,0.942980528,-1.203251243,-0.046560671,0.695115089,0.664182425,-2.388367176,241,2024,0.8426294,17 R,576295,2822681,WQ_BB37,2024,100,100,51,51.25,0,0,49
488,WQ_BB37_34,242,0.090578832,0.115254506,0.031460498,0.002934104,-0.937247097,-0.950348794,0.950348794,-1.244078636,-0.054992758,0.667070806,0.646206379,-2.348131418,242,2024,0.816543,17 R,576287,2822681,WQ_BB37,2024,100,100,71,70.85,0,0,29
489,WQ_BB37_35,243,0.0933531,0.115899727,0.032294516,0.003866194,-0.920464456,-0.9354375,0.9354375,-1.179249048,-0.030887237,0.674027801,0.630557716,-2.292851686,243,2024,0.81882864,17 R,576279,2822685,WQ_BB37,2024,97,97,67,67.4,0,0,30
490,WQ_BB37_36,244,0.090049267,0.109821923,0.030147774,0.00409996,-0.912905097,-0.92802155,0.92802155,-1.14085567,-0.008418845,0.699018121,0.632509053,-2.339189529,244,2024,0.97693515,17 R,576288,2822692,WQ_BB37,2024,100,100,53,53,0,0,47
491,WQ_BB37_37,245,0.090049267,0.109821923,0.030147774,0.00409996,-0.912905097,-0.92802155,0.92802155,-1.14085567,-0.008418845,0.699018121,0.632509053,-2.339189529,245,2024,0.82849556,17 R,576280,2822692,WQ_BB37,2024,98,98,63,63.25,0,0,35
492,WQ_BB37_38,246,0.086475238,0.104771346,0.028476713,0.003633362,-0.919355929,-0.932966709,0.932966709,-1.160539985,0.002213603,0.709107459,0.631701589,-2.332567692,246,2024,0.8047013,17 R,576287,2822706,WQ_BB37,2024,100,100,62,61.5,0,0,39
493,WQ_BB37_39,247,0.086211905,0.10801021,0.027880706,0.00386713,-0.914139211,-0.930868387,0.930868387,-1.134577036,-0.033901628,0.724821985,0.67931062,-2.36113739,247,2024,1.052484,17 R,576296,2822716,WQ_BB37,2024,96,96,66,66,0,0,30
494,WQ_BB37_4,248,0.094338514,0.121226236,0.036738005,0.003423091,-0.929970622,-0.945076466,0.945076466,-1.244297981,-0.069186598,0.570164382,0.570883453,-1.883407354,248,2024,0.81891876,17 R,576607,2822773,WQ_BB37,2024,97,97,97,97,0,0,0
495,WQ_BB37_40,249,0.086211905,0.10801021,0.027880706,0.00386713,-0.914139211,-0.930868387,0.930868387,-1.134577036,-0.033901628,0.724821985,0.67931062,-2.36113739,249,2024,0.8257714,17 R,576294,2822719,WQ_BB37,2024,100,100,57,57.25,0,0,43
496,WQ_BB37_41,250,0.084222689,0.105418891,0.028237723,0.003866374,-0.912216723,-0.929242551,0.929242551,-1.13870275,-0.030871909,0.690190315,0.644701898,-2.327613115,250,2024,0.90187156,17 R,576288,2822714,WQ_BB37,2024,100,100,74,74.25,0,0,26
497,WQ_BB37_42,251,0.084222689,0.105418891,0.028237723,0.003866374,-0.912216723,-0.929242551,0.929242551,-1.13870275,-0.030871909,0.690190315,0.644701898,-2.327613115,251,2024,0.7938019,17 R,576284,2822712,WQ_BB37,2024,96,96,75,75,0,0,21
498,WQ_BB37_43,252,0.087002873,0.110079408,0.027640076,0.002932954,-0.934776723,-0.948094964,0.948094964,-1.212201834,-0.045377973,0.741644621,0.705320597,-2.280679703,252,2024,0.8390546,17 R,576278,2822705,WQ_BB37,2024,100,100,69,68.75,0,0,31
499,WQ_BB37_44,253,0.087002873,0.110079408,0.027640076,0.002932954,-0.934776723,-0.948094964,0.948094964,-1.212201834,-0.045377973,0.741644621,0.705320597,-2.280679703,253,2024,0.83607376,17 R,576276,2822703,WQ_BB37,2024,99,99,54,54.25,0,0,44
500,WQ_BB37_45,254,0.084884152,0.110079668,0.0294307,0.002933148,-0.933198869,-0.948091745,0.948091745,-1.228108883,-0.070034288,0.661304295,0.654386997,-2.285034418,254,2024,0.8530307,17 R,576271,2822697,WQ_BB37,2024,100,100,59,59.25,0,0,41
501,WQ_BB37_46,255,0.091500059,0.112666115,0.030503619,0.003398827,-0.928369522,-0.941432297,0.941432297,-1.199240565,-0.020204976,0.704591036,0.648555815,-2.245869875,255,2024,0.8394794,17 R,576267,2822691,WQ_BB37,2024,100,100,61,60.75,0,0,39
502,WQ_BB37_47,256,0.090049267,0.109821923,0.030147774,0.00409996,-0.912905097,-0.92802155,0.92802155,-1.14085567,-0.008418845,0.699018121,0.632509053,-2.339189529,256,2024,0.88822377,17 R,576286,2822697,WQ_BB37,2024,100,100,34,33.75,0,0,66
503,WQ_BB37_48,257,0.085550152,0.106974564,0.028597144,0.004333716,-0.903570771,-0.9221313,0.9221313,-1.105198622,-0.031143358,0.694608271,0.649087906,-2.370400429,257,2024,1.0140623,17 R,576296,2822709,WQ_BB37,2024,100,100,48,47.5,0,0,53
504,WQ_BB37_49,258,0.082898796,0.105549268,0.028477246,0.003750336,-0.913436294,-0.931375146,0.931375146,-1.150888801,-0.048058085,0.666853249,0.639083922,-2.355128527,258,2024,0.8560338,17 R,576297,2822721,WQ_BB37,2024,100,100,64,64.25,0,0,36
505,WQ_BB37_5,259,0.099220529,0.125482619,0.037452564,0.004821669,-0.907313228,-0.925993681,0.925993681,-1.157829165,-0.056209531,0.603530645,0.589760959,-1.876743436,259,2024,0.8569898,17 R,576599,2822754,WQ_BB37,2024,100,100,100,100,0,0,0
506,WQ_BB37_50,260,0.084223747,0.105678543,0.027641423,0.003050507,-0.930093765,-0.943887889,0.943887889,-1.201826453,-0.03353107,0.709137201,0.664480925,-2.354707956,260,2024,0.95928895,17 R,576292,2822731,WQ_BB37,2024,97,97,48,48.25,0,0,48
507,WQ_BB37_51,261,0.08581204,0.107749894,0.027401863,0.003866181,-0.913776577,-0.930723548,0.930723548,-1.129060745,-0.035929922,0.735541642,0.690955043,-2.323289871,261,2024,0.8990349,17 R,576288,2822721,WQ_BB37,2024,100,100,95.5,95.5,0,0,4.5
508,WQ_BB37_52,262,0.087399565,0.109690905,0.02847537,0.003749014,-0.917738378,-0.933903098,0.933903098,-1.150977254,-0.036989029,0.719781458,0.677625954,-2.276880264,262,2024,0.9871712,17 R,576279,2822711,WQ_BB37,2024,100,100,100,100,0,0,0
509,WQ_BB37_53,263,0.077198625,0.096994013,0.025614768,0.003052569,-0.923924625,-0.938977063,0.938977063,-1.180552602,-0.027494358,0.689593732,0.640517175,-2.545953989,263,2024,0.7141065,17 R,576349,2822830,WQ_BB37,2024,100,100,100,100,0,0,0
510,WQ_BB37_54,264,0.077464744,0.094917089,0.023345919,0.003285976,-0.918614328,-0.933077931,0.933077931,-1.129845023,-0.000544903,0.775313616,0.694131017,-2.542051315,264,2024,0.75565916,17 R,576340,2822818,WQ_BB37,2024,98.25,98.25,95.25,95.25,0,0,3
511,WQ_BB37_55,265,0.07918635,0.098419458,0.025971072,0.003167849,-0.923067689,-0.937632978,0.937632978,-1.173853874,-0.017916802,0.702760994,0.643896937,-2.46971941,265,2024,0.7706451,17 R,576328,2822813,WQ_BB37,2024,100,100,100,100,0,0,0
512,WQ_BB37_56,266,0.0750672,0.095043369,0.026208784,0.003167089,-0.919035792,-0.935504019,0.935504019,-1.17656219,-0.033428065,0.641257823,0.601598322,-2.433969021,266,2024,0.69165283,17 R,576317,2822811,WQ_BB37,2024,100,100,100,100,0,0,0
513,WQ_BB37_57,267,0.07918635,0.098419458,0.025971072,0.003167849,-0.923067689,-0.937632978,0.937632978,-1.173853874,-0.017916802,0.702760994,0.643896937,-2.46971941,267,2024,0.66644484,17 R,576324,2822819,WQ_BB37,2024,100,100,100,100,0,0,0
514,WQ_BB37_58,268,0.077727683,0.098031059,0.025255442,0.003051808,-0.92444104,-0.939617693,0.939617693,-1.176569581,-0.032214824,0.70895648,0.662615955,-2.51086092,268,2024,0.76848227,17 R,576332,2822830,WQ_BB37,2024,100,100,89.5,89.5,0,0,10.5
515,WQ_BB37_59,269,0.07692986,0.09400592,0.024299501,0.003751052,-0.907015145,-0.923257589,0.923257589,-1.098825932,0.003002349,0.732869804,0.651999831,-2.531392097,269,2024,0.7480344,17 R,576331,2822841,WQ_BB37,2024,100,100,94.75,94.75,0,0,5.25
516,WQ_BB37_6,270,0.099749431,0.123677917,0.037572488,0.00353987,-0.931457162,-0.944349468,0.944349468,-1.24169302,-0.035159983,0.606010973,0.572680295,-1.848125577,270,2024,0.7643507,17 R,576601,2822768,WQ_BB37,2024,100,100,100,99.9,0,0,0
517,WQ_BB37_60,271,0.07692986,0.09400592,0.024299501,0.003751052,-0.907015145,-0.923257589,0.923257589,-1.098825932,0.003002349,0.732869804,0.651999831,-2.531392097,271,2024,0.8314946,17 R,576334,2822849,WQ_BB37,2024,100,100,85.75,85.75,0,0,14.25
518,WQ_BB37_61,272,0.076266229,0.093616575,0.024419211,0.003168223,-0.920230508,-0.934530556,0.934530556,-1.155471087,-0.001154053,0.719846249,0.643861771,-2.520275831,272,2024,0.73560417,17 R,576330,2822840,WQ_BB37,2024,100,100,84.75,84.75,0,0,15.25
519,WQ_BB37_62,273,0.076396935,0.091536537,0.024059804,0.003400676,-0.914767444,-0.928359449,0.928359449,-1.128483176,0.024961105,0.734712601,0.633424342,-2.489427805,273,2024,0.79176295,17 R,576327,2822833,WQ_BB37,2024,100,100,98,98,0,0,2
520,WQ_BB37_63,274,0.07918635,0.098419458,0.025971072,0.003167849,-0.923067689,-0.937632978,0.937632978,-1.173853874,-0.017916802,0.702760994,0.643896937,-2.46971941,274,2024,0.7565906,17 R,576326,2822818,WQ_BB37,2024,100,100,93.75,93.75,0,0,6.25
521,WQ_BB37_64,275,0.074935913,0.094135202,0.026090199,0.003400869,-0.913173139,-0.930264354,0.930264354,-1.154044151,-0.024751069,0.643530428,0.595676959,-2.479571104,275,2024,0.81526786,17 R,576321,2822822,WQ_BB37,2024,100,100,69,69,0,0,31
522,WQ_BB37_65,276,0.076395333,0.094783366,0.025253249,0.003749924,-0.90642184,-0.923885107,0.923885107,-1.112119317,-0.012915065,0.691743612,0.628996015,-2.444419146,276,2024,0.6785771,17 R,576316,2822829,WQ_BB37,2024,100,100,81,81,0,0,19
523,WQ_BB37_66,277,0.078653902,0.094654106,0.024417831,0.003400483,-0.917116344,-0.930640996,0.930640996,-1.133283019,0.017702678,0.750723362,0.654929399,-2.500071526,277,2024,0.7781969,17 R,576323,2822841,WQ_BB37,2024,100,100,81.25,81.25,0,0,18.75
524,WQ_BB37_67,278,0.078653902,0.094654106,0.024417831,0.003400483,-0.917116344,-0.930640996,0.930640996,-1.133283019,0.017702678,0.750723362,0.654929399,-2.500071526,278,2024,0.7886326,17 R,576322,2822849,WQ_BB37,2024,100,100,91.5,91.5,0,0,8.5
525,WQ_BB37_68,279,0.076128617,0.094393156,0.023819543,0.004099342,-0.897807658,-0.916758299,0.916758299,-1.059508681,-0.011932077,0.740097642,0.672298551,-2.471754789,279,2024,0.7212842,17 R,576316,2822843,WQ_BB37,2024,98.5,98.5,92.75,92.75,0,0,5.75
526,WQ_BB37_69,280,0.075198017,0.091144823,0.023102568,0.003282923,-0.916338325,-0.93046701,0.93046701,-1.126735449,0.01380094,0.754911304,0.662079632,-2.487655163,280,2024,0.6999177,17 R,576313,2822851,WQ_BB37,2024,100,100,92.25,92.25,0,0,7.75
527,WQ_BB37_7,281,0.096449524,0.120580129,0.036856424,0.003888862,-0.922485054,-0.937512755,0.937512755,-1.213670254,-0.041252427,0.58943975,0.562928081,-1.911682248,281,2024,0.87262815,17 R,576595,2822764,WQ_BB37,2024,100,100,100,100,0,0,0
528,WQ_BB37_70,282,0.074664272,0.092832893,0.024534781,0.004214994,-0.893127978,-0.913135827,0.913135827,-1.060171127,-0.013252762,0.69442904,0.631624043,-2.471289873,282,2024,0.80593085,17 R,576305,2822854,WQ_BB37,2024,100,100,97.25,97.25,0,0,2.75
529,WQ_BB37_71,283,0.077717692,0.092571847,0.023458712,0.003281403,-0.918976784,-0.931532741,0.931532741,-1.131856084,0.029886751,0.774297893,0.665201366,-2.444378614,283,2024,0.660528,17 R,576298,2822851,WQ_BB37,2024,100,100,86,86,0,0,14
530,WQ_BB37_72,284,0.076124869,0.098934367,0.024773093,0.003748216,-0.906145692,-0.926994145,0.926994145,-1.105745673,-0.06301292,0.705227017,0.687435925,-2.412059784,284,2024,0.87205356,17 R,576296,2822838,WQ_BB37,2024,100,100,98.5,98.5,0,0,1.5
531,WQ_BB37_73,285,0.077719234,0.096209235,0.024415083,0.003865012,-0.905251026,-0.922757089,0.922757089,-1.089993,-0.011950241,0.738868713,0.671316862,-2.397855282,285,2024,0.7212915,17 R,576299,2822827,WQ_BB37,2024,100,100,95,95,0,0,5
532,WQ_BB37_74,286,0.075862311,0.093353733,0.024297027,0.003865961,-0.903021574,-0.920469582,0.920469582,-1.088186979,-0.003410753,0.718985975,0.645120502,-2.415273666,286,2024,0.6823299,17 R,576308,2822819,WQ_BB37,2024,100,100,98,98,0,0,2
533,WQ_BB37_75,287,0.0750672,0.095043369,0.026208784,0.003167089,-0.919035792,-0.935504019,0.935504019,-1.17656219,-0.033428065,0.641257823,0.601598322,-2.433969021,287,2024,0.6976668,17 R,576313,2822811,WQ_BB37,2024,100,100,97.75,97.75,0,0,2.25
534,WQ_BB37_76,288,0.074935913,0.094135202,0.026090199,0.003400869,-0.913173139,-0.930264354,0.930264354,-1.154044151,-0.024751069,0.643530428,0.595676959,-2.479571104,288,2024,0.72614396,17 R,576325,2822821,WQ_BB37,2024,100,100,100,100,0,0,0
535,WQ_BB37_77,289,0.076395333,0.094783366,0.025253249,0.003749924,-0.90642184,-0.923885107,0.923885107,-1.112119317,-0.012915065,0.691743612,0.628996015,-2.444419146,289,2024,0.7316593,17 R,576318,2822828,WQ_BB37,2024,100,100,100,100,0,0,0
536,WQ_BB37_78,290,0.079447098,0.099454753,0.023938434,0.003865769,-0.907198787,-0.925169408,0.925169408,-1.082893729,-0.025994137,0.77834785,0.720492661,-2.425780296,290,2024,0.7897895,17 R,576307,2822830,WQ_BB37,2024,100,100,100,100,0,0,0
537,WQ_BB37_79,291,0.0750672,0.095043369,0.026208784,0.003167089,-0.919035792,-0.935504019,0.935504019,-1.17656219,-0.033428065,0.641257823,0.601598322,-2.433969021,291,2024,0.70939445,17 R,576310,2822814,WQ_BB37,2024,98.5,98.5,98.5,98.5,0,0,0
538,WQ_BB37_8,292,0.094996855,0.119159795,0.034710538,0.004471566,-0.910090744,-0.927662909,0.927662909,-1.157631993,-0.043559693,0.627479672,0.599755049,-1.944617033,292,2024,0.78491586,17 R,576599,2822777,WQ_BB37,2024,100,100,100,100,0,0,0
539,WQ_BB37_80,293,0.093825437,0.118393943,0.040320519,0.004128725,-0.915700853,-0.93260473,0.93260473,-1.221341133,-0.048964757,0.482164443,0.471738249,-1.775191545,293,2024,0.8034235,17 R,576610,2822500,WQ_BB37,2024,100,100,100,100,0,0,0
540,WQ_BB37_81,294,0.094879501,0.120974645,0.03984281,0.00610935,-0.879009426,-0.903853357,0.903853357,-1.101149321,-0.061212126,0.503909409,0.50297296,-1.77437377,294,2024,0.745608,17 R,576608,2822509,WQ_BB37,2024,100,100,100,100,0,0,0
541,WQ_BB37_82,295,0.0987041,0.122908868,0.042461731,0.003893676,-0.924098253,-0.938586771,0.938586771,-1.248011589,-0.038920514,0.486952394,0.467177302,-1.779349685,295,2024,0.6774621,17 R,576598,2822516,WQ_BB37,2024,100,100,100,100,0,0,0
542,WQ_BB37_83,296,0.0987041,0.122908868,0.042461731,0.003893676,-0.924098253,-0.938586771,0.938586771,-1.248011589,-0.038920514,0.486952394,0.467177302,-1.779349685,296,2024,0.70074695,17 R,576592,2822514,WQ_BB37,2024,100,100,100,100,0,0,0
543,WQ_BB37_84,297,0.095405661,0.120457359,0.041509315,0.005992054,-0.881810904,-0.905226052,0.905226052,-1.121565461,-0.051027972,0.473088682,0.465437949,-1.821537137,297,2024,0.69958144,17 R,576592,2822504,WQ_BB37,2024,100,100,100,100,0,0,0
544,WQ_BB37_85,298,0.089460187,0.110507868,0.037697766,0.00401083,-0.914180279,-0.929953277,0.929953277,-1.211510539,-0.021744462,0.494190276,0.457385182,-1.909599304,298,2024,0.69303066,17 R,576595,2822490,WQ_BB37,2024,98.5,98.5,98.5,98.5,0,0,0
545,WQ_BB37_86,299,0.075678103,0.09872134,0.031619057,0.004711207,-0.882790208,-0.908902824,0.908902824,-1.110968351,-0.066558048,0.482879251,0.487285376,-1.916508913,299,2024,0.8684206,17 R,576605,2822480,WQ_BB37,2024,100,100,100,100,0,0,0
546,WQ_BB37_87,300,0.091050945,0.111156814,0.035435375,0.004711767,-0.901594937,-0.918670475,0.918670475,-1.147912621,-0.010478041,0.566720486,0.513461113,-1.825409532,300,2024,0.9091264,17 R,576613,2822485,WQ_BB37,2024,100,100,100,100,0,0,0
547,WQ_BB37_88,301,0.092898741,0.115938686,0.038532592,0.004710823,-0.903476179,-0.921908975,0.921908975,-1.173187971,-0.036131229,0.512475312,0.48758629,-1.818865299,301,2024,0.6877498,17 R,576605,2822491,WQ_BB37,2024,100,100,100,100,0,0,0
548,WQ_BB37_89,302,0.091046482,0.114645392,0.038769875,0.005759133,-0.881016552,-0.904336929,0.904336929,-1.11199677,-0.044088162,0.486889213,0.471387058,-1.863466501,302,2024,0.63530827,17 R,576598,2822495,WQ_BB37,2024,100,100,100,100,0,0,0
549,WQ_BB37_9,303,0.091559842,0.116446428,0.033159439,0.004237658,-0.911528826,-0.929772735,0.929772735,-1.160054445,-0.055394437,0.631184697,0.613817036,-2.014112473,303,2024,0.6901226,17 R,576585,2822776,WQ_BB37,2024,100,100,100,100,0,0,0
550,WQ_BB37_90,304,0.093951613,0.117357694,0.039364558,0.004825888,-0.902287722,-0.921005964,0.921005964,-1.172380209,-0.038073283,0.504794717,0.482417583,-1.915514469,304,2024,0.9316597,17 R,576586,2822495,WQ_BB37,2024,100,99,99,99,0,0,0
551,WQ_BB37_91,305,0.093951613,0.117357694,0.039364558,0.004825888,-0.902287722,-0.921005964,0.921005964,-1.172380209,-0.038073283,0.504794717,0.482417583,-1.915514469,305,2024,0.92675,17 R,576582,2822496,WQ_BB37,2024,100,100,100,100,0,0,0
552,WQ_BB37_92,306,0.094873622,0.120713502,0.040911846,0.00307627,-0.937186837,-0.950298488,0.950298488,-1.290197611,-0.058927134,0.480358303,0.479326665,-1.941308022,306,2024,0.74265057,17 R,576572,2822505,WQ_BB37,2024,100,100,100,100,0,0,0
553,WQ_BB37_93,307,0.083891585,0.106102541,0.034952112,0.003308118,-0.924125493,-0.939528406,0.939528406,-1.240609169,-0.041831359,0.497008473,0.478067756,-2.124329567,307,2024,0.6884777,17 R,576558,2822495,WQ_BB37,2024,100,100,100,100,0,0,0
554,WQ_BB37_94,308,0.082171753,0.107528426,0.03292672,0.004591629,-0.894157469,-0.918094397,0.918094397,-1.132849336,-0.077043071,0.529251516,0.539855957,-2.119657516,308,2024,0.78168416,17 R,576563,2822480,WQ_BB37,2024,100,100,100,100,0,0,0
555,WQ_BB37_95,309,0.086677872,0.108694464,0.034477822,0.004242664,-0.906673133,-0.924866796,0.924866796,-1.171285272,-0.035369825,0.541802287,0.513289154,-2.061939001,309,2024,0.7686578,17 R,576579,2822471,WQ_BB37,2024,100,100,100,100,0,0,0
556,WQ_BB37_97,310,0.075678103,0.09872134,0.031619057,0.004711207,-0.882790208,-0.908902824,0.908902824,-1.110968351,-0.066558048,0.482879251,0.487285376,-1.916508913,310,2024,0.7405596,17 R,576601,2822477,WQ_BB37,2024,100,100,100,100,0,0,0
557,WQ_BB37_99,311,0.084693633,0.105976909,0.03304806,0.003777111,-0.914613307,-0.931171358,0.931171358,-1.192293763,-0.031029534,0.556217134,0.522337139,-2.006007671,311,2024,0.7528672,17 R,576589,2822478,WQ_BB37,2024,100,100,100,100,0,0,0
558,WQ_BB38_1,312,0.051557269,0.056465514,0.016743556,0.005305852,-0.813381612,-0.828209996,0.828209996,-0.77809602,0.156393275,0.663073957,0.444489956,-2.381319046,312,2024,0.61415774,17 R,581185,2828509,WQ_BB38,2024,21.5,21.5,11.85,11.85,0,0,9.65
559,WQ_BB38_10,313,0.050888591,0.05972391,0.018529419,0.004375485,-0.841651738,-0.863478124,0.863478124,-0.92691505,0.082408614,0.560112119,0.418355048,-2.430541515,313,2024,0.62188596,17 R,581171,2828527,WQ_BB38,2024,17,17,14.25,14.25,0,0,2.75
560,WQ_BB38_100,314,0.050060622,0.05553453,0.01625747,0.00297633,-0.887763917,-0.898263991,0.898263991,-1.035765648,0.144990534,0.659751177,0.451770902,-2.776364326,314,2024,0.7185546,17 R,580969,2828434,WQ_BB38,2024,39.2,39.2,35.25,34.75,0,0.5,3.95
561,WQ_BB38_11,315,0.051422037,0.057507746,0.01721937,0.004608086,-0.835514009,-0.851629257,0.851629257,-0.866657436,0.133903429,0.635588884,0.440041542,-2.421209097,315,2024,0.6200717,17 R,581178,2828517,WQ_BB38,2024,42.55,40.55,21.5,21.5,0,0,19.05
562,WQ_BB38_12,316,0.05022379,0.060246162,0.018291704,0.004956915,-0.820338845,-0.847954571,0.847954571,-0.860360086,0.059803039,0.558416903,0.437538952,-2.40398097,316,2024,0.6117926,17 R,581186,2828525,WQ_BB38,2024,16.55,16.55,13.25,13.25,0,0,3.3
563,WQ_BB38_13,317,0.050888591,0.05972391,0.018529419,0.004375485,-0.841651738,-0.863478124,0.863478124,-0.92691505,0.082408614,0.560112119,0.418355048,-2.430541515,317,2024,0.63630295,17 R,581178,2828529,WQ_BB38,2024,10.5,10.5,5.25,4.75,0,0.5,5.25
564,WQ_BB38_14,318,0.053152725,0.060505651,0.018767415,0.005072768,-0.825754404,-0.845291555,0.845291555,-0.861653209,0.111815847,0.592320859,0.421003342,-2.43977499,318,2024,0.64851683,17 R,581179,2828539,WQ_BB38,2024,8,8,1.35,1.35,0,0,6.65
565,WQ_BB38_15,319,0.050889686,0.058420856,0.017338591,0.004724324,-0.830103099,-0.850366294,0.850366294,-0.85761106,0.10638795,0.619061291,0.450196028,-2.412573576,319,2024,0.64962107,17 R,581186,2828533,WQ_BB38,2024,18.2,18.2,11.5,11.5,0,0,6.7
566,WQ_BB38_16,320,0.050889686,0.058420856,0.017338591,0.004724324,-0.830103099,-0.850366294,0.850366294,-0.85761106,0.10638795,0.619061291,0.450196028,-2.412573576,320,2024,0.6589287,17 R,581186,2828539,WQ_BB38,2024,18.3,17.8,14.5,14.5,0,0,3.3
567,WQ_BB38_17,321,0.054483641,0.059071563,0.017099643,0.004956412,-0.833229899,-0.845179796,0.845179796,-0.825843394,0.162598282,0.699612319,0.472533256,-2.44956708,321,2024,0.6133242,17 R,581178,2828544,WQ_BB38,2024,73.4,73.4,68.75,68.75,0,0,4.65
568,WQ_BB38_18,322,0.053687964,0.058942977,0.017934475,0.004840686,-0.834587455,-0.848215461,0.848215461,-0.862372935,0.150253296,0.64261359,0.4316746,-2.394612551,322,2024,0.621765,17 R,581196,2828548,WQ_BB38,2024,13.25,13.25,5.25,5.25,0,0,8
569,WQ_BB38_19,323,0.053156268,0.059464995,0.017339289,0.005189628,-0.822108209,-0.839466155,0.839466155,-0.808937788,0.1307244,0.662601352,0.467878193,-2.376614809,323,2024,0.6287371,17 R,581192,2828530,WQ_BB38,2024,11.3,11.3,5.75,5.25,0,0.5,5.55
570,WQ_BB38_2,324,0.050492804,0.056466412,0.015910067,0.004492482,-0.83659333,-0.852606177,0.852606177,-0.839423418,0.135513648,0.687509775,0.485939562,-2.349788427,324,2024,0.6821415,17 R,581195,2828506,WQ_BB38,2024,9.15,9.15,2.75,2.75,0,0,6.4
571,WQ_BB38_20,325,0.051690664,0.057900187,0.01745821,0.005189503,-0.817528546,-0.835488081,0.835488081,-0.812579155,0.131727591,0.628578961,0.435664713,-2.386164904,325,2024,0.624431,17 R,581199,2828531,WQ_BB38,2024,26.5,26.5,22.25,22.25,0,0,4.25
572,WQ_BB38_21,326,0.052225061,0.058813795,0.017101336,0.004027402,-0.856809795,-0.871822894,0.871822894,-0.928162515,0.12500979,0.657186508,0.468079716,-2.355829477,326,2024,0.6330616,17 R,581205,2828538,WQ_BB38,2024,14.9,14.9,7.75,7.75,0,0,7.15
573,WQ_BB38_22,327,0.051690664,0.057900187,0.01745821,0.005189503,-0.817528546,-0.835488081,0.835488081,-0.812579155,0.131727591,0.628578961,0.435664713,-2.386164904,327,2024,0.64380693,17 R,581195,2828540,WQ_BB38,2024,25.55,25.55,21.5,21.5,0,0,4.05
574,WQ_BB38_23,328,0.052890554,0.059465326,0.01817319,0.004259758,-0.850927949,-0.866308272,0.866308272,-0.930334628,0.125707075,0.615919352,0.429768056,-2.365796328,328,2024,0.6265862,17 R,581201,2828549,WQ_BB38,2024,16.15,16.15,9.5,9.5,0,0,6.65
575,WQ_BB38_24,329,0.054223567,0.06050894,0.017578123,0.004260011,-0.854317725,-0.868455172,0.868455172,-0.914783716,0.131703064,0.670344889,0.474180788,-2.336951494,329,2024,0.6733531,17 R,581211,2828543,WQ_BB38,2024,34.95,34.95,31.25,31.25,0,0,3.7
576,WQ_BB38_25,330,0.052358709,0.058944434,0.017935371,0.004143768,-0.853324354,-0.868635714,0.868635714,-0.936966062,0.125155911,0.617498755,0.431658775,-2.343022585,330,2024,0.6526476,17 R,581209,2828525,WQ_BB38,2024,7.1,7.1,0.35,0.35,0,0,6.75
577,WQ_BB38_26,331,0.054779731,0.066253372,0.022587586,0.005078305,-0.83032167,-0.857614338,0.857614338,-0.949324965,0.043407761,0.458105564,0.361409038,-1.67362988,331,2024,0.6635284,17 R,581326,2828394,WQ_BB38,2024,19.8,19.8,11.75,11.75,0,0,8.05
578,WQ_BB38_27,332,0.05518052,0.067555606,0.022826124,0.00565968,-0.813949347,-0.845396221,0.845396221,-0.903947294,0.029557785,0.456075817,0.372349322,-1.62647903,332,2024,0.6672512,17 R,581336,2828395,WQ_BB38,2024,5.1,5.1,0.6,0.1,0,0.5,4.5
579,WQ_BB38_28,333,0.057177171,0.067035727,0.025325414,0.005078686,-0.836844683,-0.859149218,0.859149218,-0.998881459,0.073492639,0.399445236,0.28031227,-1.609651804,333,2024,0.8234343,17 R,581346,2828406,WQ_BB38,2024,36.15,36.15,30.25,30.25,0,0,5.9
580,WQ_BB38_29,334,0.056111488,0.067815572,0.024492025,0.005543333,-0.820181668,-0.848870873,0.848870873,-0.946319222,0.04211707,0.410315216,0.319030136,-1.643618941,334,2024,0.66927713,17 R,581335,2828402,WQ_BB38,2024,7.9,7.9,0.85,0.35,0,0.5,7.05
581,WQ_BB38_3,335,0.052492373,0.05816244,0.018054686,0.005073776,-0.823723614,-0.839529395,0.839529395,-0.841878951,0.142210215,0.6141662,0.412923038,-2.326037169,335,2024,0.63257825,17 R,581209,2828511,WQ_BB38,2024,36.2,36.2,31.25,31.25,0,0,4.95
582,WQ_BB38_30,336,0.058370855,0.06872534,0.024967492,0.004961952,-0.843305469,-0.86532408,0.86532408,-1.002635002,0.067120291,0.4327344,0.31675449,-1.686202765,336,2024,0.6700334,17 R,581329,2828402,WQ_BB38,2024,10.45,10.45,4,3.75,0,0.25,6.45
583,WQ_BB38_31,337,0.056111488,0.067815572,0.024492025,0.005543333,-0.820181668,-0.848870873,0.848870873,-0.946319222,0.04211707,0.410315216,0.319030136,-1.643618941,337,2024,0.7097825,17 R,581334,2828407,WQ_BB38,2024,10.25,10.25,2.5,2.5,0,0,7.75
584,WQ_BB38_32,338,0.058636297,0.068594992,0.024729319,0.005775403,-0.820672214,-0.844685435,0.844685435,-0.932015538,0.073719308,0.445774853,0.322633862,-1.694317818,338,2024,0.68269855,17 R,581327,2828415,WQ_BB38,2024,5.9,5.9,2.25,2.25,0,0,3.65
585,WQ_BB38_33,339,0.055842325,0.068464294,0.024848016,0.005659051,-0.815969944,-0.847307205,0.847307205,-0.943500996,0.0269688,0.392705142,0.316841155,-1.724286437,339,2024,0.7618686,17 R,581318,2828407,WQ_BB38,2024,7.1,7.1,1.6,1.35,0,0.25,5.5
586,WQ_BB38_34,340,0.054779731,0.066253372,0.022587586,0.005078305,-0.83032167,-0.857614338,0.857614338,-0.949324965,0.043407761,0.458105564,0.361409038,-1.67362988,340,2024,0.76598316,17 R,581322,2828399,WQ_BB38,2024,5.35,5.35,0,0,0,0,5.35
587,WQ_BB38_35,341,0.055842325,0.068464294,0.024848016,0.005659051,-0.815969944,-0.847307205,0.847307205,-0.943500996,0.0269688,0.392705142,0.316841155,-1.724286437,341,2024,0.6563836,17 R,581311,2828402,WQ_BB38,2024,84.75,82.75,82.75,82.75,0,0,0
588,WQ_BB38_36,342,0.057970006,0.069634683,0.02449085,0.005426481,-0.828808129,-0.855411768,0.855411768,-0.955852449,0.045953378,0.442942947,0.345539987,-1.732688069,342,2024,0.8139701,17 R,581310,2828411,WQ_BB38,2024,20.1,20.1,12,12,0,0,8.1
589,WQ_BB38_37,343,0.058636297,0.068594992,0.024729319,0.005775403,-0.820672214,-0.844685435,0.844685435,-0.932015538,0.073719308,0.445774853,0.322633862,-1.694317818,343,2024,0.72056687,17 R,581326,2828411,WQ_BB38,2024,6.35,5.6,0.35,0.1,0,0.25,5.25
590,WQ_BB38_38,344,0.051713593,0.06403815,0.023181507,0.005193902,-0.81746155,-0.849956691,0.849956691,-0.950872898,0.022742013,0.377481043,0.306341052,-1.778141618,344,2024,0.81454116,17 R,581304,2828403,WQ_BB38,2024,7.45,7.45,2.95,2.95,0,0,4.5
591,WQ_BB38_39,345,0.055707276,0.06664151,0.023538355,0.004961321,-0.836445153,-0.861421108,0.861421108,-0.977749705,0.053854316,0.438319027,0.33379373,-1.783741951,345,2024,0.8690854,17 R,581306,2828420,WQ_BB38,2024,5.1,5.1,0.25,0.25,0,0,4.85
592,WQ_BB38_4,346,0.050362159,0.059206355,0.0188889,0.004492864,-0.836191356,-0.858935058,0.858935058,-0.923542619,0.081462473,0.532667458,0.394059718,-2.296802759,346,2024,0.6191904,17 R,581214,2828520,WQ_BB38,2024,7.65,7.65,2.75,2.75,0,0,4.9
593,WQ_BB38_40,347,0.054774839,0.062213901,0.023180921,0.005542204,-0.816230893,-0.836407244,0.836407244,-0.921141982,0.111639827,0.435013771,0.277461052,-1.811361194,347,2024,0.7946481,17 R,581305,2828435,WQ_BB38,2024,6.25,6.25,1.8,1.8,0,0,4.45
594,WQ_BB38_41,348,0.053176861,0.062474161,0.021871416,0.005425856,-0.814825773,-0.840180993,0.840180993,-0.903692484,0.077498414,0.456991941,0.328820527,-1.828738332,348,2024,0.8890586,17 R,581306,2828445,WQ_BB38,2024,13.3,13.3,4.5,4.5,0,0,8.8
595,WQ_BB38_42,349,0.057304222,0.067682877,0.025918227,0.005077553,-0.837210357,-0.860430896,0.860430896,-1.008556962,0.065277964,0.381138325,0.27114442,-1.761402726,349,2024,0.9051527,17 R,581317,2828434,WQ_BB38,2024,96.25,96.25,94.75,94.75,0,0,1.5
596,WQ_BB38_43,350,0.060628872,0.074574463,0.026156647,0.005775154,-0.826060116,-0.856249392,0.856249392,-0.957422972,0.01636575,0.429411888,0.360678971,-1.722175121,350,2024,0.89122456,17 R,581327,2828433,WQ_BB38,2024,10.65,10.65,2.6,2.35,0,0.25,8.05
597,WQ_BB38_44,351,0.060630847,0.073276266,0.026395246,0.005194411,-0.842175722,-0.867608845,0.867608845,-1.006698251,0.035470903,0.421388775,0.335749209,-1.667029381,351,2024,0.7768781,17 R,581336,2828425,WQ_BB38,2024,5.55,5.55,1.6,1.6,0,0,3.95
598,WQ_BB38_45,352,0.059169535,0.0680755,0.024253841,0.005078309,-0.841915011,-0.861160755,0.861160755,-0.980606556,0.091028534,0.472050965,0.330785602,-1.652617812,352,2024,0.86780816,17 R,581336,2828415,WQ_BB38,2024,36,36,34.75,34.75,0,0,1.25
599,WQ_BB38_47,353,0.054779731,0.066253372,0.022587586,0.005078305,-0.83032167,-0.857614338,0.857614338,-0.949324965,0.043407761,0.458105564,0.361409038,-1.67362988,353,2024,0.93190503,17 R,581325,2828397,WQ_BB38,2024,12,12,4.5,4.5,0,0,7.5
600,WQ_BB38_48,354,0.058370855,0.06872534,0.024967492,0.004961952,-0.843305469,-0.86532408,0.86532408,-1.002635002,0.067120291,0.4327344,0.31675449,-1.686202765,354,2024,0.76521176,17 R,581322,2828410,WQ_BB38,2024,13,13,1.25,1.25,0,0,11.75
601,WQ_BB38_49,355,0.059566285,0.072885536,0.025918908,0.005310385,-0.836292922,-0.864177465,0.864177465,-0.989865005,0.023563508,0.419830441,0.345180064,-1.711136341,355,2024,0.6789584,17 R,581324,2828424,WQ_BB38,2024,9,9,5.25,4.25,0,1,3.75
602,WQ_BB38_5,356,0.053423028,0.058291931,0.017101243,0.004724827,-0.837489247,-0.850045383,0.850045383,-0.850571096,0.157368958,0.679870725,0.459171385,-2.359357595,356,2024,0.6200302,17 R,581199,2828519,WQ_BB38,2024,20.65,20.65,18.25,18.25,0,0,2.4
603,WQ_BB38_50,357,0.059431855,0.068593837,0.024490658,0.005310133,-0.83596015,-0.85629642,0.85629642,-0.965437055,0.087214045,0.46785453,0.330486268,-1.750235081,357,2024,0.7452224,17 R,581315,2828422,WQ_BB38,2024,14.75,14.75,11.5,11.25,0,0.25,3.25
604,WQ_BB38_51,358,0.056227796,0.062859207,0.018654227,0.00391404,-0.869839668,-0.882766247,0.882766247,-0.979706645,0.126613155,0.653929234,0.464072704,-2.165490627,358,2024,0.6311919,17 R,581186,2828264,WQ_BB38,2024,93.25,93.25,91.75,91.75,0,0,1.5
605,WQ_BB38_52,359,0.05289977,0.061425932,0.019249476,0.002751444,-0.901118279,-0.914255023,0.914255023,-1.124818802,0.09065114,0.565051258,0.41551888,-2.177243948,359,2024,0.6750087,17 R,581182,2828277,WQ_BB38,2024,10.6,10.6,0.25,0.25,0,0,10.35
606,WQ_BB38_53,360,0.054628544,0.06103386,0.019606033,0.003681052,-0.87374115,-0.886237919,0.886237919,-1.025781989,0.129762992,0.580926836,0.394222677,-2.233694077,360,2024,0.6404787,17 R,581177,2828288,WQ_BB38,2024,22.2,22.2,14.25,14.25,0,0,7.95
607,WQ_BB38_54,361,0.05289977,0.061425932,0.019249476,0.002751444,-0.901118279,-0.914255023,0.914255023,-1.124818802,0.09065114,0.565051258,0.41551888,-2.177243948,361,2024,0.74051684,17 R,581188,2828279,WQ_BB38,2024,15.35,15.35,11.75,11.75,0,0,3.6
608,WQ_BB38_55,362,0.054762721,0.061816234,0.019487249,0.00472732,-0.841071904,-0.857918024,0.857918024,-0.914321184,0.118382834,0.588771105,0.411891073,-2.199520111,362,2024,0.6199614,17 R,581184,2828291,WQ_BB38,2024,32.3,32.3,29.25,29.25,0,0,3.05
609,WQ_BB38_56,363,0.055294603,0.061294794,0.019963361,0.004262255,-0.856867671,-0.869968057,0.869968057,-0.972180009,0.137248531,0.57702291,0.383832991,-2.217014074,363,2024,0.7308487,17 R,581189,2828307,WQ_BB38,2024,11.4,9.9,6.25,6.25,0,0,3.65
610,WQ_BB38_57,364,0.055294603,0.061294794,0.019963361,0.004262255,-0.856867671,-0.869968057,0.869968057,-0.972180009,0.137248531,0.57702291,0.383832991,-2.217014074,364,2024,0.71762884,17 R,581182,2828308,WQ_BB38,2024,29.35,29.35,25.5,25.5,0,0,3.85
611,WQ_BB38_58,365,0.055294603,0.061294794,0.019963361,0.004262255,-0.856867671,-0.869968057,0.869968057,-0.972180009,0.137248531,0.57702291,0.383832991,-2.217014074,365,2024,0.6881752,17 R,581180,2828310,WQ_BB38,2024,24,24,22.75,22.75,0,0,1.25
612,WQ_BB38_59,366,0.055294603,0.061294794,0.019963361,0.004262255,-0.856867671,-0.869968057,0.869968057,-0.972180009,0.137248531,0.57702291,0.383832991,-2.217014074,366,2024,0.6881752,17 R,581180,2828310,WQ_BB38,2024,23.9,23.9,21.75,21.75,0,0,2.15
613,WQ_BB38_6,367,0.05022379,0.060246162,0.018291704,0.004956915,-0.820338845,-0.847954571,0.847954571,-0.860360086,0.059803039,0.558416903,0.437538952,-2.40398097,367,2024,0.62383896,17 R,581188,2828521,WQ_BB38,2024,13.95,13.95,7.75,7.75,0,0,6.2
614,WQ_BB38_60,368,0.05422613,0.061162379,0.01889053,0.003331809,-0.884227633,-0.896678805,0.896678805,-1.050208211,0.120084867,0.606513739,0.426493078,-2.311874866,368,2024,0.6570876,17 R,581157,2828281,WQ_BB38,2024,33.15,33.15,29.75,29.75,0,0,3.4
615,WQ_BB38_61,369,0.054361247,0.061163548,0.019605739,0.004959525,-0.8327896,-0.849991083,0.849991083,-0.89432466,0.122552715,0.576035142,0.396357477,-2.260621548,369,2024,0.83869547,17 R,581160,2828274,WQ_BB38,2024,20.1,20.1,14.5,14.5,0,0,5.6
616,WQ_BB38_62,370,0.055160262,0.06116382,0.018653234,0.003913533,-0.867503583,-0.879726708,0.879726708,-0.979739428,0.137139171,0.634808004,0.436774313,-2.249920845,370,2024,0.664535,17 R,581160,2828262,WQ_BB38,2024,29.75,29.75,26.75,26.75,0,0,3
617,WQ_BB38_63,371,0.054361247,0.061163548,0.019605739,0.004959525,-0.8327896,-0.849991083,0.849991083,-0.89432466,0.122552715,0.576035142,0.396357477,-2.260621548,371,2024,0.6945111,17 R,581165,2828273,WQ_BB38,2024,22.25,22.25,18.25,18.25,0,0,4
618,WQ_BB38_64,372,0.055292442,0.061293568,0.019486457,0.004378235,-0.853253365,-0.866663158,0.866663158,-0.949617684,0.137231171,0.598433673,0.403432965,-2.272903204,372,2024,0.74766594,17 R,581168,2828282,WQ_BB38,2024,13.55,13.55,3.5,3.5,0,0,10.05
619,WQ_BB38_65,373,0.054628544,0.06103386,0.019606033,0.003681052,-0.87374115,-0.886237919,0.886237919,-1.025781989,0.129762992,0.580926836,0.394222677,-2.233694077,373,2024,0.7605552,17 R,581170,2828281,WQ_BB38,2024,95,92.5,87.25,87.25,0,0,5.25
620,WQ_BB38_66,374,0.055292442,0.061293568,0.019486457,0.004378235,-0.853253365,-0.866663158,0.866663158,-0.949617684,0.137231171,0.598433673,0.403432965,-2.272903204,374,2024,0.9099771,17 R,581166,2828288,WQ_BB38,2024,40.35,40.1,34.75,34.75,0,0,5.35
621,WQ_BB38_67,375,0.054890752,0.059206869,0.018890131,0.004029018,-0.863237143,-0.872571766,0.872571766,-0.972622037,0.16755785,0.618714452,0.394015491,-2.332688332,375,2024,0.6574793,17 R,581157,2828308,WQ_BB38,2024,30.35,30.35,25.75,25.75,0,0,4.6
622,WQ_BB38_68,376,0.053694252,0.060902111,0.019128803,0.00414551,-0.856655359,-0.872539222,0.872539222,-0.965654194,0.114859328,0.585537076,0.412057549,-2.295702219,376,2024,0.76851845,17 R,581165,2828304,WQ_BB38,2024,17.95,17.95,13.25,13.25,0,0,4.7
623,WQ_BB38_69,377,0.056751501,0.063505486,0.017817505,0.004842289,-0.842766941,-0.858304381,0.858304381,-0.858914375,0.124774933,0.703911781,0.511540055,-2.376076698,377,2024,0.7300098,17 R,581142,2828311,WQ_BB38,2024,31.8,31.8,29.25,29.25,0,0,2.55
624,WQ_BB38_7,378,0.05022379,0.060246162,0.018291704,0.004956915,-0.820338845,-0.847954571,0.847954571,-0.860360086,0.059803039,0.558416903,0.437538952,-2.40398097,378,2024,0.60271657,17 R,581182,2828526,WQ_BB38,2024,30.05,29.55,21.25,21.25,0,0,8.3
625,WQ_BB38_70,379,0.055688098,0.0615521,0.018532543,0.004145129,-0.861443937,-0.873811185,0.873811185,-0.951646268,0.139790133,0.650090337,0.448369801,-2.358227968,379,2024,0.7086872,17 R,581142,2828300,WQ_BB38,2024,23.3,22.55,18.5,18.5,0,0,4.05
626,WQ_BB38_71,380,0.05422613,0.061162379,0.01889053,0.003331809,-0.884227633,-0.896678805,0.896678805,-1.050208211,0.120084867,0.606513739,0.426493078,-2.311874866,380,2024,0.6884727,17 R,581151,2828281,WQ_BB38,2024,24.75,24.75,20.75,20.75,0,0,4
627,WQ_BB38_72,381,0.053161487,0.061162654,0.019724328,0.004494343,-0.844097495,-0.863096297,0.863096297,-0.943279505,0.10025128,0.548368037,0.391449451,-2.298195839,381,2024,0.7467644,17 R,581154,2828275,WQ_BB38,2024,22.15,22.15,19,19,0,0,3.15
628,WQ_BB38_73,382,0.055957545,0.060120672,0.019248392,0.004145884,-0.862041652,-0.870978475,0.870978475,-0.968346357,0.170172051,0.621295512,0.394086242,-2.275922298,382,2024,0.7322837,17 R,581157,2828260,WQ_BB38,2024,33.55,33.55,31.25,31.25,0,0,2.3
629,WQ_BB38_74,383,0.054762535,0.061685901,0.018653734,0.003681303,-0.874022543,-0.88736546,0.88736546,-1.005534291,0.120671682,0.627547741,0.44525215,-2.208203793,383,2024,0.7794629,17 R,581172,2828267,WQ_BB38,2024,72.9,72.9,62.5,62.5,0,0,10.4
630,WQ_BB38_75,384,0.054360341,0.060902387,0.019009912,0.003913156,-0.865696907,-0.879252553,0.879252553,-0.987875342,0.127183318,0.603396952,0.417121202,-2.280131578,384,2024,0.7123202,17 R,581163,2828292,WQ_BB38,2024,32,32,25.25,25.25,0,0,6.75
631,WQ_BB38_76,385,0.04980005,0.056712151,0.016140429,0.004372426,-0.838573873,-0.856840253,0.856840253,-0.860533774,0.116982587,0.660942197,0.478617311,-2.721904039,385,2024,0.6332683,17 R,580999,2828406,WQ_BB38,2024,20.5,20.5,12.5,12.5,0,0,8
632,WQ_BB38_77,386,0.049267896,0.054233819,0.01494917,0.004488793,-0.832995951,-0.847118735,0.847118735,-0.807212472,0.154768288,0.718216538,0.496148467,-2.703375816,386,2024,0.6012642,17 R,581006,2828414,WQ_BB38,2024,87.75,87.75,85.25,85.25,0,0,2.5
633,WQ_BB38_78,387,0.049935061,0.057234809,0.015306748,0.003675104,-0.86289525,-0.879326582,0.879326582,-0.919165611,0.109726787,0.710697234,0.530825019,-2.688021183,387,2024,0.61713296,17 R,581011,2828431,WQ_BB38,2024,15.25,15.25,9,8.5,0,0.5,6.25
634,WQ_BB38_79,388,0.051397901,0.057233013,0.015663223,0.004139571,-0.850926936,-0.865100324,0.865100324,-0.872880816,0.138634801,0.719147921,0.512112677,-2.718729019,388,2024,0.678378,17 R,580994,2828432,WQ_BB38,2024,14.7,14.7,9.5,9.25,0,0.25,5.2
635,WQ_BB38_8,389,0.051422037,0.057507746,0.01721937,0.004608086,-0.835514009,-0.851629257,0.851629257,-0.866657436,0.133903429,0.635588884,0.440041542,-2.421209097,389,2024,0.6006,17 R,581178,2828512,WQ_BB38,2024,10.8,10.8,2,1.5,0,0.5,8.8
636,WQ_BB38_80,390,0.051662832,0.056058176,0.015662724,0.004488037,-0.840143621,-0.851748407,0.851748407,-0.831831217,0.166301802,0.724317431,0.491397679,-2.735024214,390,2024,0.6634658,17 R,580987,2828438,WQ_BB38,2024,20.6,20.6,16,16,0,0,4.6
637,WQ_BB38_81,391,0.050730567,0.056841128,0.014828799,0.003674467,-0.864921808,-0.878561318,0.878561318,-0.904245675,0.133028105,0.754644573,0.54966414,-2.737735271,391,2024,0.6989975,17 R,580988,2828422,WQ_BB38,2024,30.3,30.3,28.5,28.25,0,0.25,1.8
638,WQ_BB38_82,392,0.051395267,0.055535715,0.016496452,0.004139189,-0.850932598,-0.861275375,0.861275375,-0.898246646,0.17127873,0.673116863,0.439950943,-2.758698702,392,2024,0.64988875,17 R,580977,2828424,WQ_BB38,2024,23.6,22.85,16,15.75,0,0.25,6.85
639,WQ_BB38_83,393,0.04980005,0.056712151,0.016140429,0.004372426,-0.838573873,-0.856840253,0.856840253,-0.860533774,0.116982587,0.660942197,0.478617311,-2.721904039,393,2024,0.642705,17 R,580994,2828401,WQ_BB38,2024,5.95,5.95,1.45,1.45,0,0,4.5
640,WQ_BB38_84,394,0.049266178,0.054754883,0.014829616,0.003209978,-0.877659559,-0.88924402,0.88924402,-0.96617794,0.144348726,0.725304902,0.512225866,-2.740780115,394,2024,0.65635437,17 R,580981,2828390,WQ_BB38,2024,23,23,19.5,19.5,0,0,3.5
641,WQ_BB38_85,395,0.049262159,0.055796325,0.015304864,0.004371665,-0.836981058,-0.854684711,0.854684711,-0.833470106,0.123804294,0.69723922,0.505470634,-2.780682564,395,2024,0.64283645,17 R,580969,2828402,WQ_BB38,2024,25,24,23.25,23.25,0,0,0.75
642,WQ_BB38_86,396,0.051397111,0.058015089,0.014829117,0.004139689,-0.850920856,-0.866794169,0.866794169,-0.845289946,0.123879232,0.767678916,0.570089757,-2.761718035,396,2024,0.74025476,17 R,580970,2828388,WQ_BB38,2024,98.25,98.25,95.75,95.75,0,0,2.5
643,WQ_BB38_87,397,0.047396649,0.055405818,0.014709541,0.004604395,-0.822911441,-0.846546292,0.846546292,-0.784807384,0.092827402,0.693830967,0.53064096,-2.756869078,397,2024,0.72729206,17 R,580978,2828407,WQ_BB38,2024,70.65,70.65,68.75,68.75,0,0,1.9
644,WQ_BB38_88,398,0.052329794,0.056319654,0.01447149,0.003209599,-0.884420812,-0.89216733,0.89216733,-0.955418289,0.174075037,0.807319522,0.560239375,-2.742662907,398,2024,0.8418527,17 R,580982,2828416,WQ_BB38,2024,26.1,26.1,21.5,20,0,1.5,4.6
645,WQ_BB38_9,399,0.051422037,0.057507746,0.01721937,0.004608086,-0.835514009,-0.851629257,0.851629257,-0.866657436,0.133903429,0.635588884,0.440041542,-2.421209097,399,2024,0.62253064,17 R,581171,2828518,WQ_BB38,2024,15.7,15.7,11.5,11.5,0,0,4.2
646,WQ_BB38_90,400,0.049660105,0.054881811,0.014231635,0.004022565,-0.850135446,-0.863420486,0.863420486,-0.838908613,0.14979814,0.769782364,0.547939658,-2.797439098,400,2024,0.65218824,17 R,580952,2828417,WQ_BB38,2024,24.15,24.15,21.75,21.75,0,0,2.4
647,WQ_BB38_91,401,0.050458938,0.053837199,0.016971797,0.00367358,-0.864274561,-0.872247279,0.872247279,-0.96618849,0.186627194,0.629529357,0.385837913,-2.794031858,401,2024,0.64534175,17 R,580958,2828432,WQ_BB38,2024,29.25,29.25,23.25,23.25,0,0,6
648,WQ_BB38_92,402,0.050859824,0.056838769,0.015542365,0.005184807,-0.814975798,-0.832811713,0.832811713,-0.749563694,0.135617822,0.715495586,0.511485934,-2.770876884,402,2024,0.75359577,17 R,580961,2828442,WQ_BB38,2024,29.15,29.15,24.5,24.5,0,0,4.65
649,WQ_BB38_93,403,0.051794048,0.056448352,0.015423709,0.00472013,-0.832957685,-0.845667899,0.845667899,-0.797036111,0.161305472,0.740496218,0.510812044,-2.750424862,403,2024,0.7366458,17 R,580976,2828449,WQ_BB38,2024,19.3,19.3,12.75,12.75,0,0,6.55
650,WQ_BB38_94,404,0.050864458,0.058275979,0.016616179,0.004255685,-0.845585108,-0.863887012,0.863887012,-0.888312638,0.108588718,0.656319857,0.482246578,-2.718576908,404,2024,0.6777393,17 R,580996,2828444,WQ_BB38,2024,32.6,32.6,28.5,28.5,0,0,4.1
651,WQ_BB38_95,405,0.049799133,0.056189813,0.015067629,0.004372176,-0.838579655,-0.855613232,0.855613232,-0.825274706,0.12701346,0.721939445,0.525174618,-2.718902349,405,2024,0.75331193,17 R,580997,2828429,WQ_BB38,2024,37.75,37.75,34.25,34.25,0,0,3.5
652,WQ_BB38_96,406,0.049799133,0.056189813,0.015067629,0.004372176,-0.838579655,-0.855613232,0.855613232,-0.825274706,0.12701346,0.721939445,0.525174618,-2.718902349,406,2024,0.6469005,17 R,580992,2828422,WQ_BB38,2024,25.6,25.6,16.5,15.5,0,1,9.1
653,WQ_BB38_97,407,0.050861824,0.054622058,0.016019676,0.005417642,-0.8074736,-0.819531322,0.819531322,-0.741839528,0.17886132,0.688700795,0.447160214,-2.753370285,407,2024,0.645253,17 R,580978,2828434,WQ_BB38,2024,100,100,93,93,0,0,7
654,WQ_BB38_98,408,0.052594829,0.055536047,0.016019972,0.004139191,-0.854084313,-0.86127609,0.86127609,-0.884023309,0.194343969,0.722189605,0.463739723,-2.734635115,408,2024,0.6615919,17 R,580980,2828442,WQ_BB38,2024,80.5,80.5,75,74.25,0,0.75,5.5
655,WQ_BB38_99,409,0.050859824,0.056838769,0.015542365,0.005184807,-0.814975798,-0.832811713,0.832811713,-0.749563694,0.135617822,0.715495586,0.511485934,-2.770876884,409,2024,0.6237977,17 R,580968,2828447,WQ_BB38,2024,70.4,70.4,67.25,66.75,0,0.5,3.15
656,WQ_BB53_1,410,0.021511735,0.033775412,0.02157872,0.005922517,-0.568239212,-0.701620877,0.701620877,-0.853936315,-0.159581378,-0.436080545,-0.275266856,-1.161911726,410,2023,0.72094744,17 R,567243.727,2820862.258,WQ_BB53,2024,76.75,66.55,66.45,56.2,0,10.25,0.1
657,WQ_BB53_10,411,0.022614878,0.034847207,0.021339364,0.006277796,-0.565440297,-0.694696903,0.694696903,-0.818054855,-0.143500254,-0.37617597,-0.234975874,-1.158846021,411,2023,0.7781279,17 R,567257.979,2820855.416,WQ_BB53,2024,99.7,95.5,95.5,95,0,0.5,0
658,WQ_BB53_11,412,0.022339718,0.034312617,0.02206488,0.00686652,-0.529790878,-0.66650492,0.66650492,-0.78798604,-0.138951808,-0.418077856,-0.277565509,-1.163266182,412,2023,0.83381593,17 R,567253.479,2820863.988,WQ_BB53,2024,54.5,47.5,47.5,32.5,0,15,0
659,WQ_BB53_12,413,0.020820187,0.03564164,0.021697113,0.006156188,-0.543586731,-0.705430269,0.705430269,-0.836934447,-0.250666618,-0.473610103,-0.225925207,-1.164107323,413,2023,0.80320424,17 R,567239.609,2820870.315,WQ_BB53,2024,93.2,92,92,87,0,5,0
660,WQ_BB53_13,414,0.020134103,0.034306701,0.020850535,0.005802999,-0.552532971,-0.710643649,0.710643649,-0.846840978,-0.242715716,-0.471810728,-0.231803805,-1.160377502,414,2023,0.89298296,17 R,567233.628,2820869.873,WQ_BB53,2024,89.5,87.5,87.5,79,0,8.5,0
661,WQ_BB53_14,415,0.021227883,0.036573235,0.02205772,0.006390051,-0.537253499,-0.702534318,0.702534318,-0.826128125,-0.259296536,-0.468840569,-0.213498577,-1.16245389,415,2023,0.9943928,17 R,567223.78,2820873.045,WQ_BB53,2024,89,84,84,80,0,4,0
662,WQ_BB53_15,416,0.020820187,0.03564164,0.021697113,0.006156188,-0.543586731,-0.705430269,0.705430269,-0.836934447,-0.250666618,-0.473610103,-0.225925207,-1.164107323,416,2023,0.8010164,17 R,567233.301,2820875.264,WQ_BB53,2024,98,98,77.75,76.25,0,1.5,20.25
663,WQ_BB53_16,417,0.020687163,0.036045089,0.02085256,0.007453508,-0.470267951,-0.657298923,0.657298923,-0.710044861,-0.269300938,-0.444798529,-0.182452664,-1.164877653,417,2023,0.8087626,17 R,567240.259,2820879.217,WQ_BB53,2024,79.75,79.75,66,64,0,2,13.75
664,WQ_BB53_17,418,0.021785015,0.03777983,0.022182988,0.006864431,-0.520798326,-0.692483187,0.692483187,-0.791045725,-0.268641621,-0.447957635,-0.185635179,-1.168086648,418,2023,0.7339241,17 R,567246.573,2820886.777,WQ_BB53,2024,22.25,22.25,21.25,18.25,0,3,1
665,WQ_BB53_18,419,0.024945341,0.037916161,0.022910982,0.006277223,-0.597904682,-0.71592021,0.71592021,-0.854819238,-0.137088954,-0.341138989,-0.208235338,-1.166871786,419,2023,0.8455624,17 R,567258.171,2820887.723,WQ_BB53,2024,64.75,64.75,20.25,18.75,0,1.5,44.5
666,WQ_BB53_19,420,0.02316612,0.040053491,0.024122566,0.00675007,-0.548734665,-0.711557388,0.711557388,-0.844072521,-0.270642608,-0.460850269,-0.195212021,-1.170100212,420,2023,0.80238485,17 R,567265.287,2820884.895,WQ_BB53,2024,99.25,99.25,87.25,84,0,3.25,12
667,WQ_BB53_2,421,0.024943084,0.034977805,0.021095101,0.006865002,-0.568348646,-0.671867073,0.671867073,-0.763414502,-0.049574293,-0.267974168,-0.221893251,-1.158701181,421,2023,0.74982935,17 R,567248.831,2820855.948,WQ_BB53,2024,96.5,95.5,72.25,1,0,71.25,23.25
668,WQ_BB53_20,422,0.023303986,0.036050934,0.022913538,0.006632479,-0.556896329,-0.689224541,0.689224541,-0.826561093,-0.150366008,-0.409300596,-0.258770496,-1.166617513,422,2023,0.9742875,17 R,567263.097,2820874.487,WQ_BB53,2024,56.25,56.25,43,34.25,0,8.75,13.25
669,WQ_BB53_21,423,0.022339718,0.034312617,0.02206488,0.00686652,-0.529790878,-0.66650492,0.66650492,-0.78798604,-0.138951808,-0.418077856,-0.277565509,-1.163266182,423,2023,0.9932906,17 R,567255.018,2820867.486,WQ_BB53,2024,97.75,97.75,84.75,75.75,0,9,13
670,WQ_BB53_22,424,0.020687163,0.036045089,0.02085256,0.007453508,-0.470267951,-0.657298923,0.657298923,-0.710044861,-0.269300938,-0.444798529,-0.182452664,-1.164877653,424,2023,0.9799941,17 R,567245.168,2820873.437,WQ_BB53,2024,72,72,66,61.75,0,4.25,6
671,WQ_BB53_23,425,0.024945341,0.037916161,0.022910982,0.006277223,-0.597904682,-0.71592021,0.71592021,-0.854819238,-0.137088954,-0.341138989,-0.208235338,-1.166871786,425,2023,0.9353521,17 R,567250.757,2820882.071,WQ_BB53,2024,87,87,71.25,67.75,0,3.5,15.75
672,WQ_BB53_24,426,0.016724488,0.02821221,0.019456612,0.009408031,-0.279975206,-0.499842077,0.499842077,-0.522191525,-0.215839952,-0.595968783,-0.371243358,-1.142099857,426,2023,0.88086766,17 R,567056.07,2820893.295,WQ_BB53,2024,76.75,76.75,24.25,12.25,0,12,52.5
673,WQ_BB53_25,427,0.017134571,0.027942551,0.020544617,0.008817795,-0.320463151,-0.520255089,0.520255089,-0.599073172,-0.181185111,-0.620015204,-0.425000072,-1.14264524,427,2023,0.80780816,17 R,567048.633,2820893.455,WQ_BB53,2024,44.25,44.25,32.5,12.75,0,19.75,11.75
674,WQ_BB53_26,428,0.019200569,0.030219279,0.020546306,0.008701256,-0.376294822,-0.552870691,0.552870691,-0.607489049,-0.152413338,-0.506246388,-0.346737355,-1.141612053,428,2023,0.8496298,17 R,567045.327,2820884.883,WQ_BB53,2024,44.25,44.25,41.25,0,0,41.25,3
675,WQ_BB53_27,429,0.01823527,0.029548427,0.020907868,0.009524693,-0.313782007,-0.512468278,0.512468278,-0.561068892,-0.179614156,-0.573304057,-0.383342147,-1.141834855,429,2023,1.0178555,17 R,567037.736,2820881.946,WQ_BB53,2024,64.25,64.25,50,2.25,0,47.75,14.25
676,WQ_BB53_28,430,0.01823527,0.029548427,0.020907868,0.009524693,-0.313782007,-0.512468278,0.512468278,-0.561068892,-0.179614156,-0.573304057,-0.383342147,-1.141834855,430,2023,1.4420923,17 R,567031.525,2820882.735,WQ_BB53,2024,25,25,21.75,0.5,0,21.25,3.25
677,WQ_BB53_29,431,0.018095063,0.029412657,0.021027321,0.008345391,-0.368740737,-0.557954311,0.557954311,-0.647638381,-0.182330906,-0.586076617,-0.392570436,-1.141834855,431,2023,0.8069445,17 R,567021.308,2820886.81,WQ_BB53,2024,90.5,90.5,48,39.25,0,8.75,42.5
678,WQ_BB53_3,432,0.024943084,0.034977805,0.021095101,0.006865002,-0.568348646,-0.671867073,0.671867073,-0.763414502,-0.049574293,-0.267974168,-0.221893251,-1.158701181,432,2023,0.73539263,17 R,567242.512,2820852.653,WQ_BB53,2024,98.75,98.75,95.5,1,0,94.5,3.25
679,WQ_BB53_30,433,0.017814392,0.028873349,0.021629285,0.008696353,-0.343937486,-0.537054956,0.537054956,-0.639702857,-0.17786473,-0.62674886,-0.433980167,-1.142723918,433,2023,1.0803938,17 R,567018.45,2820894.557,WQ_BB53,2024,99.5,99.5,47.25,46.75,0,0.5,52.25
680,WQ_BB53_31,434,0.018226858,0.026999399,0.021023951,0.009285353,-0.325001329,-0.4881953,0.4881953,-0.580940306,-0.082096204,-0.578677356,-0.478050888,-1.144513011,434,2023,1.1197447,17 R,567028.21,2820901.306,WQ_BB53,2024,100,100,45.5,35.75,0,9.75,54.5
681,WQ_BB53_32,435,0.017140342,0.028615935,0.020184824,0.008231281,-0.351142704,-0.553220987,0.553220987,-0.63099128,-0.206710666,-0.604004741,-0.386850417,-1.141618252,435,2023,0.77037364,17 R,567048.365,2820878.886,WQ_BB53,2024,77,77,54.5,24.25,0,30.25,22.5
682,WQ_BB53_33,436,0.018518738,0.026878184,0.021033879,0.00835037,-0.378440827,-0.525931716,0.525931716,-0.647464633,-0.061322451,-0.563209295,-0.48293364,-1.141225696,436,2023,0.91408604,17 R,567045.35,2820869.473,WQ_BB53,2024,95,95,19.75,18,0,1.75,75.25
683,WQ_BB53_34,437,0.018791096,0.027679278,0.021274373,0.008584779,-0.372821599,-0.526540637,0.526540637,-0.63747263,-0.078618824,-0.558694839,-0.462789714,-1.140624762,437,2023,0.97163534,17 R,567037.558,2820867.951,WQ_BB53,2024,90.86,90.86,20.57,16.29,0,4.29,70.29
684,WQ_BB53_35,438,0.018100603,0.029416742,0.020909552,0.008936934,-0.338923931,-0.533972502,0.533972502,-0.601709902,-0.182175651,-0.580787897,-0.387874067,-1.141834855,438,2023,0.81409883,17 R,567031.47,2820871.06,WQ_BB53,2024,98.5,98.5,49.25,44.5,0,4.75,49.25
685,WQ_BB53_36,439,0.018791096,0.027679278,0.021274373,0.008584779,-0.372821599,-0.526540637,0.526540637,-0.63747263,-0.078618824,-0.558694839,-0.462789714,-1.140624762,439,2023,0.93747044,17 R,567033.071,2820860.959,WQ_BB53,2024,73.6,73.6,29.5,24.5,0,5,44.1
686,WQ_BB53_37,440,0.018384064,0.028218728,0.019461825,0.008351645,-0.375244141,-0.543256223,0.543256223,-0.599179804,-0.121480621,-0.501596272,-0.371229768,-1.1389817,440,2023,0.87075675,17 R,567043.263,2820854.021,WQ_BB53,2024,44,44,32,3.25,0,28.75,12
687,WQ_BB53_38,441,0.019624185,0.029959999,0.02055298,0.007645979,-0.439242154,-0.593363643,0.593363643,-0.686567962,-0.121232033,-0.484711647,-0.355617851,-1.139354706,441,2023,0.7996525,17 R,567057.223,2820853.841,WQ_BB53,2024,97.75,97.75,50.25,47.25,0,3,47.5
688,WQ_BB53_39,442,0.01701392,0.029426889,0.020796675,0.007175927,-0.40669927,-0.607903004,0.607903004,-0.730397642,-0.244463593,-0.637899339,-0.383136839,-1.139474034,442,2023,0.84329075,17 R,567067.748,2820850.66,WQ_BB53,2024,40.75,40.75,31,7.25,0,23.75,9.75
689,WQ_BB53_4,443,0.019580266,0.03376947,0.020485234,0.006625819,-0.494329691,-0.671950877,0.671950877,-0.766813457,-0.253466725,-0.484023213,-0.233244762,-1.159877181,443,2023,0.7381443,17 R,567227.281,2820860.665,WQ_BB53,2024,81.7,81.7,67.25,0.75,0,66.5,14.45
690,WQ_BB53_40,444,0.017291769,0.031167587,0.021766527,0.008119674,-0.360943496,-0.586651027,0.586651027,-0.684940815,-0.29068017,-0.662136137,-0.362652987,-1.139814258,444,2023,0.89838856,17 R,567074.403,2820855.99,WQ_BB53,2024,96.25,96.25,84.25,82.5,0,1.75,12
691,WQ_BB53_41,445,0.021290818,0.033449553,0.020685347,0.007419164,-0.483164847,-0.636927009,0.636927009,-0.708045542,-0.159375176,-0.408893526,-0.250651777,-1.111452579,445,2023,0.76692706,17 R,566965.869,2820638.294,WQ_BB53,2024,96.75,96.75,85,81.75,0,3.25,11.75
692,WQ_BB53_42,446,0.020188645,0.034783654,0.019957362,0.007535674,-0.456385255,-0.643866062,0.643866062,-0.677718222,-0.255005419,-0.430265486,-0.182470471,-1.11125493,446,2023,0.6789373,17 R,566958.339,2820635.219,WQ_BB53,2024,100,100,88.75,86,0,2.75,11.25
693,WQ_BB53_43,447,0.021286692,0.034381967,0.020319754,0.007770715,-0.465147406,-0.631306291,0.631306291,-0.670104861,-0.189428717,-0.393267989,-0.2086882,-1.111047506,447,2023,0.89809626,17 R,566953.067,2820640.76,WQ_BB53,2024,98.5,98.5,88.75,86.25,0,2.5,9.75
694,WQ_BB53_44,448,0.021286692,0.034381967,0.020319754,0.007770715,-0.465147406,-0.631306291,0.631306291,-0.670104861,-0.189428717,-0.393267989,-0.2086882,-1.111047506,448,2023,0.67497134,17 R,566952.511,2820647.417,WQ_BB53,2024,90.25,90.25,38,35.25,0,2.75,52.25
695,WQ_BB53_45,449,0.023765666,0.035589378,0.020445043,0.007184877,-0.535718858,-0.664056003,0.664056003,-0.719880819,-0.116754048,-0.288561285,-0.179161102,-1.111453295,449,2023,0.74060345,17 R,566976.866,2820639.472,WQ_BB53,2024,81.3,72.8,72.8,69.5,0,3.3,0
696,WQ_BB53_46,450,0.021297116,0.030646814,0.020204842,0.006950655,-0.507879436,-0.630259454,0.630259454,-0.732127309,-0.064039148,-0.387747288,-0.31908977,-1.11145401,450,2023,0.803422,17 R,566983.239,2820637.754,WQ_BB53,2024,30.5,26.5,26.5,25.5,0,1,0
697,WQ_BB53_47,451,0.021432949,0.031581648,0.020688087,0.006949976,-0.510270655,-0.639258623,0.639258623,-0.745608211,-0.09031456,-0.402357519,-0.308221489,-1.111450315,451,2023,0.8110607,17 R,566988.342,2820645.103,WQ_BB53,2024,101.2,99,96.5,94.4,0,2.1,2.5
698,WQ_BB53_48,452,0.023765666,0.035589378,0.020445043,0.007184877,-0.535718858,-0.664056003,0.664056003,-0.719880819,-0.116754048,-0.288561285,-0.179161102,-1.111453295,452,2023,0.7462199,17 R,566977.976,2820631.077,WQ_BB53,2024,90.1,77.2,77.2,75,0,2.2,0
699,WQ_BB53_49,453,0.021023907,0.031717572,0.019237347,0.007422572,-0.478137702,-0.620718181,0.620718181,-0.664749265,-0.11424803,-0.357128352,-0.244930863,-1.1116153,453,2023,0.70832175,17 R,566981.644,2820624.356,WQ_BB53,2024,95.7,94.3,94.3,90,0,4.3,0
700,WQ_BB53_5,454,0.019580266,0.03376947,0.020485234,0.006625819,-0.494329691,-0.671950877,0.671950877,-0.766813457,-0.253466725,-0.484023213,-0.233244762,-1.159877181,454,2023,1.0688735,17 R,567225.191,2820868.814,WQ_BB53,2024,96,96,71.75,0,0,71.75,24.25
701,WQ_BB53_51,455,0.020739514,0.032245409,0.020079168,0.006829366,-0.504559755,-0.650446296,0.650446296,-0.738602221,-0.145792559,-0.408742964,-0.263179839,-1.112883329,455,2023,0.68322784,17 R,566958.445,2820622.093,WQ_BB53,2024,5,5,5,4,0,1,0
702,WQ_BB53_52,456,0.019780634,0.031846561,0.020080946,0.008597802,-0.39406088,-0.574833095,0.574833095,-0.600609064,-0.179612637,-0.456158966,-0.275698006,-1.111597896,456,2023,0.67334926,17 R,566969.559,2820629.387,WQ_BB53,2024,89.8,77.8,77.8,71,0,6.8,0
703,WQ_BB53_53,457,0.024683738,0.041125212,0.025575895,0.006633428,-0.576371074,-0.722210348,0.722210348,-0.882157624,-0.235866666,-0.449295908,-0.216278285,-1.112380028,457,2023,0.6020043,17 R,567264.347,2820653.914,WQ_BB53,2024,51,41,41,30,0,11,0
704,WQ_BB53_54,458,0.026196303,0.044726532,0.024852749,0.006399581,-0.607338071,-0.749655068,0.749655068,-0.88568604,-0.267562419,-0.364377618,-0.109058857,-1.112380028,458,2023,0.7271441,17 R,567272.7,2820659.357,WQ_BB53,2024,23,17.5,17.5,9,0,8.5,0
705,WQ_BB53_55,459,0.026196303,0.044726532,0.024852749,0.006399581,-0.607338071,-0.749655068,0.749655068,-0.88568604,-0.267562419,-0.364377618,-0.109058857,-1.112380028,459,2023,0.6822289,17 R,567274.249,2820653.708,WQ_BB53,2024,44,28,28,25.5,0,2.5,0
706,WQ_BB53_56,460,0.024820734,0.041524999,0.025212862,0.006279718,-0.596165478,-0.737276256,0.737276256,-0.901790738,-0.240838751,-0.431078732,-0.19500351,-1.112367272,460,2023,0.8301409,17 R,567267.033,2820637.069,WQ_BB53,2024,50,38.5,38.5,36.5,0,2,0
707,WQ_BB53_57,461,0.024953669,0.039788581,0.024968829,0.007338027,-0.545516193,-0.68858242,0.68858242,-0.818594158,-0.189105719,-0.417108953,-0.229826987,-1.112684608,461,2023,0.7692092,17 R,567257.431,2820635.66,WQ_BB53,2024,75.8,72,72,70,0,2,0
708,WQ_BB53_58,462,0.024400799,0.039385568,0.023152716,0.005098321,-0.654340804,-0.770779014,0.770779014,-0.958605289,-0.200454146,-0.372521281,-0.178730071,-1.113579273,462,2023,0.6199693,17 R,567249.555,2820639.768,WQ_BB53,2024,62.3,55.3,55.2,52,0,3.2,0.1
709,WQ_BB53_59,463,0.025502402,0.040455662,0.024485538,0.00557162,-0.64139694,-0.757899225,0.757899225,-0.943897486,-0.185411349,-0.378017694,-0.197340146,-1.112685561,463,2023,1.1396099,17 R,567253.129,2820652.597,WQ_BB53,2024,73.2,64.7,64.7,62.5,0,2.2,0
710,WQ_BB53_6,464,0.020134103,0.034306701,0.020850535,0.005802999,-0.552532971,-0.710643649,0.710643649,-0.846840978,-0.242715716,-0.471810728,-0.231803805,-1.160377502,464,2023,0.67563117,17 R,567234.609,2820869.289,WQ_BB53,2024,64,57,57,51,0,6,0
711,WQ_BB53_60,465,0.024259584,0.039783116,0.023513628,0.006510506,-0.576828897,-0.718729854,0.718729854,-0.849472702,-0.217165649,-0.392047584,-0.181238458,-1.114089608,465,2023,0.6804767,17 R,567238.73,2820651.54,WQ_BB53,2024,39.1,34.1,34.1,32.5,0,1.6,0
712,WQ_BB53_61,466,0.024134785,0.039524537,0.022431407,0.005337204,-0.63781178,-0.762059867,0.762059867,-0.9233917,-0.215241134,-0.355405271,-0.149525493,-1.112181902,466,2023,0.6224537,17 R,567265.351,2820629.578,WQ_BB53,2024,90,88.5,88.5,83.5,0,5,0
713,WQ_BB53_62,467,0.024409052,0.040591404,0.023277842,0.005101423,-0.654263616,-0.776707947,0.776707947,-0.960723579,-0.232867926,-0.376964539,-0.152946755,-1.11151731,467,2023,0.7080451,17 R,567267.4,2820618.431,WQ_BB53,2024,74.25,74.25,61,59.75,0,1.25,13.25
714,WQ_BB53_63,468,0.027147198,0.042321887,0.02654005,0.005570886,-0.659461379,-0.767360091,0.767360091,-0.979533792,-0.171888784,-0.38699466,-0.217622623,-1.112019777,468,2023,0.6704976,17 R,567259.938,2820616.963,WQ_BB53,2024,58,58,31.5,30.75,0,0.75,26.5
715,WQ_BB53_64,469,0.024949299,0.040719114,0.023998907,0.005451358,-0.641365767,-0.76385951,0.76385951,-0.94468838,-0.214387864,-0.382136017,-0.174559802,-1.113394976,469,2023,0.73593825,17 R,567248.318,2820619.86,WQ_BB53,2024,21.1,20.1,20.1,18,0,2.1,0
716,WQ_BB53_65,470,0.023989148,0.037650932,0.022668749,0.004980332,-0.656166971,-0.766353071,0.766353071,-0.959620535,-0.16855064,-0.370795071,-0.206630126,-1.113541722,470,2023,0.6793097,17 R,567243.381,2820626.801,WQ_BB53,2024,99.7,93.7,93.7,91,0,2.7,0
717,WQ_BB53_66,471,0.024953669,0.039788581,0.024968829,0.007338027,-0.545516193,-0.68858242,0.68858242,-0.818594158,-0.189105719,-0.417108953,-0.229826987,-1.112684608,471,2023,0.6658476,17 R,567259.95,2820634.266,WQ_BB53,2024,100,92,92,91,0,1,0
718,WQ_BB53_67,472,0.025514781,0.040063832,0.022798993,0.004751868,-0.685999751,-0.787937343,0.787937343,-0.982571363,-0.174355909,-0.314221144,-0.14916268,-1.112366438,472,2023,0.79882646,17 R,567289.454,2820637.257,WQ_BB53,2024,35.3,29.7,29.1,27,0,2.1,0.6
719,WQ_BB53_68,473,0.024147529,0.041266762,0.021833688,0.005106998,-0.650857568,-0.779746234,0.779746234,-0.931306422,-0.261560947,-0.330917746,-0.084474191,-1.11222446,473,2023,0.6328678,17 R,567290.041,2820638.081,WQ_BB53,2024,27,23,23,22,0,1,0
720,WQ_BB53_69,474,0.022226421,0.038732734,0.021228686,0.005224606,-0.619350731,-0.762287438,0.762287438,-0.90749079,-0.27563554,-0.388889074,-0.125044212,-1.112016678,474,2023,0.68574446,17 R,567293.203,2820626.3,WQ_BB53,2024,58.2,55,49.5,42,0,7.5,5.5
721,WQ_BB53_7,475,0.020687163,0.036045089,0.02085256,0.007453508,-0.470267951,-0.657298923,0.657298923,-0.710044861,-0.269300938,-0.444798529,-0.182452664,-1.164877653,475,2023,0.692011,17 R,567243.328,2820871.955,WQ_BB53,2024,51,44,44,38,0,6,0
722,WQ_BB53_70,476,0.02332419,0.037531808,0.021591399,0.004753237,-0.661419332,-0.775181174,0.775181174,-0.95872432,-0.193219602,-0.355709255,-0.170287773,-1.111318588,476,2023,0.66297424,17 R,567291.84,2820611.416,WQ_BB53,2024,51,49.5,40.5,25.5,0,15,9
723,WQ_BB53_71,477,0.024280218,0.037662245,0.022072757,0.005575886,-0.626482666,-0.742084742,0.742084742,-0.894991696,-0.156816557,-0.335098714,-0.184710115,-1.11151731,477,2023,0.7226005,17 R,567282.398,2820606.12,WQ_BB53,2024,97.5,97.5,89.9,88.5,0,1.4,7.6
724,WQ_BB53_72,478,0.024413265,0.039127108,0.021344863,0.005338751,-0.641116679,-0.7598719,0.7598719,-0.899771929,-0.192792848,-0.299885869,-0.119342417,-1.11151731,478,2023,0.6791213,17 R,567277.104,2820617.821,WQ_BB53,2024,32.2,19.2,19.2,19,0,0.2,0
725,WQ_BB53_8,479,0.022613566,0.035380471,0.022427469,0.00674855,-0.540322661,-0.679624677,0.679624677,-0.806085944,-0.160052165,-0.420353681,-0.260144681,-1.165133357,479,2023,0.8184696,17 R,567253.49,2820872.357,WQ_BB53,2024,104.5,100,100,97.5,0,2.5,0
726,WQ_BB53_9,480,0.02248122,0.03444913,0.022067171,0.006397106,-0.556961417,-0.686771333,0.686771333,-0.825775266,-0.136950016,-0.411855876,-0.273679137,-1.16426754,480,2023,0.84555596,17 R,567262.432,2820863.819,WQ_BB53,2024,92,85.5,85.5,79,0,6.5,0
727,WQ_BISC122_1,481,0.07163015,0.10380505,0.039447404,0.002860298,-0.923203647,-0.946368754,0.946368754,-1.297178864,-0.176065385,0.23166582,0.357999742,-1.747992635,481,2024,0.6754463,17 R,571095,2811066,WQ_BISC122,2024,13.4,13.4,2.3,2.3,0,0,11.1
728,WQ_BISC122_10,482,0.074564613,0.108482525,0.04052202,0.002508912,-0.934895635,-0.95479089,0.95479089,-1.325085402,-0.183782682,0.247972116,0.38026467,-1.747972965,482,2024,0.73553264,17 R,571089,2811073,WQ_BISC122,2024,17.3,17.15,6.1,6.1,0,0,11.05
729,WQ_BISC122_11,483,0.07683266,0.109781563,0.041358728,0.002976809,-0.925402105,-0.947200239,0.947200239,-1.298571825,-0.166746765,0.259804755,0.375583857,-1.747992396,483,2024,0.6539179,17 R,571083,2811061,WQ_BISC122,2024,14.85,14.85,9.5,9.5,0,0,5.35
730,WQ_BISC122_12,484,0.07629887,0.110690176,0.041717164,0.002509266,-0.93631959,-0.955666482,0.955666482,-1.329789639,-0.182670236,0.245177865,0.3768242,-1.745491982,484,2024,0.6341591,17 R,571079,2811049,WQ_BISC122,2024,23.3,23.3,10.25,10.25,0,0,13.05
731,WQ_BISC122_13,485,0.074832253,0.107963257,0.041478518,0.002743343,-0.929273069,-0.950439394,0.950439394,-1.313892365,-0.174988687,0.230858192,0.356535345,-1.745472312,485,2024,0.6919629,17 R,571079,2811031,WQ_BISC122,2024,26.55,26.55,10.5,10.5,0,0,16.05
732,WQ_BISC122_14,486,0.066950239,0.101462469,0.039446823,0.002860104,-0.91806072,-0.945168078,0.945168078,-1.297188997,-0.21884191,0.164112464,0.335186034,-1.744268298,486,2024,0.5484588,17 R,571068,2811021,WQ_BISC122,2024,31.45,30.7,9.5,9,0,0.5,21.2
733,WQ_BISC122_15,487,0.07256525,0.106794834,0.041001529,0.004030028,-0.894770861,-0.927272141,0.927272141,-1.231519699,-0.19393374,0.210356191,0.355039418,-1.745387435,487,2024,0.6080413,17 R,571070,2811010,WQ_BISC122,2024,25.45,23.2,4.5,4.5,0,0,18.7
734,WQ_BISC122_16,488,0.067349821,0.100420669,0.03801189,0.002859706,-0.918537974,-0.944622457,0.944622457,-1.290095925,-0.20168224,0.202935264,0.354932964,-1.744214296,488,2024,0.6217226,17 R,571055,2811024,WQ_BISC122,2024,22.95,22.95,11.75,10.75,0,1,11.2
735,WQ_BISC122_17,489,0.067481898,0.097686134,0.036696199,0.003911445,-0.890425503,-0.92300123,0.92300123,-1.211031437,-0.169738874,0.236144304,0.355908483,-1.744214296,489,2024,0.65930414,17 R,571041,2811025,WQ_BISC122,2024,21.9,21.9,9.25,8.75,0,0.5,12.65
736,WQ_BISC122_18,490,0.071623504,0.104971491,0.038489122,0.003443693,-0.908250391,-0.936472118,0.936472118,-1.253627777,-0.188293934,0.253389895,0.389129549,-1.744214416,490,2024,0.5647874,17 R,571038,2811016,WQ_BISC122,2024,16,16,5.75,5.75,0,0,10.25
737,WQ_BISC122_19,491,0.074560806,0.108869962,0.042671677,0.003794647,-0.90314275,-0.932638168,0.932638168,-1.255006671,-0.187705591,0.202065393,0.341886103,-1.744218588,491,2024,0.55398,17 R,571038,2811004,WQ_BISC122,2024,5.75,5.75,3.5,3.5,0,0,2.25
738,WQ_BISC122_2,492,0.069762208,0.10302598,0.039209295,0.003445477,-0.905871153,-0.935278833,0.935278833,-1.25767231,-0.194307327,0.210613221,0.355379164,-1.748203516,492,2024,0.77125996,17 R,571100,2811058,WQ_BISC122,2024,31.75,31.75,3.75,3.65,0,0,28
739,WQ_BISC122_20,493,0.075759791,0.110297576,0.041476417,0.003677348,-0.907414913,-0.935470939,0.935470939,-1.255678296,-0.185901761,0.243221819,0.377967447,-1.743789911,493,2024,0.5620619,17 R,571025,2811005,WQ_BISC122,2024,20.35,20.35,18,18,0,0,2.35
740,WQ_BISC122_21,494,0.076958969,0.113931015,0.041954014,0.002975772,-0.925544977,-0.949091554,0.949091554,-1.301305175,-0.205397338,0.248769686,0.401088268,-1.742596984,494,2024,0.5725841,17 R,571017,2810996,WQ_BISC122,2024,16,16,10.15,10.15,0,0,5.85
741,WQ_BISC122_22,495,0.079761945,0.118082643,0.044344712,0.003327788,-0.919898927,-0.945181191,0.945181191,-1.290584445,-0.208494872,0.235379577,0.391909927,-1.744227052,495,2024,0.647507,17 R,571031,2810979,WQ_BISC122,2024,26.35,26.35,6.5,6.5,0,0,19.85
742,WQ_BISC122_23,496,0.080295324,0.115749374,0.044942088,0.003561842,-0.915049791,-0.940293252,0.940293252,-1.279697776,-0.180155113,0.230173528,0.361094236,-1.744227052,496,2024,0.58646965,17 R,571038,2810969,WQ_BISC122,2024,15.95,15.95,7,7,0,0,8.95
743,WQ_BISC122_24,497,0.073500484,0.11030218,0.040524207,0.0027447,-0.928003311,-0.951441407,0.951441407,-1.309699416,-0.216222793,0.233550191,0.396855474,-1.744271755,497,2024,0.6023203,17 R,571064,2810969,WQ_BISC122,2024,10.5,10.5,4.25,4.25,0,0,6.25
744,WQ_BISC122_25,498,0.07149826,0.104715899,0.040165711,0.003796733,-0.899150491,-0.930022299,0.930022299,-1.240910769,-0.187396482,0.213814199,0.35209313,-1.745303988,498,2024,0.5907473,17 R,571075,2810984,WQ_BISC122,2024,48.6,48.6,20.5,20.25,0,0.25,28.1
745,WQ_BISC122_26,499,0.076971732,0.111991413,0.042436685,0.003329674,-0.917070568,-0.942253828,0.942253828,-1.281738758,-0.186582953,0.238787547,0.3746351,-1.748172283,499,2024,0.5743324,17 R,571090,2810997,WQ_BISC122,2024,21.65,21.65,8.5,8.5,0,0,13.15
746,WQ_BISC122_27,500,0.073097624,0.105104409,0.040164478,0.003795838,-0.901270211,-0.930287778,0.930287778,-1.240959287,-0.169295684,0.235964194,0.355821341,-1.74426949,500,2024,0.6285271,17 R,571067,2811003,WQ_BISC122,2024,13.75,13.75,5.75,5.75,0,0,8
747,WQ_BISC122_28,501,0.0793643,0.115101807,0.043031532,0.002392808,-0.941465437,-0.959269464,0.959269464,-1.341969609,-0.185724795,0.257049143,0.390734583,-1.744227052,501,2024,0.7113149,17 R,571057,2810995,WQ_BISC122,2024,15.75,15.75,6.25,4.75,0,1.5,9.5
748,WQ_BISC122_29,502,0.080430508,0.117954418,0.044584442,0.002860709,-0.93130827,-0.952643216,0.952643216,-1.319114804,-0.198967844,0.238943666,0.386448532,-1.744227052,502,2024,0.6191635,17 R,571051,2810984,WQ_BISC122,2024,11.35,11.35,6.35,5.1,0,1.25,5
749,WQ_BISC122_3,503,0.073635533,0.111471638,0.041718975,0.003913327,-0.899074554,-0.932169199,0.932169199,-1.242726564,-0.225841165,0.209608942,0.38382408,-1.748463869,503,2024,0.77500117,17 R,571102,2811047,WQ_BISC122,2024,26.65,26.65,20.25,20.25,0,0,6.4
750,WQ_BISC122_30,504,0.079761945,0.118082643,0.044344712,0.003327788,-0.919898927,-0.945181191,0.945181191,-1.290584445,-0.208494872,0.235379577,0.391909927,-1.744227052,504,2024,0.6265944,17 R,571039,2810977,WQ_BISC122,2024,20.75,20.75,6.75,6.75,0,0,14
751,WQ_BISC122_31,505,0.083221942,0.116785556,0.044344116,0.004730143,-0.892438173,-0.922147632,0.922147632,-1.210837603,-0.154034495,0.277856022,0.380875468,-1.743777514,505,2024,0.7373827,17 R,571026,2810980,WQ_BISC122,2024,14.8,14.8,5,4.75,0,0.25,9.8
752,WQ_BISC122_32,506,0.076958969,0.113931015,0.041954014,0.002975772,-0.925544977,-0.949091554,0.949091554,-1.301305175,-0.205397338,0.248769686,0.401088268,-1.742596984,506,2024,0.8721842,17 R,571018,2810992,WQ_BISC122,2024,10.5,10,8.5,8.5,0,0,1.5
753,WQ_BISC122_33,507,0.079223722,0.11782065,0.043148272,0.004144647,-0.900570273,-0.932035625,0.932035625,-1.237086654,-0.212853268,0.252872854,0.411882758,-1.742461324,507,2024,0.6559802,17 R,571009,2810984,WQ_BISC122,2024,65.5,65.5,58,58,0,0,7.5
754,WQ_BISC122_34,508,0.082154661,0.11600621,0.044701476,0.003443748,-0.919537127,-0.942339897,0.942339897,-1.285414934,-0.159670085,0.257828027,0.367666721,-1.742461324,508,2024,0.58838207,17 R,571009,2810970,WQ_BISC122,2024,8.7,8.7,5.7,0.95,0,4.75,3
755,WQ_BISC122_35,509,0.078158259,0.11444962,0.043268017,0.003443498,-0.915602326,-0.94158268,0.94158268,-1.278844833,-0.194866434,0.236874238,0.380605102,-1.742461324,509,2024,0.598015,17 R,571000,2810979,WQ_BISC122,2024,36.75,36.75,32.5,32.5,0,0,4.25
756,WQ_BISC122_36,510,0.080821112,0.118208937,0.046252813,0.002858567,-0.931678355,-0.952777326,0.952777326,-1.32538259,-0.196464121,0.21119751,0.358793527,-1.742461324,510,2024,0.7284073,17 R,570990,2810979,WQ_BISC122,2024,9.5,9.5,6.25,4.25,0,2,3.25
757,WQ_BISC122_37,511,0.07455238,0.108475745,0.042907584,0.002974428,-0.923267126,-0.946623147,0.946623147,-1.30551672,-0.183878884,0.197061434,0.333784848,-1.743282557,511,2024,0.6900282,17 R,570979,2810985,WQ_BISC122,2024,16.1,15.85,11.5,11.5,0,0,4.35
758,WQ_BISC122_38,512,0.070945576,0.104706004,0.039800197,0.00238921,-0.934841037,-0.955381572,0.955381572,-1.330108285,-0.19505392,0.214164123,0.359416753,-1.743882418,512,2024,0.70485014,17 R,570963,2810991,WQ_BISC122,2024,17.2,17.2,7.1,7.1,0,0,10.1
759,WQ_BISC122_39,513,0.076284863,0.111461453,0.040756509,0.004143063,-0.896974504,-0.928323507,0.928323507,-1.223178029,-0.190395102,0.265661865,0.40267235,-1.74388361,513,2024,0.6826042,17 R,570962,2810990,WQ_BISC122,2024,21.65,21.65,11.85,11.75,0,0.1,9.8
760,WQ_BISC122_4,514,0.076168701,0.110042699,0.041837838,0.00391293,-0.902276456,-0.931325376,0.931325376,-1.243418694,-0.178006247,0.240907907,0.36861372,-1.748463869,514,2024,0.7953006,17 R,571091,2811050,WQ_BISC122,2024,25.8,25.8,15.75,15.75,0,0,10.05
761,WQ_BISC122_40,515,0.076813459,0.113275819,0.041830026,0.00273901,-0.931139529,-0.952781737,0.952781737,-1.315633655,-0.201026157,0.249502823,0.397722512,-1.744095206,515,2024,0.84122753,17 R,570939,2810981,WQ_BISC122,2024,14.1,14,10.8,10.65,0,0.15,3.2
762,WQ_BISC122_41,516,0.081878945,0.122091524,0.046727683,0.003675169,-0.914085507,-0.941555798,0.941555798,-1.281252384,-0.218558744,0.215139583,0.382822245,-1.741840959,516,2024,0.71558636,17 R,570941,2810968,WQ_BISC122,2024,31.75,31.75,25.25,24.5,0,0.75,6.5
763,WQ_BISC122_42,517,0.08001525,0.119501196,0.044101086,0.004026119,-0.904187202,-0.934814095,0.934814095,-1.249032617,-0.218293399,0.243437573,0.408321887,-1.734003067,517,2024,0.8711403,17 R,570942,2810958,WQ_BISC122,2024,12.4,12.4,4.25,4.25,0,0,8.15
764,WQ_BISC122_43,518,0.078816801,0.116131425,0.043384783,0.003441861,-0.916316152,-0.942430913,0.942430913,-1.279493451,-0.202319115,0.242873862,0.393006027,-1.732987404,518,2024,0.7235888,17 R,570947,2810947,WQ_BISC122,2024,19.25,19.25,6.75,6.75,0,0,12.5
765,WQ_BISC122_44,519,0.074820615,0.108736143,0.040877532,0.004027408,-0.897843778,-0.928568959,0.928568959,-1.230937719,-0.182891354,0.243650407,0.375511795,-1.730797648,519,2024,0.6654856,17 R,570960,2810932,WQ_BISC122,2024,14.05,14.05,2,2,0,0,12.05
766,WQ_BISC122_45,520,0.065736674,0.101066738,0.039204799,0.003559957,-0.897254527,-0.931949317,0.931949317,-1.250264645,-0.232890412,0.151279509,0.336272091,-1.732538462,520,2024,0.6638769,17 R,570975,2810941,WQ_BISC122,2024,31.5,31.5,1.8,1.3,0,0.5,29.7
767,WQ_BISC122_46,521,0.081997104,0.123507321,0.045529332,0.00367295,-0.914253592,-0.942240238,0.942240238,-1.276049972,-0.229638323,0.239629298,0.415433139,-1.752099156,521,2024,0.573578,17 R,570791,2810815,WQ_BISC122,2024,4.45,4.45,3.25,3,0,0.25,1.2
768,WQ_BISC122_47,522,0.084129058,0.127519712,0.045411117,0.004258338,-0.903643787,-0.935371041,0.935371041,-1.242799401,-0.238691941,0.267603785,0.449513286,-1.752099156,522,2024,0.63837487,17 R,570800,2810800,WQ_BISC122,2024,11.3,11.3,7,7,0,0,4.3
769,WQ_BISC122_48,523,0.084928714,0.129330724,0.048515465,0.003557341,-0.91959542,-0.946461082,0.946461082,-1.295055747,-0.244547173,0.218401879,0.409957647,-1.749223113,523,2024,0.55988973,17 R,570817,2810796,WQ_BISC122,2024,7.5,7,5,5,0,0,2
770,WQ_BISC122_49,524,0.085062705,0.127003729,0.048754446,0.002972958,-0.932460129,-0.954253972,0.954253972,-1.32757926,-0.223251864,0.215619162,0.387813926,-1.743754506,524,2024,0.59486866,17 R,570827,2810801,WQ_BISC122,2024,27.35,27.35,23.55,23.55,0,0,3.8
771,WQ_BISC122_5,525,0.07909748,0.113415405,0.042911459,0.002976661,-0.927464128,-0.948851109,0.948851109,-1.305396676,-0.173062503,0.256160378,0.378242195,-1.745231748,525,2024,0.6361016,17 R,571075,2811059,WQ_BISC122,2024,17.55,17.55,14.7,14.5,0,0.2,2.85
772,WQ_BISC122_50,526,0.06465736,0.097677246,0.036334436,0.002624988,-0.921970963,-0.94765842,0.94765842,-1.297867537,-0.212397486,0.202175885,0.363856703,-1.75252068,526,2024,0.64431006,17 R,570827,2810700,WQ_BISC122,2024,41.65,41.4,40.5,40.5,0,0,0.9
773,WQ_BISC122_51,527,0.05715514,0.089075431,0.03047318,0.003794178,-0.875497282,-0.918290198,0.918290198,-1.16783154,-0.235612124,0.23490642,0.414420813,-1.7491467,527,2024,0.57661337,17 R,570838,2810704,WQ_BISC122,2024,64,64,62,62,0,0,2
774,WQ_BISC122_52,528,0.062383465,0.095073387,0.036095887,0.002625284,-0.919232905,-0.946257532,0.946257532,-1.296600938,-0.218854472,0.172217742,0.342182159,-1.742495894,528,2024,0.59972364,17 R,570847,2810720,WQ_BISC122,2024,11,11,6,6.25,0,0,5
775,WQ_BISC122_53,529,0.079612665,0.119369254,0.041234881,0.003560028,-0.914394319,-0.942080081,0.942080081,-1.261578202,-0.222137675,0.298008621,0.461746424,-1.740852237,529,2024,0.6097979,17 R,570846,2810733,WQ_BISC122,2024,17,17,5,4.75,0,0,12
776,WQ_BISC122_54,530,0.076545686,0.117165215,0.03896378,0.002858202,-0.928008497,-0.952372611,0.952372611,-1.294973731,-0.241182715,0.308980942,0.489079982,-1.747219682,530,2024,0.5573711,17 R,570832,2810738,WQ_BISC122,2024,10,10,6,6.25,0,0,3
777,WQ_BISC122_55,531,0.0802745,0.123381823,0.043503087,0.003559086,-0.915091634,-0.943925321,0.943925321,-1.273124456,-0.249766126,0.258783907,0.451357603,-1.757751822,531,2024,0.5561877,17 R,570818,2810727,WQ_BISC122,2024,11,11,5,4.25,0,1,5
778,WQ_BISC122_56,532,0.082536906,0.123251818,0.046368644,0.003909637,-0.909547865,-0.938509107,0.938509107,-1.266720176,-0.220827639,0.229985982,0.398539811,-1.762964845,532,2024,0.5551997,17 R,570800,2810719,WQ_BISC122,2024,18,17,9,8.75,0,0,8
779,WQ_BISC122_57,533,0.08080519,0.123251259,0.044219069,0.00355879,-0.915632486,-0.943872094,0.943872094,-1.276541471,-0.242027059,0.250891358,0.437052578,-1.769675016,533,2024,0.5918156,17 R,570794,2810709,WQ_BISC122,2024,16,16,8,5.75,0,2,9
780,WQ_BISC122_58,534,0.083868697,0.122605011,0.044697646,0.003091824,-0.928891301,-0.950805068,0.950805068,-1.305909753,-0.199106261,0.27855289,0.423060417,-1.763076425,534,2024,0.54554373,17 R,570807,2810699,WQ_BISC122,2024,23,23,15,14.25,0,1,7
781,WQ_BISC122_59,535,0.067199811,0.100541279,0.037052125,0.00192375,-0.944338799,-0.962450624,0.962450624,-1.351927638,-0.205215678,0.223392323,0.376884699,-1.75256443,535,2024,0.5476332,17 R,570821,2810688,WQ_BISC122,2024,47,46,45,45,0,0,1
782,WQ_BISC122_6,536,0.079628207,0.116008468,0.043268889,0.002859102,-0.930677772,-0.951894343,0.951894343,-1.314054251,-0.190926433,0.255489022,0.394117206,-1.74376893,536,2024,0.73211145,17 R,571067,2811070,WQ_BISC122,2024,14.55,14.45,11.15,10.65,0,0.5,3.3
783,WQ_BISC122_60,537,0.064660281,0.099241048,0.036216121,0.004145609,-0.879498422,-0.919803798,0.919803798,-1.191865921,-0.229602203,0.205114514,0.382386386,-1.749346375,537,2024,0.56461287,17 R,570834,2810679,WQ_BISC122,2024,39,38,37,36.25,0,0,2
784,WQ_BISC122_61,538,0.073750146,0.107434854,0.037173551,0.00262654,-0.931221426,-0.952271342,0.952271342,-1.302020073,-0.1842262,0.313502342,0.440546095,-1.742936134,538,2024,0.58067846,17 R,570842,2810668,WQ_BISC122,2024,35.5,35,31.5,31.5,0,0,3.5
785,WQ_BISC122_62,539,0.079486147,0.117687859,0.041596361,0.003562319,-0.914211094,-0.941240191,0.941240191,-1.263346553,-0.208321556,0.288675159,0.440478146,-1.73799932,539,2024,0.5715523,17 R,570860,2810671,WQ_BISC122,2024,5.5,5,4,3.5,0,0.5,1
786,WQ_BISC122_63,540,0.082816973,0.123258814,0.045299746,0.004498109,-0.896968305,-0.929583311,0.929583311,-1.229017854,-0.217501789,0.254063159,0.417521179,-1.73448801,540,2024,0.62734234,17 R,570876,2810666,WQ_BISC122,2024,26.1,26.1,17.25,17.25,0,0,8.85
787,WQ_BISC122_64,541,0.083352938,0.121966019,0.046733867,0.0028626,-0.933594346,-0.954135537,0.954135537,-1.32684648,-0.199599758,0.232864171,0.38168636,-1.727226377,541,2024,0.61072457,17 R,570892,2810657,WQ_BISC122,2024,11.25,11.25,7.25,6.25,0,1,4
788,WQ_BISC122_65,542,0.084818333,0.122485012,0.04709287,0.00286325,-0.93468982,-0.954315305,0.954315305,-1.32805407,-0.186783507,0.243503258,0.379722953,-1.72662437,542,2024,0.5910092,17 R,570905,2810646,WQ_BISC122,2024,4.95,4.95,2.1,2,0,0.1,2.85
789,WQ_BISC122_66,543,0.082161129,0.123134211,0.047213703,0.002981202,-0.929971337,-0.952722609,0.952722609,-1.321822405,-0.224354059,0.209400505,0.382929802,-1.720231771,543,2024,0.58473164,17 R,570921,2810633,WQ_BISC122,2024,9.2,9.2,3.6,3.5,0,0.1,5.6
790,WQ_BISC122_67,544,0.081496127,0.121321797,0.046020258,0.00379974,-0.910904467,-0.939263225,0.939263225,-1.271191835,-0.216376409,0.223986462,0.388876498,-1.720119953,544,2024,0.5602109,17 R,570920,2810622,WQ_BISC122,2024,32.7,32.2,28.75,28.75,0,0,3.45
791,WQ_BISC122_68,545,0.077101104,0.113804743,0.042916123,0.00403402,-0.900560439,-0.931533217,0.931533217,-1.242235899,-0.202347785,0.230500549,0.381580979,-1.725146413,545,2024,0.60702884,17 R,570923,2810604,WQ_BISC122,2024,19.75,19.75,4.75,4.75,0,0,15
792,WQ_BISC122_69,546,0.063343972,0.09821149,0.037540261,0.003216653,-0.903346658,-0.93657279,0.93657279,-1.263231277,-0.23884365,0.152690619,0.342819065,-1.719816089,546,2024,0.53717786,17 R,570935,2810588,WQ_BISC122,2024,37.45,37.45,0.35,0.35,0,0,37.1
793,WQ_BISC122_7,547,0.077363133,0.113414548,0.043030001,0.002391344,-0.940032363,-0.958700836,0.958700836,-1.342055917,-0.195224956,0.231542423,0.375996113,-1.745056987,547,2024,0.6436696,17 R,571073,2811083,WQ_BISC122,2024,20.8,20.8,16.7,16,0,0.7,4.1
794,WQ_BISC122_70,548,0.07203646,0.106666647,0.041365325,0.004269333,-0.888099372,-0.923030674,0.923030674,-1.219336152,-0.199943125,0.195205823,0.34667033,-1.715964794,548,2024,0.66061693,17 R,570945,2810578,WQ_BISC122,2024,14.5,14.5,5,5,0,0,9.5
795,WQ_BISC122_71,549,0.081371225,0.121196337,0.046740066,0.003685529,-0.913339555,-0.940975726,0.940975726,-1.280734658,-0.216786504,0.208684355,0.375248104,-1.708144546,549,2024,0.5550231,17 R,570956,2810568,WQ_BISC122,2024,14.75,14.75,6.75,6.75,0,0,8
796,WQ_BISC122_72,550,0.080442347,0.118866295,0.046979975,0.00356943,-0.915025473,-0.941693008,0.941693008,-1.288161874,-0.207184389,0.192661539,0.351681173,-1.691970348,550,2024,0.5864558,17 R,570975,2810569,WQ_BISC122,2024,6.25,6.25,5.5,5.5,0,0,0.75
797,WQ_BISC122_73,551,0.082575053,0.123529725,0.047697291,0.004154774,-0.904190421,-0.934921265,0.934921265,-1.259617567,-0.222811624,0.205385581,0.377867699,-1.700413227,551,2024,0.5726333,17 R,570982,2810548,WQ_BISC122,2024,10.85,10.1,7.25,6.25,0,1,2.85
798,WQ_BISC122_74,552,0.071884714,0.102887832,0.039921217,0.003208541,-0.914545178,-0.939516485,0.939516485,-1.276821733,-0.162878826,0.224621326,0.339436054,-1.742444515,552,2024,0.6349914,17 R,570994,2811010,WQ_BISC122,2024,13.65,13.15,7.75,7.75,0,0,5.4
799,WQ_BISC122_75,553,0.069748424,0.103928775,0.038845871,0.002741051,-0.924373806,-0.948606789,0.948606789,-1.302265882,-0.203980327,0.218676642,0.371660024,-1.742437005,553,2024,0.61572987,17 R,571005,2811017,WQ_BISC122,2024,13.35,13.35,5.25,5.25,0,0,8.1
800,WQ_BISC122_76,554,0.069748424,0.103928775,0.038845871,0.002741051,-0.924373806,-0.948606789,0.948606789,-1.302265882,-0.203980327,0.218676642,0.371660024,-1.742437005,554,2024,0.6514863,17 R,571005,2811017,WQ_BISC122,2024,5.1,5.1,1.6,1.6,0,0,3.5
801,WQ_BISC122_77,555,0.069748424,0.103928775,0.038845871,0.002741051,-0.924373806,-0.948606789,0.948606789,-1.302265882,-0.203980327,0.218676642,0.371660024,-1.742437005,555,2024,0.6514863,17 R,571005,2811017,WQ_BISC122,2024,9.15,9.15,3.2,3.2,0,0,5.95
802,WQ_BISC122_78,556,0.069748424,0.103928775,0.038845871,0.002741051,-0.924373806,-0.948606789,0.948606789,-1.302265882,-0.203980327,0.218676642,0.371660024,-1.742437005,556,2024,0.6514863,17 R,571005,2811017,WQ_BISC122,2024,25.1,24.35,19,19,0,0,5.35
803,WQ_BISC122_79,557,0.069748424,0.103928775,0.038845871,0.002741051,-0.924373806,-0.948606789,0.948606789,-1.302265882,-0.203980327,0.218676642,0.371660024,-1.742437005,557,2024,0.6514863,17 R,571005,2811017,WQ_BISC122,2024,9.7,9.7,7.5,7.25,0,0.25,2.2
804,WQ_BISC122_8,558,0.078562118,0.113025025,0.042432431,0.002741837,-0.932553411,-0.952631772,0.952631772,-1.317916036,-0.176109195,0.259327888,0.383903503,-1.745076776,558,2024,0.7107533,17 R,571076,2811099,WQ_BISC122,2024,27.55,27.3,24.75,24.25,0,0.5,2.55
805,WQ_BISC122_80,559,0.069748424,0.103928775,0.038845871,0.002741051,-0.924373806,-0.948606789,0.948606789,-1.302265882,-0.203980327,0.218676642,0.371660024,-1.742437005,559,2024,0.6514863,17 R,571005,2811017,WQ_BISC122,2024,12.95,12.7,9.5,9.25,0,0.25,3.2
806,WQ_BISC122_81,560,0.069748424,0.103928775,0.038845871,0.002741051,-0.924373806,-0.948606789,0.948606789,-1.302265882,-0.203980327,0.218676642,0.371660024,-1.742437005,560,2024,0.6514863,17 R,571005,2811017,WQ_BISC122,2024,18.95,18.95,6.1,6.1,0,0,12.85
807,WQ_BISC122_82,561,0.069748424,0.103928775,0.038845871,0.002741051,-0.924373806,-0.948606789,0.948606789,-1.302265882,-0.203980327,0.218676642,0.371660024,-1.742437005,561,2024,0.6514863,17 R,571005,2811017,WQ_BISC122,2024,22.5,22.5,6.75,6.75,0,0,15.75
808,WQ_BISC122_83,562,0.069748424,0.103928775,0.038845871,0.002741051,-0.924373806,-0.948606789,0.948606789,-1.302265882,-0.203980327,0.218676642,0.371660024,-1.742437005,562,2024,0.6514863,17 R,571005,2811017,WQ_BISC122,2024,23,23,5.75,5.75,0,0,17.25
809,WQ_BISC122_84,563,0.069748424,0.103928775,0.038845871,0.002741051,-0.924373806,-0.948606789,0.948606789,-1.302265882,-0.203980327,0.218676642,0.371660024,-1.742437005,563,2024,0.6514863,17 R,571005,2811017,WQ_BISC122,2024,26,26,2,2,0,0,24
810,WQ_BISC122_85,564,0.069748424,0.103928775,0.038845871,0.002741051,-0.924373806,-0.948606789,0.948606789,-1.302265882,-0.203980327,0.218676642,0.371660024,-1.742437005,564,2024,0.6514863,17 R,571005,2811017,WQ_BISC122,2024,21.35,21.35,8.85,8.75,0,0.1,12.5
811,WQ_BISC122_86,565,0.069748424,0.103928775,0.038845871,0.002741051,-0.924373806,-0.948606789,0.948606789,-1.302265882,-0.203980327,0.218676642,0.371660024,-1.742437005,565,2024,0.6514863,17 R,571005,2811017,WQ_BISC122,2024,20.25,19,15.75,15.75,0,0,3.25
812,WQ_BISC122_87,566,0.069748424,0.103928775,0.038845871,0.002741051,-0.924373806,-0.948606789,0.948606789,-1.302265882,-0.203980327,0.218676642,0.371660024,-1.742437005,566,2024,0.6514863,17 R,571005,2811017,WQ_BISC122,2024,15.6,14.1,5.6,5.5,0,0.1,8.5
813,WQ_BISC122_88,567,0.069748424,0.103928775,0.038845871,0.002741051,-0.924373806,-0.948606789,0.948606789,-1.302265882,-0.203980327,0.218676642,0.371660024,-1.742437005,567,2024,0.6514863,17 R,571005,2811017,WQ_BISC122,2024,8.96,8.96,3.36,3.36,0,0,5.6
814,WQ_BISC122_89,568,0.069748424,0.103928775,0.038845871,0.002741051,-0.924373806,-0.948606789,0.948606789,-1.302265882,-0.203980327,0.218676642,0.371660024,-1.742437005,568,2024,0.6514863,17 R,571005,2811017,WQ_BISC122,2024,7.1,7.1,1.85,0.1,0,1.75,5.25
815,WQ_BISC122_9,569,0.07696639,0.10705404,0.040880781,0.003327427,-0.917118728,-0.939710438,0.939710438,-1.274198532,-0.137683868,0.271855295,0.359856814,-1.747972965,569,2024,0.6785369,17 R,571094,2811087,WQ_BISC122,2024,6.85,6.85,4.45,4.15,0,0.3,2.4
816,WQ_BISC122_90,570,0.069748424,0.103928775,0.038845871,0.002741051,-0.924373806,-0.948606789,0.948606789,-1.302265882,-0.203980327,0.218676642,0.371660024,-1.742437005,570,2024,0.6514863,17 R,571005,2811017,WQ_BISC122,2024,9.95,9.7,5,4,0,1,4.7
817,WQ_BISC122_91,571,0.069748424,0.103928775,0.038845871,0.002741051,-0.924373806,-0.948606789,0.948606789,-1.302265882,-0.203980327,0.218676642,0.371660024,-1.742437005,571,2024,0.6514863,17 R,571005,2811017,WQ_BISC122,2024,17.85,17.75,14.25,13.75,0,0.5,3.5
818,WQ_BISC122_92,572,0.069748424,0.103928775,0.038845871,0.002741051,-0.924373806,-0.948606789,0.948606789,-1.302265882,-0.203980327,0.218676642,0.371660024,-1.742437005,572,2024,0.6514863,17 R,571005,2811017,WQ_BISC122,2024,11.95,11.95,5.6,5.6,0,0,6.35
819,WQ_BISC122_93,573,0.069748424,0.103928775,0.038845871,0.002741051,-0.924373806,-0.948606789,0.948606789,-1.302265882,-0.203980327,0.218676642,0.371660024,-1.742437005,573,2024,0.6514863,17 R,571005,2811017,WQ_BISC122,2024,22.95,22.95,17,17,0,0,5.95
820,WQ_BISC122_94,574,0.069748424,0.103928775,0.038845871,0.002741051,-0.924373806,-0.948606789,0.948606789,-1.302265882,-0.203980327,0.218676642,0.371660024,-1.742437005,574,2024,0.6514863,17 R,571005,2811017,WQ_BISC122,2024,11,11,6.25,6.25,0,0,4.75
821,WQ_CD01A_1,575,0.016642286,0.028374845,0.014292405,0.008707576,-0.313007981,-0.530366361,0.530366361,-0.364228249,-0.227009967,-0.327252805,-0.115196839,-1.061584115,575,2024,0.6340959,17 R,569902,2832736,WQ_CD01A,2024,92.25,92.25,49,42.5,0,6.5,43.25
822,WQ_CD01A_10,576,0.01689093,0.025131904,0.015734052,0.008814172,-0.314208359,-0.480695665,0.480695665,-0.42283386,-0.080371082,-0.397675186,-0.314541161,-1.035553098,576,2024,0.71980655,17 R,569865,2832752,WQ_CD01A,2024,84.75,84.75,82.25,8.5,0,73.75,2.5
823,WQ_CD01A_11,577,0.016201802,0.025804566,0.015248876,0.008696627,-0.301431656,-0.495865166,0.495865166,-0.410447568,-0.150711775,-0.41154328,-0.262712032,-1.035528898,577,2024,0.79279536,17 R,569862,2832743,WQ_CD01A,2024,100.25,100.25,22.75,12.75,0,10,77.5
824,WQ_CD01A_12,578,0.017025558,0.027144065,0.016339302,0.00916685,-0.300037652,-0.49509123,0.49509123,-0.4218072,-0.156080469,-0.423222035,-0.268149853,-1.031194568,578,2024,0.73977345,17 R,569857,2832733,WQ_CD01A,2024,92.25,92.25,85.5,5,0,80.5,6.75
825,WQ_CD01A_13,579,0.018545467,0.027682146,0.017311733,0.008458927,-0.373514771,-0.531893969,0.531893969,-0.515284002,-0.091889106,-0.3889983,-0.295431346,-1.029990077,579,2024,0.6197296,17 R,569853,2832727,WQ_CD01A,2024,94,94,38.75,0,0,38.75,55.25
826,WQ_CD01A_14,580,0.014673769,0.026738608,0.016458655,0.009047238,-0.237196103,-0.494367808,0.494367808,-0.435864955,-0.288389653,-0.578332841,-0.289105535,-1.02270329,580,2024,0.7060819,17 R,569847,2832715,WQ_CD01A,2024,35.5,35.5,25.75,0.5,0,25.25,9.75
827,WQ_CD01A_15,581,0.017996084,0.027146999,0.015126774,0.00940457,-0.313551426,-0.485408127,0.485408127,-0.349891394,-0.100759313,-0.299379438,-0.205473334,-1.029119134,581,2024,0.6767532,17 R,569857,2832707,WQ_CD01A,2024,98.5,98.5,98.5,5.75,0,92.75,0
828,WQ_CD01A_16,582,0.015240368,0.02688295,0.014644464,0.008698747,-0.273260742,-0.511054933,0.511054933,-0.382062912,-0.256350428,-0.436839402,-0.188953489,-1.036057591,582,2024,0.69980603,17 R,569864,2832706,WQ_CD01A,2024,100.25,100.25,98,96.25,0,1.75,2.25
829,WQ_CD01A_17,583,0.017169096,0.025939254,0.015127537,0.008342443,-0.345986694,-0.513300478,0.513300478,-0.43364507,-0.098377168,-0.346467346,-0.251023322,-1.029068351,583,2024,0.7197212,17 R,569858,2832699,WQ_CD01A,2024,88.25,88.25,86.5,43.5,0,43,1.75
830,WQ_CD01A_18,584,0.01757714,0.025800366,0.01560983,0.009402508,-0.302992523,-0.46581021,0.46581021,-0.372255594,-0.069058247,-0.350820988,-0.281858683,-1.021986723,584,2024,0.76049805,17 R,569845,2832699,WQ_CD01A,2024,99.75,99.75,31.25,10,0,21.25,68.5
831,WQ_CD01A_19,585,0.01757714,0.025800366,0.01560983,0.009402508,-0.302992523,-0.46581021,0.46581021,-0.372255594,-0.069058247,-0.350820988,-0.281858683,-1.021986723,585,2024,0.790344,17 R,569840,2832691,WQ_CD01A,2024,99.5,99.5,60,9.25,0,50.75,39.5
832,WQ_CD01A_2,586,0.017877189,0.026624041,0.013680437,0.007169459,-0.427511543,-0.575690091,0.575690091,-0.468418032,-0.086262099,-0.21685189,-0.143375099,-1.055732369,586,2024,0.60548997,17 R,569893,2832746,WQ_CD01A,2024,100,100,100,94.75,0,5.25,0
833,WQ_CD01A_20,587,0.016466239,0.026870346,0.0162136,0.009163775,-0.284918457,-0.491383433,0.491383433,-0.41669938,-0.178476617,-0.449774176,-0.272018164,-1.011400938,587,2024,0.6549443,17 R,569839,2832691,WQ_CD01A,2024,16.25,16.25,9.75,0.5,0,9.25,6.5
834,WQ_CD01A_21,588,0.016466239,0.026870346,0.0162136,0.009163775,-0.284918457,-0.491383433,0.491383433,-0.41669938,-0.178476617,-0.449774176,-0.272018164,-1.011400938,588,2024,0.6549443,17 R,569839,2832691,WQ_CD01A,2024,98.25,98.25,3,2,0,1,95.25
835,WQ_CD01A_22,589,0.018253727,0.026461903,0.016816583,0.008452156,-0.367019176,-0.515830815,0.515830815,-0.496528178,-0.058784213,-0.379110754,-0.316965491,-1.005816698,589,2024,0.7484618,17 R,569827,2832701,WQ_CD01A,2024,99,99,48.5,8.75,0,39.75,50.5
836,WQ_CD01A_23,590,0.019491125,0.026861293,0.018149767,0.009158588,-0.360650629,-0.491470397,0.491470397,-0.493869692,-0.009463631,-0.381202042,-0.363892466,-0.998656452,590,2024,0.6801843,17 R,569818,2832697,WQ_CD01A,2024,80,80,45.5,8.75,0,36.75,34.5
837,WQ_CD01A_24,591,0.019491125,0.026861293,0.018149767,0.009158588,-0.360650629,-0.491470397,0.491470397,-0.493869692,-0.009463631,-0.381202042,-0.363892466,-0.998656452,591,2024,0.6878143,17 R,569817,2832696,WQ_CD01A,2024,100,100,87.25,7.75,0,79.5,12.75
838,WQ_CD01A_25,592,0.017557286,0.026054358,0.016934443,0.009394218,-0.30287984,-0.469980508,0.469980508,-0.429582715,-0.08082781,-0.424206883,-0.33815378,-1.000332952,592,2024,1.3830217,17 R,569812,2832701,WQ_CD01A,2024,74,74,53.5,7.75,0,45.75,20.5
839,WQ_CD01A_26,593,0.019491125,0.026861293,0.018149767,0.009158588,-0.360650629,-0.491470397,0.491470397,-0.493869692,-0.009463631,-0.381202042,-0.363892466,-0.998656452,593,2024,0.61869156,17 R,569811,2832700,WQ_CD01A,2024,99.75,99.75,99.5,99.25,0,0.25,0.25
840,WQ_CD01A_27,594,0.017557286,0.026054358,0.016934443,0.009394218,-0.30287984,-0.469980508,0.469980508,-0.429582715,-0.08082781,-0.424206883,-0.33815378,-1.000332952,594,2024,0.6656151,17 R,569811,2832709,WQ_CD01A,2024,31,31,18.5,5.25,0,13.25,12.5
841,WQ_CD01A_28,595,0.020590866,0.031690873,0.020697393,0.010573885,-0.321420193,-0.499635845,0.499635845,-0.4855977,-0.13414605,-0.442838311,-0.305133849,-1.001156926,595,2024,0.77196664,17 R,569816,2832721,WQ_CD01A,2024,97.75,97.75,7.25,2.75,0,4.5,90.5
842,WQ_CD01A_29,596,0.020590866,0.031690873,0.020697393,0.010573885,-0.321420193,-0.499635845,0.499635845,-0.4855977,-0.13414605,-0.442838311,-0.305133849,-1.001156926,596,2024,0.6453003,17 R,569815,2832724,WQ_CD01A,2024,13.35,13.35,7.5,2.25,0,5.25,5.85
843,WQ_CD01A_3,597,0.016765239,0.024200609,0.014040492,0.008819375,-0.310571969,-0.465815902,0.465815902,-0.342594922,-0.046830527,-0.304116219,-0.259892166,-1.046787024,597,2024,0.626927,17 R,569883,2832759,WQ_CD01A,2024,99.25,99.25,90,3,0,87,9.25
844,WQ_CD01A_30,598,0.019355185,0.028474268,0.018393986,0.008687265,-0.380420387,-0.532459259,0.532459259,-0.537644327,-0.079795144,-0.400058329,-0.316423893,-1.00816679,598,2024,0.6663904,17 R,569824,2832730,WQ_CD01A,2024,40.25,40.25,38.25,3.75,0,34.5,2
845,WQ_CD01A_31,599,0.016324021,0.02753887,0.017547447,0.008689871,-0.305196404,-0.5202775,0.5202775,-0.506391883,-0.213841051,-0.528583586,-0.311594605,-1.015669703,599,2024,0.6706148,17 R,569832,2832730,WQ_CD01A,2024,48.5,48.5,19,0,0,19,29.5
846,WQ_CD01A_32,600,0.015501419,0.027409097,0.0164579,0.007983971,-0.320090383,-0.548839808,0.548839808,-0.520045817,-0.260417223,-0.523422062,-0.264301896,-1.023781896,600,2024,0.64322567,17 R,569842,2832727,WQ_CD01A,2024,99,99,98,96.5,0,1.5,1
847,WQ_CD01A_33,601,0.017706301,0.026465461,0.017791094,0.009398866,-0.306488961,-0.475865453,0.475865453,-0.462977558,-0.089378923,-0.459533811,-0.362542033,-1.015485644,601,2024,0.6783623,17 R,569835,2832720,WQ_CD01A,2024,54.75,54.75,32,2.25,0,29.75,22.75
848,WQ_CD01A_34,602,0.035080105,0.063739106,0.02699139,0.005817635,-0.715503335,-0.832722604,0.832722604,-0.968045592,-0.360260993,-0.145594001,0.178187832,-1.404398799,602,2024,0.5733012,17 R,570136,2832727,WQ_CD01A,2024,5.75,5.75,0,0,0,0,5.75
849,WQ_CD01A_35,603,0.035216045,0.064536378,0.027233008,0.006053154,-0.706650257,-0.828497112,0.828497112,-0.954444051,-0.369893849,-0.149632365,0.183387101,-1.409237146,603,2024,0.6098893,17 R,570134,2832739,WQ_CD01A,2024,11.75,11.75,6.5,6.5,0,0,5.25
850,WQ_CD01A_36,604,0.032329015,0.060275283,0.024684848,0.006050485,-0.684702218,-0.817552507,0.817552507,-0.909427106,-0.381245464,-0.148017153,0.194796979,-1.388231874,604,2024,0.60784924,17 R,570129,2832739,WQ_CD01A,2024,29.5,29.5,2.5,1,0,1.5,27
851,WQ_CD01A_37,605,0.031092005,0.056811847,0.024199283,0.005931909,-0.679563344,-0.810916364,0.810916364,-0.90939182,-0.355990231,-0.169407278,0.151740491,-1.392105699,605,2024,0.5453556,17 R,570120,2832744,WQ_CD01A,2024,78.5,78.5,78.5,27.75,0,50.75,0
852,WQ_CD01A_38,606,0.031635705,0.057607733,0.025650397,0.005220988,-0.716687143,-0.833802521,0.833802521,-0.992638111,-0.35376364,-0.203734577,0.118396856,-1.372889161,606,2024,0.5284434,17 R,570114,2832744,WQ_CD01A,2024,40,40,15.5,13.5,0,2,24.5
853,WQ_CD01A_39,607,0.030400893,0.051342886,0.023347991,0.005457622,-0.695602477,-0.807831943,0.807831943,-0.931608498,-0.268540204,-0.160116017,0.079581656,-1.368595719,607,2024,0.56793666,17 R,570113,2832734,WQ_CD01A,2024,47.5,47.5,33,32.25,0,0.75,14.5
854,WQ_CD01A_4,608,0.016765239,0.024200609,0.014040492,0.008819375,-0.310571969,-0.465815902,0.465815902,-0.342594922,-0.046830527,-0.304116219,-0.259892166,-1.046787024,608,2024,0.66602254,17 R,569884,2832760,WQ_CD01A,2024,100,100,99.9,96.5,0,3.4,0.1
855,WQ_CD01A_40,609,0.031094523,0.056680173,0.023837043,0.005578889,-0.695752919,-0.820784688,0.820784688,-0.931033909,-0.353389144,-0.155946404,0.161658496,-1.384970188,609,2024,0.68754053,17 R,570126,2832725,WQ_CD01A,2024,10.5,10.5,5.5,4.25,0,1.25,5
856,WQ_CD01A_41,610,0.035080105,0.063739106,0.02699139,0.005817635,-0.715503335,-0.832722604,0.832722604,-0.968045592,-0.360260993,-0.145594001,0.178187832,-1.404398799,610,2024,0.57089406,17 R,570134,2832721,WQ_CD01A,2024,10.25,10.25,0.5,0,0,0.5,9.75
857,WQ_CD01A_42,611,0.037279189,0.063343316,0.026994694,0.006764498,-0.692827821,-0.80702585,0.80702585,-0.898875058,-0.292695016,-0.084901534,0.171859622,-1.424923897,611,2024,0.5593069,17 R,570146,2832723,WQ_CD01A,2024,9.75,9.75,1.75,1.5,0,0.25,8
858,WQ_CD01A_43,612,0.031932071,0.053223431,0.02032898,0.005939425,-0.686338007,-0.799217761,0.799217761,-0.821684182,-0.258469224,0.011858081,0.227909982,-1.421931863,612,2024,0.69878036,17 R,570143,2832710,WQ_CD01A,2024,50.25,50.25,28,27.75,0,0.25,22.25
859,WQ_CD01A_44,613,0.032750126,0.056019027,0.021659516,0.004520292,-0.757432699,-0.850665927,0.850665927,-0.982010126,-0.288771272,-0.01908779,0.227658898,-1.401517153,613,2024,0.63106495,17 R,570132,2832706,WQ_CD01A,2024,96.25,96.25,7,6.75,0,0.25,89.25
860,WQ_CD01A_45,614,0.034939934,0.055482455,0.02468697,0.005343901,-0.734687567,-0.824289978,0.824289978,-0.966159225,-0.213594899,-0.070428126,0.111871965,-1.384045839,614,2024,0.66851157,17 R,570126,2832709,WQ_CD01A,2024,71.5,71.5,27.25,27.25,0,0,44.25
861,WQ_CD01A_46,615,0.032880586,0.056147974,0.024686262,0.006169601,-0.684016824,-0.801994801,0.801994801,-0.900152802,-0.287292778,-0.131150708,0.123818994,-1.384156227,615,2024,0.6302342,17 R,570122,2832712,WQ_CD01A,2024,16.25,16.25,2.5,2,0,0.5,13.75
862,WQ_CD01A_47,616,0.027250776,0.048280504,0.020686569,0.005226408,-0.678148925,-0.804645479,0.804645479,-0.89492768,-0.311139405,-0.162139848,0.116289705,-1.383956552,616,2024,0.65385914,17 R,570121,2832700,WQ_CD01A,2024,76.25,76.25,21.75,21.75,0,0,54.5
863,WQ_CD01A_48,617,0.035207585,0.058142859,0.024319246,0.006166937,-0.701896846,-0.808211565,0.808211565,-0.893141091,-0.256830454,-0.049483385,0.17088601,-1.367831945,617,2024,0.7206178,17 R,570113,2832711,WQ_CD01A,2024,15.35,15.35,3.85,3.6,0,0.25,11.5
864,WQ_CD01A_49,618,0.02902819,0.050009418,0.021408591,0.005812287,-0.666348636,-0.791755319,0.791755319,-0.859430611,-0.286165178,-0.129389808,0.123634316,-1.367706656,618,2024,0.69395053,17 R,570111,2832724,WQ_CD01A,2024,75.5,75.5,52.75,52.75,0,0,22.75
865,WQ_CD01A_5,619,0.01856249,0.025948996,0.013799014,0.007521606,-0.423280299,-0.550554454,0.550554454,-0.441643417,-0.020753084,-0.186890751,-0.176059812,-1.046692252,619,2024,0.6184256,17 R,569881,2832734,WQ_CD01A,2024,99.5,99.5,88.5,72.5,0,16,11
866,WQ_CD01A_50,620,0.030400893,0.051342886,0.023347991,0.005457622,-0.695602477,-0.807831943,0.807831943,-0.931608498,-0.268540204,-0.160116017,0.079581656,-1.368595719,620,2024,0.70561105,17 R,570111,2832734,WQ_CD01A,2024,70.25,70.25,55.5,55.5,0,0,14.75
867,WQ_CD01A_51,621,0.034239363,0.059469678,0.026253702,0.005218844,-0.735474885,-0.838647008,0.838647008,-1.002533674,-0.309221208,-0.145269021,0.131342083,-1.34899807,621,2024,0.59481865,17 R,570100,2832740,WQ_CD01A,2024,57.35,57.35,15.1,14.6,0,0.5,42.25
868,WQ_CD01A_52,622,0.031635705,0.057607733,0.025650397,0.005220988,-0.716687143,-0.833802521,0.833802521,-0.992638111,-0.35376364,-0.203734577,0.118396856,-1.372889161,622,2024,0.6077655,17 R,570111,2832746,WQ_CD01A,2024,40.75,40.75,17.25,14.75,0,2.5,23.5
869,WQ_CD01A_53,623,0.034239363,0.059469678,0.026253702,0.005218844,-0.735474885,-0.838647008,0.838647008,-1.002533674,-0.309221208,-0.145269021,0.131342083,-1.34899807,623,2024,0.54667217,17 R,570105,2832734,WQ_CD01A,2024,78.5,78.5,62.25,62.25,0,0,16.25
870,WQ_CD01A_54,624,0.032456413,0.057339367,0.02589084,0.005927654,-0.691139877,-0.812614739,0.812614739,-0.941112459,-0.323080778,-0.186400041,0.106156491,-1.348946691,624,2024,0.60897154,17 R,570101,2832723,WQ_CD01A,2024,17.25,17.25,2,1.5,0,0.5,15.25
871,WQ_CD01A_55,625,0.035064962,0.06599091,0.027830292,0.005692116,-0.720680833,-0.841186523,0.841186523,-0.990598977,-0.398399174,-0.173178315,0.188070446,-1.348970771,625,2024,0.6136197,17 R,570106,2832711,WQ_CD01A,2024,16.6,16.6,1.6,1.35,0,0.25,15
872,WQ_CD01A_56,626,0.036442988,0.05974165,0.026743831,0.00652157,-0.696420908,-0.803161681,0.803161681,-0.911860049,-0.251803607,-0.099305011,0.120895736,-1.367772341,626,2024,0.7049246,17 R,570114,2832708,WQ_CD01A,2024,23.5,23.5,13,12.75,0,0.25,10.5
873,WQ_CD01A_57,627,0.034939934,0.055482455,0.02468697,0.005343901,-0.734687567,-0.824289978,0.824289978,-0.966159225,-0.213594899,-0.070428126,0.111871965,-1.384045839,627,2024,0.6876543,17 R,570121,2832709,WQ_CD01A,2024,13,13,3,2.75,0,0.25,10
874,WQ_CD01A_58,628,0.027250776,0.048280504,0.020686569,0.005226408,-0.678148925,-0.804645479,0.804645479,-0.89492768,-0.311139405,-0.162139848,0.116289705,-1.383956552,628,2024,0.69809663,17 R,570128,2832698,WQ_CD01A,2024,96.25,96.25,49.5,49.5,0,0,46.75
875,WQ_CD01A_59,629,0.03205388,0.060940519,0.02613865,0.005931953,-0.687675476,-0.822589099,0.822589099,-0.945103645,-0.401713073,-0.207330495,0.159337655,-1.367705941,629,2024,0.6179039,17 R,570119,2832693,WQ_CD01A,2024,100,100,76.5,76.5,0,0,23.5
876,WQ_CD01A_6,630,0.017735722,0.025144054,0.012827636,0.007876386,-0.384948224,-0.522938788,0.522938788,-0.358716518,-0.032092027,-0.16769655,-0.148339421,-1.047906876,630,2024,0.69252074,17 R,569889,2832721,WQ_CD01A,2024,100.25,100.25,96.25,90.25,0,6,4
877,WQ_CD01A_60,631,0.032048296,0.056142528,0.024680931,0.006165355,-0.677321851,-0.802100301,0.802100301,-0.900379539,-0.312825769,-0.15659748,0.123897232,-1.348794103,631,2024,0.68556285,17 R,570107,2832692,WQ_CD01A,2024,8.95,8.95,1.45,1.45,0,0,7.5
878,WQ_CD01A_61,632,0.030892285,0.054906763,0.027918987,0.007554366,-0.607020855,-0.758109868,0.758109868,-0.861123323,-0.325390965,-0.302697033,0.001607983,-1.177708268,632,2024,0.66821486,17 R,569986,2832613,WQ_CD01A,2024,44.25,44.25,28.5,28.5,0,0,15.75
879,WQ_CD01A_62,633,0.03981619,0.068888083,0.035067886,0.006612598,-0.715150952,-0.824833393,0.824833393,-1.024050832,-0.317991585,-0.251176924,0.043461591,-1.189371467,633,2024,0.57912177,17 R,569992,2832620,WQ_CD01A,2024,76.25,76.25,10.75,10.75,0,0,65.5
880,WQ_CD01A_63,634,0.042143371,0.073536471,0.0388184,0.007438416,-0.699953675,-0.816278458,0.816278458,-1.017579198,-0.332105219,-0.284513235,0.026309729,-1.185935378,634,2024,0.6052721,17 R,569998,2832626,WQ_CD01A,2024,39,39,3.75,3.75,0,0,35.25
881,WQ_CD01A_64,635,0.034597531,0.058504019,0.030219741,0.007199144,-0.655515909,-0.780858517,0.780858517,-0.922819972,-0.281034917,-0.259671658,0.000809592,-1.169226289,635,2024,0.63157016,17 R,569988,2832631,WQ_CD01A,2024,62.5,62.5,8.5,8,0,0.5,54
882,WQ_CD01A_65,636,0.034597531,0.058504019,0.030219741,0.007199144,-0.655515909,-0.780858517,0.780858517,-0.922819972,-0.281034917,-0.259671658,0.000809592,-1.169226289,636,2024,0.6105263,17 R,569989,2832632,WQ_CD01A,2024,87.5,87.5,0.25,0.25,0,0,87.25
883,WQ_CD01A_66,637,0.034597531,0.058504019,0.030219741,0.007199144,-0.655515909,-0.780858517,0.780858517,-0.922819972,-0.281034917,-0.259671658,0.000809592,-1.169226289,637,2024,0.6105263,17 R,569989,2832632,WQ_CD01A,2024,52.25,52.25,5,4.75,0,0.25,47.25
884,WQ_CD01A_67,638,0.026748892,0.038995843,0.021238953,0.007900099,-0.543992519,-0.663079619,0.663079619,-0.686648309,-0.0977768,-0.204106703,-0.118666567,-1.135701895,638,2024,0.6783012,17 R,569959,2832629,WQ_CD01A,2024,96.75,96.75,49,48.5,0,0.5,47.75
885,WQ_CD01A_68,639,0.023997031,0.037390143,0.018934,0.008018684,-0.499078274,-0.646822691,0.646822691,-0.607471049,-0.160673365,-0.210758135,-0.067497231,-1.13834703,639,2024,0.7691241,17 R,569955,2832616,WQ_CD01A,2024,100,100,94.25,94.25,0,0,5.75
886,WQ_CD01A_69,640,0.025099879,0.035649903,0.017720882,0.008137265,-0.510351121,-0.628326476,0.628326476,-0.555934072,-0.063978389,-0.107083365,-0.061427392,-1.140832782,640,2024,0.7140484,17 R,569957,2832606,WQ_CD01A,2024,100,100,99.25,99.25,0,0,0.75
887,WQ_CD01A_7,641,0.017729569,0.026079727,0.014282115,0.006810972,-0.444920838,-0.585842073,0.585842073,-0.531298041,-0.072119974,-0.263326824,-0.198957145,-1.040340662,641,2024,0.72274196,17 R,569876,2832724,WQ_CD01A,2024,99.5,99.5,93.75,90.75,0,3,5.75
888,WQ_CD01A_70,642,0.023999659,0.034042992,0.017236024,0.00778365,-0.510205209,-0.627813756,0.627813756,-0.566696465,-0.058710538,-0.127295896,-0.085038356,-1.141990423,642,2024,0.6493506,17 R,569954,2832594,WQ_CD01A,2024,100,100,98.75,98.75,0,0,1.25
889,WQ_CD01A_71,643,0.022072406,0.038062349,0.016872544,0.007075849,-0.514492452,-0.686480701,0.686480701,-0.61361295,-0.263627052,-0.19209902,0.043858204,-1.143971086,643,2024,0.6049627,17 R,569958,2832583,WQ_CD01A,2024,66.5,66.5,43.75,43.75,0,0,22.75
890,WQ_CD01A_72,644,0.022072406,0.038062349,0.016872544,0.007075849,-0.514492452,-0.686480701,0.686480701,-0.61361295,-0.263627052,-0.19209902,0.043858204,-1.143971086,644,2024,0.59160745,17 R,569958,2832583,WQ_CD01A,2024,100.25,100.25,83.5,83.5,0,0,16.75
891,WQ_CD01A_73,645,0.022072406,0.038062349,0.016872544,0.007075849,-0.514492452,-0.686480701,0.686480701,-0.61361295,-0.263627052,-0.19209902,0.043858204,-1.143971086,645,2024,0.59160745,17 R,569958,2832583,WQ_CD01A,2024,86.75,86.75,0.25,0,0,0.25,86.5
892,WQ_CD01A_74,646,0.022072406,0.038062349,0.016872544,0.007075849,-0.514492452,-0.686480701,0.686480701,-0.61361295,-0.263627052,-0.19209902,0.043858204,-1.143971086,646,2024,0.59160745,17 R,569958,2832583,WQ_CD01A,2024,18.25,18.25,1,0,0,1,17.25
893,WQ_CD01A_75,647,0.043523137,0.072082236,0.038582575,0.005791017,-0.765137732,-0.851270735,0.851270735,-1.108482242,-0.278197289,-0.246892095,0.011280556,-1.211334348,647,2024,0.6459371,17 R,570002,2832571,WQ_CD01A,2024,32.25,32.25,3.75,2.75,0,1,28.5
894,WQ_CD01A_76,648,0.048313979,0.082430281,0.041850656,0.007092251,-0.743990839,-0.841553867,0.841553867,-1.065274,-0.319457978,-0.214593545,0.079449534,-1.224911213,648,2024,0.65327823,17 R,570014,2832576,WQ_CD01A,2024,8.5,8.5,0.25,0,0,0.25,8.25
895,WQ_CD01A_77,649,0.045994267,0.078589089,0.038104024,0.006386086,-0.756164849,-0.849695265,0.849695265,-1.069381595,-0.316835672,-0.180595875,0.107833363,-1.234564781,649,2024,0.68553835,17 R,570024,2832588,WQ_CD01A,2024,9.25,9.25,0.5,0.25,0,0.25,8.75
896,WQ_CD01A_78,650,0.047770105,0.076333903,0.038587246,0.005441104,-0.795490324,-0.866925001,0.866925001,-1.12925458,-0.247331187,-0.153892145,0.068491846,-1.231706977,650,2024,0.63897544,17 R,570024,2832591,WQ_CD01A,2024,20,20,1.75,1,0,0.75,18.25
897,WQ_CD01A_79,651,0.045307118,0.074342273,0.039795496,0.008037029,-0.698672533,-0.80487746,0.80487746,-0.995926976,-0.271554559,-0.234179959,0.0170359,-1.232493281,651,2024,0.66842514,17 R,570022,2832616,WQ_CD01A,2024,19.99,19.99,4.5,3.75,0,0.75,15.49
898,WQ_CD01A_8,652,0.01578881,0.026074188,0.014520666,0.007988685,-0.32804656,-0.530944765,0.530944765,-0.435284495,-0.187821597,-0.393954307,-0.212611064,-1.035504818,652,2024,0.66242754,17 R,569868,2832731,WQ_CD01A,2024,99.75,99.75,97.75,93.75,0,4,2
899,WQ_CD01A_80,653,0.041331042,0.073408879,0.036767002,0.005908491,-0.749849737,-0.851016462,0.851016462,-1.084645152,-0.349682778,-0.255811244,0.068629615,-1.209224463,653,2024,0.6693198,17 R,570017,2832632,WQ_CD01A,2024,20.75,20.75,0.5,0.25,0,0.25,20.25
900,WQ_CD01A_81,654,0.040779185,0.06476859,0.033496603,0.006142485,-0.738181293,-0.826755285,0.826755285,-1.035119057,-0.227124661,-0.186611116,0.018997369,-1.200564861,654,2024,0.73888427,17 R,570005,2832628,WQ_CD01A,2024,56,56,2,2,0,0,54
901,WQ_CD01A_82,655,0.042286631,0.066897213,0.033618327,0.006615254,-0.729447901,-0.820023656,0.820023656,-1.006736398,-0.225944698,-0.153529823,0.048390526,-1.201369524,655,2024,0.6392993,17 R,570001,2832613,WQ_CD01A,2024,98,98,0,0,0,0,98
902,WQ_CD01A_83,656,0.042008791,0.071014687,0.035189573,0.007085348,-0.71135664,-0.818557084,0.818557084,-0.997194886,-0.297406137,-0.200644642,0.071054235,-1.191602349,656,2024,0.5909825,17 R,569992,2832606,WQ_CD01A,2024,90.75,90.75,8.25,8.25,0,0,82.5
903,WQ_CD01A_84,657,0.035012919,0.052239835,0.026950119,0.007554902,-0.645041645,-0.747305453,0.747305453,-0.843147635,-0.146104366,-0.146153554,-0.019523438,-1.179052591,657,2024,0.6214559,17 R,569983,2832608,WQ_CD01A,2024,91.5,91.5,70.25,70.25,0,0,21.25
904,WQ_CD01A_85,658,0.030892285,0.054906763,0.027918987,0.007554366,-0.607020855,-0.758109868,0.758109868,-0.861123323,-0.325390965,-0.302697033,0.001607983,-1.177708268,658,2024,0.7301944,17 R,569981,2832620,WQ_CD01A,2024,99.25,99.25,88.25,88.25,0,0,11
905,WQ_CD01A_86,659,0.035691082,0.059034269,0.029732605,0.005898342,-0.716353774,-0.818324208,0.818324208,-1.003380418,-0.259715468,-0.214136228,0.0230192,-1.159098506,659,2024,0.59480155,17 R,569976,2832629,WQ_CD01A,2024,80.25,80.25,59.5,59.5,0,0,20.75
906,WQ_CD01A_87,660,0.04281123,0.06781397,0.03687292,0.00683968,-0.724489272,-0.816762328,0.816762328,-1.030592084,-0.228397414,-0.223176584,-0.012981299,-1.146248698,660,2024,0.5907398,17 R,569969,2832636,WQ_CD01A,2024,29.25,29.25,5,5,0,0,24.25
907,WQ_CD01A_88,661,0.04281123,0.06781397,0.03687292,0.00683968,-0.724489272,-0.816762328,0.816762328,-1.030592084,-0.228397414,-0.223176584,-0.012981299,-1.146248698,661,2024,0.63796026,17 R,569961,2832640,WQ_CD01A,2024,34.25,34.25,19.25,19.25,0,0,15
908,WQ_CD01A_89,662,0.021921974,0.033364836,0.016986592,0.006480167,-0.543684602,-0.674731255,0.674731255,-0.671572864,-0.127407476,-0.204914063,-0.09333127,-1.121746898,662,2024,0.64302456,17 R,569949,2832639,WQ_CD01A,2024,100,99.5,93.5,93.5,0,0,6
909,WQ_CD01A_9,663,0.016346136,0.024331348,0.013065422,0.009171508,-0.281163394,-0.452493936,0.452493936,-0.262665331,-0.077998005,-0.265579998,-0.196099415,-1.04084754,663,2024,0.7694437,17 R,569872,2832747,WQ_CD01A,2024,100,100,97.5,95.5,0,2,2.5
910,WQ_CD01A_90,664,0.026748892,0.038995843,0.021238953,0.007900099,-0.543992519,-0.663079619,0.663079619,-0.686648309,-0.0977768,-0.204106703,-0.118666567,-1.135701895,664,2024,0.6449416,17 R,569956,2832626,WQ_CD01A,2024,100,100,93.75,93.75,0,0,6.25
911,WQ_CD01A_91,665,0.02593031,0.038599264,0.021243159,0.006958819,-0.576831639,-0.694507778,0.694507778,-0.759751976,-0.117755815,-0.235362858,-0.129049093,-1.150304437,665,2024,0.6190431,17 R,569967,2832614,WQ_CD01A,2024,100,100,98.5,98.5,0,0,1.5
912,WQ_CD01A_92,666,0.035012919,0.052239835,0.026950119,0.007554902,-0.645041645,-0.747305453,0.747305453,-0.843147635,-0.146104366,-0.146153554,-0.019523438,-1.179052591,666,2024,0.73969674,17 R,569984,2832605,WQ_CD01A,2024,97.75,97.75,76.5,76.5,0,0,21.25
933,BS13_1,21,0.030788245,0.047740329,0.018982805,0.00672505,-0.641457796,-0.753052294,0.753052294,-0.71521461,0.261372268,-0.088783555,-0.340070754,-2.142379522,21,2025,0.178,17 R,560959.878,2794647.684,BS13,2025,77.2,77.2,7,6.4,0,0.6,69.1
934,BS13_10,22,0.031182919,0.0482518,0.01852777,0.006842261,-0.640119433,-0.751615286,0.751615286,-0.690904319,0.261000872,-0.055286411,-0.312877208,-2.133224487,22,2025,0.129,17 R,560939.415,2794775.04,BS13,2025,74.3,74.3,0.5,0.5,0,0,73.7
935,BS13_2,23,0.029369498,0.048246272,0.019558616,0.007176445,-0.607264459,-0.741028726,0.741028726,-0.694715321,0.201227993,-0.161527559,-0.349895686,-2.143443823,23,2025,0.138,17 R,560951.245,2794657.818,BS13,2025,43.9,43.9,2.5,2.5,0,0,41.3
936,BS13_3,24,0.031952556,0.049513575,0.020137094,0.008081292,-0.596277058,-0.719374597,0.719374597,-0.640848279,0.253628641,-0.102171145,-0.343833685,-2.138590336,24,2025,0.13,17 R,560947.11,2794675.99,BS13,2025,70.5,70.5,1.7,1.2,0,0.5,67.8
937,BS13_4,25,0.030401312,0.049890243,0.019558651,0.006499392,-0.647736132,-0.769482732,0.769482732,-0.751740575,0.194539681,-0.126999989,-0.316390038,-2.139667988,25,2025,0.153,17 R,560950.523,2794689.743,BS13,2025,52.2,52.2,2.5,2.5,0,0,47.8
938,BS13_5,26,0.03014739,0.0478696,0.019100765,0.006727229,-0.635129571,-0.75356704,0.75356704,-0.718611896,0.237011269,-0.115118481,-0.341588825,-2.119832754,26,2025,0.141,17 R,560947.816,2794707.807,BS13,2025,67.7,67.7,5.8,5.8,0,0,61.4
939,BS13_6,27,0.02988942,0.054316331,0.020137154,0.00751715,-0.598083973,-0.756858289,0.756858289,-0.684522986,0.072999023,-0.168921307,-0.251257628,-2.117568254,27,2025,0.145,17 R,560945.781,2794722.109,BS13,2025,72.6,72.6,27.5,27.5,0,0,45.1
940,BS13_7,28,0.030022424,0.0520445,0.020255011,0.009098915,-0.534836173,-0.702374637,0.702374637,-0.570081949,0.129996851,-0.169474363,-0.297960877,-2.105271339,28,2025,0.142,17 R,560939.828,2794733.834,BS13,2025,69.5,69.5,7.8,7.8,0,0,56.7
941,BS13_8,29,0.029635474,0.047492914,0.01933386,0.007519284,-0.595245183,-0.726632118,0.726632118,-0.659954906,0.229603097,-0.142622977,-0.357756138,-2.115104675,29,2025,0.187,17 R,560936.385,2794750.368,BS13,2025,59.5,59.5,8.5,8.5,0,0,47.8
942,BS13_9,30,0.030667171,0.04698696,0.018527761,0.007293615,-0.615728974,-0.731262445,0.731262445,-0.652607322,0.276998818,-0.07196372,-0.339439869,-2.124855757,30,2025,0.151,17 R,560937.802,2794765.889,BS13,2025,71.1,71.1,0.7,0.7,0,0,68.6
943,BS19_1,31,0.027900873,0.046386622,0.011111707,0.004098525,-0.743837357,-0.837634444,0.837634444,-0.69162482,0.198282167,0.27095148,-0.003830233,-2.85325551,31,2025,0.211,17 R,562648.86,2793234.255,BS19,2025,20,20,8.75,8.75,0,0,11.25
944,BS19_10,32,0.027486406,0.044843744,0.011325696,0.00340573,-0.779508293,-0.858828306,0.858828306,-0.806435704,0.224926978,0.239664406,-0.050658111,-2.993287563,32,2025,0.171,17 R,562701.78,2793349.536,BS19,2025,15.75,15.75,5.75,5.75,0,0,10
945,BS19_2,33,0.029194256,0.046002373,0.013308174,0.0037565,-0.771993101,-0.849011838,0.849011838,-0.839600623,0.253828436,0.16193077,-0.135089979,-2.873475313,33,2025,0.169,17 R,562652.751,2793246.292,BS19,2025,20.75,20.75,5.5,5.5,0,0,12.25
946,BS19_3,34,0.031398997,0.047273863,0.011919153,0.00375651,-0.786291838,-0.852773547,0.852773547,-0.7810812,0.293093741,0.329050481,-0.03269431,-2.888995647,34,2025,0.16,17 R,562658.776,2793257.614,BS19,2025,38.24,38.24,15.63,15.63,0,0,19.62
947,BS19_4,35,0.030616913,0.048923653,0.011684713,0.004320757,-0.752659142,-0.837701023,0.837701023,-0.690135002,0.225673094,0.320824027,0.015148684,-2.917242765,35,2025,0.16,17 R,562666.024,2793270.435,BS19,2025,17,17,6.25,0,0,6.25,10.75
948,BS19_5,36,0.030094061,0.047904067,0.01121869,0.001939419,-0.878913045,-0.922179639,0.922179639,-1.057819724,0.234355375,0.338422954,0.021828311,-2.927039862,36,2025,0.166,17 R,562671.054,2793281.405,BS19,2025,18,18,8.75,8.75,0,0,9.25
949,BS19_6,37,0.027628761,0.046759814,0.011334475,0.00284582,-0.813233197,-0.885262191,0.885262191,-0.897934914,0.178624466,0.244167134,-0.009346199,-2.939998865,37,2025,0.177,17 R,562676.085,2793295.513,BS19,2025,5.5,5.5,0.5,0,0,0.5,5
950,BS19_7,38,0.028662836,0.04650275,0.011215764,0.003070209,-0.806497633,-0.87613368,0.87613368,-0.855267704,0.222149834,0.289919704,-0.007682831,-2.955823183,38,2025,0.182,17 R,562685.311,2793309.965,BS19,2025,65,65,0.25,0.25,0,0,55.25
951,BS19_8,39,0.029696684,0.042810861,0.011328618,0.003181319,-0.806477308,-0.861658275,0.861658275,-0.842246771,0.35933879,0.316787481,-0.097226232,-2.9752841,39,2025,0.175,17 R,562690.745,2793322.933,BS19,2025,81.75,81.75,0,0,0,0,72.5
952,BS19_9,40,0.027360771,0.045482554,0.011791745,0.003294626,-0.785054088,-0.864911199,0.864911199,-0.844847202,0.202946007,0.200579986,-0.063998282,-2.984847546,40,2025,0.171,17 R,562697.89,2793337.712,BS19,2025,29,29,11.25,11.25,0,0,16.5
953,BS2_1,41,0.042638045,0.060595963,0.023189336,0.009637817,-0.631270885,-0.725550413,0.725550413,-0.619221509,0.29366231,0.065571874,-0.238041997,-2.961329937,41,2025,0.224,17 R,564044.969,2794356.851,BS2,2025,13.2,13.2,9.7,0,0,9.7,3.5
954,BS2_2,42,0.043678056,0.057924531,0.020871406,0.01009308,-0.624591172,-0.70322156,0.70322156,-0.522130072,0.373223931,0.179777429,-0.211351156,-2.934390783,42,2025,0.227,17 R,564044.077,2794376.914,BS2,2025,32.1,32.1,32,0,0,32,0.1
955,BS2_3,43,0.044461008,0.057800479,0.020990958,0.007598205,-0.708093703,-0.767634332,0.767634332,-0.70268333,0.393627942,0.192657188,-0.217387989,-2.927757025,43,2025,0.221,17 R,564035.559,2794394.452,BS2,2025,33.4,33.4,32.5,0,0,32.5,0.9
956,BS2_4,44,0.043812018,0.058309354,0.021454407,0.006916578,-0.727310479,-0.787919402,0.787919402,-0.768628359,0.368140966,0.159267649,-0.223506927,-2.913641453,44,2025,0.246,17 R,564041.282,2794411.445,BS2,2025,8.2,8.2,8,0,0,8,0.2
957,BS2_5,45,0.040179577,0.057164274,0.020411324,0.00691718,-0.706256628,-0.784112871,0.784112871,-0.740663111,0.305989057,0.115362264,-0.209370539,-2.913600922,45,2025,0.236,17 R,564040.675,2794428.869,BS2,2025,7.7,7.7,7.5,0,0,7.5,0.2
958,BS2_6,46,0.043950208,0.057424013,0.018909005,0.006694511,-0.735628486,-0.791183233,0.791183233,-0.715594709,0.39011094,0.270473719,-0.152729779,-2.920708656,46,2025,0.228,17 R,564028.718,2794444.005,BS2,2025,7.2,7.2,7,1,0,6,0.2
959,BS2_7,47,0.043689232,0.058568608,0.020415688,0.007601797,-0.70358181,-0.770235717,0.770235717,-0.68603003,0.359877288,0.198922187,-0.185246527,-2.915804148,47,2025,0.206,17 R,564034.658,2794459.429,BS2,2025,0.6,0.6,0.4,0,0,0.4,0.2
960,BS5_1,48,0.040856242,0.059000723,0.018882787,0.006627772,-0.720841944,-0.798021495,0.798021495,-0.720584869,0.283792794,0.19866316,-0.124696933,0,48,2025,0.187,17 R,562996.483,2791822.083,BS5,2025,6.1,6.1,5.2,1.5,0,3.7,0.9
961,BS5_10,49,0.042024676,0.05874934,0.018769933,0.006630041,-0.72746563,-0.7971825,0.7971825,-0.716923535,0.317242473,0.231989473,-0.124881022,0,49,2025,0.186,17 R,562986.864,2791963.622,BS5,2025,1.3,1.3,1.3,1,0,0.3,0
962,BS5_2,50,0.041115135,0.058365833,0.018072385,0.005494296,-0.76424104,-0.827927172,0.827927172,-0.800585091,0.303418189,0.242511868,-0.105618298,0,50,2025,0.197,17 R,562996.578,2791836.706,BS5,2025,8.2,8.2,7.7,2.6,0,5.1,0.5
963,BS5_3,51,0.040208876,0.056333646,0.018072408,0.006401112,-0.725333035,-0.795930922,0.795930922,-0.715342283,0.324723452,0.220222279,-0.141057834,0,51,2025,0.205,17 R,562991.47,2791856.142,BS5,2025,2.5,2.5,1.7,0.2,0,1.5,0.8
964,BS5_4,52,0.039949905,0.056714762,0.016567178,0.005721037,-0.749467075,-0.816738546,0.816738546,-0.729946792,0.309967846,0.288167298,-0.07504373,0,52,2025,0.223,17 R,562998.907,2791871.235,BS5,2025,20.2,20.2,6,1.5,0,4.5,14.2
965,BS5_5,53,0.038132817,0.055187695,0.017374955,0.006965737,-0.691088259,-0.775853515,0.775853515,-0.641470134,0.296992272,0.200883701,-0.134785444,0,53,2025,0.246,17 R,563003.532,2791888.369,BS5,2025,6.6,6.6,4.9,3.8,0,1.1,1.7
966,BS5_6,54,0.0369666,0.051755738,0.01783813,0.006399023,-0.704880357,-0.779931247,0.779931247,-0.707948685,0.344911247,0.147313371,-0.216921315,0,54,2025,0.242,17 R,563001.492,2791904.131,BS5,2025,14.7,14.7,9.8,7.8,0,2,4.9
967,BS5_7,55,0.040338289,0.05684185,0.01818827,0.005607734,-0.755899012,-0.820407629,0.820407629,-0.793024004,0.316889256,0.217967808,-0.136432573,0,55,2025,0.25,17 R,562994.817,2791922.74,BS5,2025,20.4,20.4,20,19.5,0,0.5,0.4
968,BS5_8,56,0.042538665,0.057857968,0.018188279,0.005040973,-0.788103759,-0.839711964,0.839711964,-0.84897089,0.348205924,0.271079689,-0.118714593,0,56,2025,0.23,17 R,562998.402,2791938.747,BS5,2025,10.9,10.9,9,7.4,0,1.6,1.9
969,BS5_9,57,0.04422399,0.05963809,0.02062197,0.006856706,-0.731534362,-0.793767154,0.793767154,-0.751415312,0.349783242,0.202486113,-0.17400305,0,57,2025,0.207,17 R,562984.512,2791949.189,BS5,2025,14.7,14.7,14.2,2.5,0,11.7,0.5
987,CS1_1,75,0.022924379,0.036018554,0.01521764,0.006062193,-0.581724048,-0.711878061,0.711878061,-0.645360768,0.313016683,-0.194558144,-0.471131951,-1.986311197,75,2025,0.224,17 R,564109.036,2800737.175,CS1,2025,70.1,70.1,18.7,18.7,0,0,51.4
988,CS1_10,76,0.024229104,0.038697235,0.016032077,0.005273169,-0.64252454,-0.760149181,0.760149181,-0.757483006,0.280129045,-0.183812991,-0.434932709,-1.885317445,76,2025,0.204,17 R,563987.377,2800736.454,CS1,2025,67.3,67.3,0.3,0,0,0.3,67
989,CS1_2,77,0.020975256,0.033343229,0.014292407,0.005269756,-0.598418474,-0.727047443,0.727047443,-0.691844583,0.319099128,-0.229745686,-0.505558491,-1.97092402,77,2025,0.18,17 R,564097.266,2800735.968,CS1,2025,81.9,81.9,10.4,10.4,0,0,71.5
990,CS1_3,78,0.022535481,0.036401436,0.013367075,0.004137507,-0.689760506,-0.795874953,0.795874953,-0.7908988,0.282899469,-0.100728787,-0.372184694,-1.944676399,78,2025,0.187,17 R,564083.668,2800733.978,CS1,2025,100,100,100,100,0,0,0
991,CS1_4,79,0.025524041,0.03882166,0.016144695,0.005836931,-0.627758265,-0.738597631,0.738597631,-0.703389525,0.328246385,-0.137736008,-0.436493516,-1.904901266,79,2025,0.284,17 R,564068.987,2800733.989,CS1,2025,71.7,71.7,11.4,11.4,0,0,60.3
992,CS1_5,80,0.023706257,0.041113153,0.01614508,0.005044496,-0.649087727,-0.781423211,0.781423211,-0.785805106,0.183817625,-0.211638182,-0.379160017,-1.891290426,80,2025,0.308,17 R,564056.32,2800734.865,CS1,2025,65.5,65.5,4.7,4.7,0,0,60.8
993,CS1_6,81,0.025784634,0.037931126,0.015335649,0.005271307,-0.660528243,-0.75597173,0.75597173,-0.73259306,0.36695084,-0.08358983,-0.424659193,-1.881909251,81,2025,0.317,17 R,564040.956,2800734.706,CS1,2025,71.3,71.3,9.5,9.5,0,0,61.8
994,CS1_7,82,0.021108627,0.036531013,0.013600874,0.004932175,-0.621196389,-0.762093782,0.762093782,-0.701614082,0.213119283,-0.180973753,-0.380449444,-1.88384223,82,2025,0.283,17 R,564027.134,2800736.06,CS1,2025,70.1,70.1,7.3,7.3,0,0,62.8
995,CS1_8,83,0.025526337,0.038186882,0.015683871,0.005838474,-0.627705455,-0.734767675,0.734767675,-0.686174989,0.348616451,-0.112868637,-0.433242351,-1.883187532,83,2025,0.189,17 R,564014.066,2800736.583,CS1,2025,78.9,78.9,0.3,0,0,0.3,78.6
996,CS1_9,84,0.024617812,0.038059909,0.014990116,0.004366531,-0.698697269,-0.794159889,0.794159889,-0.823250949,0.316472918,-0.110399731,-0.40573734,-1.881340146,84,2025,0.204,17 R,564000.269,2800735.474,CS1,2025,22.1,22.1,1.3,1,0,0.3,20.8
997,CS10_1,85,0.035468038,0.053068832,0.020839727,0.003703255,-0.81091994,-0.869539559,0.869539559,-1.047334313,0.272708416,-0.027136758,-0.29786703,-0.984395385,85,2025,0.193,17 R,565916.554,2798988.431,CS10,2025,68.1,68.1,68,67,0,1,0.1
998,CS10_10,86,0.035498194,0.047859292,0.020628549,0.004288247,-0.784436762,-0.835534036,0.835534036,-0.98369199,0.400659651,-0.017572384,-0.394249618,-1.027577877,86,2025,0.144,17 R,565858.553,2799080.167,CS10,2025,96,96,96,96,0,0,0
999,CS10_2,87,0.035340689,0.051285155,0.02002918,0.004500084,-0.774096549,-0.838663995,0.838663995,-0.949626684,0.31116727,0.003209177,-0.305016845,-0.983570337,87,2025,0.202,17 R,565911.527,2798997.1,CS10,2025,94,92,92,92,0,0,0
1000,CS10_3,88,0.034042522,0.048990835,0.019102877,0.004388283,-0.77162677,-0.835580528,0.835580528,-0.939582825,0.330042899,0.006298941,-0.318511605,-0.992930174,88,2025,0.161,17 R,565902.336,2799007.436,CS10,2025,94,94,93.5,93.5,0,0,0
1001,CS10_4,89,0.035216946,0.049503468,0.021542331,0.005980567,-0.709663689,-0.78442204,0.78442204,-0.848117292,0.351154983,-0.062612414,-0.390014231,-0.999457777,89,2025,0.16,17 R,565897.8,2799016.737,CS10,2025,68.5,68.5,68,68,0,0,0
1002,CS10_5,90,0.03717126,0.052184436,0.020035941,0.005414356,-0.745719016,-0.811997592,0.811997592,-0.861773014,0.340285063,0.053421292,-0.28786394,-1.00398922,90,2025,0.163,17 R,565889.824,2799026.985,CS10,2025,82.5,82.5,82,82,0,0,0
1003,CS10_6,91,0.042501543,0.059577465,0.02595458,0.004620621,-0.803887546,-0.856051147,0.856051147,-1.046630502,0.311307341,-0.034024216,-0.331775904,-1.00423336,91,2025,0.163,17 R,565883.837,2799038.421,CS10,2025,76,76,76,76,0,0,0
1004,CS10_7,92,0.037959944,0.059071757,0.024218757,0.005191925,-0.759365022,-0.838418067,0.838418067,-0.970404148,0.208784595,-0.087806977,-0.293121397,-1.012989402,92,2025,0.153,17 R,565877.036,2799050.753,CS10,2025,79,79,79,79,0,0,0
1005,CS10_8,93,0.040431775,0.056653284,0.024800505,0.00462542,-0.794686735,-0.849036634,0.849036634,-1.028434157,0.323291689,-0.045031868,-0.35110265,-1.015824556,93,2025,0.15,17 R,565871.128,2799061.517,CS10,2025,76.5,76.5,76,76,0,0,0
1006,CS10_9,94,0.03549502,0.051811725,0.024918636,0.004286433,-0.784500957,-0.847180963,0.847180963,-1.059689522,0.302958876,-0.179321259,-0.443674892,-1.02344811,94,2025,0.145,17 R,565865.145,2799070.659,CS10,2025,37,37,37,37,0,0,0
1007,CS14_10,95,0.02834793,0.04367882,0.0121125,0.005816375,-0.659505725,-0.76497215,0.76497215,-0.526758492,0.288167089,0.213060558,-0.122756019,-2.813071728,95,2025,0.227,17 R,566699,2801910.479,CS14,2025,0,0,0,NA,NA,NA,0
1008,CS14_2,96,0.033879962,0.049368914,0.013012538,0.005911327,-0.702883363,-0.786132395,0.786132395,-0.562877417,0.315799415,0.330003947,-0.049150389,-2.703549385,96,2025,0.24,17 R,566668.742,2801788.659,CS14,2025,92,92,14,14,0,0,78
1009,CS14_3,97,0.035825994,0.050641857,0.01555984,0.007159008,-0.666906714,-0.752287149,0.752287149,-0.554660559,0.34033367,0.232887551,-0.145544529,-2.706539392,97,2025,0.242,17 R,566668.83,2801802.425,CS14,2025,76.8,76.8,13.5,13.5,0,0,63.1
1010,CS14_4,98,0.03699249,0.050389927,0.016486436,0.006594691,-0.697402298,-0.768544853,0.768544853,-0.642846346,0.37850967,0.215436056,-0.189957127,-2.709093571,98,2025,0.24,17 R,566665.37,2801816.516,CS14,2025,28,28,9,9,0,0,19
1011,CS14_5,99,0.033502504,0.045185935,0.015101019,0.006482691,-0.675745428,-0.749066651,0.749066651,-0.598946691,0.413504541,0.191443369,-0.239136949,-2.729704142,99,2025,0.234,17 R,566678.487,2801822.886,CS14,2025,68.3,68.3,9,9,0,0,59.3
1012,CS14_6,100,0.029361581,0.043408938,0.013484198,0.007162756,-0.607781708,-0.716728628,0.716728628,-0.459252357,0.330924392,0.15640308,-0.2020735,-2.744624376,100,2025,0.214,17 R,566680.423,2801839.337,CS14,2025,0,0,0,NA,NA,NA,0
1013,CS14_7,101,0.0340304,0.048875436,0.013720991,0.006940519,-0.661197782,-0.751306951,0.751306951,-0.49225381,0.332587719,0.289075404,-0.095329016,-2.78014183,101,2025,0.224,17 R,566695.781,2801862.628,CS14,2025,81.4,81.4,12.1,10.5,0,1.6,69
1014,CS14_8,102,0.031447623,0.047228973,0.013262564,0.007961683,-0.595949113,-0.711484373,0.711484373,-0.374633878,0.295809835,0.239219576,-0.106435522,-2.790224552,102,2025,0.221,17 R,566692.735,2801883.547,CS14,2025,0,0,0,NA,NA,NA,0
1015,CS14_9,103,0.030414637,0.04075193,0.012224082,0.006039729,-0.668641686,-0.741845906,0.741845906,-0.507918596,0.443858236,0.275584608,-0.19836612,-2.795219898,103,2025,0.229,17 R,566698.052,2801899.147,CS14,2025,63.7,50.7,10.4,8.9,0,1.5,40.3
1016,CS15_1,104,0.02501462,0.03355458,0.008305339,0.004334289,-0.70463711,-0.771210432,0.771210432,-0.471261889,0.487443477,0.410823435,-0.129261479,-3.776465178,104,2025,1.199,17 R,568728.983,2799295.968,CS15,2025,#REF!,#REF!,#REF!,#REF!,#REF!,#REF!,0
1017,CS15_10,105,0.023322467,0.033721395,0.009284557,0.003629428,-0.730673611,-0.805657387,0.805657387,-0.656861067,0.411299825,0.245418742,-0.200266346,-3.78313303,105,2025,0.141,17 R,567420.235,2799567.628,CS15,2025,0,0,0,NA,NA,NA,0
1018,CS15_2,106,0.023567697,0.030509848,0.008343127,0.005210651,-0.637876987,-0.708254337,0.708254337,-0.346671909,0.544873595,0.347355962,-0.227479294,-3.894312382,106,2025,0.219,17 R,567566.848,2799530.971,CS15,2025,97.5,97.5,97.5,93.5,0,4,0
1019,CS15_3,107,0.022916151,0.029614447,0.008343956,0.004643373,-0.663029552,-0.728916049,0.728916049,-0.427407026,0.553480387,0.319235802,-0.257334292,-3.854886293,107,2025,0.236,17 R,567545.83,2799533.214,CS15,2025,33,33,33,16,0,17,0
1020,CS15_4,108,0.024221931,0.031151485,0.009274225,0.005439047,-0.633252323,-0.70270741,0.70270741,-0.390991628,0.54665333,0.284212738,-0.278778046,-3.828471661,108,2025,0.203,17 R,567527.006,2799535.416,CS15,2025,47,47,47,2,0,45,0
1021,CS15_5,109,0.021223698,0.032306012,0.00811492,0.005213693,-0.60558188,-0.722082376,0.722082376,-0.326503605,0.369747519,0.266326636,-0.151372924,-3.815544605,109,2025,0.167,17 R,567510.265,2799540.598,CS15,2025,40,40,40,5,0,35,0
1022,CS15_6,110,0.023052085,0.03077095,0.007418605,0.004419275,-0.678263128,-0.748835087,0.748835087,-0.380050719,0.512270331,0.425724328,-0.138908997,-3.801586151,110,2025,0.164,17 R,567492.172,2799546.17,CS15,2025,41,41,41,5,0,36,0
1023,CS15_7,111,0.021881467,0.030774027,0.009048091,0.004307824,-0.671024024,-0.754412949,0.754412949,-0.532378435,0.460031122,0.203715265,-0.274144113,-3.794868231,111,2025,0.17,17 R,567472.651,2799551.629,CS15,2025,49,49,49,1,0,48,0
1024,CS15_8,112,0.024492143,0.034229711,0.008468049,0.00487633,-0.667920768,-0.750609875,0.750609875,-0.403733879,0.441830635,0.373115152,-0.122564398,-3.794118881,112,2025,0.144,17 R,567455.522,2799556.743,CS15,2025,29,29,29,1,0,28,0
1025,CS15_9,113,0.022539049,0.0329534,0.008703306,0.00396985,-0.700489283,-0.784967482,0.784967482,-0.560253918,0.405471563,0.266565859,-0.179241031,-3.787118912,113,2025,0.146,17 R,567437.128,2799562.171,CS15,2025,9.3,9.3,9.3,3.8,0,5.5,0
1026,CS18_1,114,0.024422215,0.032604843,0.008955539,0.004185233,-0.707402587,-0.772480369,0.772480369,-0.544523537,0.498795986,0.322365493,-0.209346682,-3.775059938,114,2025,0.186,17 R,568936.463,2799264.473,CS18,2025,56,56,56,0,0,56,0
1027,CS18_10,115,0.024357565,0.033680741,0.009234982,0.003649957,-0.739358842,-0.804452777,0.804452777,-0.650180638,0.456209064,0.293424904,-0.197823629,-3.776464701,115,2025,0.166,17 R,568737.891,2799295.409,CS18,2025,0,0,0,NA,NA,NA,0
1028,CS18_2,116,0.025475102,0.03158205,0.009192564,0.004302005,-0.711052835,-0.760227501,0.760227501,-0.543614089,0.580210626,0.342223018,-0.25902307,-3.775059938,116,2025,0.197,17 R,568912.411,2799260.916,CS18,2025,19.9,19.9,18.5,18.5,0,0,0.9
1029,CS18_3,117,0.02574249,0.031843141,0.008497606,0.004077246,-0.726540387,-0.772984266,0.772984266,-0.527285635,0.580524325,0.419924438,-0.197211266,-3.775358677,117,2025,0.19,17 R,568891.651,2799266.093,CS18,2025,58.9,58.9,58,0,0,58,0.9
1030,CS18_4,118,0.024311485,0.032491557,0.007338717,0.003398639,-0.754700541,-0.810609043,0.810609043,-0.550425768,0.498533189,0.488180697,-0.077120394,-3.775398254,118,2025,0.184,17 R,568870.742,2799271.606,CS18,2025,43,43,43,16,0,27,0
1031,CS18_5,119,0.024712713,0.035834085,0.009092237,0.00408608,-0.716232598,-0.79528743,0.79528743,-0.569817543,0.39444983,0.321228683,-0.12523295,-3.775693655,119,2025,0.144,17 R,568845.989,2799272.913,CS18,2025,44.3,44.3,44,1,0,43,0.3
1032,CS18_6,120,0.023671269,0.031346984,0.008164397,0.00408901,-0.705405712,-0.769217134,0.769217134,-0.498888284,0.51596117,0.370269388,-0.185651198,-3.775909424,120,2025,0.153,17 R,568822.045,2799278.02,CS18,2025,40,40,40,0,0,40,0
1033,CS18_7,121,0.025381405,0.031738691,0.007238636,0.005004015,-0.670630515,-0.727618575,0.727618575,-0.273791283,0.570439816,0.542997241,-0.091205366,-3.776030302,121,2025,0.191,17 R,568800.235,2799281.452,CS18,2025,6.6,6.6,5.5,5,0,0.5,1.1
1034,CS18_8,122,0.028920652,0.034568109,0.006895292,0.003414909,-0.788783073,-0.820187569,0.820187569,-0.506350338,0.595932901,0.715114057,0.02731009,-3.77620244,122,2025,0.145,17 R,568777.532,2799287.42,CS18,2025,20.1,20.1,19,2,0,17,1.1
1035,CS18_9,123,0.024744403,0.034189671,0.008182796,0.002964089,-0.786051929,-0.840442061,0.840442061,-0.702264369,0.453517318,0.412680715,-0.100379862,-3.776415586,123,2025,0.159,17 R,568757.467,2799292.781,CS18,2025,33.2,33.2,33.2,0.2,0,33,0
1036,CS24_1,124,0.04133923,0.049247198,0.013043313,0.004593429,-0.799992919,-0.829369426,0.829369426,-0.718660355,0.517824113,0.526970923,-0.053228945,-3.720510721,124,2025,0.228,17 R,569728.343,2801033.88,CS24,2025,11.5,11.5,11,0,0,11,0.5
1037,CS24_10,125,0.044533577,0.05351264,0.012406574,0.004638221,-0.811346292,-0.840476274,0.840476274,-0.683641493,0.49007532,0.644225121,0.063948646,-3.820228815,125,2025,0.164,17 R,569662.535,2801184.428,CS24,2025,12.2,12.2,10,9,0,1,2.2
1038,CS24_2,126,0.041734252,0.049378585,0.013047231,0.004369051,-0.810466886,-0.837423503,0.837423503,-0.747419536,0.524056911,0.536224246,-0.050769292,-3.721117258,126,2025,0.209,17 R,569721.411,2801045.058,CS24,2025,17,17,16,15,0,1,1
1039,CS24_3,127,0.039400008,0.049765397,0.013283767,0.004485803,-0.795569301,-0.834628403,0.834628403,-0.742671072,0.456902027,0.46329543,-0.055211909,-3.710519075,127,2025,0.333,17 R,569714.147,2801058.892,CS24,2025,10.1,10.1,8.5,8,0,0.5,1.6
1040,CS24_4,128,0.042659447,0.051304284,0.013756533,0.005514492,-0.771059096,-0.805891931,0.805891931,-0.641536295,0.498922288,0.512856424,-0.048592914,-3.707403898,128,2025,0.18,17 R,569706.594,2801077.525,CS24,2025,21.7,21.7,20,20,0,0,1.7
1041,CS24_5,129,0.043838598,0.051566895,0.013764547,0.004952342,-0.796997488,-0.824755549,0.824755549,-0.706223547,0.519907653,0.539624035,-0.043884225,-3.714046001,129,2025,0.169,17 R,569696.803,2801091.459,CS24,2025,11.8,11.8,4.6,4.5,0,0.1,7.2
1042,CS24_6,130,0.045406472,0.052594725,0.013888722,0.004617479,-0.815389276,-0.838584125,0.838584125,-0.751470506,0.530770123,0.567079842,-0.030269451,-3.736923695,130,2025,0.166,17 R,569688.08,2801110.647,CS24,2025,6.4,6.4,4.5,2,0,2.5,1.9
1043,CS24_7,131,0.043729231,0.052856974,0.012154072,0.004168839,-0.825928748,-0.853791177,0.853791177,-0.733806014,0.487013847,0.643591821,0.065635093,-3.766905546,131,2025,0.166,17 R,569681.872,2801131.005,CS24,2025,34.9,34.9,34.5,2.5,0,32,0.4
1044,CS24_8,132,0.045810848,0.052860707,0.012855237,0.005308039,-0.792325735,-0.817495167,0.817495167,-0.623279512,0.533431113,0.642107129,0.027478252,-3.770339489,132,2025,0.166,17 R,569674.191,2801145.97,CS24,2025,19.3,19.3,14.5,12,0,2.5,4.8
1045,CS24_9,133,0.042446569,0.051847886,0.013211763,0.004405201,-0.811951578,-0.8433792,0.8433792,-0.749836445,0.480954289,0.542425931,-0.010513144,-3.784602642,133,2025,0.164,17 R,569667.329,2801166.053,CS24,2025,14.1,14.1,12,3.5,0,8.5,2.1
1046,CS25_1,134,0.034522716,0.057850115,0.016158484,0.004633327,-0.763340414,-0.851694226,0.851694226,-0.831468463,0.139577001,0.16353029,-0.038198289,-2.426511288,134,2025,0.217,17 R,568152.189,2804532.795,CS25,2025,16,16,9,0,0,9,6
1047,CS25_10,135,0.029369591,0.046214968,0.016166698,0.003623146,-0.780367017,-0.85460341,0.85460341,-0.950756729,0.25414452,0.001437717,-0.263096392,-2.143697023,135,2025,0.186,17 R,568072.478,2804622.726,CS25,2025,100,100,0,0,0,0,91
1048,CS25_2,136,0.035167944,0.054309424,0.015351385,0.005311289,-0.737579584,-0.82183075,0.82183075,-0.728857458,0.235785872,0.225888938,-0.066432454,-2.420894146,136,2025,0.189,17 R,568143.653,2804539.834,CS25,2025,99,99,0,0,0,0,93
1049,CS25_3,137,0.033492874,0.05102095,0.015814375,0.003053255,-0.832909524,-0.887071669,0.887071669,-1.014524937,0.263818562,0.151663288,-0.149145916,-2.381706476,137,2025,0.214,17 R,568133.033,2804551.151,CS25,2025,28,28,0,0,0,0,28
1050,CS25_4,138,0.027423754,0.04456263,0.012931631,0.00361886,-0.766845703,-0.849782169,0.849782169,-0.844032824,0.230380565,0.12392626,-0.147324741,-2.35524416,138,2025,0.222,17 R,568126.86,2804566.557,CS25,2025,5.5,5.5,5.5,5.5,0,0,0
1051,CS25_5,139,0.02600288,0.040760435,0.011663486,0.004297399,-0.716345906,-0.80924964,0.80924964,-0.692263067,0.286884874,0.15903452,-0.16616112,-2.327136755,139,2025,0.201,17 R,568117.449,2804575.126,CS25,2025,98,98,98,98,0,0,0
1052,CS25_6,140,0.035302743,0.058485966,0.018584605,0.00429814,-0.782927036,-0.863081872,0.863081872,-0.936500251,0.148473233,0.06618318,-0.122611061,-2.290569067,140,2025,0.213,17 R,568108.664,2804583.388,CS25,2025,0,0,0,NA,NA,NA,0
1053,CS25_7,141,0.033755843,0.05292251,0.017086633,0.005315502,-0.727907896,-0.817455947,0.817455947,-0.788170218,0.226626351,0.093279265,-0.165291667,-2.252598524,141,2025,0.199,17 R,568097.258,2804591.461,CS25,2025,38,38,9,5,0,4,29
1054,CS25_8,142,0.026523788,0.041016683,0.013396704,0.002604931,-0.821143448,-0.880566955,0.880566955,-1.011625409,0.299010366,0.060327835,-0.254323065,-2.223475218,142,2025,0.207,17 R,568091.379,2804601.579,CS25,2025,11.5,2.5,0,0,0,0,0
1055,CS25_9,143,0.02561995,0.038480945,0.013397668,0.004639049,-0.693377256,-0.784830749,0.784830749,-0.728399158,0.342840642,0.02559565,-0.318187833,-2.185219288,143,2025,0.187,17 R,568084.249,2804612.211,CS25,2025,22,22,0,0,0,0,22
1056,CS29_1,144,0.061976124,0.075398266,0.018956505,0.00560043,-0.834249318,-0.861715555,0.861715555,-0.815823019,0.398814797,0.612018943,0.117881991,-3.699736834,144,2025,0.263,17 R,571424.91,2802687.098,CS29,2025,16.3,16.3,3.2,1.2,0,2,13.1
1057,CS29_10,145,0.06583713,0.079192974,0.019891836,0.005722463,-0.840064406,-0.865219712,0.865219712,-0.829773188,0.398846656,0.631245494,0.134159178,-3.705871105,145,2025,0.209,17 R,571384.697,2802832.487,CS29,2025,1.3,1.3,0.2,0,0,0.2,1.1
1058,CS29_2,146,0.064031199,0.075273082,0.019304669,0.005601704,-0.839107573,-0.861472189,0.861472189,-0.825268567,0.433480084,0.629068196,0.103815779,-3.716039658,146,2025,0.24,17 R,571419.821,2802702.686,CS29,2025,19.2,19.2,0,0,0,0,19.2
1059,CS29_3,147,0.064929947,0.075778708,0.019651892,0.005375955,-0.847069561,-0.867513359,0.867513359,-0.855603158,0.439183265,0.627754033,0.098360375,-3.719105244,147,2025,0.247,17 R,571417.261,2802715.681,CS29,2025,17,10.5,0,0,0,0,10.5
1060,CS29_4,148,0.065444522,0.07476946,0.01861364,0.004471851,-0.872080028,-0.88713336,0.88713336,-0.918875158,0.463570327,0.682089627,0.121947616,-3.726243258,148,2025,0.245,17 R,571415.302,2802732.584,CS29,2025,15,10,0,0,0,0,10
1061,CS29_5,149,0.067752995,0.07780017,0.018498817,0.005038145,-0.861572564,-0.87836194,0.87836194,-0.857842565,0.449358553,0.722049892,0.165899187,-3.728117943,149,2025,0.246,17 R,571413.406,2802748.627,CS29,2025,22,22,21,0,0,21,1
1062,CS29_6,150,0.065318666,0.080072708,0.02046407,0.004813137,-0.862740278,-0.886597455,0.886597455,-0.928757727,0.377350807,0.599073112,0.125876367,-3.738127708,150,2025,0.25,17 R,571407.114,2802765.145,CS29,2025,11.7,6.7,2,0,0,2,4.7
1063,CS29_7,151,0.064806402,0.080199338,0.020580251,0.004361088,-0.873897731,-0.896852732,0.896852732,-0.975438535,0.367533535,0.586355805,0.123598009,-3.738111019,151,2025,0.232,17 R,571403.645,2802779.761,CS29,2025,11.4,11.4,11,0,0,11,0.4
1064,CS29_8,152,0.063653484,0.079821862,0.020004362,0.005154402,-0.850179911,-0.87868607,0.87868607,-0.885375023,0.355386704,0.592689097,0.138224304,-3.738055229,152,2025,0.249,17 R,571399.119,2802796.331,CS29,2025,4.5,4.5,1.5,0,0,1.5,3
1065,CS29_9,153,0.065194435,0.078561068,0.019659458,0.00572138,-0.838643014,-0.864233196,0.864233196,-0.82373625,0.398891687,0.631489813,0.134156913,-3.726454496,153,2025,0.225,17 R,571389.959,2802815.285,CS29,2025,11.9,11.9,11.2,0,0,11.2,0.7
1066,CS3_1,154,0.022180956,0.033912361,0.013656397,0.007041034,-0.518100321,-0.656144083,0.656144083,-0.479433656,0.354170203,-0.13490732,-0.457608193,-2.605923891,154,2025,0.168,17 R,563333.209,2798078.844,CS3,2025,66.7,66.7,66.2,66.2,0,0,0.5
1067,CS3_10,155,0.023363672,0.035068668,0.015169487,0.00614108,-0.583722651,-0.701959848,0.701959848,-0.635488093,0.364874393,-0.172865063,-0.495697975,-2.460517406,155,2025,0.14,17 R,563298.844,2797924.242,CS3,2025,33,33,33,4,0,29,0
1068,CS3_2,156,0.023480982,0.032127202,0.014235183,0.008626832,-0.462633491,-0.576639116,0.576639116,-0.367969602,0.477647424,-0.113465771,-0.539975762,-2.591436863,156,2025,0.137,17 R,563331.956,2798060.743,CS3,2025,37.1,37.1,35.2,33,0,2.2,1.9
1069,CS3_3,157,0.0230942,0.035061907,0.014121544,0.00896817,-0.440579712,-0.59263438,0.59263438,-0.334783733,0.353510737,-0.123217344,-0.447100759,-2.552511692,157,2025,0.137,17 R,563327.707,2798045.653,CS3,2025,48.6,48.6,48.2,48,0,0.2,0.4
1070,CS3_4,158,0.023354158,0.035444234,0.015163247,0.007948759,-0.492139399,-0.633638561,0.633638561,-0.46822986,0.351363271,-0.172920302,-0.484765053,-2.537829876,158,2025,0.135,17 R,563323.789,2798027.474,CS3,2025,68.9,68.9,60.5,53,7.5,0,0.4
1071,CS3_5,159,0.021794066,0.034297038,0.015626162,0.008062007,-0.459941894,-0.619349003,0.619349003,-0.478983104,0.322698802,-0.267787665,-0.538162947,-2.528985262,159,2025,0.137,17 R,563321.262,2798008.095,CS3,2025,39.7,39.7,36.7,36,0.7,0,3
1072,CS3_6,160,0.021537211,0.032514423,0.013544831,0.005798072,-0.575781107,-0.697327375,0.697327375,-0.600744367,0.376501113,-0.157340586,-0.494112998,-2.500488758,160,2025,0.135,17 R,563315.664,2797989.062,CS3,2025,55.1,55.1,55,48.5,6.5,0,0.1
1073,CS3_7,161,0.021540429,0.033919234,0.01273664,0.005799677,-0.57573849,-0.707963943,0.707963943,-0.561354458,0.324618429,-0.104552008,-0.409882694,-2.483714342,161,2025,0.135,17 R,563307.889,2797974.898,CS3,2025,27.1,27.1,26.5,0,0,26.5,0.6
1074,CS3_8,162,0.022450572,0.033791725,0.013431191,0.006366053,-0.558168054,-0.682947934,0.682947934,-0.535312176,0.370635897,-0.108597808,-0.44983834,-2.49393177,162,2025,0.138,17 R,563305.443,2797956.804,CS3,2025,22.1,22.1,19.7,0,0,19.7,2.4
1075,CS3_9,163,0.023750391,0.032899264,0.013546936,0.005686366,-0.613655388,-0.705259919,0.705259919,-0.613043725,0.459843695,-0.059656717,-0.482452393,-2.499510765,163,2025,0.136,17 R,563302.871,2797941.207,CS3,2025,18.2,18.2,18,0,0,18,0.2
1076,CS31_1,164,0.032407615,0.046168692,0.010803041,0.004369249,-0.762391448,-0.827090383,0.827090383,-0.636073291,0.353810489,0.44479093,0.0106616,-3.284891605,164,2025,0.189,17 R,569506.982,2804313.915,CS31,2025,35.1,35.1,8,8,0,0,26.9
1077,CS31_10,165,0.031773519,0.042880539,0.00931129,0.004489087,-0.752412319,-0.810465574,0.810465574,-0.524138153,0.424936116,0.552174747,0.038059562,-3.349034786,165,2025,0.184,17 R,569431.261,2804412.476,CS31,2025,0,0,0,NA,NA,NA,0
1078,CS31_2,166,0.034087483,0.046296172,0.009880118,0.003917747,-0.79383117,-0.843957722,0.843957722,-0.648184121,0.400955409,0.571736693,0.074285656,-3.28938365,166,2025,0.192,17 R,569502.644,2804323.848,CS31,2025,0,0,0,NA,NA,NA,0
1079,CS31_3,167,0.032409884,0.045156129,0.010573871,0.004370539,-0.762344301,-0.823507667,0.823507667,-0.622640729,0.381159484,0.463206768,0.003099831,-3.315346479,167,2025,0.186,17 R,569491.269,2804334.297,CS31,2025,24,24,3,3,0,0,17.8
1080,CS31_4,168,0.033960804,0.045030233,0.010459403,0.00414526,-0.782435656,-0.831409514,0.831409514,-0.648506105,0.431337476,0.519263327,0.00772655,-3.339774847,168,2025,0.193,17 R,569481.265,2804346.696,CS31,2025,0,0,0,NA,NA,NA,0
1081,CS31_5,169,0.03099126,0.04097249,0.010575847,0.004937054,-0.725171983,-0.78492254,0.78492254,-0.545235813,0.455999732,0.418288648,-0.094252691,-3.348720551,169,2025,0.191,17 R,569473.92,2804357.318,CS31,2025,14.7,14.7,9.5,9.5,0,0,4.7
1082,CS31_6,170,0.032672949,0.042369667,0.01034668,0.005164339,-0.72702384,-0.782709718,0.782709718,-0.501160562,0.467593849,0.489874929,-0.04578954,-3.348635912,170,2025,0.194,17 R,569467.467,2804371.601,CS31,2025,0,0,0,NA,NA,NA,0
1083,CS31_7,171,0.032028358,0.040975127,0.010347671,0.004600063,-0.74882549,-0.798133016,0.798133016,-0.576770484,0.488837034,0.4698672,-0.079322293,-3.349385262,171,2025,0.171,17 R,569457.163,2804383.096,CS31,2025,9.2,9.2,7,7,0,0,2
1084,CS31_8,172,0.032029599,0.042117834,0.010233209,0.004148782,-0.770648539,-0.820657611,0.820657611,-0.634588063,0.455040067,0.479423165,-0.044234928,-3.350421667,172,2025,0.176,17 R,569445.606,2804392.657,CS31,2025,0,0,0,NA,NA,NA,0
1085,CS31_9,173,0.030221973,0.042118758,0.010234199,0.003584485,-0.7879408,-0.8431409,0.8431409,-0.721817732,0.396921873,0.421249092,-0.04427899,-3.351412535,173,2025,0.173,17 R,569436.357,2804402.16,CS31,2025,28,28,26,26,0,0,2
1086,CS33_1,174,0.037163224,0.054851592,0.015259578,0.004760148,-0.772911966,-0.840294957,0.840294957,-0.786681414,0.278751254,0.286205888,-0.052410718,-2.793060064,174,2025,0.189,17 R,570381.34,2805577.685,CS33,2025,27.5,27.5,3.5,3.5,0,0,24
1087,CS33_10,175,0.039236609,0.061810367,0.018958233,0.005219114,-0.765199423,-0.844274044,0.844274044,-0.852396131,0.186116561,0.154801965,-0.080893345,-2.734407425,175,2025,0.183,17 R,570294.342,2805670.063,CS33,2025,42.5,42.5,16,16,0,0,26.5
1088,CS33_2,176,0.036648724,0.053967007,0.014568526,0.006568038,-0.69604212,-0.783000469,0.783000469,-0.567771137,0.284809887,0.311917245,-0.037082285,-2.785431862,176,2025,0.192,17 R,570371.499,2805589.234,CS33,2025,54,54,1,1,0,0,53
1089,CS33_3,177,0.035103466,0.052197281,0.015146858,0.00532692,-0.736489296,-0.814793766,0.814793766,-0.719452322,0.282746315,0.23552981,-0.09695816,-2.777950525,177,2025,0.191,17 R,570360.365,2805600.962,CS33,2025,33.4,33.4,8,4,0,4,25.4
1090,CS33_4,178,0.036908932,0.049792755,0.014685766,0.004536457,-0.781087458,-0.833001196,0.833001196,-0.791998029,0.390913546,0.312134266,-0.123048633,-2.781172037,178,2025,0.181,17 R,570350.749,2805609.579,CS33,2025,47.1,47.1,12.5,12.5,0,0,34.6
1091,CS33_5,179,0.033170685,0.049034704,0.014456774,0.005215439,-0.728264332,-0.807726264,0.807726264,-0.704648793,0.302997977,0.218793675,-0.127678514,-2.767040968,179,2025,0.186,17 R,570342.586,2805620.186,CS33,2025,62.3,62.3,42,40.5,0,1.5,20.3
1092,CS33_6,180,0.03304287,0.050428033,0.013765694,0.005216174,-0.727323353,-0.812516868,0.812516868,-0.675606787,0.26467067,0.256843954,-0.066273659,-2.757010698,180,2025,0.181,17 R,570334.93,2805631.192,CS33,2025,8,8,6.5,6.5,0,0,1.5
1093,CS33_7,181,0.033172116,0.051693764,0.014342621,0.005216366,-0.728232741,-0.81668061,0.81668061,-0.699902475,0.238079935,0.225619674,-0.069466464,-2.758019924,181,2025,0.182,17 R,570321.258,2805639.026,CS33,2025,100.4,100.4,5,5,0,0,95.4
1094,CS33_8,182,0.035624344,0.050302468,0.015381517,0.005330047,-0.739708126,-0.808383763,0.808383763,-0.727960706,0.342960864,0.237105414,-0.144412562,-2.754891634,182,2025,0.183,17 R,570310.516,2805647.096,CS33,2025,17.2,17.2,15,15,0,0,2.2
1095,CS33_9,183,0.032787438,0.052328091,0.014805847,0.005782548,-0.700152934,-0.800981402,0.800981402,-0.657406628,0.211413011,0.186758518,-0.078935146,-2.748502016,183,2025,0.172,17 R,570300.064,2805656.103,CS33,2025,66,66,49,49,0,0,17
1096,CS36_1,184,0.05677164,0.077404723,0.020948237,0.006277028,-0.800883114,-0.849978566,0.849978566,-0.808323205,0.278795242,0.438824654,0.07605131,-2.724482059,184,2025,0.211,17 R,572551.26,2805065.683,CS36,2025,3.8,3.8,3.5,3.5,0,0,0.3
1097,CS36_10,185,0.056140482,0.072997563,0.021534223,0.006962554,-0.779327452,-0.825849354,0.825849354,-0.767016709,0.339727193,0.404039443,-0.001374335,-2.710867405,185,2025,0.234,17 R,572490.078,2805175.931,CS36,2025,0,0,0,NA,NA,NA,0
1098,CS36_2,186,0.056130778,0.076018482,0.021064486,0.006729838,-0.785880625,-0.837341964,0.837341964,-0.773610175,0.289672464,0.422737062,0.054208167,-2.717169523,186,2025,0.254,17 R,572548.721,2805079.296,CS36,2025,3,3,0.5,0,0,0.5,2.5
1099,CS36_3,187,0.056646172,0.077658519,0.0196818,0.005826904,-0.813458741,-0.860409081,0.860409081,-0.814715803,0.272556007,0.4899683,0.121827774,-2.711439371,187,2025,0.252,17 R,572544.238,2805093.661,CS36,2025,3.7,3.7,3,2.5,0,0.5,0.7
1100,CS36_4,188,0.057802156,0.074506961,0.020951597,0.005827643,-0.816826582,-0.854915738,0.854915738,-0.847146213,0.34371987,0.456676602,0.037786752,-2.708515882,188,2025,0.229,17 R,572537.676,2805106.274,CS36,2025,4.8,4.8,1.8,1.3,0,0.5,0.5
1101,CS36_5,189,0.053566322,0.075642526,0.020144928,0.005941277,-0.800318718,-0.85435158,0.85435158,-0.816733479,0.249007478,0.414164394,0.079672985,-2.710325956,189,2025,0.232,17 R,572531.492,2805119.141,CS36,2025,8.9,8.9,8.5,8.5,0,0,0.4
1102,CS36_6,190,0.057163399,0.074760973,0.019800557,0.005942627,-0.811662138,-0.852729559,0.852729559,-0.807471752,0.328420967,0.493910581,0.079702377,-2.707243204,190,2025,0.211,17 R,572524.23,2805130.451,CS36,2025,9.3,9.3,8,6.5,0,1.5,1.3
1103,CS36_7,191,0.05908883,0.075392082,0.021877637,0.005604309,-0.826741815,-0.861615837,0.861615837,-0.888219237,0.351208359,0.441687077,0.020118335,-2.707798243,191,2025,0.207,17 R,572515.831,2805143.693,CS36,2025,2,2,1,1,0,0,1
1104,CS36_8,192,0.056010183,0.073122486,0.021071205,0.006961218,-0.77890861,-0.826151431,0.826151431,-0.755017877,0.335300177,0.420313418,0.015150245,-2.709395409,192,2025,0.202,17 R,572507.604,2805153.652,CS36,2025,8.1,6.1,4.5,4.5,0,0,1.1
1105,CS36_9,193,0.054727238,0.075897641,0.020841433,0.007187963,-0.767812669,-0.826974511,0.826974511,-0.730668783,0.266306698,0.406522781,0.059873,-2.706553221,193,2025,0.195,17 R,572497.779,2805164.675,CS36,2025,4.6,4.6,3.7,3.5,0,0.2,0.9
1106,CS39_1,194,0.036093373,0.04832013,0.009397502,0.002914518,-0.850567758,-0.886228621,0.886228621,-0.789835989,0.405498952,0.671765268,0.151208177,-3.38372612,194,2025,0.198,17 R,568913.01,2802608.164,CS39,2025,3.5,3.5,1.5,1,0,0.5,2
1107,CS39_10,195,0.033418231,0.045556102,0.010120269,0.003614732,-0.804782987,-0.852972507,0.852972507,-0.710469961,0.400949746,0.531359851,0.04180244,-3.382286072,195,2025,0.22,17 R,568863.319,2802703.941,CS39,2025,48.5,48.5,9.5,9.5,0,0,38
1108,CS39_2,196,0.035975121,0.051371541,0.009636969,0.003486197,-0.823310673,-0.872900426,0.872900426,-0.703043699,0.326889604,0.64695406,0.195294023,-3.384175539,196,2025,0.205,17 R,568905.939,2802622.271,CS39,2025,7.7,7.7,7,7,0,0,0.7
1109,CS39_3,197,0.034171142,0.049599923,0.009872148,0.003036665,-0.83677268,-0.884617686,0.884617686,-0.794280887,0.318614572,0.574878454,0.143765703,-3.384552956,197,2025,0.211,17 R,568900.109,2802632.971,CS39,2025,33.5,33.5,1.5,1.5,0,0,32
1110,CS39_4,198,0.036109906,0.04998054,0.00987239,0.003715544,-0.813408554,-0.861608386,0.861608386,-0.679666877,0.364396751,0.630043209,0.151393428,-3.384349346,198,2025,0.208,17 R,568898.218,2802635.773,CS39,2025,66.5,66.5,0,0,0,0,62.5
1111,CS39_5,199,0.034693852,0.047701154,0.009876395,0.003605356,-0.811726868,-0.859458148,0.859458148,-0.697725177,0.381811649,0.58969146,0.104438871,-3.384410381,199,2025,0.217,17 R,568896.049,2802648.64,CS39,2025,14.2,14.2,4,4,0,0,4.7
1112,CS39_6,200,0.033923756,0.045928586,0.009880397,0.003721387,-0.802291274,-0.850095093,0.850095093,-0.679213583,0.405946672,0.56689781,0.066294819,-3.384418011,200,2025,0.214,17 R,568890.799,2802659.98,CS39,2025,21.1,21.1,12,12,0,0,8.1
1113,CS39_7,201,0.033156198,0.047203071,0.010579775,0.004178178,-0.776175261,-0.837365627,0.837365627,-0.650658965,0.349390894,0.485495329,0.04705229,-3.383618832,201,2025,0.215,17 R,568886.547,2802672.41,CS39,2025,35.1,35.1,28,28,0,0,6.1
1114,CS39_8,202,0.035483833,0.048218753,0.010002963,0.004065826,-0.794393897,-0.844473243,0.844473243,-0.63301152,0.391050398,0.601310909,0.106552251,-3.382196903,202,2025,0.207,17 R,568877.446,2802683.386,CS39,2025,33.7,33.7,4,4,0,0,29.7
1115,CS39_9,203,0.03445106,0.04618967,0.009888148,0.004292565,-0.778411806,-0.829937577,0.829937577,-0.59188658,0.414398015,0.581651092,0.071428835,-3.382286072,203,2025,0.217,17 R,568870.154,2802693.242,CS39,2025,26.3,26.3,3.2,3.2,0,0,23.1
1116,CS5_1,204,0.025824592,0.036530543,0.01255264,0.005436207,-0.652202964,-0.740927935,0.740927935,-0.593403816,0.414780468,0.089294322,-0.325798064,-2.662348986,204,2025,0.241,17 R,564153.892,2798902.075,CS5,2025,26.6,26.6,26.5,25.7,0,0.8,0.1
1117,CS5_10,205,0.023865167,0.034099653,0.012896209,0.006907729,-0.55105108,-0.663098276,0.663098276,-0.453582525,0.420581013,-0.012716488,-0.413063645,-2.65478611,205,2025,0.216,17 R,564175.324,2798927.77,CS5,2025,46.3,46.3,46,46,0,0,0.3
1118,CS5_2,206,0.023217048,0.03499601,0.01371009,0.006795884,-0.547136307,-0.674775004,0.674775004,-0.505770087,0.361130208,-0.092611939,-0.42882818,-2.662303925,206,2025,0.196,17 R,564161.092,2798911.928,CS5,2025,31.7,31.7,31,28,0,3,0.7
1119,CS5_3,207,0.023868343,0.034868319,0.012898386,0.006682458,-0.56253469,-0.678347409,0.678347409,-0.476174206,0.393292993,-0.012727875,-0.39088729,-2.661762953,207,2025,0.202,17 R,564169.828,2798920.877,CS5,2025,86.7,86.7,86.7,86,0,0.7,0
1120,CS5_4,208,0.023865167,0.034099653,0.012896209,0.006907729,-0.55105108,-0.663098276,0.663098276,-0.453582525,0.420581013,-0.012716488,-0.413063645,-2.65478611,208,2025,0.216,17 R,564175.324,2798927.77,CS5,2025,67.1,67.1,67,67,0,0,0.1
1121,CS5_5,209,0.023865167,0.034099653,0.012896209,0.006907729,-0.55105108,-0.663098276,0.663098276,-0.453582525,0.420581013,-0.012716488,-0.413063645,-2.65478611,209,2025,0.216,17 R,564175.324,2798927.77,CS5,2025,70.1,70.1,70.1,70,0,0.1,0
1122,CS5_6,210,0.023865167,0.034099653,0.012896209,0.006907729,-0.55105108,-0.663098276,0.663098276,-0.453582525,0.420581013,-0.012716488,-0.413063645,-2.65478611,210,2025,0.216,17 R,564175.324,2798927.77,CS5,2025,86.5,86.5,86.5,86.5,0,0,0
1123,CS5_7,211,0.023865167,0.034099653,0.012896209,0.006907729,-0.55105108,-0.663098276,0.663098276,-0.453582525,0.420581013,-0.012716488,-0.413063645,-2.65478611,211,2025,0.216,17 R,564175.324,2798927.77,CS5,2025,92,92,92,92,0,0,0
1124,CS5_8,212,0.023865167,0.034099653,0.012896209,0.006907729,-0.55105108,-0.663098276,0.663098276,-0.453582525,0.420581013,-0.012716488,-0.413063645,-2.65478611,212,2025,0.216,17 R,564175.324,2798927.77,CS5,2025,82,82,82,82,0,0,0
1125,CS5_9,213,0.023865167,0.034099653,0.012896209,0.006907729,-0.55105108,-0.663098276,0.663098276,-0.453582525,0.420581013,-0.012716488,-0.413063645,-2.65478611,213,2025,0.216,17 R,564175.324,2798927.77,CS5,2025,37.2,37.2,36,36,0,0,1.2
1126,CS6_1,214,0.02812496,0.037422959,0.014634223,0.005684711,-0.663722813,-0.736255229,0.736255229,-0.660677731,0.470420957,0.043346383,-0.406237394,-2.745599508,214,2025,0.143,17 R,564716.829,2797754.784,CS6,2025,86.6,86.6,86.6,86,0.6,0,0
1127,CS6_10,215,0.030635208,0.040771175,0.014776077,0.006498862,-0.649978459,-0.725032508,0.725032508,-0.583589137,0.450503409,0.120585069,-0.327121347,-2.742529869,215,2025,0.128,17 R,564592.779,2797824.812,CS6,2025,83.5,83.5,83.5,73.5,0,10,0
1128,CS6_2,216,0.02903975,0.039725102,0.014636368,0.00455086,-0.729039788,-0.794432044,0.794432044,-0.788454831,0.428992361,0.075229123,-0.346638381,-2.740857124,216,2025,0.133,17 R,564706.107,2797759.335,CS6,2025,61.6,61.6,61.4,60,1,0.4,0.2
1129,CS6_3,217,0.028521856,0.039982818,0.014986695,0.006255656,-0.640247047,-0.729417682,0.729417682,-0.616530478,0.403042883,0.036996048,-0.35629341,-2.742271423,217,2025,0.13,17 R,564693.553,2797768.159,CS6,2025,51.7,51.7,51,43.5,4.8,2.7,0.7
1130,CS6_4,218,0.029569725,0.041647445,0.014642826,0.004669343,-0.727250576,-0.79837364,0.79837364,-0.774652779,0.388946414,0.092937082,-0.299682349,-2.73795557,218,2025,0.133,17 R,564679.764,2797775.657,CS6,2025,51,51,51,31.5,3,16.5,0
1131,CS6_5,219,0.030484034,0.040500354,0.015109177,0.005579308,-0.690582871,-0.757840753,0.757840753,-0.690954626,0.453754812,0.096564174,-0.348980159,-2.741975784,219,2025,0.13,17 R,564668.546,2797786.938,CS6,2025,74.3,74.3,74.3,40,0.3,34,0
1132,CS6_6,220,0.03165831,0.041396461,0.016039636,0.005240335,-0.715960562,-0.775270402,0.775270402,-0.761229992,0.464631677,0.083229847,-0.36782673,-2.742857695,220,2025,0.135,17 R,564655.846,2797795.885,CS6,2025,73.2,73.2,73.2,71.5,0,1.7,0
1133,CS6_7,221,0.028537149,0.04267535,0.015345556,0.006490805,-0.629392862,-0.735964477,0.735964477,-0.608257294,0.323410034,0.017285606,-0.307249904,-2.744343996,221,2025,0.133,17 R,564642.305,2797804.328,CS6,2025,87.5,87.5,87.5,82.5,1,4,0
1134,CS6_8,222,0.030626202,0.040764567,0.015581879,0.006266976,-0.660263717,-0.73349905,0.73349905,-0.639500558,0.450408816,0.074858733,-0.363474429,-2.741383314,222,2025,0.126,17 R,564626.344,2797809.216,CS6,2025,74.5,74.5,74,64.5,0,9.5,0.5
1135,CS6_9,223,0.030759357,0.043830484,0.0145397,0.006155075,-0.666522026,-0.753725886,0.753725886,-0.607734978,0.365543455,0.138427526,-0.243775651,-2.741271734,223,2025,0.126,17 R,564610.612,2797818.44,CS6,2025,30.2,30.2,30,23.5,0,6.5,0.2
1136,CS9_1,224,0.022238292,0.030789834,0.01034614,0.004041081,-0.692452252,-0.767960131,0.767960131,-0.657360375,0.475575089,0.105187751,-0.365002126,-2.448980808,224,2025,0.186,17 R,565861.103,2800468.078,CS9,2025,76.5,76.5,4.5,0,0,4.5,67
1137,CS9_10,225,0.021751793,0.030943051,0.010253619,0.005871797,-0.574870825,-0.681009293,0.681009293,-0.40760082,0.447349459,0.090754025,-0.35391584,-1.687915444,225,2025,0.166,17 R,565795.164,2800567.313,CS9,2025,55,55,17,0,5.5,11.5,38
1138,CS9_2,226,0.023152769,0.031558499,0.010464487,0.004496363,-0.674755573,-0.750582159,0.750582159,-0.598374069,0.485541075,0.135754883,-0.348095834,-2.379751682,226,2025,0.193,17 R,565856.357,2800477.278,CS9,2025,86.4,86.4,9.5,7,0,2.5,76.9
1139,CS9_3,227,0.019901523,0.030156413,0.009887076,0.004724582,-0.616294861,-0.72910279,0.72910279,-0.52997005,0.390126139,0.033000391,-0.354855835,-2.339287043,227,2025,0.183,17 R,565852.009,2800487.318,CS9,2025,96.7,95.7,7,5.5,0,1.5,88.7
1140,CS9_4,228,0.020556206,0.029392948,0.010237217,0.004159578,-0.663407147,-0.752055764,0.752055764,-0.633228302,0.454036444,0.035590515,-0.404218316,-2.262806416,228,2025,0.195,17 R,565847.233,2800498.861,CS9,2025,93,93,12,10,0,2,81
1141,CS9_5,229,0.02290264,0.03028946,0.009312532,0.004048029,-0.69959712,-0.764221013,0.764221013,-0.591049612,0.52516681,0.224679619,-0.309649587,-2.187965631,229,2025,0.2,17 R,565837.585,2800508.356,CS9,2025,91,91,91,89,0,2,0
1142,CS9_6,230,0.020566011,0.03106002,0.009316672,0.003710949,-0.694282234,-0.786548972,0.786548972,-0.645442784,0.386651784,0.116686948,-0.284830868,-2.110745192,230,2025,0.184,17 R,565831.434,2800522.225,CS9,2025,79,79,20.5,16.5,3.5,0.5,58.5
1143,CS9_7,231,0.022521922,0.030807372,0.01070975,0.004052845,-0.694985509,-0.767480254,0.767480254,-0.676395893,0.487548083,0.088307448,-0.387974948,-2.021770239,231,2025,0.223,17 R,565825.772,2800535.156,CS9,2025,88,88,80,76,0,4,8
1144,CS9_8,232,0.021354225,0.032724492,0.0107122,0.004394722,-0.658648431,-0.763210416,0.763210416,-0.62727654,0.360046536,0.034872215,-0.327761024,-1.913899183,232,2025,0.167,17 R,565816.467,2800545.656,CS9,2025,49,49,18.5,8.5,4.5,5.5,30.5
1145,CS9_9,233,0.022528986,0.031195661,0.010714648,0.005076617,-0.632203877,-0.720082819,0.720082819,-0.535552204,0.472454429,0.088229805,-0.375761569,-1.784952521,233,2025,0.166,17 R,565804.423,2800556.937,CS9,2025,25.7,25.7,9,8,0,1,16.7
1146,G10_1,234,0.027244771,0.033840623,0.012665696,0.00884337,-0.509901583,-0.585635304,0.585635304,-0.266561538,0.562402666,0.135157108,-0.408395976,-2.918153286,234,2025,0.433,17 R,578734.738,2843844.306,G10,2025,69,61,24.5,0,7.5,17,35.5
1147,G10_10,235,0.030678034,0.036688507,0.014903978,0.007168259,-0.621190965,-0.673105896,0.673105896,-0.525709212,0.581692398,0.114607789,-0.438507408,-2.582518101,235,2025,0.272,17 R,578658.737,2843986.026,G10,2025,50.7,50.7,29,0,0,29,21.5
1148,G10_2,236,0.027768791,0.032821041,0.012900009,0.00816462,-0.54556942,-0.601586521,0.601586521,-0.337204278,0.619085789,0.138524249,-0.451481849,-2.89060092,236,2025,0.295,17 R,578726.702,2843859.711,G10,2025,92,92,0,0,0,0,92
1149,G10_3,237,0.025953734,0.033848841,0.013600903,0.008735389,-0.496361524,-0.589735985,0.589735985,-0.326744974,0.513557851,0.025658097,-0.456707686,-2.84490037,237,2025,0.277,17 R,578718.76,2843878.696,G10,2025,97,97,2,0,2,0,95
1150,G10_4,238,0.025701648,0.032577436,0.013142673,0.008058968,-0.522581697,-0.603362143,0.603362143,-0.359668285,0.550892353,0.045221016,-0.471633852,-2.858406544,238,2025,0.289,17 R,578711.804,2843896.851,G10,2025,34.8,34.8,25.2,0,14.2,11,9.6
1151,G10_5,239,0.02896291,0.037180677,0.015118647,0.007382293,-0.593768001,-0.66868037,0.66868037,-0.515735447,0.507769406,0.044841021,-0.434928775,-2.787450075,239,2025,0.277,17 R,578704.059,2843911.361,G10,2025,42,42,34.5,6,3,25.5,7
1152,G10_6,240,0.033646248,0.040373448,0.016511835,0.006590189,-0.67242682,-0.719349325,0.719349325,-0.644206285,0.556313872,0.119305544,-0.412625283,-2.747988224,240,2025,0.27,17 R,578693.541,2843925.843,G10,2025,51,51,36.5,0,0,36.5,13
1153,G10_7,241,0.042606041,0.054774053,0.019297743,0.008181565,-0.677812517,-0.740084648,0.740084648,-0.606793523,0.417167753,0.222000793,-0.213845655,-2.704599619,241,2025,0.259,17 R,578684.318,2843942.096,G10,2025,10.3,10.3,7.7,0,0,7.7,2.6
1154,G10_8,242,0.033526629,0.044461574,0.018489001,0.007616328,-0.629762769,-0.707502544,0.707502544,-0.624738753,0.434103757,0.018975379,-0.39325735,-2.634357452,242,2025,0.266,17 R,578679.234,2843957.3,G10,2025,11,11,3,0,0,3,8
1155,G10_9,243,0.030675499,0.037835192,0.016872186,0.007847144,-0.592595756,-0.656447351,0.656447351,-0.547650874,0.543751478,0.008396347,-0.492272496,-2.574816704,243,2025,0.261,17 R,578672.146,2843972.626,G10,2025,49.5,49.5,32.5,22,0,10.5,16.9
1156,G12_1,244,0.020761231,0.026259961,0.011373837,0.005688756,-0.56984812,-0.643882036,0.643882036,-0.499784619,0.602606833,-0.044568963,-0.588687778,-2.132883787,244,2025,0.206,17 R,576686.251,2843681.318,G12,2025,78.5,77.5,23.5,0,22,1.5,54
1157,G12_10,245,0.027858699,0.040369593,0.018488191,0.006396607,-0.626533329,-0.726443172,0.726443172,-0.728853643,0.367675066,-0.166181892,-0.489775956,-1.803082585,245,2025,0.222,17 R,576615.161,2843827.259,G12,2025,0,0,0,NA,NA,NA,0
1158,G12_2,246,0.01854408,0.023956409,0.011724573,0.006485244,-0.481788337,-0.573922992,0.573922992,-0.431580037,0.602606654,-0.183491707,-0.701197505,-2.110962629,246,2025,0.206,17 R,576677.124,2843693.872,G12,2025,16.4,15.9,2.5,0,2.5,0,11.9
1159,G12_3,247,0.019200983,0.025881182,0.011610878,0.006827576,-0.475378096,-0.582523048,0.582523048,-0.389129817,0.54235363,-0.140343338,-0.617275655,-2.089881182,247,2025,0.204,17 R,576664.928,2843708.101,G12,2025,49.5,49.5,39.5,0,39.5,0,9.7
1160,G12_4,248,0.025734834,0.036764458,0.015910702,0.006490805,-0.597165167,-0.699883699,0.699883699,-0.630754232,0.403447092,-0.117019728,-0.480989635,-2.048825026,248,2025,0.208,17 R,576658.315,2843725.156,G12,2025,39.9,39.9,33,0,33,0,6.8
1161,G12_5,249,0.020262629,0.030119255,0.013363002,0.00638138,-0.520989478,-0.650341451,0.650341451,-0.530400634,0.409624755,-0.206780747,-0.5614205,-2.010406017,249,2025,0.2,17 R,576651.124,2843746.008,G12,2025,29.3,29.3,20,0,18.2,1.5,7.7
1162,G12_6,250,0.021049624,0.02615286,0.011392008,0.007745262,-0.462039053,-0.543027043,0.543027043,-0.285835862,0.621429443,-0.032139454,-0.593862653,-1.980107069,250,2025,0.198,17 R,576640.667,2843759.827,G12,2025,27.6,27.6,14.2,0.7,13.5,0,11.7
1163,G12_7,251,0.019490601,0.026030852,0.0118616,0.005705867,-0.547089934,-0.640424907,0.640424907,-0.525607884,0.550231338,-0.143651649,-0.62607044,-1.926128626,251,2025,0.198,17 R,576634.088,2843776.306,G12,2025,19.2,19.2,0,0,0,0,18.9
1164,G12_8,252,0.022632305,0.030901937,0.014304498,0.005369453,-0.616491735,-0.703929007,0.703929007,-0.681234181,0.488667101,-0.154434413,-0.582170725,-1.882280707,252,2025,0.204,17 R,576631.013,2843793.871,G12,2025,7.3,7.3,0,0,0,0,0.8
1165,G12_9,253,0.024070811,0.033974458,0.015003062,0.005598252,-0.622620225,-0.717065036,0.717065036,-0.684772611,0.433685631,-0.133608624,-0.519878149,-1.854370236,253,2025,0.202,17 R,576623.933,2843808.552,G12,2025,0,0,0,NA,NA,NA,0
1166,G16_1,254,0.022612935,0.027462551,0.012132986,0.009179453,-0.422537655,-0.498965561,0.498965561,-0.207873881,0.632959425,-0.014417269,-0.587947845,-3.46222949,254,2025,0.173,17 R,578397.088,2841828.908,G16,2025,79.5,79.5,42,35,4,3,37.5
1167,G16_10,255,0.017701056,0.02301647,0.009853072,0.008760815,-0.33785367,-0.448611468,0.448611468,-0.088019446,0.605316877,-0.081223831,-0.622695267,-3.420793056,255,2025,0.157,17 R,578360.861,2841989.592,G16,2025,100,100,0,0,0,0,100
1168,G16_2,256,0.022622839,0.030816915,0.01225618,0.008956178,-0.43277663,-0.549636304,0.549636304,-0.233354673,0.491637915,-0.02262314,-0.479592949,-3.458119392,256,2025,0.159,17 R,578396.533,2841848.77,G16,2025,75.1,75.1,16,0,6.5,9.5,58.1
1169,G16_3,257,0.024076732,0.031724893,0.01214609,0.008732924,-0.467661351,-0.568294823,0.568294823,-0.245210275,0.518203795,0.047382969,-0.444405228,-3.443355799,257,2025,0.155,17 R,578395.152,2841864.586,G16,2025,71.2,71.2,19.5,0,0,19.5,51.7
1170,G16_4,258,0.025136061,0.033532742,0.014135083,0.008851517,-0.479132235,-0.582320571,0.582320571,-0.34478128,0.493087351,-0.03931528,-0.492346853,-3.420864105,258,2025,0.156,17 R,578389.143,2841885.4,G16,2025,75.2,75.2,17,0,1,16,58.2
1171,G16_5,259,0.020025823,0.02659158,0.011809286,0.009767611,-0.344311178,-0.462715745,0.462715745,-0.141934812,0.551105022,-0.112779483,-0.601745546,-3.396121025,259,2025,0.156,17 R,578387.001,2841903.328,G16,2025,74,74,22.5,0,0,22.5,50.5
1172,G16_6,260,0.019116256,0.023250643,0.01134936,0.009088661,-0.355526507,-0.437918603,0.437918603,-0.165918633,0.66977948,-0.125273913,-0.708932042,-3.382026196,260,2025,0.156,17 R,578381.102,2841920.474,G16,2025,100,100,0.5,0,0.5,0,99.5
1173,G16_7,261,0.020303471,0.024285018,0.011585875,0.009204902,-0.376115948,-0.450288236,0.450288236,-0.171781003,0.676489115,-0.082668513,-0.67946291,-3.382605076,261,2025,0.156,17 R,578374.853,2841936.469,G16,2025,99,96.5,28,0,28,0,68.5
1174,G16_8,262,0.018999921,0.02429283,0.012175509,0.008412076,-0.386248589,-0.485577106,0.485577106,-0.274201602,0.609736443,-0.191497937,-0.712974429,-3.40765214,262,2025,0.157,17 R,578370.283,2841952.446,G16,2025,100,100,0,0,0,0,100
1175,G16_9,263,0.019793026,0.026743075,0.011479114,0.00841441,-0.403390646,-0.521330357,0.521330357,-0.23108305,0.532423854,-0.100209884,-0.576737344,-3.420685053,263,2025,0.157,17 R,578365.031,2841968.935,G16,2025,100,100,0,0,0,0,100
1176,G17_1,264,0.022844765,0.026607532,0.01146328,0.008484145,-0.458382398,-0.516458273,0.516458273,-0.224024042,0.682066739,0.04436351,-0.580877721,-3.789497375,264,2025,0.214,17 R,579097.701,2842264.242,G17,2025,68.5,68.5,45,0,45,0,23.5
1177,G17_10,265,0.023065554,0.027576363,0.011056824,0.008981175,-0.439495057,-0.508655369,0.508655369,-0.155378461,0.647690296,0.084870413,-0.520507514,-3.770966053,265,2025,0.144,17 R,579140.841,2842440.327,G17,2025,83,64,64,0,64,0,0
1178,G17_2,266,0.025082607,0.029443614,0.011702897,0.008602632,-0.489234298,-0.547780216,0.547780216,-0.229021221,0.65092963,0.120115623,-0.49369511,-3.875357151,266,2025,0.167,17 R,579100.997,2842284.524,G17,2025,88.5,76.5,13.5,0,13.5,0,63
1179,G17_3,267,0.025747219,0.029836599,0.012757855,0.010769858,-0.410146773,-0.469549477,0.469549477,-0.126743928,0.660771787,0.072419055,-0.539263427,-3.893420458,267,2025,0.168,17 R,579107.06,2842305.15,G17,2025,70,70,30.5,13.5,17,0,39.5
1180,G17_4,268,0.0218261,0.025987716,0.010551096,0.010660594,-0.343694717,-0.418221802,0.418221802,0.007743258,0.665445566,0.069694661,-0.547932625,-3.842502356,268,2025,0.152,17 R,579114.221,2842326.847,G17,2025,86,76,37,1,36,0,39
1181,G17_5,269,0.024456963,0.029723043,0.01102371,0.008502762,-0.484051406,-0.555129766,0.555129766,-0.193656221,0.614050806,0.146011278,-0.443499655,-3.791835546,269,2025,0.153,17 R,579111.308,2842345.88,G17,2025,86,71.5,52.5,20,14.5,18,19
1182,G17_6,270,0.026431195,0.030115996,0.012428039,0.011693816,-0.386554122,-0.440618575,0.440618575,-0.045657128,0.675524592,0.121047616,-0.512090981,-3.807216406,270,2025,0.156,17 R,579120.385,2842365.603,G17,2025,59.5,53.5,47.5,24,11,12.5,6
1183,G17_7,271,0.024607617,0.02858158,0.012783927,0.009650093,-0.436617762,-0.495178103,0.495178103,-0.209536746,0.668363512,0.025401704,-0.583628237,-3.848665476,271,2025,0.151,17 R,579126.747,2842384.732,G17,2025,72,56,56,0,56,0,0
1184,G17_8,272,0.02396247,0.029616935,0.011509427,0.009085715,-0.45015347,-0.530486166,0.530486166,-0.176525518,0.598023891,0.088692881,-0.476464003,-3.840338945,272,2025,0.155,17 R,579128.302,2842405.941,G17,2025,73,73,62,0,56,6,11
1185,G17_9,273,0.022269366,0.027440172,0.009768997,0.007838583,-0.479301453,-0.555620193,0.555620193,-0.164453149,0.618652225,0.15569599,-0.44105655,-3.786456347,273,2025,0.146,17 R,579138.465,2842421.674,G17,2025,75,75,75,0,75,0,0
1186,G18_1,274,0.013655935,0.018570073,0.005401107,0.004207339,-0.528939784,-0.63056916,0.63056916,-0.186362267,0.609922528,0.173702836,-0.427606165,-3.673608065,274,2025,0.172,17 R,577306.903,2840592.519,G18,2025,100,100,0,0,0,0,100
1187,G18_10,275,0.013317901,0.0160251,0.004385259,0.003662679,-0.568603754,-0.627923608,0.627923608,-0.134676784,0.76617074,0.326908946,-0.432991892,-3.732450485,275,2025,0.147,17 R,577300.748,2840707.884,G18,2025,100,100,3,0,3,0,97
1188,G18_2,276,0.01207387,0.016630907,0.005287434,0.004895752,-0.42299813,-0.545145214,0.545145214,-0.057695422,0.622459829,0.068771809,-0.523396969,-3.652340174,276,2025,0.143,17 R,577306.729,2840603.057,G18,2025,100,100,4,1,3,0,96
1189,G18_3,277,0.013666592,0.017023802,0.004822268,0.004440879,-0.509497583,-0.586215258,0.586215258,-0.061759114,0.717647672,0.271474749,-0.437282145,-3.665129185,277,2025,0.153,17 R,577306.854,2840613.539,G18,2025,100,100,50,0,50,0,50
1190,G18_4,278,0.015258491,0.017027978,0.003771226,0.003986014,-0.585750461,-0.62063241,0.62063241,0.041533057,0.827527761,0.59200412,-0.269475907,-3.677154779,278,2025,0.142,17 R,577301.293,2840624.108,G18,2025,100,100,0,0,0,0,100
1191,G18_5,279,0.015528097,0.01755034,0.003774761,0.004102787,-0.582006872,-0.621044397,0.621044397,0.062460843,0.807874024,0.608717263,-0.239899069,-3.693799257,279,2025,0.136,17 R,577303.018,2840637.311,G18,2025,100,100,0,0,0,0,100
1192,G18_6,280,0.013952347,0.015744891,0.005070597,0.004221995,-0.535389543,-0.577100337,0.577100337,-0.136980474,0.834409118,0.249204263,-0.549603403,-3.705336094,280,2025,0.136,17 R,577304.589,2840650.395,G18,2025,100,100,16,0,16,0,84
1193,G18_7,281,0.013952347,0.015744891,0.005070597,0.004221995,-0.535389543,-0.577100337,0.577100337,-0.136980474,0.834409118,0.249204263,-0.549603403,-3.705336094,281,2025,0.136,17 R,577304.367,2840659.976,G18,2025,100,100,3,0,3,0,97
1194,G18_8,282,0.014359577,0.015882907,0.004140391,0.004112568,-0.554727614,-0.588650107,0.588650107,-0.005056961,0.852442503,0.45137915,-0.402742475,-3.662389278,282,2025,0.136,17 R,577304.332,2840673.592,G18,2025,100,100,0,0,0,0,100
1195,G18_9,283,0.014629244,0.016146233,0.004612516,0.004000701,-0.57050854,-0.602847636,0.602847636,-0.10654819,0.85082078,0.377592832,-0.459897667,-3.663470507,283,2025,0.138,17 R,577301.692,2840687.878,G18,2025,100,100,82,0,82,0,18
1196,G19_1,284,0.014276995,0.017220652,0.006713942,0.005239109,-0.463098884,-0.533467054,0.533467054,-0.185078233,0.74720037,0.032011859,-0.651346445,-3.195979834,284,2025,0.418,17 R,577043.727,2842028.687,G19,2025,100,100,0,0,0,0,100
1197,G19_10,285,0.016615957,0.016917074,0.006782561,0.005401074,-0.509373069,-0.515992582,0.515992582,-0.170083061,0.920793176,0.175025553,-0.676062942,-3.035226583,285,2025,0.238,17 R,577030.721,2842244.962,G19,2025,100,100,0,0,0,0,100
1198,G19_2,286,0.014813546,0.017486798,0.006487518,0.005130006,-0.485547423,-0.546354473,0.546354473,-0.175275519,0.765226781,0.098257303,-0.612627327,-3.21361351,286,2025,0.261,17 R,577041.246,2842048.536,G19,2025,100,100,12,0,12,0,88
1199,G19_3,287,0.015228735,0.018147726,0.006967789,0.004456178,-0.547249377,-0.60571605,0.60571605,-0.329781771,0.747232616,0.064793229,-0.624204874,-3.119756937,287,2025,0.23,17 R,577037.155,2842085.409,G19,2025,100,100,0,0,0,0,100
1200,G19_4,288,0.017214283,0.018159095,0.008376561,0.005260197,-0.531895995,-0.550780892,0.550780892,-0.342790127,0.869017541,0.029796466,-0.749083161,-3.047557354,288,2025,0.205,17 R,577030.954,2842114.406,G19,2025,100,100,0,0,0,0,100
1201,G19_5,289,0.016303612,0.017908495,0.008265815,0.005150456,-0.519862115,-0.553279281,0.553279281,-0.348311335,0.831758916,-0.013168842,-0.753908396,-3.047717094,289,2025,0.24,17 R,577031.189,2842137.448,G19,2025,100,100,0,0,0,0,100
1202,G19_6,290,0.017100066,0.016497362,0.008504415,0.005723781,-0.498438537,-0.484834701,0.484834701,-0.293146849,0.980416119,0.010178522,-0.855378628,-3.018334866,290,2025,0.226,17 R,577027.469,2842159.62,G19,2025,100,100,0,0,0,0,100
1203,G19_7,291,0.016194003,0.018312326,0.008163439,0.00493279,-0.533029914,-0.575584829,0.575584829,-0.370028168,0.797582567,-0.009251244,-0.723114908,-3.038802862,291,2025,0.301,17 R,577024.88,2842182.45,G19,2025,100,100,0,0,0,0,100
1204,G19_8,292,0.016597133,0.019350039,0.009101869,0.005278603,-0.517401099,-0.571344376,0.571344376,-0.398797631,0.754367352,-0.077765055,-0.742159665,-3.047759056,292,2025,0.253,17 R,577029.183,2842204.859,G19,2025,100,100,0,0,0,0,100
1205,G19_9,293,0.016606146,0.015749376,0.007942016,0.004941128,-0.541368663,-0.522377253,0.522377253,-0.349397063,1.008183837,0.039408632,-0.855146348,-3.051543474,293,2025,0.23,17 R,577028.152,2842225.385,G19,2025,100,100,0,0,0,0,100
1206,G2_1,294,0.04240793,0.062967092,0.02695637,0.004507852,-0.807832181,-0.866384387,0.866384387,-1.070192575,0.241033927,-0.068632603,-0.302253306,-2.111785173,294,2025,0.385,17 R,578629.876,2845912.669,G2,2025,0,0,0,0,0,0,0
1207,G2_10,295,0.048091277,0.070427336,0.032268912,0.00813586,-0.71060735,-0.792883694,0.792883694,-0.895923316,0.229063928,-0.096778758,-0.312888652,-1.815344095,295,2025,0.153,17 R,578477.879,2846003.534,G2,2025,0,0,0,0,0,0,0
1208,G2_2,296,0.042410851,0.064737052,0.027879883,0.004622592,-0.803433836,-0.86670655,0.86670655,-1.073331714,0.207002103,-0.09738569,-0.297491133,-2.084796429,296,2025,0.382,17 R,578617.451,2845925.291,G2,2025,0.2,0.2,0,0,0,0,0.2
1209,G2_3,297,0.046532542,0.067389913,0.028457763,0.004511422,-0.823233843,-0.874510765,0.874510765,-1.089487433,0.250346154,-0.02219145,-0.271312386,-2.05497551,297,2025,0.32,17 R,578602.648,2845937.314,G2,2025,0,0,0,0,0,0,0
1210,G2_4,298,0.045762777,0.066886388,0.030647254,0.004851767,-0.808285654,-0.864736795,0.864736795,-1.089980245,0.242891043,-0.102292091,-0.329331905,-2.016166687,298,2025,0.225,17 R,578587.784,2845944.499,G2,2025,1,1,0,0,0,0,1
1211,G2_5,299,0.046022262,0.069285296,0.030303473,0.004627358,-0.817279637,-0.874788463,0.874788463,-1.102583885,0.205199286,-0.086985946,-0.28640601,-1.97568512,299,2025,0.293,17 R,578564.637,2845954.055,G2,2025,0.5,0.5,0,0,0,0,0.5
1212,G2_6,300,0.045381114,0.070800275,0.031686619,0.004515904,-0.818991065,-0.880081475,0.880081475,-1.125779867,0.164562389,-0.139203012,-0.295195937,-1.942361355,300,2025,0.165,17 R,578546.504,2845961.511,G2,2025,0,0,0,0,0,0,0
1213,G2_7,301,0.048341457,0.069287881,0.033299681,0.00542094,-0.798337102,-0.854878187,0.854878187,-1.079995871,0.254317641,-0.11849355,-0.350631177,-1.900200725,301,2025,0.185,17 R,578529.993,2845972.427,G2,2025,0.7,0.7,0,0,0,0,0.7
1214,G2_8,302,0.046543911,0.071181506,0.032611031,0.005535645,-0.787415802,-0.855686903,0.855686903,-1.064655781,0.183256626,-0.138506964,-0.309425205,-1.876561761,302,2025,0.169,17 R,578513.848,2845980.898,G2,2025,99,96,96,96,0,0,0
1215,G2_9,303,0.048989039,0.073073991,0.034223847,0.007343983,-0.739265442,-0.817354679,0.817354679,-0.969975948,0.202179357,-0.128608778,-0.31608668,-1.841180682,303,2025,0.262,17 R,578495.72,2845993.403,G2,2025,0,0,0,0,0,0,0
1216,G20_1,304,0.024172736,0.030371031,0.012208097,0.008185342,-0.494077384,-0.575409114,0.575409114,-0.29588595,0.575831711,0.047005635,-0.491488248,-3.664321661,304,2025,0.133,17 R,578468.56,2840988.746,G20,2025,75.1,75.1,72,66,0,6,3.1
1217,G20_10,305,0.022925498,0.026938802,0.009682121,0.005934802,-0.58872211,-0.638932049,0.638932049,-0.359928668,0.670373797,0.192376792,-0.453408509,-3.755696297,305,2025,0.135,17 R,578483.756,2841123.383,G20,2025,98,9,2,0,0,2,7
1218,G20_2,306,0.025889201,0.031020112,0.012796057,0.007502506,-0.55063659,-0.610488296,0.610488296,-0.39117685,0.618419468,0.075360097,-0.502401352,-3.646665812,306,2025,0.136,17 R,578470.82,2840999.833,G20,2025,82.5,82.5,30.5,25,1.5,4,52
1219,G20_3,307,0.023792433,0.031027384,0.010697747,0.007963992,-0.498432726,-0.591499865,0.591499865,-0.219734743,0.53367281,0.144145399,-0.380094439,-3.628786802,307,2025,0.133,17 R,578466.877,2841015.007,G20,2025,84.3,84.3,22,7.5,11.5,3,62.3
1220,G20_4,308,0.022612307,0.031160194,0.011636616,0.007966338,-0.478960723,-0.592791021,0.592791021,-0.280846298,0.477545351,0.021294979,-0.4331595,-3.623566866,308,2025,0.131,17 R,578472.144,2841027.89,G20,2025,83.5,83.5,60,49,0,11,23
1221,G20_5,309,0.022622243,0.027811917,0.010824693,0.007171742,-0.518577874,-0.589994729,0.589994729,-0.304472893,0.61782068,0.083617918,-0.497540444,-3.697352171,309,2025,0.131,17 R,578476.83,2841047.521,G20,2025,88.4,88.4,24.2,6,9.2,9,64.2
1222,G20_6,310,0.020524407,0.02536609,0.009311107,0.006491369,-0.519438624,-0.592474163,0.592474163,-0.267654687,0.633735895,0.115173139,-0.486931831,-3.785875797,310,2025,0.128,17 R,578474.943,2841065.207,G20,2025,71.5,71.5,25,6,2,17,46.5
1223,G20_7,311,0.020397685,0.025757417,0.008963619,0.006493753,-0.517039359,-0.597301245,0.597301245,-0.239678442,0.608710229,0.14152211,-0.445699573,-3.800377607,311,2025,0.131,17 R,578474.416,2841076.768,G20,2025,73,70,28,12.5,10.5,5,42
1224,G20_8,312,0.020798014,0.025890421,0.008850048,0.00626777,-0.536849201,-0.610191345,0.610191345,-0.256215364,0.621810675,0.171868265,-0.431858271,-3.792751789,312,2025,0.131,17 R,578470.312,2841089.618,G20,2025,75.5,70.5,28.5,0.5,0,28,42
1225,G20_9,313,0.022125497,0.02693115,0.010026197,0.006386725,-0.55200094,-0.616618693,0.616618693,-0.332616478,0.635204136,0.126979381,-0.477493405,-3.764740705,313,2025,0.133,17 R,578484.287,2841105.496,G20,2025,66.5,66.5,27,1,17,9,39.5
1226,G3_1,314,0.043472815,0.05679439,0.017752029,0.00519566,-0.786487639,-0.832371175,0.832371175,-0.820760369,0.392751455,0.313574255,-0.120721281,-2.8091259,314,2025,0.206,17 R,579615.19,2845829.882,G3,2025,0,0,0,0,0,0,0
1227,G3_10,315,0.037853707,0.049616579,0.016980816,0.004997538,-0.766749442,-0.816987336,0.816987336,-0.817846358,0.420548975,0.213169903,-0.225561306,-2.722170591,315,2025,0.175,17 R,579575.526,2845961.601,G3,2025,16.1,16.1,5.5,0,0,5.5,10.6
1228,G3_2,316,0.044638313,0.058063474,0.016950276,0.004748028,-0.807718992,-0.848816574,0.848816574,-0.843539238,0.392023504,0.379573733,-0.067122646,-2.799363852,316,2025,0.239,17 R,579613.961,2845841.364,G3,2025,18,18,0,0,0,0,18
1229,G3_3,317,0.042581644,0.053639233,0.01545354,0.00554036,-0.769736946,-0.812761128,0.812761128,-0.708289981,0.44234854,0.411502451,-0.083369926,-2.835271358,317,2025,0.156,17 R,579609.682,2845855.23,G3,2025,31.4,31.4,0.4,0,0,0.4,31
1230,G3_4,318,0.040785927,0.052125912,0.017880207,0.005092748,-0.77799058,-0.821989954,0.821989954,-0.834946454,0.43446663,0.243619815,-0.211400256,-2.800404072,318,2025,0.157,17 R,579606.654,2845870.52,G3,2025,7,7,0,0,0,0,7
1231,G3_5,319,0.039243575,0.047697756,0.017652309,0.005320671,-0.761213481,-0.799289763,0.799289763,-0.805183232,0.505124509,0.216046065,-0.291435003,-2.77611208,319,2025,0.154,17 R,579604.077,2845884.465,G3,2025,44.3,44.3,31.5,0,0,31.5,12.5
1232,G3_6,320,0.037317682,0.046816558,0.014775272,0.004873089,-0.768997371,-0.811448157,0.811448157,-0.755954802,0.477742583,0.317949057,-0.188822597,-2.748301506,320,2025,0.169,17 R,579602.714,2845900.011,G3,2025,59.2,59.2,39,0,0,39,20
1233,G3_7,321,0.041443747,0.051629476,0.015123523,0.00453609,-0.802692175,-0.838474333,0.838474333,-0.807805777,0.462238073,0.402886093,-0.106844977,-2.752298594,321,2025,0.177,17 R,579590.479,2845914.382,G3,2025,48.3,48.3,10,0,0,10,38
1234,G3_8,322,0.043120291,0.051251959,0.01720106,0.004537875,-0.809565663,-0.837322474,0.837322474,-0.873767614,0.510922492,0.332408547,-0.201915815,-2.731673241,322,2025,0.172,17 R,579581.808,2845929.132,G3,2025,39.9,39.9,15.5,0,0,15.5,24.2
1235,G3_9,323,0.038361721,0.051256619,0.01651435,0.004541734,-0.788281202,-0.837209046,0.837209046,-0.852909029,0.393877059,0.250333816,-0.174056664,-2.703746796,323,2025,0.167,17 R,579578.945,2845944.157,G3,2025,30.7,30.7,8.2,0,0,8.2,22.5
1236,G7_1,324,0.037826963,0.044657752,0.013461854,0.006617699,-0.702205002,-0.741876483,0.741876483,-0.511277914,0.54937017,0.411157101,-0.172580644,-3.983745098,324,2025,0.266,17 R,580046.688,2844470.832,G7,2025,70,70,70,0,65,5,0
1237,G7_10,325,0.044494472,0.045983408,0.015945489,0.006657817,-0.73968643,-0.747049332,0.747049332,-0.616348207,0.675728679,0.428631097,-0.2587291,-3.955896854,325,2025,0.196,17 R,580075.748,2844640.953,G7,2025,106,106,0,0,0,0,106
1238,G7_2,326,0.03796507,0.045427334,0.01369974,0.006622422,-0.70294708,-0.745534956,0.745534956,-0.522384167,0.531996667,0.39981389,-0.167433545,-3.964443207,326,2025,0.244,17 R,580041.951,2844491.968,G7,2025,63.2,63.2,42.5,0,26.5,16,20.5
1239,G7_3,327,0.037714768,0.044543259,0.013474701,0.006627145,-0.701088905,-0.740977407,0.740977407,-0.510964751,0.549557567,0.407370567,-0.175797835,-3.943141699,327,2025,0.231,17 R,580040.614,2844512.412,G7,2025,35.5,35.5,13,2,1,10,22.5
1240,G7_4,328,0.038888369,0.043659162,0.013712558,0.006631866,-0.708618999,-0.736260474,0.736260474,-0.522061408,0.604862034,0.423042387,-0.207771763,-3.954562902,328,2025,0.218,17 R,580048.609,2844533.362,G7,2025,54.4,53.4,40,1,35,4,13.4
1241,G7_5,329,0.03915593,0.0439201,0.013950408,0.006070442,-0.731552958,-0.757136345,0.757136345,-0.59038192,0.604388595,0.415185332,-0.213533685,-3.936337471,329,2025,0.21,17 R,580056.678,2844555.967,G7,2025,65.5,65.5,34.5,6.5,16,12,31
1242,G7_6,330,0.041100822,0.044432186,0.014185035,0.005733128,-0.755172133,-0.771430612,0.771430612,-0.636497438,0.638605237,0.449391037,-0.213309422,-3.926433325,330,2025,0.19,17 R,580067.099,2844569.226,G7,2025,72.5,70,28,0,25,3,42
1243,G7_7,331,0.043048646,0.046346027,0.015348293,0.005851113,-0.760689497,-0.775807142,0.775807142,-0.671989083,0.633031964,0.428257078,-0.224857345,-3.959151268,331,2025,0.193,17 R,580076.01,2844584.852,G7,2025,55,55,8.3,0,0,8.3,46.7
1244,G7_8,332,0.039303001,0.044569124,0.013963274,0.005853489,-0.740746498,-0.767822862,0.767822862,-0.613857925,0.590092659,0.418145627,-0.199492708,-3.987821579,332,2025,0.198,17 R,580080.563,2844599.712,G7,2025,35.5,35.5,27,17,2,8,8.5
1245,G7_9,333,0.041384973,0.046867058,0.01455126,0.005747414,-0.756116152,-0.781527281,0.781527281,-0.650573015,0.579866946,0.43447116,-0.177331835,-3.990917206,333,2025,0.19,17 R,580080.201,2844624.248,G7,2025,77.4,77.4,24,3,5,16,53.4
1246,G9_1,334,0.032738261,0.04869454,0.021042734,0.008600649,-0.583895683,-0.699777603,0.699777603,-0.629588306,0.298439234,-0.115518786,-0.390497237,-2.781427622,334,2025,0.245,17 R,578028.778,2842763.718,G9,2025,0.3,0.3,0.3,0,0,0.3,0
1247,G9_10,335,0.033471897,0.049260601,0.021096786,0.010119786,-0.535701036,-0.659153938,0.659153938,-0.527460217,0.306383669,-0.09555202,-0.380688041,-2.813214779,335,2025,0.253,17 R,578022.618,2842943.964,G9,2025,0.3,0.3,0.3,0.3,0,0,0
1248,G9_2,336,0.033917159,0.050359301,0.021859147,0.009512505,-0.561935127,-0.682237566,0.682237566,-0.590340734,0.29246366,-0.112710327,-0.382824302,-2.760214806,336,2025,0.285,17 R,578031.781,2842777.422,G9,2025,0.4,0.4,0.4,0,0,0.4,0
1249,G9_3,337,0.032882575,0.049470719,0.023259206,0.011108576,-0.494963139,-0.633255005,0.633255005,-0.530320644,0.283384502,-0.196806267,-0.442939818,-2.830245256,337,2025,0.285,17 R,578032.53,2842798.091,G9,2025,0.5,0.5,0.5,0.5,0,0,0
1250,G9_4,338,0.033022095,0.047942962,0.021406343,0.01020375,-0.527886629,-0.649034321,0.649034321,-0.531598866,0.326205999,-0.121544681,-0.417728812,-2.832737207,338,2025,0.279,17 R,578031.228,2842817.026,G9,2025,0.2,0.2,0.2,0.2,0,0,0
1251,G9_5,339,0.034209434,0.048335675,0.022344664,0.00998327,-0.548193753,-0.657631993,0.657631993,-0.573562503,0.351495445,-0.122926094,-0.438810587,-2.750237703,339,2025,0.278,17 R,578034.157,2842840.057,G9,2025,0.5,0.5,0.5,0.5,0,0,0
1252,G9_6,340,0.034865804,0.051277567,0.021418318,0.010212881,-0.546886444,-0.667822182,0.667822182,-0.531378984,0.297820836,-0.067693539,-0.350868642,-2.713774204,340,2025,0.251,17 R,578036.303,2842859.004,G9,2025,0.3,0.3,0.3,0,0,0.3,0
1253,G9_7,341,0.033314619,0.050009072,0.022124225,0.01021973,-0.530498087,-0.660636485,0.660636485,-0.552089036,0.283123791,-0.140948385,-0.398018718,-2.714397192,341,2025,0.266,17 R,578038.919,2842884.281,G9,2025,0.2,0.2,0.2,0,0,0.2,0
1254,G9_8,342,0.032932449,0.049504068,0.023407649,0.010110646,-0.53020823,-0.660800338,0.660800338,-0.595063269,0.284071147,-0.20073396,-0.446601987,-2.762635708,342,2025,0.265,17 R,578035.064,2842906.919,G9,2025,0,0,0,0,0,0,0
1255,G9_9,343,0.033723637,0.048615687,0.02097464,0.01022886,-0.534549296,-0.652342975,0.652342975,-0.516566098,0.330087394,-0.083090976,-0.389908731,-2.777706861,343,2025,0.249,17 R,578029.079,2842924.175,G9,2025,0.3,0.3,0.3,0.3,0,0,0
1256,MB11_1,344,0.041492082,0.060111258,0.027263062,0.006833686,-0.717182517,-0.795841575,0.795841575,-0.898738563,0.276297241,-0.100144997,-0.356379122,0,344,2025,0.447,17 R,557757.801,2790253.768,MB11,2025,57.75,57.75,19.75,19.75,0,0,38
1257,MB11_10,345,0.041852344,0.062847733,0.02827587,0.007718315,-0.688593388,-0.781245649,0.781245649,-0.856703162,0.230180338,-0.122709177,-0.336722493,0,345,2025,0.294,17 R,557778.264,2790369.256,MB11,2025,14.25,14.25,6,6,0,0,8.25
1258,MB11_2,346,0.042123213,0.058232576,0.02748795,0.006606739,-0.728842795,-0.796211958,0.796211958,-0.918671429,0.330452591,-0.092077494,-0.393730462,0,346,2025,0.344,17 R,557762.284,2790267.564,MB11,2025,64.75,64.75,12.75,12.75,0,0,52
1259,MB11_3,347,0.041867532,0.058231741,0.02748711,0.00694224,-0.715538919,-0.786962807,0.786962807,-0.895088196,0.324381888,-0.098139696,-0.393723965,0,347,2025,0.399,17 R,557763.501,2790279.694,MB11,2025,66.5,66.5,12.75,12.75,0,0,53.75
1260,MB11_4,348,0.041737739,0.060605749,0.026572468,0.007164968,-0.706970513,-0.788552701,0.788552701,-0.862876773,0.272122473,-0.072289333,-0.330699295,0,348,2025,0.363,17 R,557766.873,2790293.5,MB11,2025,58.25,58.25,31.75,31.75,0,0,26.5
1261,MB11_5,349,0.043389879,0.059854843,0.026799863,0.0073884,-0.708993673,-0.780248523,0.780248523,-0.851672232,0.326279342,-0.040759653,-0.348974496,0,349,2025,0.388,17 R,557768.827,2790303.547,MB11,2025,19,19,15,15,0,0,4
1262,MB11_6,350,0.042749181,0.062101804,0.027367128,0.006264856,-0.744364858,-0.816727757,0.816727757,-0.941169858,0.266070008,-0.073557317,-0.326397926,0,350,2025,0.344,17 R,557772.792,2790318.209,MB11,2025,22,22,19.25,19.25,0,0,2.75
1263,MB11_7,351,0.040329255,0.057724077,0.027137196,0.007047977,-0.702474058,-0.782375991,0.782375991,-0.881488204,0.297719568,-0.124611191,-0.393747956,0,351,2025,0.345,17 R,557777.612,2790330.109,MB11,2025,30.75,30.75,25.25,25.25,0,0,5.5
1264,MB11_8,352,0.039818831,0.058348622,0.026793962,0.007719715,-0.675222933,-0.766311228,0.766311228,-0.828986466,0.271744609,-0.126457527,-0.374311,0,352,2025,0.269,17 R,557778.531,2790343.514,MB11,2025,68.5,68.5,31,31,0,0,37.5
1265,MB11_9,353,0.043888621,0.060223538,0.028048476,0.008391439,-0.678981304,-0.755405009,0.755405009,-0.809155464,0.330154151,-0.068293273,-0.37387073,0,353,2025,0.278,17 R,557779.096,2790356.237,MB11,2025,57.5,57.5,55.5,55.5,0,0,2
1266,MB3_1,354,0.025324693,0.034441546,0.016329227,0.006445529,-0.594240844,-0.684715569,0.684715569,-0.650964022,0.467668891,-0.15530096,-0.563954413,-1.871240377,354,2025,0.247,17 R,559894.772,2792729.967,MB3,2025,62.7,62.7,61.7,46,0,15.7,1
1267,MB3_2,355,0.025579395,0.037221391,0.016902018,0.006781985,-0.580859363,-0.691751599,0.691751599,-0.640941083,0.382194221,-0.17479226,-0.509832621,-1.8713516,355,2025,0.199,17 R,559905.076,2792712.74,MB3,2025,90.6,90.6,89.4,81.5,0,7.9,1.2
1268,MB6_1,356,0.04271825,0.062012285,0.027111944,0.008650227,-0.663208783,-0.755167902,0.755167902,-0.774353921,0.267120659,-0.066265553,-0.3214553,0,356,2025,0.254,17 R,558704.407,2791934.464,MB6,2025,10.25,10.25,4,4,0,0,6.25
1269,MB6_10,357,0.039651629,0.054351043,0.024592334,0.007301862,-0.688974679,-0.763130009,0.763130009,-0.813179553,0.354840606,-0.05730366,-0.386843622,0,357,2025,0.201,17 R,558739.548,2791836.759,MB6,2025,56.75,56.75,22.25,22.25,0,0,34.5
1270,MB6_2,358,0.04271825,0.062012285,0.027111944,0.008650227,-0.663208783,-0.755167902,0.755167902,-0.774353921,0.267120659,-0.066265553,-0.3214553,0,358,2025,0.3,17 R,558705.529,2791936.019,MB6,2025,48.5,48.5,44.25,44.25,0,0,4.25
1271,MB6_3,359,0.04093108,0.059879564,0.026197154,0.007527378,-0.689326525,-0.776658654,0.776658654,-0.830394447,0.267434835,-0.079634435,-0.333058506,0,359,2025,0.197,17 R,558709.102,2791917.468,MB6,2025,53.75,53.75,9.75,9.75,0,0,44
1272,MB6_4,360,0.040289313,0.056989051,0.026310049,0.008088122,-0.665624201,-0.751429856,0.751429856,-0.79460299,0.312492907,-0.099117145,-0.385465503,0,360,2025,0.196,17 R,558712.691,2791906.474,MB6,2025,49.5,49.5,0,0,0,0,49.5
1273,MB6_5,361,0.04131363,0.057241179,0.025738057,0.007639117,-0.687898338,-0.764516592,0.764516592,-0.813382506,0.332168907,-0.055204336,-0.366069943,0,361,2025,0.196,17 R,558717.633,2791895.45,MB6,2025,77.75,77.75,17.5,17.5,0,0,60.25
1274,MB6_6,362,0.03670549,0.055229038,0.023902986,0.007975012,-0.643020511,-0.747642398,0.747642398,-0.749481201,0.257922202,-0.110183083,-0.351440489,0,362,2025,0.186,17 R,558721.821,2791885.903,MB6,2025,52.79,52.79,0,0,0,0,50.54
1275,MB6_7,363,0.038114749,0.055983938,0.025966382,0.007301141,-0.678476393,-0.769261837,0.769261837,-0.841597438,0.278897107,-0.14335224,-0.394298315,0,363,2025,0.206,17 R,558726.969,2791875.327,MB6,2025,58.5,58.5,19.5,19.5,0,0,34.75
1276,MB6_8,364,0.036064245,0.053845592,0.024704307,0.006625139,-0.689611912,-0.780881166,0.780881166,-0.865599513,0.271503836,-0.156020656,-0.399283171,0,364,2025,0.2,17 R,558730.804,2791860.081,MB6,2025,94.25,94.25,46.75,46.75,0,0,47.25
1277,MB6_9,365,0.038115006,0.052590072,0.024133099,0.006963862,-0.691036522,-0.766132593,0.766132593,-0.828179181,0.355832368,-0.080698915,-0.406932086,0,365,2025,0.201,17 R,558736.273,2791848.632,MB6,2025,53,53,26.75,26.75,0,0,26.25
1278,MB8_1,366,0.034077253,0.04727295,0.02262201,0.007354454,-0.644984305,-0.730741262,0.730741262,-0.76397717,0.374971628,-0.137352094,-0.469449967,0,366,2025,0.224,17 R,558313.732,2790747.187,MB8,2025,61.5,61.5,60.5,10.25,0,50.25,1
1279,MB8_10,367,0.032456361,0.040392563,0.019675503,0.004907249,-0.737324715,-0.783343554,0.783343554,-0.901135147,0.519726515,-0.06668587,-0.531629682,0,367,2025,0.243,17 R,558208.187,2790761.445,MB8,2025,73.75,73.75,73.75,3.5,0,70.25,0
1280,MB8_2,368,0.03676188,0.048781287,0.021823071,0.00769255,-0.653913021,-0.727571189,0.727571189,-0.718120813,0.412166774,-0.03075669,-0.413535088,0,368,2025,0.32,17 R,558303.816,2790751.035,MB8,2025,3.25,3.25,3.25,0.5,0,2.75,0
1281,MB8_3,369,0.03459464,0.049411569,0.021711327,0.005898847,-0.708652079,-0.786700308,0.786700308,-0.859057248,0.335612088,-0.087126993,-0.397198349,0,369,2025,0.356,17 R,558295.072,2790756.001,MB8,2025,60,60,52.75,2,0,50.75,7.25
1282,MB8_4,370,0.037151091,0.050291803,0.022170594,0.005451289,-0.744085252,-0.804413855,0.804413855,-0.907938004,0.385185599,-0.033742908,-0.393808007,0,370,2025,0.369,17 R,558285.371,2790760.256,MB8,2025,58.25,58.25,58.25,0,0,58.25,0
1283,MB8_5,371,0.035367332,0.049541458,0.022173222,0.004667717,-0.766818464,-0.827788651,0.827788651,-0.978291333,0.354472488,-0.08304888,-0.408921033,0,371,2025,0.416,17 R,558274.152,2790760.862,MB8,2025,48.5,48.5,48.25,0,0,48.25,0.25
1284,MB8_6,372,0.031411581,0.044397183,0.018630581,0.004670595,-0.741113484,-0.809626818,0.809626818,-0.898666203,0.370723188,-0.05271491,-0.39990592,0,372,2025,0.363,17 R,558262.277,2790759.451,MB8,2025,69.75,69.75,68.75,0,0,68.75,1
1285,MB8_7,373,0.030651029,0.04188906,0.019207131,0.005908767,-0.676761508,-0.752759993,0.752759993,-0.794219911,0.417745799,-0.103302032,-0.478829712,0,373,2025,0.269,17 R,558246.996,2790762.04,MB8,2025,57,57,57,4.25,0,52.75,0
1286,MB8_8,374,0.030655021,0.040132388,0.01875223,0.005237506,-0.708156168,-0.76911974,0.76911974,-0.845031619,0.470575541,-0.082663693,-0.505334139,0,374,2025,0.277,17 R,558236.444,2790761.406,MB8,2025,49,49,49,3.25,0,45.75,0
1287,MB8_9,375,0.032069061,0.04164638,0.01955842,0.006700697,-0.65433383,-0.722808599,0.722808599,-0.734471917,0.470118582,-0.073583908,-0.496993005,0,375,2025,0.3,17 R,558219.637,2790762.543,MB8,2025,44.25,44.25,44.25,0.5,0,43.75,0
1288,NB14_1,376,0.03086165,0.039525025,0.023370974,0.007949087,-0.590366602,-0.665119112,0.665119112,-0.738594711,0.496052295,-0.264336497,-0.670654118,-1.798935175,376,2025,0.138,17 R,585001.996,2855815.967,NB14,2025,83,83,78,0,78,0,5
1289,NB14_10,377,0.033251841,0.040887784,0.02641991,0.009614529,-0.551418543,-0.619244039,0.619244039,-0.69955498,0.528950393,-0.294658542,-0.720333397,-1.695079923,377,2025,0.136,17 R,584863.672,2855879.736,NB14,2025,96,96,96,0,96,0,0
1290,NB14_2,378,0.030734366,0.038532045,0.022466455,0.007837418,-0.593619108,-0.6619578,0.6619578,-0.724117219,0.523218274,-0.234697014,-0.669195116,-1.799998283,378,2025,0.138,17 R,584986.516,2855819.958,NB14,2025,75,63,63,0,63,0,0
1291,NB14_3,379,0.031868212,0.039152559,0.022692833,0.007726719,-0.609711707,-0.67035675,0.67035675,-0.737984955,0.539794087,-0.207047686,-0.660052955,-1.799999356,379,2025,0.14,17 R,584973.546,2855825.093,NB14,2025,93,93,93,0,93,0,0
1292,NB14_4,380,0.031742919,0.03927701,0.023371052,0.007727078,-0.608458161,-0.671216786,0.671216786,-0.754577875,0.531950831,-0.236183971,-0.676951051,-1.797064066,380,2025,0.141,17 R,584960.551,2855831.356,NB14,2025,96,96,96,0,96,0,0
1293,NB14_5,381,0.031239228,0.039525002,0.023032207,0.007727128,-0.603394866,-0.672940552,0.672940552,-0.746362627,0.508213341,-0.239683136,-0.660702825,-1.787643433,381,2025,0.141,17 R,584948.928,2855842.113,NB14,2025,87,87,85,0,85,0,2
1294,NB14_6,382,0.031112621,0.040144447,0.023709577,0.00772682,-0.602114737,-0.67718339,0.67718339,-0.762623489,0.485023052,-0.268544585,-0.664907873,-1.782610297,382,2025,0.141,17 R,584936.689,2855849.294,NB14,2025,97,97,97,0,97,0,0
1295,NB14_7,383,0.032372236,0.040020939,0.024613615,0.008060345,-0.601294518,-0.664720058,0.664720058,-0.759929419,0.528501093,-0.260874599,-0.693494201,-1.769267201,383,2025,0.136,17 R,584922.667,2855855.53,NB14,2025,91,91,91,0,91,0,0
1296,NB14_8,384,0.032370843,0.040763818,0.026419872,0.008948193,-0.566873074,-0.639998734,0.639998734,-0.740993857,0.505833566,-0.321509331,-0.723368883,-1.729891062,384,2025,0.136,17 R,584889.129,2855864.955,NB14,2025,71.5,71.5,27.5,0,25,2.5,44
1297,NB14_9,385,0.033378355,0.040888254,0.02585564,0.009503786,-0.556748509,-0.622806072,0.622806072,-0.693670213,0.532733798,-0.272389084,-0.705607355,-1.709828734,385,2025,0.136,17 R,584877.372,2855872.348,NB14,2025,92,92,91,0,91,0,1
1298,NB15_1,386,0.03021322,0.045451671,0.017683772,0.009418592,-0.524695396,-0.656695962,0.656695962,-0.457442403,0.302950859,-0.046985805,-0.340883553,-2.215891361,386,2025,0.147,17 R,583810.638,2853789.717,NB15,2025,51.4,51.4,0,0,0,0,51.4
1299,NB15_11,387,0.035528615,0.045460656,0.019392306,0.008312874,-0.620775938,-0.690819144,0.690819144,-0.599857092,0.464766532,0.036160752,-0.403546691,-2.193073034,388,2025,0.141,17 R,583704,2853833.18,NB15,2025,95,95,0,0,0,0,95
1300,NB15_13,388,0.035024229,0.046081897,0.019845698,0.008424399,-0.612213314,-0.690883458,0.690883458,-0.606009483,0.433771908,0.002088454,-0.405725539,-2.193001986,390,2025,0.141,17 R,583681.337,2853834.484,NB15,2025,8.1,8.1,0,0,0,0,3.1
1301,NB15_15,389,0.035529334,0.046827365,0.019166499,0.008313497,-0.62075913,-0.698463321,0.698463321,-0.592412889,0.428350061,0.046202317,-0.365943313,-2.188404799,392,2025,0.14,17 R,583654.646,2853839.809,NB15,2025,62.5,62.5,0,0,0,0,62.5
1302,NB15_3,390,0.035144527,0.045332287,0.017575322,0.008309458,-0.617551386,-0.690186858,0.690186858,-0.536948562,0.457375467,0.109466948,-0.339320809,-2.192406178,394,2025,0.142,17 R,583790.867,2853810.6,NB15,2025,39.5,39.5,0,0,0,0,39.5
1303,NB15_5,391,0.037291564,0.047569577,0.01848365,0.008310979,-0.635503709,-0.702544868,0.702544868,-0.569480002,0.457414091,0.125650167,-0.325491935,-2.191755533,396,2025,0.141,17 R,583768.619,2853821.378,NB15,2025,96,96,0,0,0,0,96
1304,NB15_7,392,0.035525765,0.048066333,0.018483799,0.008311104,-0.620816708,-0.705162048,0.705162048,-0.569475532,0.396126002,0.077134356,-0.315108865,-2.191499233,398,2025,0.138,17 R,583751.831,2853828.607,NB15,2025,21.9,21.9,9,0,0,9,12.4
1305,NB15_9,393,0.035023503,0.04645386,0.019278584,0.008535054,-0.608111262,-0.689571857,0.689571857,-0.579402685,0.423861772,0.026873993,-0.377925694,-2.19049263,400,2025,0.14,17 R,583734.459,2853833.767,NB15,2025,87,87,0,0,0,0,87
1306,NB16_1,394,0.066838428,0.073980376,0.034807824,0.009093292,-0.760487676,-0.781078815,0.781078815,-0.878606319,0.497696847,0.167596295,-0.315291196,-1.714577913,401,2025,0.163,17 R,583611.102,2848842.015,NB16,2025,64,64,0,0,0,0,64
1307,NB16_10,395,0.057847016,0.06548427,0.025564702,0.009113271,-0.727800727,-0.755668342,0.755668342,-0.711608708,0.503282547,0.287187397,-0.226927385,-2.403089046,402,2025,0.163,17 R,583519.861,2848925.469,NB16,2025,96,96,2,2,0,0,94
1308,NB16_13,396,0.058108393,0.063985415,0.024197182,0.008219652,-0.752151549,-0.7723248,0.7723248,-0.739316344,0.536273956,0.33873418,-0.21261172,-2.478975058,405,2025,0.165,17 R,583498.883,2848945.677,NB16,2025,93.5,93.5,0,0,0,0,93.5
1309,NB16_16,397,0.056090716,0.057100844,0.021922275,0.009129302,-0.720046043,-0.724315822,0.724315822,-0.617986679,0.640966296,0.387871504,-0.25915426,-2.733333588,408,2025,0.159,17 R,583458.9,2848995.585,NB16,2025,94.5,94.5,2.5,2.5,0,0,92
1310,NB16_19,398,0.051263921,0.053217318,0.020327486,0.007002079,-0.759651303,-0.76744771,0.76744771,-0.731373191,0.637626588,0.362512231,-0.278110534,-2.856104136,411,2025,0.156,17 R,583448.524,2849022.397,NB16,2025,29,29,0,0,0,0,29
1311,NB16_4,399,0.061004445,0.071482226,0.028522816,0.008986763,-0.743203104,-0.776640356,0.776640356,-0.781242549,0.448621243,0.246649742,-0.213915154,-1.861267567,415,2025,0.163,17 R,583578.608,2848868.107,NB16,2025,97,97,97,0,97,0,0
1312,NB16_7,400,0.060125049,0.068984769,0.027387049,0.007309204,-0.783219814,-0.808393657,0.808393657,-0.868012071,0.477847874,0.266896605,-0.221783146,-2.099763155,418,2025,0.166,17 R,583547.613,2848894.396,NB16,2025,98,98,98,0,98,0,0
1313,NB23_1,401,0.037028987,0.042319328,0.017227719,0.008421485,-0.629421413,-0.668058693,0.668058693,-0.515000403,0.59420979,0.178790912,-0.394481242,-2.067581177,421,2025,0.186,17 R,584623.19,2858097.725,NB23,2025,32,32,2,0,0,2,29
1314,NB23_10,402,0.033520084,0.043065429,0.017231856,0.006650447,-0.668889284,-0.73246187,0.73246187,-0.664597273,0.473155141,0.079029217,-0.377168238,-2.088381767,422,2025,0.158,17 R,584532.795,2858182.761,NB23,2025,0,0,0,NA,NA,NA,0
1315,NB23_2,403,0.036653198,0.042690825,0.017341007,0.008532729,-0.622328043,-0.666843534,0.666843534,-0.510649741,0.573258042,0.162982553,-0.390208423,-2.063776493,423,2025,0.16,17 R,584614.808,2858107.001,NB23,2025,0,0,0,NA,NA,NA,0
1316,NB23_3,404,0.036402829,0.043062288,0.017341465,0.007867746,-0.644560933,-0.691037059,0.691037059,-0.563705802,0.555746555,0.156105742,-0.381562799,-2.060889721,424,2025,0.152,17 R,584604.524,2858116.07,NB23,2025,32,32,1,0,0,1,31
1317,NB23_4,405,0.034018744,0.041702222,0.017454755,0.007091857,-0.654986501,-0.709314883,0.709314883,-0.633258343,0.527490199,0.082799472,-0.418094188,-2.060773373,425,2025,0.155,17 R,584592.585,2858124.858,NB23,2025,0,0,0,NA,NA,NA,0
1318,NB23_5,406,0.03226129,0.042815849,0.017229557,0.006870427,-0.648856342,-0.72344768,0.72344768,-0.644759595,0.442028135,0.040866621,-0.382889509,-2.058878183,426,2025,0.153,17 R,584580.838,2858134.237,NB23,2025,32,32,0,0,0,0,32
1319,NB23_6,407,0.035400692,0.043063633,0.017342843,0.007092577,-0.666178763,-0.71718049,0.71718049,-0.62922585,0.52779305,0.128122628,-0.381585747,-2.060688257,427,2025,0.133,17 R,584572.451,2858142.825,NB23,2025,0,0,0,NA,NA,NA,0
1320,NB23_7,408,0.035903234,0.04318776,0.017343303,0.007203831,-0.665770292,-0.714085996,0.714085996,-0.619592011,0.538348436,0.142195925,-0.378725588,-2.064357042,428,2025,0.146,17 R,584564.672,2858154.025,NB23,2025,51.5,51.5,37.5,0,36.5,1,14
1321,NB23_8,409,0.035401851,0.042940866,0.017343761,0.006317033,-0.697161973,-0.743511915,0.743511915,-0.699050665,0.531337619,0.128110051,-0.384476721,-2.067638636,429,2025,0.153,17 R,584553.952,2858163.605,NB23,2025,0,0,0,NA,NA,NA,0
1322,NB23_9,410,0.034398314,0.042693973,0.017344221,0.006428292,-0.685092986,-0.738273799,0.738273799,-0.688774228,0.509674191,0.09933079,-0.390261024,-2.077907085,430,2025,0.156,17 R,584545.125,2858173.937,NB23,2025,55,55,3,0,0,3,52
1323,NB24_1,411,0.035845872,0.04033599,0.017230259,0.00789851,-0.638878882,-0.672495425,0.672495425,-0.557035804,0.620782554,0.146192119,-0.442581505,-2.397128582,431,2025,0.248,17 R,584983.868,2863325.561,NB24,2025,100,100,5,0,0,5,95
1324,NB24_10,412,0.036849633,0.041697457,0.017229371,0.010006486,-0.57288456,-0.61293143,0.61293143,-0.397796422,0.607564747,0.173853472,-0.409350336,-2.382277012,432,2025,0.259,17 R,585064.834,2863445.15,NB24,2025,0,0,0,NA,NA,NA,0
1325,NB24_11,413,0.037226059,0.039467447,0.015534744,0.009229445,-0.602654397,-0.620943189,0.620943189,-0.381920367,0.685340285,0.272603989,-0.393746585,-2.382969379,433,2025,0.256,17 R,585071.974,2863462.008,NB24,2025,0,0,0,NA,NA,NA,0
1326,NB24_2,414,0.035091914,0.045041438,0.017117383,0.008453476,-0.611739576,-0.683952153,0.683952153,-0.508229315,0.463795096,0.130558044,-0.327763021,-2.404124737,434,2025,0.234,17 R,584992.697,2863336.743,NB24,2025,0,0,0,NA,NA,NA,0
1327,NB24_3,415,0.035720389,0.042813115,0.017230395,0.009230386,-0.589311361,-0.645281851,0.645281851,-0.45350185,0.543960273,0.142678604,-0.382986546,-2.39991045,435,2025,0.237,17 R,585001.544,2863347.056,NB24,2025,100,100,1,0,0,1,99
1328,NB24_4,416,0.033582386,0.042564686,0.01802027,0.009229864,-0.568821371,-0.643597126,0.643597126,-0.483873188,0.489399046,0.042608134,-0.41935575,-2.373602152,436,2025,0.255,17 R,585009.169,2863360.165,NB24,2025,0,0,0,NA,NA,NA,0
1329,NB24_5,417,0.036222033,0.042069416,0.016552048,0.008675017,-0.613559604,-0.658089876,0.658089876,-0.468367815,0.579462171,0.190990359,-0.373134494,-2.38457942,437,2025,0.251,17 R,585017.382,2863374.626,NB24,2025,90,90,2,0,0,2,88
1330,NB24_6,418,0.038984906,0.043431178,0.014744337,0.00889677,-0.628385186,-0.659961045,0.659961045,-0.371021122,0.61378181,0.363449603,-0.262453467,-2.366720915,438,2025,0.254,17 R,585029.374,2863396.277,NB24,2025,0,0,0,NA,NA,NA,0
1331,NB24_7,419,0.036975514,0.040459037,0.017794244,0.007676008,-0.656181574,-0.681063652,0.681063652,-0.595885515,0.648063242,0.149662092,-0.461487681,-2.363192558,439,2025,0.26,17 R,585038.672,2863408.904,NB24,2025,95,95,0,0,0,0,95
1332,NB24_8,420,0.035467897,0.036617842,0.017455555,0.009229863,-0.587010026,-0.597368598,0.597368598,-0.462370068,0.72914505,0.124476515,-0.548144281,-2.380130291,440,2025,0.26,17 R,585050.96,2863424.025,NB24,2025,0,0,0,NA,NA,NA,0
1333,NB24_9,421,0.035844367,0.040954266,0.018019898,0.008785685,-0.606288373,-0.646735311,0.646735311,-0.516732633,0.602028191,0.107810557,-0.457910627,-2.369784594,441,2025,0.267,17 R,585058.526,2863435.465,NB24,2025,33,33,0,0,0,0,33
1334,NB26_1,422,0.040064491,0.046631612,0.017332699,0.008831602,-0.638760448,-0.681532979,0.681532979,-0.487368137,0.553634882,0.252382278,-0.301587164,-1.244415283,442,2025,0.159,17 R,586236.07,2858681.194,NB26,2025,9,1,0,0,0,0,1
1335,NB26_3,423,0.039687436,0.047618184,0.016768109,0.009495661,-0.613864899,-0.667483032,0.667483032,-0.415350616,0.518425286,0.271261007,-0.258080125,-1.290478826,444,2025,0.157,17 R,586198.31,2858666.834,NB26,2025,1,1,0,0,0,0,1
1336,NB26_5,424,0.039560344,0.048604313,0.016654126,0.009494756,-0.612894237,-0.673152924,0.673152924,-0.410688877,0.490003407,0.273889512,-0.232933685,-1.303426147,446,2025,0.184,17 R,586165.306,2858663.133,NB26,2025,0,0,0,NA,NA,NA,0
1337,NB3_1,425,0.045643721,0.051109564,0.020737339,0.011121659,-0.608153462,-0.64256984,0.64256984,-0.452729881,0.571217299,0.229311407,-0.332128286,-1.265288115,447,2025,0.304,17 R,585637.456,2863916.628,NB3,2025,17,17,0,0,0,0,17
1338,NB3_10,426,0.042750813,0.048134863,0.019376101,0.008453628,-0.669808805,-0.701224506,0.701224506,-0.588712513,0.579503417,0.221925825,-0.345817447,-1.31727469,448,2025,0.242,17 R,585527.473,2863966.813,NB3,2025,0,0,0,NA,NA,NA,0
1339,NB3_2,427,0.045643147,0.051850945,0.021865878,0.011676156,-0.592592537,-0.63240397,0.63240397,-0.455684453,0.553489149,0.183958665,-0.353844345,-1.262429237,449,2025,0.15,17 R,585622.392,2863919.098,NB3,2025,0,0,0,NA,NA,NA,0
1340,NB3_3,428,0.045140103,0.053580269,0.021751827,0.010121794,-0.633679092,-0.682214558,0.682214558,-0.547319293,0.502049327,0.177350745,-0.317472249,-1.261284709,450,2025,0.282,17 R,585608.792,2863924.448,NB3,2025,28,28,0,0,0,0,28
1341,NB3_4,429,0.045014154,0.052096594,0.022090085,0.010010514,-0.636144519,-0.6776371,0.6776371,-0.56445539,0.533798575,0.161353618,-0.356070995,-1.262603521,451,2025,0.281,17 R,585597.158,2863928.362,NB3,2025,0,0,0,NA,NA,NA,0
1342,NB3_5,430,0.043508474,0.04949918,0.021863563,0.009233143,-0.649872601,-0.685585618,0.685585618,-0.609248757,0.562689841,0.136151507,-0.400189221,-1.264395833,452,2025,0.277,17 R,585582.937,2863932.601,NB3,2025,37,37,0,0,0,0,37
1343,NB3_6,431,0.043507874,0.048509244,0.021072881,0.009454778,-0.642964303,-0.673770785,0.673770785,-0.570864379,0.587526619,0.167653784,-0.395285547,-1.270207763,453,2025,0.277,17 R,585570.956,2863939.835,NB3,2025,0,0,0,NA,NA,NA,0
1344,NB3_7,432,0.042753641,0.048136894,0.021071713,0.00856608,-0.666168094,-0.697861373,0.697861373,-0.632923305,0.579517663,0.150213614,-0.402953237,-1.282980442,454,2025,0.273,17 R,585556.283,2863946.382,NB3,2025,62,62,0,0,0,0,62
1345,NB3_8,433,0.042501654,0.0481361,0.020393522,0.008676481,-0.660930157,-0.694557786,0.694557786,-0.604594469,0.573626578,0.172292978,-0.380672574,-1.294289351,455,2025,100,17 R,585545.884,2863954.563,NB3,2025,0,0,0,NA,NA,NA,0
1346,NB3_9,434,0.042124182,0.047640439,0.01937652,0.009230796,-0.640510142,-0.675379097,0.675379097,-0.531982303,0.577437818,0.207141072,-0.356156945,-1.305717349,456,2025,0.26,17 R,585534.442,2863962.287,NB3,2025,35,35,0,0,0,0,35
1347,NB40_1,435,0.036384679,0.044415176,0.02002814,0.008366675,-0.626081705,-0.682971537,0.682971537,-0.616034925,0.51719588,0.032366402,-0.448801607,-2.296407461,457,2025,0.14,17 R,583688.947,2854341.413,NB40,2025,72.5,72.5,5,0,5,0,67.5
1348,NB40_10,436,0.034739934,0.047265533,0.024664542,0.009587365,-0.56742841,-0.662730813,0.662730813,-0.660277545,0.394424409,-0.192054376,-0.528524339,-2.119763374,458,2025,0.14,17 R,583553.527,2854361.836,NB40,2025,95,95,73,0,73,0,22
1349,NB40_2,437,0.035501745,0.044911236,0.020480493,0.00836637,-0.618567169,-0.685932994,0.685932994,-0.629918933,0.478967279,-0.011309295,-0.452917457,-2.290169477,459,2025,0.143,17 R,583672.166,2854342.627,NB40,2025,59,59,1,0,0,1,57
1350,NB40_3,438,0.034996174,0.045530915,0.020819243,0.007587241,-0.643652797,-0.714325905,0.714325905,-0.698713839,0.447767198,-0.039688565,-0.450395018,-2.263872623,460,2025,0.137,17 R,583657.59,2854348.873,NB40,2025,83,83,83,0,83,0,0
1351,NB40_4,439,0.03512283,0.044910774,0.021498773,0.007587601,-0.64469564,-0.710939586,0.710939586,-0.717406631,0.46824944,-0.063556671,-0.485999733,-2.242672443,461,2025,0.137,17 R,583647.421,2854350.1,NB40,2025,90,90,83,0,83,0,7
1352,NB40_5,440,0.034239583,0.044041384,0.020819284,0.007587292,-0.637204945,-0.706082225,0.706082225,-0.698711038,0.466826797,-0.061546635,-0.483658165,-2.226813078,462,2025,0.134,17 R,583635.863,2854355.059,NB40,2025,88,88,85,0,85,0,3
1353,NB40_6,441,0.032093972,0.043419734,0.020705286,0.007475455,-0.622160017,-0.70624119,0.70624119,-0.704195321,0.419599652,-0.121562928,-0.494131595,-2.189933538,463,2025,0.14,17 R,583614.029,2854354.233,NB40,2025,78.5,72,59,0,59,0,13
1354,NB40_7,442,0.033354141,0.041431945,0.020930853,0.007586058,-0.629407823,-0.690478683,0.690478683,-0.701941073,0.515758991,-0.092319988,-0.548378468,-2.157613277,464,2025,0.14,17 R,583596.201,2854357.702,NB40,2025,83,83,83,0,83,0,0
1355,NB40_8,443,0.033101205,0.044659805,0.022514923,0.007585749,-0.627116382,-0.709611714,0.709611714,-0.743962169,0.41586116,-0.162352636,-0.523080289,-2.143084526,465,2025,0.14,17 R,583582.936,2854359.607,NB40,2025,97,97,97,0,97,0,0
1356,NB40_9,444,0.033856642,0.047141034,0.022853632,0.008030012,-0.616583705,-0.708904862,0.708904862,-0.719974279,0.371914208,-0.152562901,-0.479187399,-2.127222776,466,2025,0.14,17 R,583568.033,2854359.448,NB40,2025,84,84,84,0,84,0,0
1357,NB5_1,445,0.030444691,0.036498785,0.01655587,0.007900692,-0.587919533,-0.644108772,0.644108772,-0.530850053,0.58043474,0.017036846,-0.515333891,-2.653603554,467,2025,0.134,17 R,583995.639,2862052.049,NB5,2025,67,67,0,0,0,0,67
1358,NB5_10,446,0.032833848,0.037613608,0.016555335,0.00867718,-0.581933737,-0.625101209,0.625101209,-0.468333542,0.6189726,0.092612788,-0.485224992,-2.365101576,468,2025,0.173,17 R,584076.176,2862169.548,NB5,2025,0,0,0,NA,NA,NA,0
1359,NB5_2,447,0.03082161,0.036870215,0.01655551,0.007900427,-0.591941535,-0.647071064,0.647071064,-0.530857801,0.580284178,0.029359873,-0.505194068,-2.662062168,469,2025,0.135,17 R,583998.838,2862067.166,NB5,2025,0,0,0,NA,NA,NA,0
1360,NB5_3,448,0.031324398,0.036374077,0.016103406,0.007900216,-0.597180724,-0.643124044,0.643124044,-0.512621999,0.613130629,0.06923148,-0.499870181,-2.609698534,470,2025,0.136,17 R,584006.243,2862080.175,NB5,2025,100,100,0,0,0,0,100
1361,NB5_4,449,0.030570157,0.036126655,0.015877925,0.007900532,-0.589270055,-0.641106665,0.641106665,-0.50323236,0.597153664,0.056923468,-0.497084707,-2.555985689,471,2025,0.137,17 R,584015.021,2862089.796,NB5,2025,0,0,0,NA,NA,NA,0
1362,NB5_5,450,0.031701967,0.036746077,0.015764676,0.007900321,-0.601016939,-0.646093667,0.646093667,-0.498480201,0.612595499,0.099402435,-0.475205451,-2.519559383,472,2025,0.138,17 R,584024.401,2862104.885,NB5,2025,98,98,0,0,0,0,98
1363,NB5_6,451,0.032078858,0.036497846,0.016329158,0.00790011,-0.604786694,-0.644122839,0.644122839,-0.521830559,0.632752001,0.081119925,-0.505961835,-2.48019433,473,2025,0.151,17 R,584036.431,2862122.632,NB5,2025,0,0,0,NA,NA,NA,0
1364,NB5_7,452,0.0309468,0.037613388,0.017345753,0.008566045,-0.566417217,-0.629010379,0.629010379,-0.508245766,0.559789479,-0.006482664,-0.517018914,-2.449604511,474,2025,0.159,17 R,584045.738,2862134.466,NB5,2025,55.4,55.4,3.4,0,2.4,1,52
1365,NB5_8,453,0.033713836,0.03810915,0.017232878,0.008677076,-0.590616226,-0.629075646,0.629075646,-0.495319426,0.629320562,0.084741987,-0.499474823,-2.413841248,475,2025,0.166,17 R,584058.344,2862144.757,NB5,2025,0,0,0,NA,NA,NA,0
1366,NB5_9,454,0.032079149,0.037241727,0.016781166,0.008677128,-0.574194312,-0.622066915,0.622066915,-0.477489084,0.607941449,0.057766605,-0.504395545,-2.390054464,476,2025,0.17,17 R,584067.537,2862156.481,NB5,2025,97,97,0,0,0,0,97
1367,NB9_1,455,0.028824996,0.036352888,0.014274001,0.00818722,-0.557593644,-0.632366359,0.632366359,-0.406485945,0.530693114,0.089256339,-0.41826126,-2.290634632,477,2025,0.182,17 R,584976.377,2860747.418,NB9,2025,100,95,0,0,0,0,95
1368,NB9_10,456,0.029822813,0.036223326,0.016187951,0.007851015,-0.583211184,-0.643737614,0.643737614,-0.520213902,0.569115818,0.015627502,-0.507592261,-2.309274912,478,2025,0.172,17 R,584986.008,2860890.395,NB9,2025,0,0,0,NA,NA,NA,0
1369,NB9_2,457,0.028195022,0.036475897,0.014499047,0.007853997,-0.564260125,-0.645656884,0.645656884,-0.445915788,0.504440188,0.053774361,-0.425545186,-2.300657272,479,2025,0.178,17 R,584976.602,2860768.839,NB9,2025,0,0,0,NA,NA,NA,0
1370,NB9_3,458,0.031588167,0.035855863,0.015852809,0.00785349,-0.601766706,-0.640649438,0.640649438,-0.506151438,0.639167249,0.091036282,-0.503529608,-2.308055639,480,2025,0.178,17 R,584977.773,2860781.563,NB9,2025,83,83,83,0,83,0,0
1371,NB9_4,459,0.030080039,0.036103629,0.015175662,0.007964453,-0.581308484,-0.638538718,0.638538718,-0.467448592,0.581775486,0.079466194,-0.466890067,-2.304541588,481,2025,0.176,17 R,584980.468,2860794.444,NB9,2025,0,0,0,NA,NA,NA,0
1372,NB9_5,460,0.029701637,0.036721908,0.015852103,0.007852985,-0.581783295,-0.647649884,0.647649884,-0.50616467,0.548228323,0.029493961,-0.479632825,-2.314396143,482,2025,0.171,17 R,584979.79,2860809.986,NB9,2025,93,93,93,0,93,0,0
1373,NB9_6,461,0.030580439,0.037711665,0.015512793,0.007963388,-0.586787879,-0.651302516,0.651302516,-0.482365817,0.544670522,0.077165335,-0.438289583,-2.315037251,483,2025,0.175,17 R,584979.835,2860823.816,NB9,2025,0,0,0,NA,NA,NA,0
1374,NB9_7,462,0.03284239,0.037959352,0.015851466,0.007963442,-0.609690964,-0.653181314,0.653181314,-0.496833146,0.607977092,0.130046248,-0.446463019,-2.304874659,484,2025,0.169,17 R,584985.089,2860837.356,NB9,2025,100,100,3.5,0,3.5,0,96.5
1375,NB9_8,463,0.032213081,0.03795854,0.015737895,0.007962937,-0.603597522,-0.653193355,0.653193355,-0.492068708,0.588655949,0.116851062,-0.441583574,-2.305385828,485,2025,0.17,17 R,584984.474,2860854.473,NB9,2025,0,0,0,NA,NA,NA,0
1376,NB9_9,464,0.031834994,0.04105211,0.016414382,0.007962431,-0.599851966,-0.675099254,0.675099254,-0.520081401,0.480472475,0.069034919,-0.391920805,-2.305268764,486,2025,0.173,17 R,584985.632,2860872.424,NB9,2025,100,100,28,0,0,28,72
1377,NW1_1,465,0.036734194,0.042518042,0.013518221,0.00756024,-0.658636987,-0.698063135,0.698063135,-0.423985928,0.580454111,0.378267884,-0.22452791,-3.607248068,487,2025,0.162,17 R,580812.7,2846186.825,NW1,2025,95,95,0,0,0,0,93.5
1378,NW1_10,466,0.037946921,0.040786926,0.012061404,0.005446943,-0.748953283,-0.764374316,0.764374316,-0.566683471,0.664066732,0.508311927,-0.188376486,-3.367257833,488,2025,0.157,17 R,580798.33,2846344.631,NW1,2025,0,0,0,NA,NA,NA,0
1379,NW1_2,467,0.036479477,0.041127428,0.013750779,0.007110616,-0.673750818,-0.705186427,0.705186427,-0.477448672,0.6144014,0.356715471,-0.269406796,-3.579074144,489,2025,0.164,17 R,580809.063,2846197.514,NW1,2025,0,0,0,NA,NA,NA,0
1380,NW1_3,468,0.035070606,0.042779047,0.013410755,0.007340275,-0.653849423,-0.707087994,0.707087994,-0.438808113,0.526581228,0.33875221,-0.212968066,-3.570819855,490,2025,0.168,17 R,580810.937,2846216.74,NW1,2025,45.7,45.7,0,0,0,0,45.7
1381,NW1_4,469,0.034820098,0.04202475,0.013531106,0.007231245,-0.656075418,-0.706381142,0.706381142,-0.45514071,0.541296065,0.323939502,-0.236847013,-3.550525904,491,2025,0.162,17 R,580811.606,2846234.618,NW1,2025,0,0,0,NA,NA,NA,0
1382,NW1_5,470,0.038557079,0.041267771,0.013533683,0.006894744,-0.696613133,-0.713688374,0.713688374,-0.487478018,0.665600777,0.425721496,-0.255153716,-3.531036615,492,2025,0.157,17 R,580812.309,2846244.954,NW1,2025,0,0,0,0,0,0,0
1383,NW1_6,471,0.034959573,0.040133532,0.011810944,0.007349685,-0.652573168,-0.690430164,0.690430164,-0.349252015,0.60193634,0.444270074,-0.190223724,-3.506079912,493,2025,0.157,17 R,580813.88,2846265.718,NW1,2025,0,0,0,NA,NA,NA,0
1384,NW1_7,472,0.038184177,0.040391624,0.012276543,0.006563657,-0.706637979,-0.72042942,0.72042942,-0.454842746,0.682279885,0.499417722,-0.210165709,-3.499635935,494,2025,0.157,17 R,580808.058,2846285.455,NW1,2025,95.8,95.8,0,0,0,0,95
1385,NW1_8,473,0.038191095,0.044446953,0.014009397,0.00532676,-0.755191982,-0.785960913,0.785960913,-0.67355448,0.564770699,0.386625499,-0.204485297,-3.499404907,495,2025,0.157,17 R,580806.834,2846305.031,NW1,2025,0,0,0,NA,NA,NA,0
1386,NW1_9,474,0.039484348,0.047108095,0.013899366,0.005556182,-0.753280818,-0.78899616,0.78899616,-0.64324975,0.5265432,0.426674068,-0.140962571,-3.440086842,496,2025,0.157,17 R,580804.183,2846327.43,NW1,2025,85.9,85.9,0,0,0,0,85.5
1387,NW10_1,475,0.022424262,0.030993354,0.008209379,0.005391453,-0.612344801,-0.703642607,0.703642607,-0.310781687,0.475798637,0.311449766,-0.200741321,-3.671420097,497,2025,0.251,17 R,575096.382,2835232.097,NW10,2025,76.7,76.7,50,50,0,0,25.7
1388,NW10_10,476,0.018058233,0.029057637,0.007398923,0.004597668,-0.594130635,-0.726778984,0.726778984,-0.350256354,0.338588953,0.183842838,-0.194388062,-3.62962079,498,2025,0.234,17 R,575058.106,2835399.483,NW10,2025,0,0,0,NA,NA,NA,0
1389,NW10_2,477,0.022956381,0.02878405,0.007739183,0.00412902,-0.695111036,-0.74909544,0.74909544,-0.456281841,0.590220034,0.385367244,-0.234492689,-3.663804293,499,2025,0.241,17 R,575091.397,2835247.858,NW10,2025,99,99,92,92,0,0,7
1390,NW10_3,478,0.020966819,0.028786108,0.007152499,0.003786018,-0.694094241,-0.767530203,0.767530203,-0.461645931,0.499477267,0.36216408,-0.180689827,-3.673854113,500,2025,0.235,17 R,575086.877,2835264.648,NW10,2025,83.9,83.9,73,73,0,0,10.4
1391,NW10_4,479,0.020438047,0.029178232,0.007625413,0.004705988,-0.625677586,-0.722231269,0.722231269,-0.355120838,0.457290798,0.28184092,-0.21079725,-3.678066254,501,2025,0.262,17 R,575076.746,2835281.561,NW10,2025,89.5,88.5,63,63,0,0,25.5
1392,NW10_5,480,0.018977243,0.028268805,0.007037472,0.004132442,-0.642362773,-0.74492079,0.74492079,-0.390114516,0.422083676,0.276335418,-0.187773615,-3.695876837,502,2025,0.272,17 R,575073.835,2835299.962,NW10,2025,82.8,82.8,69,69,0,0,12.3
1393,NW10_6,481,0.021636596,0.028660433,0.007274368,0.003903845,-0.69430089,-0.760237575,0.760237575,-0.452289164,0.536304474,0.379153401,-0.19658047,-3.687383175,503,2025,0.265,17 R,575071.075,2835317.724,NW10,2025,0,0,0,NA,NA,NA,0
1394,NW10_7,482,0.017918494,0.027492153,0.007747254,0.004364548,-0.608262837,-0.725988686,0.725988686,-0.41893518,0.398945481,0.136712804,-0.281123936,-3.660462379,504,2025,0.26,17 R,575066.336,2835338.854,NW10,2025,91.5,90.5,58,58,0,0,30
1395,NW10_8,483,0.022969063,0.029184077,0.008219541,0.005284014,-0.62595129,-0.693396807,0.693396807,-0.326083839,0.573794425,0.334396064,-0.261733979,-3.642430305,505,2025,0.239,17 R,575062.497,2835356.934,NW10,2025,0,0,0,NA,NA,NA,0
1396,NW10_9,484,0.020714048,0.02918613,0.008692339,0.004252221,-0.659362674,-0.745667994,0.745667994,-0.51451546,0.470371813,0.183207512,-0.299782485,-3.628939152,506,2025,0.239,17 R,575059.183,2835377.761,NW10,2025,78.4,78.4,74,74,0,0,4.4
1397,NW13_1,485,0.065203778,0.072707109,0.020395158,0.004446127,-0.872329295,-0.884745538,0.884745538,-0.963055968,0.494291782,0.600198805,0.031679519,-4.095655441,507,2025,0.194,17 R,578396.196,2835160.823,NW13,2025,86,86,30,30,0,0,55
1398,NW13_10,486,0.0641625,0.070518799,0.01734437,0.0057198,-0.836301923,-0.849950016,0.849950016,-0.756014884,0.515785515,0.722734809,0.111554697,-4.120184422,508,2025,0.183,17 R,578363.312,2835316.244,NW13,2025,0,0,0,NA,NA,NA,0
1399,NW13_2,487,0.06691324,0.072578408,0.020749029,0.004331653,-0.878401041,-0.88735795,0.88735795,-0.981873751,0.522350609,0.611360013,0.018183442,-4.100298882,509,2025,0.201,17 R,578394.594,2835177.444,NW13,2025,0,0,0,NA,NA,NA,0
1400,NW13_3,488,0.066388786,0.070900045,0.018866198,0.006172342,-0.829871953,-0.839829981,0.839829981,-0.760459065,0.543262243,0.684883714,0.059623476,-4.112068176,510,2025,0.193,17 R,578392.834,2835196.008,NW13,2025,87.1,86.1,82.5,82.5,0,0,3.6
1401,NW13_4,489,0.065075845,0.071547158,0.020634297,0.006748597,-0.812080741,-0.827612698,0.827612698,-0.760640919,0.512111068,0.588260829,0.007651973,-4.110696793,511,2025,0.194,17 R,578386.317,2835211.498,NW13,2025,0,0,0,NA,NA,NA,0
1402,NW13_5,490,0.063761435,0.071805954,0.019104151,0.006174273,-0.823430002,-0.841645181,0.841645181,-0.767247856,0.487264693,0.633780003,0.063777104,-4.113452911,512,2025,0.198,17 R,578380.251,2835227.08,NW13,2025,85.1,85.1,69,69,0,0,16.1
1403,NW13_6,491,0.061263222,0.068706207,0.019459205,0.005600851,-0.832470536,-0.849251151,0.849251151,-0.829508483,0.501578331,0.578055441,0.007098376,-4.127342224,513,2025,0.182,17 R,578379.646,2835246.378,NW13,2025,84.2,72.2,55,55,0,0,17.2
1404,NW13_7,492,0.062975153,0.06935332,0.018753922,0.003992192,-0.880771995,-0.891140103,0.891140103,-0.973467231,0.517607152,0.637202919,0.041634712,-4.129586697,514,2025,0.181,17 R,578372.519,2835262.131,NW13,2025,100,100,0,0,0,0,100
1405,NW13_8,493,0.061660707,0.069483481,0.018755207,0.006522608,-0.808674395,-0.82836616,0.82836616,-0.725889444,0.494207293,0.616050959,0.04346304,-4.130747318,515,2025,0.186,17 R,578370.48,2835282.023,NW13,2025,0,0,0,NA,NA,NA,0
1406,NW13_9,494,0.062188093,0.068579614,0.018049741,0.005833748,-0.828474283,-0.843207002,0.843207002,-0.767224193,0.518830776,0.657371819,0.056500882,-4.126668453,516,2025,0.191,17 R,578366.611,2835299.84,NW13,2025,71,71,61,61,0,0,10
1407,NW15_1,495,0.048751865,0.056910381,0.016766384,0.006969352,-0.74984926,-0.781797707,0.781797707,-0.619131744,0.504849374,0.477057815,-0.079746954,-4.052200317,517,2025,0.19,17 R,577675.313,2836744.844,NW15,2025,87.5,86.5,82,82,0,0,4.5
1408,NW15_10,496,0.046787031,0.053167798,0.01442508,0.007552388,-0.72202909,-0.751239598,0.751239598,-0.469073057,0.54739064,0.564611018,-0.045258019,-4.04617691,518,2025,0.167,17 R,577665.538,2836918.396,NW15,2025,82.5,77.5,59,59,0,0,18.5
1409,NW15_2,497,0.050730906,0.058075581,0.01700297,0.006855524,-0.761904895,-0.788837016,0.788837016,-0.637976944,0.519709826,0.504860759,-0.069029711,-4.042806625,519,2025,0.17,17 R,577674.793,2836764.086,NW15,2025,75,67,66,66,0,0,1
1410,NW15_3,498,0.047567938,0.058981881,0.019121435,0.007545503,-0.726182818,-0.773160994,0.773160994,-0.651139557,0.436285049,0.340016723,-0.133576348,-4.031887054,520,2025,0.162,17 R,577674.348,2836784.468,NW15,2025,94,79.5,76.5,75.5,0,1,3
1411,NW15_4,499,0.046249814,0.057430912,0.015829002,0.006972268,-0.737993419,-0.783480644,0.783480644,-0.582647443,0.440963268,0.47359699,-0.031429689,-4.031941414,521,2025,0.152,17 R,577669.736,2836798.507,NW15,2025,95,95,95,95,0,0,0
1412,NW15_5,500,0.048230205,0.058983859,0.016183266,0.008925215,-0.687686145,-0.737142205,0.737142205,-0.433601558,0.450070322,0.496586978,-0.019834442,-4.020144463,522,2025,0.169,17 R,577667.522,2836819.102,NW15,2025,89.2,89.2,88.5,86,0,2.5,0.7
1413,NW15_6,501,0.046780746,0.058984935,0.017478557,0.008122497,-0.704115927,-0.75792557,0.75792557,-0.548184037,0.419534117,0.400193542,-0.072295338,-3.988224745,523,2025,0.168,17 R,577666.282,2836837.933,NW15,2025,92.5,92.5,58,58,0,0,34.5
1414,NW15_7,502,0.047046181,0.055623185,0.015715312,0.007434574,-0.727075219,-0.764197946,0.764197946,-0.536551535,0.497377872,0.496836782,-0.058499273,-3.991124153,524,2025,0.165,17 R,577665.873,2836855.901,NW15,2025,80.5,78.5,76,76,0,0,2.5
1415,NW15_8,503,0.043748148,0.054330338,0.015246034,0.006402144,-0.744681716,-0.789169014,0.789169014,-0.612792253,0.453626573,0.450095236,-0.061353918,-4.019933224,525,2025,0.168,17 R,577668.192,2836877.638,NW15,2025,85.2,85.2,72.7,72,0,0.7,12.5
1416,NW15_9,504,0.045201946,0.057048418,0.015835604,0.006058662,-0.763613343,-0.807987869,0.807987869,-0.669828892,0.426266044,0.450322956,-0.038396221,-4.042967319,526,2025,0.168,17 R,577665.72,2836898.226,NW15,2025,79.7,42.5,38,36.5,0,1.5,4.5
1417,NW17_1,505,0.064732574,0.066666462,0.017897587,0.008115216,-0.777200758,-0.782962441,0.782962441,-0.564089775,0.593735933,0.704715967,0.033977374,-4.267168999,527,2025,0.157,17 R,581777.888,2844669.121,NW17,2025,58,58,0,0,0,0,58
1418,NW17_10,506,0.05952318,0.059996787,0.016911587,0.008269312,-0.756040454,-0.757732987,0.757732987,-0.514811337,0.639505208,0.669302166,-0.032810941,-4.198709488,528,2025,0.16,17 R,581831.315,2844866.875,NW17,2025,0,0,0,NA,NA,NA,0
1419,NW17_2,507,0.061654445,0.062870577,0.017788105,0.008233071,-0.764390767,-0.768420577,0.768420577,-0.550803304,0.617130816,0.661246777,-0.020464243,-4.285472393,529,2025,0.162,17 R,581779.468,2844688.379,NW17,2025,0,0,0,NA,NA,NA,0
1420,NW17_3,508,0.06230627,0.0627506,0.017217958,0.007673115,-0.780703545,-0.782087207,0.782087207,-0.575196803,0.629997253,0.699636817,-0.000170741,-4.284443855,530,2025,0.162,17 R,581782.961,2844710.827,NW17,2025,32.9,26.4,0,0,0,0,26.4
1421,NW17_4,509,0.061927389,0.062629022,0.016992887,0.007790979,-0.776501417,-0.778728247,0.778728247,-0.55692935,0.626283407,0.704795539,0.006858072,-4.276793003,531,2025,0.162,17 R,581787.7,2844736.236,NW17,2025,0,0,0,NA,NA,NA,0
1422,NW17_5,510,0.063218221,0.061112393,0.016997883,0.00745514,-0.789025486,-0.782546043,0.782546043,-0.585371971,0.677068651,0.72517401,-0.017856374,-4.258037567,532,2025,0.165,17 R,581793.687,2844757.21,NW17,2025,42.6,42.6,0,0,0,0,42.6
1423,NW17_6,511,0.061684899,0.061499491,0.016890367,0.00746123,-0.784189522,-0.783609271,0.783609271,-0.580812275,0.644748032,0.70604974,-0.007217338,-4.232853413,533,2025,0.165,17 R,581801.678,2844780.795,NW17,2025,0,0,0,NA,NA,NA,0
1424,NW17_7,512,0.059377391,0.060364071,0.016896585,0.007352728,-0.779627919,-0.782838881,0.782838881,-0.590358377,0.62954545,0.667609215,-0.026103009,-4.240354061,534,2025,0.166,17 R,581806.43,2844802.244,NW17,2025,59.5,43.5,0,0,0,0,43
1425,NW17_8,513,0.059897512,0.059354313,0.017942043,0.007469658,-0.778240383,-0.776437759,0.776437759,-0.618163168,0.659018099,0.62496376,-0.083890699,-4.212777615,535,2025,0.164,17 R,581812.639,2844822.407,NW17,2025,0,0,0,NA,NA,NA,0
1426,NW17_9,514,0.06028894,0.058851603,0.017484605,0.007247063,-0.785386682,-0.780719817,0.780719817,-0.620917022,0.675994813,0.653574467,-0.074794136,-4.208580971,536,2025,0.164,17 R,581822.095,2844843.327,NW17,2025,65.4,56.4,0,0,0,0,56.4
1427,NW2_1,515,0.07269574,0.075256459,0.023904549,0.008743824,-0.785268426,-0.791814446,0.791814446,-0.696545839,0.560664117,0.573117435,-0.042072173,-4.380175591,537,2025,0.176,17 R,580839.043,2843389.687,NW2,2025,45.8,45.8,0,0,0,0,45.8
1428,NW2_3,516,0.0702608,0.073360883,0.022988526,0.009547726,-0.7607342,-0.769680679,0.769680679,-0.619653404,0.557976782,0.5724805,-0.040951565,-4.369074345,540,2025,0.178,17 R,580838.544,2843429.466,NW2,2025,94,91,0,0,0,0,91
1429,NW2_5,517,0.068343692,0.072483294,0.023003234,0.00865115,-0.77527976,-0.78674531,0.78674531,-0.680099308,0.545116186,0.544268489,-0.053422235,-4.349135399,542,2025,0.262,17 R,580832.135,2843470.936,NW2,2025,69.5,69.5,0,0,0,0,68.5
1430,NW2_7,518,0.069644533,0.072492205,0.025796968,0.009908858,-0.750887871,-0.759496868,0.759496868,-0.667458773,0.563819885,0.465051234,-0.131422743,-4.354565144,544,2025,0.262,17 R,580825.979,2843511.993,NW2,2025,47.3,47.3,0,0,0,0,47.3
1431,NW2_9,519,0.070944525,0.073262684,0.023722203,0.009123633,-0.772103369,-0.778515816,0.778515816,-0.666685939,0.569308698,0.55528456,-0.0637035,-4.360022545,546,2025,0.245,17 R,580817.444,2843552.568,NW2,2025,29,29,0,0,0,0,29
1432,NW3_1,520,0.049888469,0.061039746,0.021384194,0.010256867,-0.6589306,-0.712276161,0.712276161,-0.527510464,0.441729158,0.2919541,-0.175510034,-4.164821148,547,2025,0.255,17 R,580268.989,2841558.615,NW3,2025,24.1,24.1,5.5,0,2.5,3,18.6
1433,NW3_10,521,0.056851003,0.061591588,0.025158567,0.011430982,-0.665183067,-0.686919212,0.686919212,-0.562766671,0.561301947,0.283521265,-0.277297258,-4.116411686,548,2025,0.176,17 R,580277.055,2841704.003,NW3,2025,0,0,0,NA,NA,NA,0
1434,NW3_2,522,0.050678909,0.061429195,0.022672823,0.0106035,-0.6539464,-0.705592036,0.705592036,-0.544050038,0.449625552,0.257607937,-0.209032238,-4.134391785,549,2025,0.221,17 R,580267.28,2841574.56,NW3,2025,0,0,0,NA,NA,NA,0
1435,NW3_3,523,0.050295591,0.059513748,0.022445615,0.011064102,-0.639369071,-0.686470985,0.686470985,-0.509472251,0.481000692,0.258632988,-0.233845517,-4.099580288,550,2025,0.2,17 R,580270.061,2841590.045,NW3,2025,25.9,25.9,1,0,0,1,24.9
1436,NW3_4,524,0.051994577,0.060540948,0.020233158,0.009584216,-0.688717008,-0.726653993,0.726653993,-0.535708189,0.493172139,0.380644113,-0.146004289,-4.099052429,551,2025,0.176,17 R,580271.43,2841605.862,NW3,2025,0,0,0,NA,NA,NA,0
1437,NW3_5,525,0.0513504,0.061186451,0.020705659,0.008676698,-0.71090728,-0.751608729,0.751608729,-0.614090979,0.467659026,0.348426163,-0.151132122,-4.135368824,552,2025,0.181,17 R,580273.58,2841624.269,NW3,2025,18.2,18.2,1.5,0,0,1.5,16.7
1438,NW3_6,526,0.050575808,0.059783384,0.022343909,0.008909377,-0.70045054,-0.740602136,0.740602136,-0.644789755,0.480995953,0.268074691,-0.226229712,-4.142075062,553,2025,0.181,17 R,580274.748,2841640.312,NW3,2025,0,0,0,NA,NA,NA,0
1439,NW3_7,527,0.047448989,0.059658024,0.02153085,0.009025711,-0.680362701,-0.737180531,0.737180531,-0.613868475,0.419759959,0.23597154,-0.203064948,-4.11836338,554,2025,0.19,17 R,580278.274,2841657.203,NW3,2025,36.9,29.9,0,0,0,0,29.9
1440,NW3_8,528,0.049022537,0.0613277,0.020837368,0.009942339,-0.662770808,-0.720995247,0.720995247,-0.530951917,0.418429971,0.296608239,-0.15314807,-4.099520683,555,2025,0.176,17 R,580279.17,2841672.321,NW3,2025,0,0,0,NA,NA,NA,0
1441,NW3_9,529,0.052806955,0.063761681,0.023870954,0.012338282,-0.621206939,-0.675734878,0.675734878,-0.477751285,0.444915563,0.254680842,-0.206862971,-4.100598812,556,2025,0.176,17 R,580278.442,2841689.455,NW3,2025,18.5,18.5,8.5,0,0,8.5,10
1442,NW4_1,530,0.036682513,0.048403643,0.015908776,0.009811891,-0.577932358,-0.662911594,0.662911594,-0.355563372,0.419565588,0.237538502,-0.205863595,-3.984203815,557,2025,0.186,17 R,579083.529,2840119.849,NW4,2025,58.5,58.5,49.7,41.5,8.2,0,8.8
1443,NW4_10,531,0.035315651,0.044332914,0.014091915,0.007794474,-0.638392448,-0.700945139,0.700945139,-0.431599826,0.489654779,0.303324521,-0.211057097,-3.966364145,558,2025,0.178,17 R,579128.39,2840296.435,NW4,2025,0,0,0,NA,NA,NA,0
1444,NW4_2,532,0.038270727,0.048409831,0.01638383,0.009473239,-0.603164971,-0.672676682,0.672676682,-0.400891811,0.461793482,0.254748076,-0.225790381,-3.99209547,559,2025,0.195,17 R,579086.276,2840138.043,NW4,2025,0,0,0,NA,NA,NA,0
1445,NW4_3,533,0.035778712,0.046093978,0.01709312,0.008676918,-0.609636903,-0.683155894,0.683155894,-0.489882976,0.454762459,0.151154041,-0.303696841,-3.97789526,560,2025,0.193,17 R,579087.695,2840157.536,NW4,2025,41.1,41.1,20.8,1,8.6,11.2,20.3
1446,NW4_4,534,0.037630342,0.047777344,0.016982263,0.009596914,-0.593585789,-0.665462732,0.665462732,-0.416793317,0.461096644,0.207178771,-0.263392895,-3.974421024,561,2025,0.198,17 R,579089.743,2840176.444,NW4,2025,0,0,0,NA,NA,NA,0
1447,NW4_5,535,0.039086368,0.048428509,0.01792567,0.009487133,-0.609370053,-0.672380984,0.672380984,-0.461748004,0.482407421,0.198883697,-0.28670457,-3.979384661,562,2025,0.213,17 R,579092.999,2840195.637,NW4,2025,39.1,39.1,25.9,0.7,23.7,1.5,13.2
1448,NW4_6,536,0.03672725,0.050368626,0.01851752,0.00960616,-0.585346282,-0.679660022,0.679660022,-0.475294828,0.371833831,0.108835578,-0.269564688,-3.96143055,563,2025,0.181,17 R,579105.613,2840218.604,NW4,2025,0,0,0,NA,NA,NA,0
1449,NW4_7,537,0.038056362,0.047283653,0.016301598,0.010413821,-0.570299923,-0.639019847,0.639019847,-0.330583096,0.485131353,0.253436297,-0.245899156,-3.954269409,564,2025,0.189,17 R,579110.281,2840240.921,NW4,2025,56.2,56.2,31,5.5,12.5,13,25.2
1450,NW4_8,538,0.035960067,0.046258185,0.015956542,0.009045772,-0.598017812,-0.672870696,0.672870696,-0.414607793,0.455443978,0.215082318,-0.253243595,-3.958049536,565,2025,0.179,17 R,579115.626,2840260.332,NW4,2025,0,0,0,NA,NA,NA,0
1451,NW4_9,539,0.035569709,0.045874402,0.014671185,0.007332157,-0.658189356,-0.724388957,0.724388957,-0.500312269,0.454777628,0.276024997,-0.204333827,-3.95923233,566,2025,0.187,17 R,579118.442,2840279.267,NW4,2025,64.1,64.1,38.5,1,12.5,25,25.1
1452,NW5_1,540,0.046852283,0.056022469,0.01657512,0.006402236,-0.759560823,-0.794881344,0.794881344,-0.664102793,0.484449208,0.44713068,-0.087652087,-4.161969185,567,2025,0.158,17 R,578435.87,2838239.755,NW5,2025,73,73,68,11,0,57,5
1453,NW5_10,541,0.046088811,0.056041311,0.017653458,0.008826533,-0.678540349,-0.727861047,0.727861047,-0.500014782,0.467606008,0.376772821,-0.130274609,-4.123572826,568,2025,0.146,17 R,578453.201,2838404.378,NW5,2025,0,0,0,NA,NA,NA,0
1454,NW5_2,542,0.044352353,0.055895496,0.015167895,0.006748229,-0.735884428,-0.784552097,0.784552097,-0.576265156,0.432406396,0.468208194,-0.029450711,-4.155957699,569,2025,0.178,17 R,578435.943,2838257.963,NW5,2025,53,53,25.5,10,0,15.5,27.5
1455,NW5_3,543,0.046990126,0.056156013,0.016227737,0.007896978,-0.712246478,-0.753423572,0.753423572,-0.517980754,0.484458148,0.468191057,-0.070834853,-4.162887096,570,2025,0.171,17 R,578438.25,2838276.383,NW5,2025,67.5,67.5,55.5,1,7.5,47,12
1456,NW5_4,544,0.046730045,0.057578772,0.0168176,0.007210791,-0.732640743,-0.777408898,0.777408898,-0.599716127,0.448130161,0.432092071,-0.070149548,-4.155530453,571,2025,0.176,17 R,578442.382,2838294.676,NW5,2025,0,0,0,NA,NA,NA,0
1457,NW5_5,545,0.044230256,0.0542229,0.014353146,0.005721769,-0.770909429,-0.809098303,0.809098303,-0.644937456,0.467021316,0.512691498,-0.022200242,-4.148040295,572,2025,0.171,17 R,578443.267,2838312.617,NW5,2025,45,45,23.5,1.5,1,21,21.5
1458,NW5_6,546,0.043441094,0.054999139,0.013531947,0.006066807,-0.754915595,-0.801303089,0.801303089,-0.571348071,0.431532949,0.545097411,0.032169424,-4.139891148,573,2025,0.165,17 R,578443.813,2838329.47,NW5,2025,0,0,0,NA,NA,NA,0
1459,NW5_7,547,0.044893794,0.057196815,0.016941311,0.009279567,-0.657412171,-0.720816135,0.720816135,-0.438300192,0.416229784,0.385733426,-0.081800647,-4.137694359,574,2025,0.159,17 R,578444.85,2838346.197,NW5,2025,47.5,47.5,30.5,17.5,0,13,17
1460,NW5_8,548,0.046477471,0.053194888,0.019292405,0.008708133,-0.684405625,-0.718652368,0.718652368,-0.567003667,0.540125668,0.309209168,-0.242911398,-4.140496254,575,2025,0.145,17 R,578446.437,2838365.634,NW5,2025,0,0,0,NA,NA,NA,0
1461,NW5_9,549,0.043450858,0.053326476,0.016241642,0.007563361,-0.703480244,-0.751572311,0.751572311,-0.546835482,0.469749391,0.389151335,-0.123119421,-4.131514549,576,2025,0.149,17 R,578450.856,2838385.758,NW5,2025,60.7,60.7,50,18,19,13,10.7
1462,NW6_1,550,0.022060776,0.029945919,0.010082784,0.00776259,-0.479428977,-0.588284433,0.588284433,-0.195024803,0.501747489,0.119234458,-0.375219882,-3.870296001,577,2025,0.142,17 R,576161.857,2837611.902,NW6,2025,47.2,47.2,15,14.5,0.5,0,32.2
1463,NW6_10,551,0.02154772,0.026582042,0.010800326,0.008115281,-0.452834785,-0.532224357,0.532224357,-0.212922975,0.624793768,0.036882527,-0.541233122,-3.84543848,578,2025,0.144,17 R,576186.531,2837808.824,NW6,2025,0,0,0,NA,NA,NA,0
1464,NW6_2,552,0.019542532,0.026310813,0.009496941,0.007190587,-0.462046504,-0.570729136,0.570729136,-0.207312346,0.539732933,0.049243171,-0.463834226,-3.884444475,579,2025,0.13,17 R,576166.616,2837642.033,NW6,2025,96.6,96.6,0.5,0.5,0,0,96.1
1465,NW6_3,553,0.021402424,0.027871532,0.011144424,0.007879768,-0.461804748,-0.559189856,0.559189856,-0.257408202,0.559757292,0.003282197,-0.515239358,-3.884608984,580,2025,0.13,17 R,576169.319,2837662.919,NW6,2025,68.9,68.9,0,0,0,0,68.7
1466,NW6_4,554,0.019413188,0.027872525,0.009146423,0.006503967,-0.498095632,-0.621603847,0.621603847,-0.253264278,0.462161899,0.074779518,-0.380540907,-3.879400253,581,2025,0.148,17 R,576174.169,2837685.718,NW6,2025,93.8,93.8,70.5,43,27.5,0,23.3
1467,NW6_5,555,0.02074237,0.027484324,0.011264209,0.007537269,-0.466947287,-0.569564462,0.569564462,-0.297338843,0.545640945,-0.037190944,-0.53651607,-3.864200115,582,2025,0.146,17 R,576176.692,2837707.823,NW6,2025,69.1,69.1,55.8,49,5,1.8,13.1
1468,NW6_6,556,0.020212924,0.026835695,0.010442084,0.00822601,-0.4214966,-0.530769527,0.530769527,-0.178063735,0.549163461,0.001796425,-0.508745134,-3.845191002,583,2025,0.14,17 R,576180.703,2837726.828,NW6,2025,97,95.5,88,73,15,0,7.5
1469,NW6_7,557,0.021808062,0.02540859,0.011384669,0.009374313,-0.398742855,-0.460981578,0.460981578,-0.145264044,0.692341506,0.003808912,-0.622294664,-3.854953051,584,2025,0.149,17 R,576181.393,2837751.521,NW6,2025,84,84,64.5,41.5,23,0,19.5
1470,NW6_8,558,0.018625133,0.025020244,0.009975265,0.00742566,-0.42990908,-0.542274415,0.542274415,-0.219781801,0.553520083,-0.040881891,-0.547620595,-3.863177538,585,2025,0.148,17 R,576184.065,2837770.665,NW6,2025,0,0,0,NA,NA,NA,0
1471,NW6_9,559,0.020485342,0.025931556,0.011152311,0.008000101,-0.438302487,-0.528457999,0.528457999,-0.246878326,0.604709864,-0.041117754,-0.587866783,-3.851996183,586,2025,0.146,17 R,576185.214,2837790.124,NW6,2025,85.5,85.5,80,64.5,15.5,0,5.3
1472,NW7_1,560,0.023428729,0.035175163,0.013536381,0.007798123,-0.500550151,-0.637071133,0.637071133,-0.403449118,0.363925159,-0.072625764,-0.415031165,-2.843637228,587,2025,0.169,17 R,574474.948,2836977.99,NW7,2025,54.3,49.3,3,3,0,0,46.3
1473,NW7_10,561,0.023316609,0.034671396,0.014137585,0.007693716,-0.503796518,-0.636790037,0.636790037,-0.442749768,0.376872808,-0.114604272,-0.459074765,-2.77583003,588,2025,0.198,17 R,574492.278,2837191.019,NW7,2025,0,0,0,NA,NA,NA,0
1474,NW7_2,562,0.023696678,0.035695881,0.014125754,0.007570308,-0.515763462,-0.650058925,0.650058925,-0.453223675,0.357220352,-0.097719043,-0.429383904,-2.822308779,589,2025,0.165,17 R,574477.577,2837002.2,NW7,2025,48.4,48.4,39.5,39.5,0,0,8.9
1475,NW7_3,563,0.019058973,0.028173456,0.012835554,0.009062182,-0.355490029,-0.513252199,0.513252199,-0.258476824,0.430537254,-0.23356472,-0.60075736,-2.830187559,590,2025,0.173,17 R,574477.902,2837033.399,NW7,2025,93.1,93.1,5,5,0,0,86.6
1476,NW7_4,564,0.023170961,0.035958257,0.016712429,0.010209148,-0.388309509,-0.557733536,0.557733536,-0.362345845,0.325776637,-0.264027983,-0.536669135,-2.816538095,591,2025,0.188,17 R,574480.127,2837056.441,NW7,2025,36.7,36.7,0.5,0.5,0,0,31.5
1477,NW7_5,565,0.026220068,0.038681511,0.015304971,0.007803088,-0.541307271,-0.66427213,0.66427213,-0.486965418,0.359599531,-0.065130182,-0.403704703,-2.717399836,592,2025,0.193,17 R,574478.477,2837073.714,NW7,2025,13,13,0,0,0,0,13
1478,NW7_6,566,0.024102909,0.036479987,0.016715478,0.007689436,-0.516271234,-0.651820838,0.651820838,-0.554767907,0.347489387,-0.224751323,-0.522388339,-2.672035694,593,2025,0.192,17 R,574479.213,2837095.634,NW7,2025,86,83.5,81,45,0,36,2
1479,NW7_7,567,0.02383934,0.037906468,0.014015214,0.008607218,-0.46945262,-0.629905999,0.629905999,-0.358581841,0.289309174,-0.08499486,-0.363942862,-2.763978958,594,2025,0.194,17 R,574485.241,2837116.189,NW7,2025,3,3,0,0,0,0,3
1480,NW7_8,568,0.023842253,0.03414961,0.015191727,0.007003695,-0.54589206,-0.659629047,0.659629047,-0.553359568,0.417819589,-0.15384157,-0.523253441,-2.74524498,595,2025,0.199,17 R,574487.179,2837140.011,NW7,2025,45,45,12.5,12.5,0,0,31.5
1481,NW7_9,569,0.023579646,0.031816822,0.01296161,0.007692722,-0.508017957,-0.610589206,0.610589206,-0.382647723,0.493782431,-0.029080708,-0.485803485,-2.816052437,596,2025,0.202,17 R,574490.312,2837170.727,NW7,2025,98.7,98.7,0,0,0,0,98.2
1482,NW8_1,570,0.019021491,0.026877552,0.01284423,0.006230563,-0.506530166,-0.623623192,0.623623192,-0.520084262,0.486493498,-0.236111447,-0.648306727,-2.932814121,597,2025,0.211,17 R,573701.683,2834914.231,NW8,2025,46,46,46,39,0,7,0
1483,NW8_10,571,0.01744223,0.025979167,0.011443458,0.006353127,-0.46601963,-0.607010424,0.607010424,-0.429042846,0.441638082,-0.223983467,-0.603597581,-2.791027546,598,2025,0.328,17 R,573655.919,2835038.762,NW8,2025,0,0,0,NA,NA,NA,0
1484,NW8_2,572,0.020484075,0.028828591,0.013315747,0.008870552,-0.395628333,-0.529402971,0.529402971,-0.300536484,0.474369794,-0.192880243,-0.602803111,-2.927259922,599,2025,0.327,17 R,573696.102,2834921.786,NW8,2025,0,0,0,NA,NA,NA,0
1485,NW8_3,573,0.022343639,0.028569432,0.012375637,0.008182626,-0.463896006,-0.554711938,0.554711938,-0.305936158,0.572372079,-0.043340415,-0.561930239,-2.916240931,600,2025,0.331,17 R,573690.352,2834935.85,NW8,2025,72.7,72.7,72.5,46,16,10.5,0.2
1486,NW8_4,574,0.022477901,0.028830579,0.013552723,0.007839249,-0.482850552,-0.572441459,0.572441459,-0.400627494,0.567169905,-0.115088515,-0.61475724,-2.91584897,601,2025,0.426,17 R,573684.834,2834949.762,NW8,2025,0,0,0,NA,NA,NA,0
1487,NW8_5,575,0.020356867,0.027143164,0.010849853,0.007840739,-0.443872035,-0.551751614,0.551751614,-0.241494313,0.542245686,-0.023883749,-0.523462117,-2.964829445,602,2025,0.296,17 R,573680.328,2834970.477,NW8,2025,74.5,74.5,74.5,48,0,26.5,0
1488,NW8_6,576,0.019694008,0.026104022,0.011086022,0.007152983,-0.467129648,-0.56983602,0.56983602,-0.323458374,0.557160497,-0.075411953,-0.577174604,-2.885746479,603,2025,0.441,17 R,573669.234,2834978.341,NW8,2025,0,0,0,NA,NA,NA,0
1489,NW8_7,577,0.017969079,0.026885666,0.011910685,0.005891752,-0.506157041,-0.640499294,0.640499294,-0.507144034,0.429205239,-0.228464916,-0.596574247,-2.869496584,604,2025,0.416,17 R,573666.646,2834993.48,NW8,2025,74.7,74.7,70,11,38,21,4.7
1490,NW8_8,578,0.018900096,0.026106365,0.010382355,0.006580758,-0.483474284,-0.597348571,0.597348571,-0.336164415,0.515902698,-0.060450621,-0.532389104,-2.864716291,605,2025,0.322,17 R,573662.449,2835007.734,NW8,2025,0,0,0,NA,NA,NA,0
1491,NW8_9,579,0.018371316,0.025978388,0.011560379,0.006237876,-0.493045032,-0.612749875,0.612749875,-0.448569477,0.493571192,-0.180784851,-0.610556006,-2.807762146,606,2025,0.526,17 R,573656.899,2835021.042,NW8,2025,52.7,52.7,47,17,0,30,4.2
,,,,,,,,,,,,,,,,,,,,,,,,,NA,NA,NA,NA,
,,,,,,,,,,,,,,,,,,,,,,,,,NA,NA,NA,NA,
,,,,,,,,,,,,,,,,,,,,,,,,,NA,NA,NA,NA,
,,,,,,,,,,,,,,,,,,,,,,,,,NA,NA,NA,NA,
,,,,,,,,,,,,,,,,,,,,,,,,,NA,NA,NA,NA,
,,,,,,,,,,,,,,,,,,,,,,,,,NA,NA,NA,NA,
,,,,,,,,,,,,,,,,,,,,,,,,,NA,NA,NA,NA,
,,,,,,,,,,,,,,,,,,,,,,,,,NA,NA,NA,NA,
,,,,,,,,,,,,,,,,,,,,,,,,,NA,NA,NA,NA,
,,,,,,,,,,,,,,,,,,,,,,,,,NA,NA,NA,NA,
,,,,,,,,,,,,,,,,,,,,,,,,,NA,NA,NA,NA,
,,,,,,,,,,,,,,,,,,,,,,,,,NA,NA,NA,NA,
,,,,,,,,,,,,,,,,,,,,,,,,,NA,NA,NA,NA,
,,,,,,,,,,,,,,,,,,,,,,,,,NA,NA,NA,NA,
,,,,,,,,,,,,,,,,,,,,,,,,,NA,NA,NA,NA,
,,,,,,,,,,,,,,,,,,,,,,,,,NA,NA,NA,NA,
,,,,,,,,,,,,,,,,,,,,,,,,,NA,NA,NA,NA,
,,,,,,,,,,,,,,,,,,,,,,,,,NA,NA,NA,NA,
,,,,,,,,,,,,,,,,,,,,,,,,,NA,NA,NA,NA,
,,,,,,,,,,,,,,,,,,,,,,,,,NA,NA,NA,NA,
,,,,,,,,,,,,,,,,,,,,,,,,,NA,NA,NA,NA,
,,,,,,,,,,,,,,,,,,,,,,,,,NA,NA,NA,NA,
,,,,,,,,,,,,,,,,,,,,,,,,,NA,NA,NA,NA,
,,,,,,,,,,,,,,,,,,,,,,,,,NA,NA,NA,NA,
,,,,,,,,,,,,,,,,,,,,,,,,,NA,NA,NA,NA,
,,,,,,,,,,,,,,,,,,,,,,,,,NA,NA,NA,NA,
,,,,,,,,,,,,,,,,,,,,,,,,,NA,NA,NA,NA,
,,,,,,,,,,,,,,,,,,,,,,,,,NA,NA,NA,NA,
,,,,,,,,,,,,,,,,,,,,,,,,,NA,NA,NA,NA,
,,,,,,,,,,,,,,,,,,,,,,,,,NA,NA,NA,NA,
,,,,,,,,,,,,,,,,,,,,,,,,,NA,NA,NA,NA,
,,,,,,,,,,,,,,,,,,,,,,,,,NA,NA,NA,NA,
,,,,,,,,,,,,,,,,,,,,,,,,,NA,NA,NA,NA,
,,,,,,,,,,,,,,,,,,,,,,,,,NA,NA,NA,NA,
,,,,,,,,,,,,,,,,,,,,,,,,,NA,NA,NA,NA,
,,,,,,,,,,,,,,,,,,,,,,,,,NA,NA,NA,NA,
,,,,,,,,,,,,,,,,,,,,,,,,,NA,NA,NA,NA,
